UDI,Product ID,Type,Air temperature [K],Process temperature [K],Rotational speed [rpm],Torque [Nm],Tool wear [min],Machine failure,TWF,HDF,PWF,OSF,RNF,Type Label,Machine Age [years],Operating Hours,Maintenance Count,Hours Since Last Maintenance,Vibration [mm/s],Pressure [bar],Power Consumption [kW],Ambient Humidity [%],Coolant Level [%]
1,M14860,M,298.1,308.6,1551,42.8,0,0,0,0,0,0,0,Medium,2.4,5,3,9,1.53,5.61,7.04,44.5,78.6
2,L47181,L,298.2,308.7,1408,46.3,3,0,0,0,0,0,0,Low,2.4,43,1,50,1.34,6.38,6.79,72.8,74.0
3,L47182,L,298.1,308.5,1498,49.4,5,0,0,0,0,0,0,Low,4.2,5,2,990,2.59,6.83,7.99,52.0,58.0
4,L47183,L,298.2,308.6,1433,39.5,7,0,0,0,0,0,0,Low,1.1,22,2,559,1.35,6.09,6.42,46.8,54.5
5,L47184,L,298.2,308.7,1408,40.0,9,0,0,0,0,0,0,Low,5.1,98,4,235,1.53,6.06,6.1,65.7,91.4
6,M14865,M,298.1,308.6,1425,41.9,11,0,0,0,0,0,0,Medium,3.0,82,5,25,1.38,5.77,6.44,54.1,72.0
7,L47186,L,298.1,308.6,1558,42.4,14,0,0,0,0,0,0,Low,4.4,108,4,101,1.85,5.0,6.38,71.4,72.5
8,L47187,L,298.1,308.6,1527,40.2,16,0,0,0,0,0,0,Low,1.4,52,2,199,1.56,5.46,6.59,44.2,66.7
9,M14868,M,298.3,308.7,1667,28.6,18,0,0,0,0,0,0,Medium,4.8,53,3,269,1.45,5.93,4.97,58.5,88.3
10,M14869,M,298.5,309.0,1741,28.0,21,0,0,0,0,0,0,Medium,6.8,156,10,167,2.19,5.1,5.39,38.1,67.6
11,H29424,H,298.4,308.9,1782,23.9,24,0,0,0,0,0,0,High,18.7,123,24,117,1.95,5.54,4.17,31.8,63.0
12,H29425,H,298.6,309.1,1423,44.3,29,0,0,0,0,0,0,High,4.3,121,1,174,1.36,5.33,6.87,46.6,80.1
13,M14872,M,298.6,309.1,1339,51.1,34,0,0,0,0,0,0,Medium,6.9,186,9,169,1.72,6.09,6.93,51.4,60.1
14,M14873,M,298.6,309.2,1742,30.0,37,0,0,0,0,0,0,Medium,2.6,166,4,170,2.39,6.34,5.18,49.1,54.7
15,L47194,L,298.6,309.2,2035,19.6,40,0,0,0,0,0,0,Low,8.0,167,7,130,2.57,6.32,4.59,35.2,68.8
16,L47195,L,298.6,309.2,1542,48.4,42,0,0,0,0,0,0,Low,2.9,256,3,257,1.09,6.89,7.82,50.3,67.4
17,M14876,M,298.6,309.2,1311,46.6,44,0,0,0,0,0,0,Medium,10.2,216,13,308,1.71,5.28,6.34,50.0,85.1
18,M14877,M,298.7,309.2,1410,45.6,47,0,0,0,0,0,0,Medium,5.9,337,8,16,2.61,6.56,6.53,77.7,60.0
19,H29432,H,298.8,309.2,1306,54.5,50,0,0,0,0,0,0,High,2.3,182,1,85,1.74,6.21,7.31,62.5,70.8
20,M14879,M,298.9,309.3,1632,32.5,55,0,0,0,0,0,0,Medium,4.5,288,3,130,1.8,6.2,5.42,27.7,66.3
21,H29434,H,298.9,309.3,1375,42.7,58,0,0,0,0,0,0,High,8.0,314,14,163,0.97,6.91,6.05,44.9,57.1
22,L47201,L,298.8,309.3,1450,44.8,63,0,0,0,0,0,0,Low,5.8,404,7,90,1.41,4.96,6.73,63.6,62.6
23,M14882,M,298.9,309.3,1581,30.7,65,0,0,0,0,0,0,Medium,4.5,252,4,31,1.52,5.87,5.0,47.4,80.4
24,L47203,L,299.0,309.4,1758,25.7,68,0,0,0,0,0,0,Low,8.0,358,5,290,2.28,5.66,4.46,43.2,89.6
25,M14884,M,299.0,309.4,1561,37.3,70,0,0,0,0,0,0,Medium,6.3,441,10,335,1.28,5.41,6.08,37.7,76.7
26,L47205,L,299.0,309.5,1861,23.3,73,0,0,0,0,0,0,Low,9.7,406,15,27,3.0,5.81,4.59,55.8,91.3
27,L47206,L,299.1,309.5,1512,39.0,75,0,0,0,0,0,0,Low,4.6,338,3,13,0.92,6.23,6.39,81.8,39.9
28,H29441,H,299.1,309.4,1811,24.6,77,0,0,0,0,0,0,High,3.3,330,1,119,2.18,5.92,4.9,41.2,69.8
29,L47208,L,299.1,309.4,1439,44.2,82,0,0,0,0,0,0,Low,5.8,371,4,186,0.72,4.98,6.53,72.5,70.2
30,L47209,L,299.0,309.4,1693,30.1,84,0,0,0,0,0,0,Low,6.4,410,5,5,1.89,5.81,5.41,61.4,87.6
31,M14890,M,299.1,309.5,1339,48.2,86,0,0,0,0,0,0,Medium,4.0,273,2,450,2.46,5.33,6.99,46.4,94.0
32,L47211,L,299.0,309.4,1798,25.5,89,0,0,0,0,0,0,Low,7.9,534,8,124,2.18,5.4,4.65,62.4,77.8
33,L47212,L,299.0,309.4,1419,48.3,91,0,0,0,0,0,0,Low,5.3,558,2,76,1.09,5.47,7.23,31.9,70.5
34,L47213,L,298.9,309.3,1665,32.5,93,0,0,0,0,0,0,Low,8.9,652,12,34,2.98,7.01,5.74,65.0,66.8
35,M14894,M,298.8,309.1,1559,34.7,95,0,0,0,0,0,0,Medium,4.4,410,2,173,2.22,5.7,5.14,52.3,69.1
36,M14895,M,298.8,309.2,1452,48.6,98,0,0,0,0,0,0,Medium,3.7,348,3,15,1.63,5.74,7.36,53.8,58.4
37,M14896,M,298.9,309.2,1581,36.7,101,0,0,0,0,0,0,Medium,7.2,521,8,138,1.7,5.97,6.1,55.6,54.8
38,L47217,L,298.8,309.1,1439,39.2,104,0,0,0,0,0,0,Low,6.2,658,5,26,1.6,5.61,5.68,68.9,77.7
39,H29452,H,298.9,309.2,1379,50.7,106,0,0,0,0,0,0,High,5.8,661,6,93,1.01,6.63,7.64,42.5,70.0
40,L47219,L,298.8,309.1,1350,52.5,111,0,0,0,0,0,0,Low,8.0,499,7,9,1.59,6.41,8.04,21.2,68.2
41,L47220,L,298.8,309.1,1362,45.4,113,0,0,0,0,0,0,Low,5.5,525,8,171,1.68,6.25,6.57,18.7,86.5
42,L47221,L,298.8,309.1,1368,50.8,115,0,0,0,0,0,0,Low,8.9,567,11,134,2.78,5.99,6.83,49.3,100.0
43,M14902,M,298.8,309.1,1368,49.1,117,0,0,0,0,0,0,Medium,8.4,740,14,828,1.46,6.41,6.94,88.6,52.3
44,H29457,H,298.8,309.2,1372,48.5,120,0,0,0,0,0,0,High,8.3,649,8,12,1.7,5.94,6.64,49.1,63.3
45,M14904,M,298.8,309.1,1472,47.5,125,0,0,0,0,0,0,Medium,10.7,630,14,444,2.33,6.52,8.04,76.7,80.8
46,L47225,L,298.8,309.1,1489,49.1,128,0,0,0,0,0,0,Low,8.7,597,11,118,2.26,6.18,7.43,44.2,59.2
47,M14906,M,298.7,309.0,1843,25.8,130,0,0,0,0,0,0,Medium,9.0,577,14,29,2.9,5.57,5.01,66.3,63.1
48,L47227,L,298.8,309.1,1418,46.3,133,0,0,0,0,0,0,Low,9.2,616,10,70,2.2,5.98,7.24,45.7,80.4
49,H29462,H,298.8,309.2,1425,53.9,135,0,0,0,0,0,0,High,6.4,581,8,89,2.37,6.51,7.69,34.4,81.4
50,M14909,M,298.9,309.2,1412,44.1,140,0,0,0,0,0,0,Medium,9.7,738,14,12,1.96,6.09,6.27,55.3,74.2
51,L47230,L,298.9,309.1,2861,4.6,143,1,0,0,1,0,0,Low,7.1,698,6,33,4.66,5.35,1.46,58.2,73.5
52,L47231,L,298.9,309.1,1383,54.9,145,0,0,0,0,0,0,Low,9.0,647,16,147,2.0,7.26,8.41,58.4,94.0
53,H29466,H,298.8,309.0,1497,43.8,147,0,0,0,0,0,0,High,11.2,1084,13,119,2.3,5.75,6.52,71.3,70.1
54,L47233,L,298.7,309.0,1565,35.1,152,0,0,0,0,0,0,Low,9.7,866,17,412,1.67,6.01,5.45,63.2,81.5
55,L47234,L,298.7,309.0,1691,30.1,154,0,0,0,0,0,0,Low,15.6,937,16,207,1.95,5.93,5.47,74.5,75.3
56,L47235,L,298.8,309.1,1512,40.7,156,0,0,0,0,0,0,Low,12.0,964,11,452,2.05,7.24,6.61,74.3,85.2
57,L47236,L,298.8,309.1,1477,42.4,158,0,0,0,0,0,0,Low,8.9,870,7,33,1.95,5.93,6.36,54.5,63.4
58,L47237,L,298.8,309.1,1513,40.3,160,0,0,0,0,0,0,Low,5.2,548,6,161,1.63,6.51,6.46,27.8,70.0
59,M14918,M,298.8,309.0,1661,29.5,162,0,0,0,0,0,0,Medium,11.6,1038,11,155,2.15,6.48,4.84,48.3,62.9
60,L47239,L,298.8,309.1,1378,54.4,165,0,0,0,0,0,0,Low,6.5,692,7,108,2.62,5.36,8.04,62.4,59.2
61,L47240,L,298.8,309.1,1393,52.6,167,0,0,0,0,0,0,Low,19.6,1347,29,315,2.92,7.02,7.75,56.9,86.7
62,M14921,M,298.8,309.0,1592,38.2,169,0,0,0,0,0,0,Medium,10.4,947,10,277,2.24,6.1,5.83,81.0,69.7
63,L47242,L,298.8,309.0,1829,22.9,172,0,0,0,0,0,0,Low,11.8,814,12,116,2.91,5.94,4.3,74.9,61.0
64,M14923,M,298.9,309.0,1812,25.9,174,0,0,0,0,0,0,Medium,7.5,801,5,26,2.88,6.15,4.83,64.6,72.2
65,L47244,L,299.0,309.1,1523,38.6,177,0,0,0,0,0,0,Low,10.2,757,10,419,1.9,7.29,6.34,59.0,44.7
66,L47245,L,299.0,309.1,1394,45.1,179,0,0,0,0,0,0,Low,12.4,790,9,137,2.61,6.03,6.23,50.5,70.5
67,M14926,M,298.9,308.9,1679,28.7,181,0,0,0,0,0,0,Medium,12.6,1021,14,133,1.07,6.09,5.32,66.3,80.7
68,H29481,H,298.8,308.9,1466,44.1,184,0,0,0,0,0,0,High,13.6,1062,19,134,3.57,6.51,6.78,54.4,91.2
69,L47248,L,298.8,308.9,1527,32.4,189,0,0,0,0,0,0,Low,10.4,807,16,515,3.73,6.14,5.44,38.3,29.7
70,L47249,L,298.9,309.0,1410,65.7,191,1,0,0,1,1,0,Low,11.2,1113,17,181,3.72,6.8,9.02,72.4,64.2
71,M14930,M,298.9,309.0,1924,22.6,193,0,0,0,0,0,0,Medium,13.1,1416,19,783,2.75,6.19,4.61,26.0,65.7
72,L47251,L,298.9,309.1,1452,45.5,196,0,0,0,0,0,0,Low,12.9,1373,17,291,2.96,6.72,6.97,44.5,74.4
73,L47252,L,298.9,309.1,1369,44.4,198,0,0,0,0,0,0,Low,19.5,1320,22,106,1.85,6.41,6.42,48.9,65.3
74,L47253,L,299.0,309.1,1592,35.0,200,0,0,0,0,0,0,Low,10.6,886,15,922,3.52,6.09,5.93,40.8,58.0
75,L47254,L,298.9,309.0,1601,32.3,202,0,0,0,0,0,0,Low,14.5,998,25,264,3.06,6.62,5.48,41.1,64.9
76,L47255,L,298.8,308.9,1379,46.7,204,0,0,0,0,0,0,Low,8.7,841,10,319,2.43,6.51,5.99,57.6,69.2
77,L47256,L,298.8,308.9,1461,47.9,206,0,0,0,0,0,0,Low,15.0,1250,17,324,2.22,5.95,7.93,47.8,85.3
78,L47257,L,298.8,308.9,1455,41.3,208,1,1,0,0,0,0,Low,10.3,1090,5,493,1.23,5.59,6.09,62.4,75.7
79,L47258,L,298.8,308.9,1398,51.5,0,0,0,0,0,0,0,Low,2.3,10,3,201,2.25,6.18,7.31,56.3,57.8
80,L47259,L,298.8,308.9,1402,37.9,2,0,0,0,0,0,0,Low,2.0,15,5,79,0.56,6.73,5.58,56.0,62.3
81,H29494,H,298.8,308.8,1445,49.9,4,0,0,0,0,0,0,High,7.9,5,12,45,1.66,5.43,7.73,64.1,82.0
82,L47261,L,298.9,308.9,1450,47.5,9,0,0,0,0,0,0,Low,1.8,50,0,458,1.75,5.95,6.74,40.5,48.7
83,L47262,L,298.9,308.9,1453,40.8,11,0,0,0,0,0,0,Low,5.1,108,4,166,1.18,5.97,5.74,24.9,75.6
84,L47263,L,299.0,309.0,1469,40.1,13,0,0,0,0,0,0,Low,4.4,79,5,556,0.68,6.62,6.62,65.9,72.6
85,L47264,L,298.9,308.9,1422,47.6,15,0,0,0,0,0,0,Low,1.7,92,2,111,1.81,5.38,6.96,52.1,66.6
86,M14945,M,299.0,309.0,1804,26.8,17,0,0,0,0,0,0,Medium,6.5,35,15,37,2.0,6.57,5.14,62.2,73.0
87,H29500,H,299.0,309.0,1436,43.9,20,0,0,0,0,0,0,High,8.0,153,15,230,1.51,5.62,6.27,15.0,81.4
88,L47267,L,299.0,309.0,1544,31.8,25,0,0,0,0,0,0,Low,4.3,129,9,121,2.6,6.0,5.56,46.1,100.0
89,M14948,M,299.0,309.0,1419,45.2,27,0,0,0,0,0,0,Medium,3.5,82,7,158,2.8,6.54,7.0,52.2,79.6
90,M14949,M,298.9,308.9,1487,39.5,30,0,0,0,0,0,0,Medium,1.5,118,2,21,1.4,6.92,5.98,57.1,76.4
91,L47270,L,298.9,308.9,1753,25.8,33,0,0,0,0,0,0,Low,1.7,115,2,34,2.41,6.65,5.1,70.4,59.0
92,L47271,L,298.9,308.9,1830,24.9,35,0,0,0,0,0,0,Low,3.8,186,4,111,1.75,5.62,4.93,45.4,47.2
93,M14952,M,298.9,308.9,1727,27.1,37,0,0,0,0,0,0,Medium,3.1,222,2,25,0.97,5.4,5.1,23.4,70.1
94,L47273,L,299.1,309.0,1450,43.0,40,0,0,0,0,0,0,Low,6.7,202,6,267,1.78,7.15,6.82,40.8,82.3
95,L47274,L,299.0,308.9,1622,31.9,42,0,0,0,0,0,0,Low,3.7,356,3,121,0.86,5.22,5.32,49.8,77.4
96,M14955,M,299.0,309.0,1351,52.2,44,0,0,0,0,0,0,Medium,3.5,334,4,119,2.67,7.09,8.05,61.1,82.2
97,M14956,M,299.0,309.0,1575,35.3,47,0,0,0,0,0,0,Medium,7.1,371,13,23,1.59,6.57,6.33,60.2,78.4
98,M14957,M,298.9,308.9,1750,29.9,50,0,0,0,0,0,0,Medium,6.3,329,9,56,1.71,6.5,5.97,37.4,80.5
99,L47278,L,298.9,308.8,1529,32.7,53,0,0,0,0,0,0,Low,5.8,329,5,1,0.95,6.43,4.63,69.9,71.3
100,L47279,L,298.8,308.8,1523,44.4,55,0,0,0,0,0,0,Low,7.5,349,9,956,1.65,5.49,7.09,31.8,66.9
101,L47280,L,298.8,308.9,1852,25.0,57,0,0,0,0,0,0,Low,4.2,307,4,284,1.83,5.76,4.94,92.4,82.9
102,L47281,L,298.8,308.8,1991,20.7,59,0,0,0,0,0,0,Low,3.6,199,6,575,1.33,7.06,4.25,51.7,67.7
103,L47282,L,298.8,308.8,1555,40.6,61,0,0,0,0,0,0,Low,6.3,346,9,91,1.45,5.26,6.62,37.2,74.4
104,M14963,M,298.8,308.8,1441,40.5,63,0,0,0,0,0,0,Medium,5.1,233,8,274,1.49,6.94,6.1,48.2,44.7
105,L47284,L,298.8,308.7,1450,43.4,66,0,0,0,0,0,0,Low,5.1,446,5,434,1.85,7.1,7.03,40.0,64.9
106,L47285,L,298.8,308.7,1591,31.1,68,0,0,0,0,0,0,Low,8.4,329,13,228,1.33,5.45,5.5,41.0,69.0
107,L47286,L,298.8,308.7,1445,48.5,70,0,0,0,0,0,0,Low,4.9,471,4,216,1.76,6.62,7.47,65.9,73.2
108,M14967,M,298.8,308.8,1497,46.8,72,0,0,0,0,0,0,Medium,5.3,379,11,1109,1.46,7.16,7.5,70.6,70.2
109,H29522,H,298.9,308.8,1621,32.7,75,0,0,0,0,0,0,High,3.6,310,4,374,1.41,7.16,5.56,49.4,66.4
110,L47289,L,298.9,308.7,1572,34.1,80,0,0,0,0,0,0,Low,16.5,664,17,207,1.39,4.75,6.18,51.9,100.0
111,L47290,L,298.8,308.6,1872,22.5,82,0,0,0,0,0,0,Low,6.6,445,4,71,2.25,6.58,4.5,36.4,73.6
112,H29525,H,298.7,308.6,1499,43.5,84,0,0,0,0,0,0,High,4.4,390,4,66,1.36,6.21,7.43,70.8,83.8
113,M14972,M,298.8,308.7,1498,39.5,89,0,0,0,0,0,0,Medium,6.4,540,9,290,1.3,6.83,6.5,46.9,69.1
114,M14973,M,298.8,308.6,1486,41.9,92,0,0,0,0,0,0,Medium,9.1,677,14,498,2.09,6.33,6.71,69.4,47.2
115,L47294,L,298.8,308.6,1680,29.4,95,0,0,0,0,0,0,Low,8.9,469,11,640,1.81,6.04,4.78,57.8,62.9
116,L47295,L,298.8,308.6,1431,45.7,97,0,0,0,0,0,0,Low,6.0,565,8,222,2.21,7.33,7.27,47.1,61.0
117,L47296,L,298.9,308.7,1564,34.1,99,0,0,0,0,0,0,Low,11.2,512,15,884,0.66,6.14,5.1,38.3,70.6
118,L47297,L,298.8,308.6,1599,33.0,101,0,0,0,0,0,0,Low,7.1,516,3,105,2.63,7.19,5.48,80.6,70.4
119,M14978,M,298.8,308.6,1707,28.1,103,0,0,0,0,0,0,Medium,7.5,419,9,430,2.01,6.42,4.68,62.5,53.9
120,L47299,L,298.7,308.5,1467,40.7,106,0,0,0,0,0,0,Low,6.8,603,9,1120,1.42,5.41,6.56,54.3,65.9
121,L47300,L,298.9,308.7,1433,44.7,108,0,0,0,0,0,0,Low,9.5,709,7,100,2.08,6.34,6.57,70.8,82.9
122,L47301,L,298.9,308.7,1558,41.2,110,0,0,0,0,0,0,Low,6.2,544,11,1,2.55,7.01,6.94,57.8,94.1
123,L47302,L,299.0,308.8,1310,50.7,112,0,0,0,0,0,0,Low,6.5,538,7,27,1.42,5.52,6.23,49.1,85.3
124,L47303,L,298.9,308.7,1546,43.4,114,0,0,0,0,0,0,Low,8.9,447,13,49,0.46,6.2,7.34,32.6,78.2
125,L47304,L,298.9,308.7,1727,29.4,116,0,0,0,0,0,0,Low,7.6,455,5,423,1.99,4.45,5.54,35.3,69.8
126,L47305,L,298.9,308.6,1560,32.2,118,0,0,0,0,0,0,Low,6.6,535,13,117,0.65,5.45,4.99,67.3,78.2
127,L47306,L,299.0,308.6,1329,60.5,120,0,0,0,0,0,0,Low,8.5,423,8,98,1.82,5.32,8.19,46.0,52.9
128,L47307,L,298.9,308.6,1413,46.5,122,0,0,0,0,0,0,Low,10.7,881,9,675,2.96,5.33,7.34,40.6,48.9
129,L47308,L,299.0,308.6,1587,38.6,124,0,0,0,0,0,0,Low,7.1,797,7,368,0.97,6.77,6.51,65.5,66.0
130,L47309,L,298.9,308.5,1559,34.3,126,0,0,0,0,0,0,Low,9.8,871,8,148,0.8,5.73,5.84,49.5,69.8
131,L47310,L,298.8,308.4,1473,41.1,128,0,0,0,0,0,0,Low,11.4,756,14,197,1.92,5.73,5.78,47.7,57.8
132,L47311,L,298.8,308.4,1737,27.7,130,0,0,0,0,0,0,Low,16.4,963,12,60,2.33,5.51,5.0,33.8,39.7
133,M14992,M,298.7,308.4,1441,43.2,132,0,0,0,0,0,0,Medium,6.2,613,10,60,2.42,6.43,6.86,37.0,73.8
134,M14993,M,298.7,308.4,1430,49.6,135,0,0,0,0,0,0,Medium,10.9,723,17,23,1.07,7.07,7.16,54.7,71.5
135,L47314,L,298.8,308.4,1369,53.0,138,0,0,0,0,0,0,Low,11.1,1003,14,40,1.97,6.44,7.36,53.2,60.4
136,M14995,M,298.8,308.5,1711,28.5,140,0,0,0,0,0,0,Medium,8.9,961,13,307,2.38,6.45,5.11,49.0,56.6
137,H29550,H,298.7,308.5,1420,45.7,143,0,0,0,0,0,0,High,6.6,671,12,104,1.61,6.69,6.54,78.1,66.3
138,L47317,L,298.7,308.6,1297,55.3,148,0,0,0,0,0,0,Low,6.4,630,7,459,3.25,6.19,8.05,54.2,45.3
139,H29552,H,298.8,308.6,1449,49.4,150,0,0,0,0,0,0,High,4.7,482,4,133,1.89,5.03,7.77,60.0,99.6
140,L47319,L,298.8,308.6,1268,55.8,155,0,0,0,0,0,0,Low,4.2,400,7,145,2.38,6.78,7.41,35.6,73.0
141,L47320,L,298.8,308.6,1511,36.1,157,0,0,0,0,0,0,Low,9.3,768,8,11,1.71,5.84,6.32,52.0,64.3
142,L47321,L,298.7,308.5,1544,35.2,159,0,0,0,0,0,0,Low,9.5,1093,16,334,2.7,4.9,5.66,51.0,89.3
143,M15002,M,298.6,308.4,1778,28.2,161,0,0,0,0,0,0,Medium,13.4,1449,15,865,2.64,6.29,5.39,46.2,59.0
144,H29557,H,298.6,308.4,1407,50.5,164,0,0,0,0,0,0,High,8.7,796,10,279,2.21,7.29,7.11,86.1,52.6
145,M15004,M,298.6,308.4,1391,42.4,169,0,0,0,0,0,0,Medium,10.4,1093,14,176,1.62,6.79,6.17,51.5,52.2
146,L47325,L,298.5,308.4,1513,33.6,172,0,0,0,0,0,0,Low,9.0,989,13,23,2.22,5.08,5.51,58.5,89.5
147,H29560,H,298.5,308.4,1612,36.1,174,0,0,0,0,0,0,High,11.6,1062,12,249,2.56,5.93,6.3,63.1,64.7
148,L47327,L,298.4,308.4,1515,40.1,179,0,0,0,0,0,0,Low,10.0,1041,8,141,2.4,5.62,6.08,52.2,56.5
149,M15008,M,298.3,308.3,1379,48.0,181,0,0,0,0,0,0,Medium,7.5,734,7,131,2.57,5.27,6.49,54.2,61.1
150,L47329,L,298.4,308.3,1473,39.9,184,0,0,0,0,0,0,Low,10.3,942,16,481,2.49,5.93,6.18,66.6,51.6
151,L47330,L,298.4,308.3,1422,42.7,186,0,0,0,0,0,0,Low,12.6,1001,12,262,1.99,5.91,6.49,34.2,80.5
152,M15011,M,298.4,308.2,1463,37.6,188,0,0,0,0,0,0,Medium,12.5,1307,22,1162,2.47,5.3,5.2,78.0,49.6
153,M15012,M,298.4,308.2,1584,41.0,191,0,0,0,0,0,0,Medium,14.5,1547,16,531,2.46,5.76,7.54,60.2,60.7
154,L47333,L,298.4,308.2,1850,27.0,194,0,0,0,0,0,0,Low,10.6,1172,13,392,2.39,5.79,5.32,77.1,78.7
155,L47334,L,298.4,308.2,1528,36.2,196,0,0,0,0,0,0,Low,13.8,1051,12,91,2.56,5.4,5.21,64.5,62.5
156,H29569,H,298.4,308.2,1987,19.8,198,0,0,0,0,0,0,High,8.6,696,15,117,3.31,4.83,4.21,28.1,71.6
157,M15016,M,298.4,308.1,1495,46.0,203,0,0,0,0,0,0,Medium,13.7,1066,14,65,2.02,5.54,6.63,41.5,87.8
158,H29571,H,298.4,308.2,1478,43.5,206,0,0,0,0,0,0,High,12.5,855,22,44,3.27,5.03,6.39,48.6,69.6
159,M15018,M,298.4,308.2,1499,40.0,211,0,0,0,0,0,0,Medium,12.0,1255,10,62,2.44,6.19,6.43,32.4,61.9
160,L47339,L,298.4,308.2,1471,47.0,214,0,0,0,0,0,0,Low,17.4,1537,19,1,3.04,6.02,6.79,51.9,56.7
161,L47340,L,298.4,308.2,1282,60.7,216,1,0,0,0,1,0,Low,14.8,1424,30,137,3.27,6.84,7.77,36.7,68.0
162,L47341,L,298.3,308.1,1412,52.3,218,1,0,0,0,1,0,Low,13.0,1357,14,111,3.23,4.66,8.07,49.9,89.2
163,L47342,L,298.3,308.1,1586,35.5,0,0,0,0,0,0,0,Low,1.5,5,1,201,2.93,6.77,5.87,41.5,54.2
164,M15023,M,298.4,308.2,1468,43.8,2,0,0,0,0,0,0,Medium,2.7,5,4,49,1.88,5.27,6.58,51.6,73.1
165,M15024,M,298.5,308.3,1440,43.6,5,0,0,0,0,0,0,Medium,3.5,42,8,732,1.43,5.97,6.52,72.3,34.4
166,L47345,L,298.5,308.4,1733,26.0,8,0,0,0,0,0,0,Low,0.5,29,1,398,1.16,5.74,5.12,43.2,74.6
167,H29580,H,298.4,308.2,1612,32.6,10,0,0,0,0,0,0,High,2.1,30,1,104,1.46,5.16,5.74,57.7,62.7
168,H29581,H,298.4,308.3,1458,42.9,15,0,0,0,0,0,0,High,3.6,66,6,138,1.26,6.17,6.1,41.0,81.4
169,L47348,L,298.4,308.3,1433,62.3,20,1,0,0,1,0,0,Low,4.6,110,5,306,2.75,6.12,10.06,62.6,75.5
170,L47349,L,298.4,308.3,1318,59.1,22,0,0,0,0,0,0,Low,3.3,108,3,6,1.95,7.25,7.99,44.7,66.0
171,M15030,M,298.4,308.2,1610,35.0,24,0,0,0,0,0,0,Medium,4.8,147,5,93,2.12,6.06,5.88,60.7,65.0
172,L47351,L,298.2,308.1,1462,50.8,27,0,0,0,0,0,0,Low,2.5,126,2,486,1.81,5.85,7.4,25.7,68.1
173,M15032,M,298.1,308.0,1924,20.8,29,0,0,0,0,0,0,Medium,4.8,160,9,59,1.32,5.47,4.1,34.4,65.5
174,M15033,M,298.2,308.0,1591,33.7,32,0,0,0,0,0,0,Medium,4.9,209,4,427,2.28,5.57,5.67,62.1,63.9
175,L47354,L,298.2,308.1,1306,58.3,35,0,0,0,0,0,0,Low,7.7,281,9,45,2.08,4.75,8.0,73.4,100.0
176,L47355,L,298.2,308.1,1382,43.5,37,0,0,0,0,0,0,Low,8.3,134,7,126,1.1,5.64,6.84,69.1,57.8
177,L47356,L,298.2,308.1,1618,34.7,39,0,0,0,0,0,0,Low,6.5,133,13,361,1.65,6.27,5.55,58.1,93.6
178,L47357,L,298.2,308.2,1988,21.4,41,0,0,0,0,0,0,Low,3.8,196,6,3,2.51,5.43,4.42,44.8,88.3
179,L47358,L,298.2,308.2,1436,50.2,43,0,0,0,0,0,0,Low,3.0,244,6,148,1.59,6.63,6.76,35.7,68.3
180,L47359,L,298.2,308.3,1304,49.8,45,0,0,0,0,0,0,Low,2.8,184,4,669,2.27,6.02,6.61,52.1,53.5
181,L47360,L,298.2,308.3,1475,49.9,47,0,0,0,0,0,0,Low,8.4,166,10,149,1.34,6.48,8.11,38.3,64.8
182,H29595,H,298.2,308.3,1824,24.2,49,0,0,0,0,0,0,High,4.8,242,2,1,2.71,5.75,4.97,47.4,100.0
183,M15042,M,298.1,308.2,1342,48.1,54,0,0,0,0,0,0,Medium,6.1,342,9,24,0.84,5.57,7.3,61.2,64.1
184,L47363,L,298.1,308.2,1485,40.7,57,0,0,0,0,0,0,Low,6.8,236,10,141,1.17,6.77,6.21,45.5,59.2
185,L47364,L,298.2,308.2,1667,30.6,59,0,0,0,0,0,0,Low,4.7,249,3,439,2.4,5.94,5.26,47.8,60.0
186,L47365,L,298.2,308.2,1446,38.2,61,0,0,0,0,0,0,Low,7.7,207,12,292,1.16,6.67,5.5,51.2,56.9
187,L47366,L,298.1,308.3,1301,56.0,63,0,0,0,0,0,0,Low,3.7,339,2,57,1.96,5.81,7.56,61.0,72.8
188,L47367,L,298.2,308.4,1379,43.1,65,0,0,0,0,0,0,Low,7.4,435,11,20,0.62,3.81,6.59,49.4,71.3
189,L47368,L,298.3,308.5,1606,33.6,67,0,0,0,0,0,0,Low,12.6,494,17,108,2.24,7.01,5.89,72.6,64.8
190,M15049,M,298.3,308.4,1539,43.4,69,0,0,0,0,0,0,Medium,8.3,240,8,53,1.59,5.47,6.82,66.1,67.3
191,L47370,L,298.2,308.4,1477,49.9,72,0,0,0,0,0,0,Low,8.5,237,14,260,2.32,5.21,7.59,72.8,70.2
192,L47371,L,298.2,308.4,1666,34.6,74,0,0,0,0,0,0,Low,4.7,475,3,266,1.97,6.44,5.95,60.2,83.6
193,H29606,H,298.2,308.4,1398,51.8,76,0,0,0,0,0,0,High,6.7,430,5,288,0.94,4.94,7.38,77.8,56.0
194,H29607,H,298.2,308.4,1678,34.6,81,0,0,0,0,0,0,High,5.0,307,5,399,0.67,6.56,6.15,57.4,79.2
195,M15054,M,298.2,308.5,2678,10.7,86,1,0,0,1,0,0,Medium,6.1,578,10,67,3.01,5.92,3.11,62.2,89.3
196,L47375,L,298.3,308.5,1453,42.9,89,0,0,0,0,0,0,Low,8.2,599,14,248,2.61,6.17,7.28,30.2,77.6
197,H29610,H,298.3,308.6,1432,49.5,91,0,0,0,0,0,0,High,4.5,430,8,937,1.68,6.3,7.43,60.2,75.3
198,M15057,M,298.4,308.6,1527,40.9,96,0,0,0,0,0,0,Medium,8.1,543,9,793,2.56,5.34,6.77,63.7,72.6
199,L47378,L,298.4,308.7,1588,35.0,99,0,0,0,0,0,0,Low,5.6,520,11,88,0.8,5.32,5.53,60.7,55.8
200,L47379,L,298.4,308.6,1433,47.1,101,0,0,0,0,0,0,Low,7.9,531,7,1152,2.12,6.57,7.11,67.3,30.4
201,L47380,L,298.4,308.6,1609,35.0,103,0,0,0,0,0,0,Low,5.3,470,6,416,2.06,5.6,5.85,59.4,53.2
202,L47381,L,298.3,308.5,1575,41.2,105,0,0,0,0,0,0,Low,5.5,415,7,180,0.82,5.84,7.02,53.0,77.7
203,M15062,M,298.4,308.5,1636,35.7,107,0,0,0,0,0,0,Medium,6.4,537,4,221,0.59,6.07,6.27,74.2,70.2
204,L47383,L,298.4,308.5,1490,37.9,110,0,0,0,0,0,0,Low,6.0,433,11,130,2.37,6.41,6.12,38.2,73.7
205,L47384,L,298.4,308.5,1741,32.8,112,0,0,0,0,0,0,Low,11.1,1028,11,630,1.33,4.96,5.94,66.1,71.3
206,M15065,M,298.5,308.6,1344,53.0,114,0,0,0,0,0,0,Medium,6.8,587,7,76,2.77,6.34,7.33,54.1,59.0
207,L47386,L,298.5,308.7,1609,35.3,117,0,0,0,0,0,0,Low,7.4,754,9,1178,1.24,6.61,5.59,60.9,40.9
208,M15067,M,298.4,308.7,1421,60.7,119,1,0,0,1,0,0,Medium,13.0,890,14,24,3.06,6.36,9.13,46.6,51.6
209,L47388,L,298.4,308.6,1591,36.7,122,0,0,0,0,0,0,Low,9.3,796,14,140,1.54,6.81,6.08,63.5,94.5
210,L47389,L,298.4,308.6,1477,44.0,124,0,0,0,0,0,0,Low,9.1,705,12,160,2.12,5.84,7.27,39.9,75.3
211,L47390,L,298.4,308.7,1523,36.1,126,0,0,0,0,0,0,Low,6.1,497,6,473,1.96,5.06,5.71,48.7,75.4
212,L47391,L,298.5,308.7,1575,33.9,128,0,0,0,0,0,0,Low,18.7,898,21,116,2.5,6.3,5.44,58.5,68.5
213,H29626,H,298.4,308.7,1344,52.9,130,0,0,0,0,0,0,High,8.5,675,13,666,2.88,6.06,7.66,42.5,72.9
214,L47393,L,298.4,308.7,1386,44.9,135,0,0,0,0,0,0,Low,12.5,811,16,525,2.14,7.14,6.07,70.6,48.3
215,M15074,M,298.3,308.6,1589,37.1,137,0,0,0,0,0,0,Medium,8.7,790,16,89,1.56,6.15,6.26,70.1,79.1
216,L47395,L,298.3,308.6,1548,40.3,140,0,0,0,0,0,0,Low,8.6,561,9,241,0.66,6.53,6.33,45.8,67.8
217,L47396,L,298.3,308.6,1499,38.3,142,0,0,0,0,0,0,Low,7.8,654,8,87,1.58,5.8,5.65,65.2,77.1
218,L47397,L,298.3,308.5,1664,31.6,144,0,0,0,0,0,0,Low,9.3,497,14,142,1.81,5.99,5.54,46.7,71.1
219,L47398,L,298.3,308.6,1447,38.1,146,0,0,0,0,0,0,Low,8.5,810,6,90,2.65,6.73,5.08,77.5,77.8
220,M15079,M,298.3,308.5,1434,46.2,148,0,0,0,0,0,0,Medium,8.7,931,5,251,2.79,6.42,7.14,21.3,47.1
221,L47400,L,298.3,308.5,1416,52.7,151,0,0,0,0,0,0,Low,10.6,890,17,127,2.42,7.75,7.85,66.7,63.3
222,H29635,H,298.4,308.5,1827,24.3,153,0,0,0,0,0,0,High,11.7,758,14,159,2.71,6.51,4.51,67.6,79.5
223,L47402,L,298.4,308.6,1304,45.0,158,0,0,0,0,0,0,Low,8.8,772,13,26,3.14,6.07,6.44,44.9,96.3
224,L47403,L,298.4,308.6,1569,34.4,160,0,0,0,0,0,0,Low,10.9,1103,19,390,1.63,6.15,5.8,61.0,57.5
225,L47404,L,298.3,308.6,1584,29.3,162,0,0,0,0,0,0,Low,7.7,825,14,267,2.27,6.38,4.55,45.5,77.5
226,L47405,L,298.3,308.5,1362,53.8,164,0,0,0,0,0,0,Low,12.3,826,14,78,2.15,6.89,7.9,45.1,80.4
227,L47406,L,298.3,308.4,1329,49.2,166,0,0,0,0,0,0,Low,5.1,466,8,83,2.84,5.95,7.02,69.7,76.4
228,L47407,L,298.3,308.5,1539,36.1,168,0,0,0,0,0,0,Low,6.3,522,9,6,1.83,4.97,5.69,77.2,92.9
229,M15088,M,298.3,308.5,1629,37.1,170,0,0,0,0,0,0,Medium,10.8,1067,20,222,1.24,6.49,6.26,41.7,64.5
230,L47409,L,298.3,308.5,1538,32.2,173,0,0,0,0,0,0,Low,10.7,985,9,199,2.93,6.63,5.61,70.3,81.9
231,L47410,L,298.3,308.6,1570,34.8,175,0,0,0,0,0,0,Low,15.2,1363,19,206,2.25,5.74,5.84,68.8,68.7
232,L47411,L,298.3,308.4,1408,43.1,177,0,0,0,0,0,0,Low,18.1,1082,27,82,3.1,6.89,5.96,32.0,91.7
233,L47412,L,298.2,308.4,1424,47.6,179,0,0,0,0,0,0,Low,10.7,891,18,82,3.27,6.57,7.14,45.2,65.9
234,L47413,L,298.2,308.4,1512,34.9,181,0,0,0,0,0,0,Low,6.9,730,4,24,2.48,6.18,5.1,40.5,77.0
235,L47414,L,298.2,308.4,1478,42.9,183,0,0,0,0,0,0,Low,12.1,1162,16,103,1.47,5.74,6.81,56.3,56.4
236,M15095,M,298.1,308.3,1680,33.7,185,0,0,0,0,0,0,Medium,12.7,1126,12,933,2.87,5.46,5.76,43.9,47.7
237,L47416,L,298.1,308.3,1495,38.7,188,0,0,0,0,0,0,Low,20.2,1697,28,110,2.15,6.38,5.92,55.0,91.7
238,M15097,M,298.0,308.1,1552,36.6,190,0,0,0,0,0,0,Medium,14.5,1072,21,553,3.86,6.22,5.67,68.6,58.5
239,L47418,L,297.9,308.1,1393,50.3,193,0,0,0,0,0,0,Low,13.5,1338,22,70,3.21,5.88,7.22,62.2,69.8
240,L47419,L,298.0,308.2,1611,30.6,195,0,0,0,0,0,0,Low,12.7,1190,14,4,3.55,4.98,5.22,45.2,86.2
241,M15100,M,298.0,308.1,1339,51.6,197,0,0,0,0,0,0,Medium,13.7,1279,17,99,3.15,6.43,7.0,68.7,63.5
242,L47421,L,298.0,308.1,1777,24.3,200,0,0,0,0,0,0,Low,11.7,1073,15,156,3.85,6.35,4.35,68.8,71.6
243,L47422,L,298.0,308.2,1348,58.8,202,1,0,0,0,1,0,Low,16.1,1647,22,26,3.83,6.23,8.33,69.6,70.4
244,L47423,L,298.0,308.2,1442,44.1,204,0,0,0,0,0,0,Low,20.2,1548,26,153,2.53,5.97,6.56,67.9,75.7
245,M15104,M,298.0,308.2,1395,49.1,206,0,0,0,0,0,0,Medium,7.0,666,12,646,3.72,5.43,7.09,37.2,69.7
246,M15105,M,297.9,308.1,1627,31.4,209,0,0,0,0,0,0,Medium,17.1,1459,22,556,1.96,6.4,5.17,67.3,65.5
247,L47426,L,297.9,308.1,1585,33.5,212,0,0,0,0,0,0,Low,16.5,1469,22,44,3.77,7.09,5.3,50.0,49.7
248,L47427,L,298.0,308.2,1469,45.5,214,0,0,0,0,0,0,Low,8.3,710,14,142,3.89,5.51,6.96,49.7,70.9
249,L47428,L,298.0,308.3,1362,56.8,216,1,0,0,0,1,0,Low,5.7,516,5,133,3.88,5.6,8.39,54.8,64.8
250,L47429,L,298.0,308.3,1405,56.2,218,1,0,0,0,1,0,Low,15.6,1555,25,593,3.23,5.85,8.24,55.7,47.0
251,L47430,L,298.0,308.3,1662,32.7,0,0,0,0,0,0,0,Low,4.0,5,3,622,1.1,6.75,5.61,27.6,26.8
252,M15111,M,298.0,308.2,1466,42.6,2,0,0,0,0,0,0,Medium,0.2,5,1,63,2.05,6.9,6.07,62.2,63.7
253,L47432,L,298.0,308.2,1620,35.8,5,0,0,0,0,0,0,Low,1.5,63,2,114,2.07,5.95,5.93,56.7,90.0
254,L47433,L,298.0,308.2,1357,48.2,7,0,0,0,0,0,0,Low,0.8,72,0,10,0.65,6.04,6.67,57.9,79.0
255,L47434,L,298.0,308.2,1514,37.9,9,0,0,0,0,0,0,Low,3.8,65,2,250,1.29,6.03,6.03,33.2,79.8
256,L47435,L,298.0,308.2,1489,40.4,11,0,0,0,0,0,0,Low,3.6,57,3,338,0.54,5.15,6.31,42.5,69.1
257,L47436,L,298.1,308.3,1331,63.0,13,0,0,0,0,0,0,Low,1.5,57,1,52,2.52,5.15,9.8,49.0,90.6
258,L47437,L,298.0,308.0,1615,29.5,15,0,0,0,0,0,0,Low,2.5,137,1,107,1.36,6.21,4.9,60.3,75.0
259,L47438,L,298.1,308.2,1482,37.9,17,0,0,0,0,0,0,Low,3.9,113,4,142,1.53,7.22,6.12,67.4,77.5
260,M15119,M,298.1,308.2,1420,63.9,19,1,0,0,1,0,0,Medium,1.6,122,1,122,1.95,7.64,9.9,44.6,69.9
261,M15120,M,298.2,308.3,1522,49.1,22,0,0,0,0,0,0,Medium,4.9,88,2,245,2.71,5.9,8.07,66.8,70.0
262,L47441,L,298.1,308.2,1654,32.1,25,0,0,0,0,0,0,Low,3.4,155,3,570,0.74,5.49,5.56,45.3,60.6
263,M15122,M,298.1,308.2,1736,26.8,27,0,0,0,0,0,0,Medium,3.6,133,2,268,2.44,5.34,5.49,47.8,79.3
264,M15123,M,298.0,308.1,1587,32.3,30,0,0,0,0,0,0,Medium,3.9,146,5,198,2.31,7.3,5.14,52.6,82.2
265,L47444,L,298.1,308.2,1390,47.5,33,0,0,0,0,0,0,Low,2.2,165,5,330,1.01,5.35,7.08,47.2,71.5
266,L47445,L,298.0,308.1,1454,37.1,35,0,0,0,0,0,0,Low,3.8,136,4,339,1.23,6.0,5.85,59.8,76.4
267,H29680,H,298.0,308.1,1440,43.7,37,0,0,0,0,0,0,High,5.5,201,4,233,1.62,6.65,6.05,44.4,69.4
268,L47447,L,297.9,308.0,1954,21.1,42,0,0,0,0,0,0,Low,3.2,213,1,390,1.15,5.93,4.01,62.2,72.7
269,H29682,H,297.9,308.0,1800,24.8,44,0,0,0,0,0,0,High,3.1,213,5,79,1.85,6.85,4.96,56.1,78.6
270,L47449,L,298.0,308.0,1524,37.0,49,0,0,0,0,0,0,Low,11.0,274,19,76,0.66,5.16,5.99,35.8,60.0
271,H29684,H,298.0,308.0,1520,39.6,51,0,0,0,0,0,0,High,3.8,309,7,43,1.41,5.56,5.94,68.1,49.4
272,M15131,M,298.1,308.1,1452,40.8,56,0,0,0,0,0,0,Medium,4.0,261,9,744,1.13,5.71,6.58,60.7,72.9
273,L47452,L,298.1,308.1,1484,40.4,59,0,0,0,0,0,0,Low,9.0,305,13,330,1.62,5.92,6.22,58.3,68.1
274,L47453,L,298.1,308.0,1426,46.0,61,0,0,0,0,0,0,Low,2.4,219,6,335,1.46,6.65,7.19,46.6,66.5
275,L47454,L,298.1,308.0,1652,28.5,63,0,0,0,0,0,0,Low,4.1,217,3,132,1.94,4.67,5.35,32.2,67.4
276,L47455,L,298.0,308.0,1401,54.7,65,0,0,0,0,0,0,Low,6.6,345,3,162,1.7,5.95,7.95,60.2,68.6
277,M15136,M,298.0,307.9,1750,26.6,67,0,0,0,0,0,0,Medium,6.3,471,11,303,0.2,6.19,4.4,94.9,78.9
278,H29691,H,298.0,308.0,1479,50.7,70,0,0,0,0,0,0,High,4.4,468,6,100,1.76,6.58,7.55,16.2,66.4
279,M15138,M,298.0,308.0,1620,29.4,75,0,0,0,0,0,0,Medium,2.8,220,2,626,0.81,5.61,4.49,68.8,60.7
280,L47459,L,298.0,308.1,1819,23.4,78,0,0,0,0,0,0,Low,3.8,411,1,628,2.57,5.88,4.26,38.4,55.7
281,M15140,M,298.1,308.1,1456,43.7,80,0,0,0,0,0,0,Medium,5.2,365,5,779,0.84,6.13,7.12,63.9,76.2
282,L47461,L,298.1,308.0,1626,36.5,83,0,0,0,0,0,0,Low,8.8,654,14,18,2.32,6.36,5.99,39.4,84.4
283,M15142,M,298.1,308.1,1390,49.8,85,0,0,0,0,0,0,Medium,4.3,340,7,114,2.23,7.04,6.85,64.4,100.0
284,L47463,L,298.2,308.2,1469,43.0,88,0,0,0,0,0,0,Low,5.3,403,8,303,1.64,5.99,7.13,72.8,68.9
285,L47464,L,298.2,308.3,2051,19.2,90,0,0,0,0,0,0,Low,7.4,658,6,479,3.1,6.29,4.08,55.7,64.2
286,L47465,L,298.2,308.3,1568,36.0,92,0,0,0,0,0,0,Low,10.3,549,10,865,0.2,4.8,5.98,62.2,66.1
287,L47466,L,298.2,308.3,1589,33.2,94,0,0,0,0,0,0,Low,7.1,495,7,587,1.56,5.84,5.22,58.6,52.3
288,L47467,L,298.2,308.3,1805,31.6,96,0,0,0,0,0,0,Low,6.9,511,3,123,1.96,6.4,6.34,43.7,84.0
289,H29702,H,298.2,308.4,1385,42.2,98,0,0,0,0,0,0,High,9.7,547,5,27,1.24,6.69,6.13,53.1,76.5
290,L47469,L,298.1,308.4,1436,46.7,103,0,0,0,0,0,0,Low,5.3,547,5,586,1.74,5.01,7.3,62.9,74.3
291,L47470,L,298.1,308.4,1438,45.6,105,0,0,0,0,0,0,Low,8.0,603,9,122,1.54,5.98,6.37,74.4,64.9
292,L47471,L,298.0,308.3,1473,42.6,107,0,0,0,0,0,0,Low,6.3,563,9,125,0.69,5.72,6.99,46.4,69.7
293,L47472,L,298.1,308.4,1335,40.2,109,0,0,0,0,0,0,Low,9.8,422,13,878,1.79,6.73,5.71,62.1,61.3
294,H29707,H,298.1,308.5,1392,44.8,111,0,0,0,0,0,0,High,14.4,1103,13,101,1.32,5.09,6.29,49.8,77.2
295,M15154,M,298.1,308.5,1372,51.1,116,0,0,0,0,0,0,Medium,7.1,652,10,266,2.12,6.41,7.18,64.3,65.1
296,M15155,M,298.1,308.6,1716,30.7,119,0,0,0,0,0,0,Medium,7.1,614,15,345,1.87,6.2,5.37,65.7,80.0
297,L47476,L,298.0,308.5,1395,46.2,122,0,0,0,0,0,0,Low,6.0,587,9,556,2.28,6.49,6.83,53.2,67.6
298,L47477,L,298.0,308.5,1713,25.3,124,0,0,0,0,0,0,Low,10.3,688,18,73,2.91,6.03,4.56,61.3,80.2
299,H29712,H,297.9,308.5,2129,18.7,126,0,0,0,0,0,0,High,12.3,1009,20,166,1.46,6.25,4.5,32.7,55.3
300,M15159,M,297.8,308.3,1567,35.6,131,0,0,0,0,0,0,Medium,7.4,629,7,1073,2.29,6.46,5.25,63.5,34.0
301,L47480,L,297.8,308.4,1622,38.3,134,0,0,0,0,0,0,Low,6.0,474,6,134,2.16,5.62,6.7,60.6,63.4
302,L47481,L,297.7,308.4,1740,27.1,136,0,0,0,0,0,0,Low,10.8,1082,7,5,2.19,5.86,4.54,70.6,82.5
303,H29716,H,297.8,308.4,1512,35.1,138,0,0,0,0,0,0,High,10.6,551,12,457,2.22,6.51,6.26,27.5,70.4
304,M15163,M,297.8,308.4,1479,43.5,143,0,0,0,0,0,0,Medium,8.9,802,4,391,2.82,6.16,7.24,53.4,85.6
305,L47484,L,297.8,308.4,1737,27.5,146,0,0,0,0,0,0,Low,8.2,771,10,77,1.76,4.74,4.99,36.8,67.8
306,L47485,L,297.8,308.4,2129,19.2,148,0,0,0,0,0,0,Low,12.9,1033,12,194,4.77,5.01,4.37,37.5,73.3
307,L47486,L,297.8,308.4,1374,47.1,150,0,0,0,0,0,0,Low,7.2,845,4,115,1.29,6.9,6.8,25.0,61.0
308,M15167,M,297.8,308.4,1579,36.6,152,0,0,0,0,0,0,Medium,6.7,567,7,805,1.77,5.72,5.86,58.8,72.8
309,L47488,L,297.9,308.5,1305,47.2,155,0,0,0,0,0,0,Low,10.3,670,14,745,2.51,4.71,6.21,46.1,54.0
310,M15169,M,297.9,308.5,1449,40.8,157,0,0,0,0,0,0,Medium,11.5,548,14,437,1.6,5.69,6.18,56.6,76.8
311,H29724,H,298.0,308.6,1526,41.8,160,0,0,0,0,0,0,High,6.7,623,7,75,1.93,6.5,5.79,56.9,74.9
312,M15171,M,298.0,308.6,1453,44.1,165,0,0,0,0,0,0,Medium,10.0,762,8,140,2.47,5.69,7.15,61.3,66.2
313,L47492,L,297.9,308.6,1468,36.0,168,0,0,0,0,0,0,Low,6.2,565,6,51,2.21,6.83,6.0,64.4,61.8
314,L47493,L,298.0,308.6,1313,50.8,170,0,0,0,0,0,0,Low,16.2,830,25,526,3.59,5.41,6.89,74.6,71.3
315,M15174,M,297.9,308.5,1300,53.0,172,0,0,0,0,0,0,Medium,8.7,711,17,114,3.51,6.35,7.73,54.1,68.4
316,L47495,L,297.9,308.4,1646,40.6,175,0,0,0,0,0,0,Low,12.0,971,17,289,2.11,6.51,6.82,49.7,44.5
317,L47496,L,297.8,308.4,1714,33.2,177,0,0,0,0,0,0,Low,8.1,948,11,76,2.74,6.15,5.79,37.7,98.9
318,L47497,L,297.8,308.4,1685,28.4,179,0,0,0,0,0,0,Low,11.1,1123,17,1500,3.11,6.36,5.06,62.4,50.9
319,L47498,L,297.8,308.4,1512,39.9,181,0,0,0,0,0,0,Low,10.7,761,12,89,1.04,7.07,6.48,42.9,82.5
320,L47499,L,297.8,308.4,1612,32.1,183,0,0,0,0,0,0,Low,11.6,1303,15,387,2.61,6.32,5.19,57.8,60.3
321,H29734,H,297.8,308.4,1550,38.2,185,0,0,0,0,0,0,High,9.5,800,17,113,2.18,4.9,6.3,84.9,58.9
322,L47501,L,297.8,308.4,1518,32.5,190,0,0,0,0,0,0,Low,15.8,1040,12,40,2.4,5.95,5.24,32.0,69.6
323,L47502,L,297.8,308.5,1448,40.0,192,0,0,0,0,0,0,Low,10.9,775,15,380,3.57,6.31,5.38,38.0,82.9
324,L47503,L,297.8,308.5,1561,46.3,194,0,0,0,0,0,0,Low,11.0,875,11,34,3.29,6.77,7.46,56.4,62.9
325,M15184,M,297.8,308.5,1488,41.9,196,0,0,0,0,0,0,Medium,7.5,681,5,43,2.77,6.25,6.45,38.1,76.0
326,L47505,L,297.8,308.5,1699,27.8,199,0,0,0,0,0,0,Low,7.9,843,15,386,2.43,6.13,4.79,73.1,58.6
327,L47506,L,297.7,308.5,1501,41.4,201,0,0,0,0,0,0,Low,15.7,1600,22,108,3.28,6.44,6.31,40.0,68.4
328,L47507,L,297.7,308.5,1373,56.7,203,1,0,0,0,1,0,Low,13.0,1078,16,142,2.67,6.28,8.35,53.8,88.0
329,H29742,H,297.6,308.4,1703,31.4,205,0,0,0,0,0,0,High,13.0,1427,19,24,2.88,5.43,5.15,61.5,85.1
330,H29743,H,297.7,308.5,1720,29.9,210,0,0,0,0,0,0,High,14.9,1254,17,701,3.31,6.66,5.68,34.7,67.4
331,M15190,M,297.6,308.4,1398,41.9,215,0,0,0,0,0,0,Medium,9.6,796,11,2,2.94,5.57,6.09,55.6,82.0
332,M15191,M,297.6,308.4,1391,51.9,218,0,0,0,0,0,0,Medium,9.6,992,15,50,3.09,5.08,8.03,75.3,64.1
333,M15192,M,297.6,308.3,1538,40.2,0,0,0,0,0,0,0,Medium,0.6,5,1,109,1.15,6.19,6.27,62.5,92.2
334,L47513,L,297.5,308.2,1647,31.3,3,0,0,0,0,0,0,Low,1.0,41,1,107,2.82,5.54,5.66,49.2,69.1
335,M15194,M,297.5,308.1,1469,44.8,5,0,0,0,0,0,0,Medium,2.6,30,2,24,0.9,6.11,7.08,65.3,85.8
336,L47515,L,297.4,308.1,1749,25.9,8,0,0,0,0,0,0,Low,5.8,43,8,143,2.47,5.09,4.32,20.3,94.8
337,M15196,M,297.6,308.2,1995,20.5,10,0,0,0,0,0,0,Medium,1.7,45,4,25,2.14,6.0,4.24,46.3,66.0
338,L47517,L,297.6,308.3,1742,27.7,13,0,0,0,0,0,0,Low,6.6,74,4,302,1.33,5.73,5.69,32.3,54.2
339,L47518,L,297.5,308.2,1563,38.2,15,0,0,0,0,0,0,Low,0.9,57,3,31,1.43,5.91,6.52,58.3,78.4
340,M15199,M,297.5,308.2,1713,32.2,17,0,0,0,0,0,0,Medium,3.0,42,0,102,1.71,6.05,5.46,56.0,73.9
341,L47520,L,297.4,308.1,1474,39.4,20,0,0,0,0,0,0,Low,4.2,208,10,300,0.82,5.87,5.94,41.3,74.4
342,M15201,M,297.4,308.2,1530,32.6,22,0,0,0,0,0,0,Medium,4.2,95,10,115,2.41,5.54,5.44,70.3,65.2
343,L47522,L,297.4,308.2,1471,46.5,25,0,0,0,0,0,0,Low,4.3,169,2,665,1.9,5.28,7.28,25.0,56.7
344,L47523,L,297.5,308.3,1388,48.6,27,0,0,0,0,0,0,Low,2.6,93,3,83,1.22,6.31,6.53,79.2,68.9
345,M15204,M,297.5,308.2,2448,13.8,29,0,0,0,0,0,0,Medium,2.6,97,0,290,2.57,5.47,3.23,69.8,80.1
346,L47525,L,297.5,308.3,1585,32.9,32,0,0,0,0,0,0,Low,7.0,265,9,42,0.54,5.05,5.65,56.3,83.1
347,M15206,M,297.5,308.3,1459,45.2,34,0,0,0,0,0,0,Medium,4.3,183,6,196,1.85,5.73,6.81,46.8,72.6
348,L47527,L,297.5,308.3,1544,40.8,37,0,0,0,0,0,0,Low,1.5,156,2,484,1.34,5.59,6.95,50.8,98.9
349,L47528,L,297.6,308.3,1617,31.7,39,0,0,0,0,0,0,Low,4.8,349,4,59,0.78,5.63,5.46,59.4,89.8
350,L47529,L,297.6,308.3,1595,34.3,41,0,0,0,0,0,0,Low,3.3,153,1,65,1.06,6.54,5.49,44.9,64.6
351,H29764,H,297.6,308.3,1400,44.3,43,0,0,0,0,0,0,High,3.6,187,2,691,1.23,5.45,6.48,52.5,59.2
352,M15211,M,297.6,308.4,1611,31.0,48,0,0,0,0,0,0,Medium,5.7,159,11,1198,1.16,7.01,5.12,59.5,73.7
353,M15212,M,297.6,308.4,1507,46.0,51,0,0,0,0,0,0,Medium,3.8,267,4,171,3.24,6.02,7.36,63.4,65.9
354,H29767,H,297.5,308.3,1674,30.0,54,0,0,0,0,0,0,High,4.9,218,4,400,2.37,5.71,5.02,74.9,100.0
355,L47534,L,297.6,308.3,1658,34.3,59,0,0,0,0,0,0,Low,9.1,222,13,163,0.98,6.73,5.5,76.7,74.9
356,L47535,L,297.6,308.3,1623,36.9,61,0,0,0,0,0,0,Low,8.0,297,14,305,2.06,5.89,6.22,53.5,78.7
357,M15216,M,297.6,308.4,1398,48.9,63,0,0,0,0,0,0,Medium,3.6,256,3,58,1.73,5.75,6.85,31.1,74.6
358,L47537,L,297.6,308.4,1517,34.2,66,0,0,0,0,0,0,Low,5.5,322,6,875,1.64,5.86,5.69,54.4,39.9
359,M15218,M,297.6,308.3,1467,36.7,68,0,0,0,0,0,0,Medium,4.0,470,2,272,1.27,8.21,5.57,74.5,80.5
360,M15219,M,297.6,308.3,1567,34.6,71,0,0,0,0,0,0,Medium,7.4,428,3,107,1.99,4.35,5.75,53.1,65.7
361,M15220,M,297.5,308.3,1521,38.2,74,0,0,0,0,0,0,Medium,3.8,357,5,202,2.34,6.0,5.97,78.7,75.3
362,L47541,L,297.5,308.3,1596,36.8,77,0,0,0,0,0,0,Low,5.4,348,9,382,1.73,6.66,6.2,36.3,82.6
363,H29776,H,297.6,308.3,1640,30.9,79,0,0,0,0,0,0,High,4.8,302,7,358,1.16,6.22,5.47,61.1,72.2
364,L47543,L,297.6,308.3,1438,47.8,84,0,0,0,0,0,0,Low,10.2,580,18,518,1.82,6.29,7.28,61.1,51.1
365,L47544,L,297.6,308.4,1407,55.2,86,0,0,0,0,0,0,Low,6.7,437,10,88,2.64,6.56,7.47,80.6,69.1
366,L47545,L,297.6,308.4,1353,57.5,88,0,0,0,0,0,0,Low,5.3,362,4,145,2.82,6.53,7.97,55.7,49.2
367,M15226,M,297.6,308.5,1552,40.9,90,0,0,0,0,0,0,Medium,8.8,572,6,19,1.42,5.86,7.33,61.4,68.4
368,M15227,M,297.6,308.4,1569,38.3,93,0,0,0,0,0,0,Medium,10.9,598,19,51,0.75,6.48,6.41,65.1,76.1
369,L47548,L,297.5,308.4,1489,39.5,96,0,0,0,0,0,0,Low,4.5,520,3,269,2.19,6.06,6.02,38.7,71.4
370,H29783,H,297.5,308.4,1587,36.1,98,0,0,0,0,0,0,High,5.0,417,5,148,1.54,6.17,5.85,46.0,73.7
371,M15230,M,297.5,308.3,1622,37.2,103,0,0,0,0,0,0,Medium,12.0,551,24,28,1.94,5.42,6.76,59.8,72.3
372,L47551,L,297.5,308.4,1604,38.1,106,0,0,0,0,0,0,Low,13.0,381,18,672,2.85,5.58,6.57,57.5,63.9
373,M15232,M,297.4,308.3,1405,51.7,108,0,0,0,0,0,0,Medium,4.8,425,5,47,2.33,5.72,7.13,50.6,64.0
374,L47553,L,297.4,308.3,1412,42.0,111,0,0,0,0,0,0,Low,8.6,458,8,205,1.91,5.51,6.83,60.9,62.2
375,L47554,L,297.4,308.3,1431,43.0,113,0,0,0,0,0,0,Low,6.1,572,4,15,1.46,5.34,6.53,57.3,66.7
376,L47555,L,297.4,308.2,1533,37.4,115,0,0,0,0,0,0,Low,3.9,354,2,249,1.98,6.52,6.08,69.2,100.0
377,M15236,M,297.4,308.2,1401,51.9,117,0,0,0,0,0,0,Medium,7.8,655,5,133,0.7,5.62,8.18,46.8,82.4
378,M15237,M,297.4,308.2,1424,53.9,120,0,0,0,0,0,0,Medium,13.6,1018,18,153,0.74,5.39,8.1,59.5,97.2
379,L47558,L,297.3,308.2,1754,29.4,123,0,0,0,0,0,0,Low,5.9,456,6,121,2.03,6.07,5.52,49.2,65.2
380,L47559,L,297.3,308.2,1754,26.8,125,0,0,0,0,0,0,Low,11.0,704,14,582,0.97,5.4,4.55,47.1,52.6
381,L47560,L,297.5,308.3,2564,12.8,127,1,0,0,1,0,0,Low,10.5,611,8,385,4.22,6.25,3.42,74.1,52.9
382,L47561,L,297.5,308.5,1546,40.4,129,0,0,0,0,0,0,Low,5.7,475,6,364,2.2,6.19,6.13,69.2,58.7
383,L47562,L,297.5,308.5,1335,48.0,131,0,0,0,0,0,0,Low,10.7,1078,14,902,2.8,6.29,6.54,56.5,48.6
384,M15243,M,297.5,308.6,1842,27.0,133,0,0,0,0,0,0,Medium,10.5,1005,10,130,1.87,5.41,5.27,46.8,66.4
385,L47564,L,297.5,308.5,1712,26.8,136,0,0,0,0,0,0,Low,11.4,1057,14,29,2.12,5.63,4.27,74.6,70.2
386,M15245,M,297.6,308.6,1414,45.4,138,0,0,0,0,0,0,Medium,9.6,869,11,124,1.74,6.33,6.83,82.2,77.3
387,L47566,L,297.6,308.7,1319,50.9,141,0,0,0,0,0,0,Low,8.0,624,14,199,1.92,5.08,7.33,33.4,79.7
388,L47567,L,297.7,308.7,1249,60.4,143,0,0,0,0,0,0,Low,7.4,662,9,436,2.01,6.28,7.18,45.7,74.9
389,L47568,L,297.6,308.7,1455,48.2,145,0,0,0,0,0,0,Low,6.9,716,10,178,1.86,6.05,7.09,46.7,100.0
390,M15249,M,297.6,308.7,1408,54.8,147,0,0,0,0,0,0,Medium,17.9,1121,25,1415,1.92,6.83,7.47,51.6,44.1
391,L47570,L,297.6,308.7,1460,46.7,150,0,0,0,0,0,0,Low,13.4,1429,17,626,2.33,5.07,7.33,49.0,85.7
392,L47571,L,297.6,308.6,1491,38.1,152,0,0,0,0,0,0,Low,7.0,784,2,369,1.49,5.69,5.8,52.7,79.9
393,M15252,M,297.6,308.5,1490,43.4,154,0,0,0,0,0,0,Medium,12.0,926,13,290,2.7,6.09,7.15,64.8,81.8
394,M15253,M,297.5,308.4,1350,52.2,157,0,0,0,0,0,0,Medium,7.1,719,12,161,1.92,6.82,6.9,50.3,76.1
395,L47574,L,297.5,308.4,1528,39.9,160,0,0,0,0,0,0,Low,10.0,720,11,68,1.84,6.46,6.45,48.5,75.0
396,L47575,L,297.4,308.3,1571,37.7,162,0,0,0,0,0,0,Low,8.2,811,9,198,2.32,5.61,5.94,53.2,93.7
397,L47576,L,297.4,308.3,1490,42.6,164,0,0,0,0,0,0,Low,15.7,725,21,221,2.0,6.12,6.65,58.5,96.6
398,M15257,M,297.4,308.3,1774,28.9,166,0,0,0,0,0,0,Medium,13.5,834,15,14,2.13,6.49,5.28,56.4,77.3
399,H29812,H,297.4,308.3,1502,43.6,169,0,0,0,0,0,0,High,8.7,781,9,237,2.64,6.51,7.1,59.6,68.5
400,L47579,L,297.4,308.4,1392,49.7,174,0,0,0,0,0,0,Low,13.0,1112,19,168,2.35,6.76,7.35,54.3,68.1
401,L47580,L,297.4,308.5,2100,16.9,176,0,0,0,0,0,0,Low,10.9,930,10,20,3.81,5.25,3.93,46.2,78.6
402,L47581,L,297.5,308.5,1722,30.4,178,0,0,0,0,0,0,Low,8.6,865,8,51,2.52,7.1,5.46,59.7,60.1
403,L47582,L,297.4,308.6,1678,32.3,180,0,0,0,0,0,0,Low,10.5,765,11,429,2.9,5.42,5.42,31.6,45.1
404,L47583,L,297.3,308.6,1273,59.8,182,0,0,0,0,0,0,Low,11.3,1021,14,21,3.43,6.22,8.22,63.4,70.2
405,L47584,L,297.3,308.6,1297,45.9,184,0,0,0,0,0,0,Low,10.1,840,9,409,1.51,5.69,6.21,68.3,60.7
406,L47585,L,297.3,308.5,1350,57.6,186,0,0,0,0,0,0,Low,12.6,1037,20,18,4.23,6.03,8.03,38.6,67.1
407,L47586,L,297.4,308.6,1439,51.9,188,0,0,0,0,0,0,Low,11.2,1052,14,366,1.94,5.85,7.95,68.8,70.1
408,M15267,M,297.4,308.5,1600,42.1,190,0,0,0,0,0,0,Medium,8.1,816,7,275,3.2,7.04,6.79,76.9,80.8
409,M15268,M,297.4,308.6,1434,44.4,193,0,0,0,0,0,0,Medium,17.9,1698,34,413,2.32,5.27,7.26,41.9,72.0
410,L47589,L,297.4,308.6,1459,41.3,196,0,0,0,0,0,0,Low,16.4,1434,13,931,2.47,4.92,6.64,58.9,65.7
411,M15270,M,297.5,308.6,1472,44.9,198,0,0,0,0,0,0,Medium,16.9,1496,21,568,2.29,5.4,7.05,49.2,61.7
412,L47591,L,297.5,308.7,1429,44.3,201,0,0,0,0,0,0,Low,20.3,1899,19,508,3.26,5.4,6.71,52.3,67.8
413,L47592,L,297.5,308.6,1388,48.2,203,0,0,0,0,0,0,Low,14.1,1284,15,391,2.45,6.35,7.02,47.0,82.2
414,L47593,L,297.4,308.4,1573,34.5,205,0,0,0,0,0,0,Low,8.2,924,9,1399,2.07,5.86,5.54,36.3,35.5
415,L47594,L,297.4,308.4,1588,32.5,207,0,0,0,0,0,0,Low,19.7,1167,20,86,3.61,6.18,5.54,76.3,75.4
416,L47595,L,297.5,308.4,1511,42.8,209,0,0,0,0,0,0,Low,12.8,1006,15,169,3.57,6.18,6.63,54.1,74.2
417,L47596,L,297.4,308.5,1495,37.8,211,0,0,0,0,0,0,Low,8.6,803,7,221,2.65,5.49,6.4,56.6,66.3
418,L47597,L,297.4,308.4,1394,50.1,213,0,0,0,0,0,0,Low,11.5,796,24,91,2.44,5.63,7.84,65.5,75.2
419,L47598,L,297.4,308.4,2151,17.7,0,0,0,0,0,0,0,Low,1.0,5,1,123,2.26,5.24,4.03,62.8,83.3
420,M15279,M,297.3,308.3,1501,38.2,2,0,0,0,0,0,0,Medium,4.4,52,9,259,1.25,6.42,6.28,47.6,59.9
421,M15280,M,297.3,308.3,1301,39.6,5,0,0,0,0,0,0,Medium,2.4,41,2,513,2.09,5.21,4.99,48.0,75.9
422,M15281,M,297.3,308.3,1657,31.1,8,0,0,0,0,0,0,Medium,1.3,36,3,275,2.72,4.71,5.44,51.1,78.5
423,L47602,L,297.3,308.3,1333,55.2,11,0,0,0,0,0,0,Low,1.3,39,0,30,2.5,5.6,7.03,71.0,52.3
424,L47603,L,297.3,308.3,1484,43.9,13,0,0,0,0,0,0,Low,4.6,125,6,1,1.49,6.88,6.86,48.8,64.1
425,L47604,L,297.3,308.4,1430,45.7,15,0,0,0,0,0,0,Low,4.5,71,4,114,1.02,5.48,6.57,46.4,82.3
426,M15285,M,297.3,308.4,1665,28.9,17,0,0,0,0,0,0,Medium,1.8,72,0,204,2.1,5.82,5.27,46.4,91.0
427,L47606,L,297.4,308.5,1501,44.9,20,0,0,0,0,0,0,Low,2.7,67,2,219,2.07,5.33,7.09,55.6,73.7
428,M15287,M,297.5,308.5,1496,42.2,22,0,0,0,0,0,0,Medium,4.0,78,3,522,0.69,5.12,6.49,59.9,65.1
429,M15288,M,297.6,308.6,1595,36.9,25,0,0,0,0,0,0,Medium,3.4,201,1,24,1.55,5.44,6.05,95.0,72.8
430,L47609,L,297.5,308.6,1208,62.3,28,0,0,0,0,0,0,Low,10.2,163,9,21,2.95,6.37,7.02,37.8,84.0
431,L47610,L,297.5,308.6,1596,37.1,30,0,0,0,0,0,0,Low,5.5,231,5,207,1.44,4.9,6.47,38.4,61.3
432,L47611,L,297.5,308.5,1446,41.9,32,0,0,0,0,0,0,Low,3.7,150,3,500,1.53,6.94,6.78,78.4,71.8
433,M15292,M,297.6,308.5,1466,39.7,34,0,0,0,0,0,0,Medium,7.1,210,10,741,2.06,4.96,6.33,22.0,56.0
434,M15293,M,297.6,308.5,1848,23.7,37,0,0,0,0,0,0,Medium,6.2,291,5,308,2.09,5.43,4.47,69.7,50.3
435,M15294,M,297.5,308.5,1484,44.7,40,0,0,0,0,0,0,Medium,4.3,121,5,56,0.27,5.32,6.64,44.1,64.9
436,L47615,L,297.4,308.3,1493,41.2,43,0,0,0,0,0,0,Low,5.7,246,14,80,2.19,5.64,5.9,52.9,68.5
437,L47616,L,297.3,308.3,1504,36.3,45,0,0,0,0,0,0,Low,6.6,251,4,148,1.78,6.93,5.61,52.8,60.7
438,L47617,L,297.3,308.3,1538,38.5,47,0,0,0,0,0,0,Low,4.1,307,6,182,0.62,5.76,5.48,77.2,93.5
439,L47618,L,297.4,308.4,1341,52.2,49,0,0,0,0,0,0,Low,2.7,280,6,399,2.56,5.74,6.55,49.8,63.1
440,M15299,M,297.4,308.3,1535,34.6,51,0,0,0,0,0,0,Medium,7.6,230,4,501,1.04,6.33,5.83,67.2,51.5
441,L47620,L,297.4,308.5,1389,39.2,54,0,0,0,0,0,0,Low,5.4,313,10,435,2.03,5.41,6.16,48.2,80.2
442,H29855,H,297.5,308.5,1393,46.6,56,0,0,0,0,0,0,High,4.4,314,4,243,0.92,6.05,6.59,43.3,56.8
443,L47622,L,297.4,308.5,1399,61.5,61,1,0,0,1,0,0,Low,3.4,250,6,906,2.83,6.93,9.22,45.5,38.8
444,H29857,H,297.4,308.5,1469,45.1,63,0,0,0,0,0,0,High,2.8,206,5,270,1.8,6.42,6.77,48.1,87.5
445,L47624,L,297.4,308.4,1582,37.2,68,0,0,0,0,0,0,Low,6.1,370,11,100,1.03,6.17,6.53,35.3,66.1
446,L47625,L,297.5,308.6,1793,26.7,70,0,0,0,0,0,0,Low,7.2,552,7,92,2.0,6.1,5.07,50.7,83.6
447,L47626,L,297.5,308.6,1452,39.0,72,0,0,0,0,0,0,Low,7.8,285,3,418,2.43,5.64,6.11,74.9,86.4
448,M15307,M,297.6,308.7,1376,59.9,74,0,0,0,0,0,0,Medium,7.3,405,7,556,3.56,5.27,7.85,66.2,44.4
449,L47628,L,297.5,308.6,1552,44.9,77,0,0,0,0,0,0,Low,7.1,325,9,242,1.55,6.41,7.26,54.4,60.0
450,L47629,L,297.6,308.7,1622,37.9,79,0,0,0,0,0,0,Low,8.6,402,7,238,2.31,5.93,6.27,60.9,69.4
451,M15310,M,297.6,308.7,1419,41.7,81,0,0,0,0,0,0,Medium,6.8,440,8,479,0.56,6.4,6.62,49.6,79.8
452,H29865,H,297.5,308.6,1440,46.1,84,0,0,0,0,0,0,High,10.4,385,19,105,2.51,6.98,6.76,56.2,80.3
453,M15312,M,297.4,308.6,1643,31.0,89,0,0,0,0,0,0,Medium,4.0,294,3,211,2.34,6.8,5.27,60.6,73.8
454,L47633,L,297.4,308.7,1510,36.2,92,0,0,0,0,0,0,Low,7.5,282,11,166,2.52,5.98,5.19,34.8,78.2
455,L47634,L,297.4,308.7,1468,46.6,94,0,0,0,0,0,0,Low,4.4,480,6,181,1.42,6.14,7.22,62.2,63.2
456,L47635,L,297.4,308.7,1429,57.4,96,0,0,0,0,0,0,Low,4.4,473,7,150,1.96,5.44,8.63,61.9,79.8
457,H29870,H,297.3,308.7,1478,47.6,98,0,0,0,0,0,0,High,4.4,417,3,18,2.49,5.61,7.26,45.1,72.6
458,L47637,L,297.4,308.6,1276,53.6,103,0,0,0,0,0,0,Low,8.1,676,11,715,2.29,5.78,7.62,47.3,68.3
459,L47638,L,297.3,308.6,1486,42.6,105,0,0,0,0,0,0,Low,4.8,534,5,14,1.54,6.23,6.64,69.6,67.9
460,L47639,L,297.4,308.6,1476,42.3,107,0,0,0,0,0,0,Low,7.4,600,4,113,2.01,5.82,6.33,72.1,73.0
461,H29874,H,297.3,308.6,1431,42.0,109,0,0,0,0,0,0,High,6.4,542,5,76,1.92,6.11,6.04,49.2,63.5
462,L47641,L,297.4,308.7,1402,40.2,114,0,0,0,0,0,0,Low,15.4,726,15,288,1.53,5.8,6.12,64.4,71.9
463,L47642,L,297.4,308.7,1433,43.4,116,0,0,0,0,0,0,Low,8.5,934,13,177,2.16,5.55,5.98,77.5,68.2
464,L47643,L,297.4,308.7,2874,4.2,118,1,0,0,1,0,0,Low,11.7,1054,20,715,3.99,6.21,1.22,58.1,55.2
465,L47644,L,297.3,308.6,1511,35.7,120,0,0,0,0,0,0,Low,11.4,900,15,13,1.52,6.14,5.61,36.1,75.5
466,M15325,M,297.3,308.6,1456,42.9,122,0,0,0,0,0,0,Medium,12.9,728,14,90,0.69,5.59,6.41,48.0,51.7
467,L47646,L,297.2,308.5,1550,41.5,125,0,0,0,0,0,0,Low,10.4,725,12,135,1.34,6.22,6.71,33.0,84.9
468,L47647,L,297.2,308.5,2182,16.5,127,0,0,0,0,0,0,Low,9.2,419,7,63,2.77,5.61,3.98,73.8,60.5
469,L47648,L,297.3,308.7,1619,31.6,129,0,0,0,0,0,0,Low,7.5,512,4,507,0.82,6.49,5.29,85.7,57.6
470,M15329,M,297.3,308.8,1586,32.7,131,0,0,0,0,0,0,Medium,8.6,870,8,609,0.87,6.9,5.16,60.9,54.4
471,H29884,H,297.3,308.8,1499,44.2,134,0,0,0,0,0,0,High,6.1,654,7,111,0.82,5.71,7.47,41.8,50.4
472,H29885,H,297.3,308.8,1419,42.4,139,0,0,0,0,0,0,High,11.5,823,17,51,1.62,6.17,6.21,68.5,84.4
473,M15332,M,297.4,309.0,1497,41.8,144,0,0,0,0,0,0,Medium,8.9,843,9,115,1.66,6.31,6.69,41.8,73.4
474,M15333,M,297.4,309.0,1520,37.0,147,0,0,0,0,0,0,Medium,6.5,746,5,5,0.99,5.9,6.32,83.6,75.6
475,L47654,L,297.4,309.1,1478,49.8,150,0,0,0,0,0,0,Low,7.5,665,10,76,1.59,5.53,7.43,42.8,96.5
476,L47655,L,297.4,309.1,1380,41.1,152,0,0,0,0,0,0,Low,9.8,863,9,409,2.54,6.06,6.47,57.6,59.3
477,L47656,L,297.4,309.0,1570,37.9,154,0,0,0,0,0,0,Low,11.2,588,6,35,2.32,6.38,6.79,68.5,53.1
478,H29891,H,297.4,309.0,1468,41.4,156,0,0,0,0,0,0,High,11.6,1134,17,45,2.22,5.1,6.13,57.5,79.7
479,L47658,L,297.4,309.0,1833,22.6,161,0,0,0,0,0,0,Low,9.5,832,21,252,1.71,5.76,4.21,28.3,77.4
480,M15339,M,297.4,308.9,1323,57.3,163,0,0,0,0,0,0,Medium,6.5,472,10,165,3.04,6.67,8.23,62.1,44.3
481,L47660,L,297.4,309.0,1583,32.0,166,0,0,0,0,0,0,Low,12.0,833,13,523,1.91,6.53,5.69,42.8,45.3
482,M15341,M,297.3,309.0,1556,39.5,168,0,0,0,0,0,0,Medium,6.6,626,8,55,1.27,5.2,6.7,58.6,80.9
483,L47662,L,297.3,309.0,1548,37.4,171,0,0,0,0,0,0,Low,10.8,877,22,33,1.43,5.05,6.05,36.5,72.4
484,L47663,L,297.4,309.0,1324,56.9,173,0,0,0,0,0,0,Low,8.1,768,10,690,3.5,6.72,8.1,58.4,71.1
485,L47664,L,297.4,309.0,1568,33.7,175,0,0,0,0,0,0,Low,13.8,910,25,449,1.25,4.84,5.73,64.5,66.9
486,M15345,M,297.4,309.0,1685,30.7,177,0,0,0,0,0,0,Medium,15.7,1015,17,224,4.05,5.5,5.5,70.8,73.9
487,M15346,M,297.4,309.1,1582,35.9,180,0,0,0,0,0,0,Medium,12.5,1154,20,426,1.23,6.48,5.81,67.7,71.9
488,M15347,M,297.4,309.1,1463,35.0,183,0,0,0,0,0,0,Medium,10.8,893,10,443,2.93,6.75,5.58,77.6,67.2
489,L47668,L,297.4,309.2,1584,42.8,186,0,0,0,0,0,0,Low,12.6,1246,10,305,2.68,5.38,7.01,64.6,65.4
490,M15349,M,297.5,309.2,1347,55.8,188,0,0,0,0,0,0,Medium,7.3,828,5,1147,3.51,6.22,7.13,51.0,43.6
491,L47670,L,297.4,309.2,1459,37.9,191,0,0,0,0,0,0,Low,9.1,777,7,19,2.8,6.68,5.4,57.1,86.3
492,L47671,L,297.4,309.2,1420,45.6,193,0,0,0,0,0,0,Low,10.2,928,10,72,3.24,5.79,7.22,66.2,96.8
493,L47672,L,297.5,309.3,1404,43.5,195,0,0,0,0,0,0,Low,10.9,1074,14,160,2.5,5.72,6.05,31.2,82.4
494,L47673,L,297.5,309.3,1470,38.8,197,0,0,0,0,0,0,Low,9.8,921,15,662,2.71,7.0,6.01,25.2,52.8
495,L47674,L,297.6,309.4,1326,49.8,199,0,0,0,0,0,0,Low,13.1,1146,19,49,3.12,5.94,7.36,59.7,61.4
496,H29909,H,297.5,309.3,1459,49.7,201,0,0,0,0,0,0,High,10.2,825,7,16,3.28,4.64,7.66,87.1,58.0
497,M15356,M,297.5,309.2,1530,40.0,206,0,0,0,0,0,0,Medium,16.4,1706,22,135,2.79,6.08,7.15,71.7,70.7
498,L47677,L,297.4,309.0,1505,39.2,209,0,0,0,0,0,0,Low,16.5,1192,16,253,3.35,6.32,6.15,50.6,71.0
499,L47678,L,297.5,309.1,1611,30.2,211,0,0,0,0,0,0,Low,16.0,1880,21,27,2.15,6.6,4.89,70.1,69.0
500,L47679,L,297.5,309.1,1515,35.1,213,0,0,0,0,0,0,Low,14.7,1583,17,384,3.17,6.4,5.17,50.9,79.2
501,M15360,M,297.5,309.2,1804,27.4,215,0,0,0,0,0,0,Medium,11.4,817,12,178,2.98,6.19,4.7,43.1,69.1
502,M15361,M,297.6,309.3,1464,46.2,218,0,0,0,0,0,0,Medium,8.1,911,15,212,3.07,5.52,7.63,35.7,70.2
503,L47682,L,297.6,309.2,1390,43.3,221,0,0,0,0,0,0,Low,11.8,1376,12,12,4.28,6.95,5.95,53.2,63.8
504,M15363,M,297.6,309.2,1442,48.1,0,0,0,0,0,0,0,Medium,1.5,5,1,509,2.59,5.95,6.68,43.3,73.7
505,M15364,M,297.6,309.3,1529,41.9,3,0,0,0,0,0,0,Medium,2.9,50,3,32,0.55,6.5,6.59,68.1,69.6
506,L47685,L,297.6,309.3,1610,35.0,6,0,0,0,0,0,0,Low,2.2,54,1,239,1.43,6.5,5.73,31.9,39.7
507,L47686,L,297.6,309.3,1543,34.3,8,0,0,0,0,0,0,Low,3.2,28,2,147,1.13,6.34,5.36,65.1,84.2
508,H29921,H,297.8,309.4,1445,48.2,10,0,0,0,0,0,0,High,1.0,75,2,63,2.2,5.8,7.77,42.4,58.1
509,L47688,L,297.7,309.3,1893,24.6,15,0,0,0,0,0,0,Low,2.4,123,3,707,2.85,6.79,4.93,57.9,45.6
510,M15369,M,297.6,309.3,1415,41.3,17,0,0,0,0,0,0,Medium,5.0,100,8,473,0.9,6.07,6.39,45.2,48.3
511,L47690,L,297.5,309.3,1564,37.5,20,0,0,0,0,0,0,Low,4.7,142,3,213,1.46,6.16,6.85,69.6,76.1
512,L47691,L,297.5,309.3,1479,39.4,22,0,0,0,0,0,0,Low,2.7,137,9,475,1.58,6.48,5.86,51.2,51.9
513,L47692,L,297.5,309.2,1426,44.8,24,0,0,0,0,0,0,Low,4.0,136,3,1078,1.28,5.97,6.77,66.6,56.0
514,L47693,L,297.4,309.2,1428,38.8,26,0,0,0,0,0,0,Low,3.4,119,2,270,1.57,6.63,5.4,59.0,67.1
515,L47694,L,297.4,309.2,1620,33.2,28,0,0,0,0,0,0,Low,3.2,82,5,719,2.16,6.18,6.07,69.4,63.8
516,L47695,L,297.5,309.2,1715,28.0,30,0,0,0,0,0,0,Low,4.0,94,5,157,2.15,5.72,4.98,47.6,89.8
517,L47696,L,297.5,309.3,1732,29.9,32,0,0,0,0,0,0,Low,8.7,144,9,924,1.56,6.29,4.59,76.6,71.7
518,M15377,M,297.5,309.4,1391,58.2,34,0,0,0,0,0,0,Medium,9.4,220,12,1,3.24,5.48,7.91,47.3,74.4
519,L47698,L,297.6,309.5,1924,20.6,37,0,0,0,0,0,0,Low,1.6,126,0,185,0.85,6.02,4.46,56.6,97.7
520,M15379,M,297.7,309.5,2027,19.8,39,0,0,0,0,0,0,Medium,3.4,163,6,306,1.06,5.79,3.82,53.8,65.1
521,L47700,L,297.6,309.5,1617,36.2,42,0,0,0,0,0,0,Low,3.3,286,7,288,1.41,6.42,6.1,66.3,54.9
522,L47701,L,297.5,309.4,1497,35.8,44,0,0,0,0,0,0,Low,6.1,323,4,296,1.7,6.44,5.75,77.1,52.9
523,M15382,M,297.5,309.5,1448,43.7,46,0,0,0,0,0,0,Medium,3.7,183,1,946,0.95,5.66,6.81,54.3,62.4
524,L47703,L,297.4,309.4,1401,45.9,49,0,0,0,0,0,0,Low,7.3,244,7,456,3.15,5.54,7.6,69.6,51.3
525,L47704,L,297.4,309.4,1620,35.4,51,0,0,0,0,0,0,Low,4.2,200,7,105,1.79,6.81,5.98,38.8,77.7
526,L47705,L,297.4,309.4,1466,45.5,53,0,0,0,0,0,0,Low,9.5,328,10,120,1.58,7.01,6.65,59.3,81.9
527,L47706,L,297.6,309.5,1373,50.6,55,0,0,0,0,0,0,Low,9.4,188,9,27,2.53,7.6,6.96,79.5,77.0
528,M15387,M,297.6,309.6,1592,35.8,57,0,0,0,0,0,0,Medium,8.8,254,12,137,0.72,5.75,6.32,56.3,72.8
529,M15388,M,297.5,309.5,1553,42.4,60,0,0,0,0,0,0,Medium,2.7,299,2,222,2.47,5.66,6.05,60.8,71.5
530,L47709,L,297.6,309.5,1569,36.2,63,0,0,0,0,0,0,Low,4.8,199,3,30,0.89,5.37,6.02,71.8,69.4
531,M15390,M,297.6,309.5,1709,32.2,65,0,0,0,0,0,0,Medium,5.3,403,7,134,1.07,5.86,6.24,47.2,85.9
532,L47711,L,297.6,309.5,1549,34.9,68,0,0,0,0,0,0,Low,5.9,443,6,161,1.65,5.07,5.69,86.5,78.5
533,L47712,L,297.5,309.4,1443,45.4,70,0,0,0,0,0,0,Low,8.4,455,9,15,1.34,5.76,7.31,51.4,63.3
534,L47713,L,297.5,309.3,1675,29.8,72,0,0,0,0,0,0,Low,4.4,285,9,124,2.24,6.03,4.67,60.6,44.6
535,L47714,L,297.5,309.3,1623,33.4,74,0,0,0,0,0,0,Low,7.5,579,8,175,1.46,4.97,6.04,30.8,91.0
536,H29949,H,297.4,309.3,1365,52.4,76,0,0,0,0,0,0,High,5.9,377,8,421,2.55,6.13,7.57,71.7,77.4
537,L47716,L,297.4,309.3,1759,24.8,81,0,0,0,0,0,0,Low,4.2,466,4,798,2.29,6.58,4.44,59.5,70.6
538,H29951,H,297.4,309.3,1516,43.0,83,0,0,0,0,0,0,High,4.5,324,5,163,1.79,6.23,6.65,53.1,56.2
539,M15398,M,297.4,309.3,1499,36.8,88,0,0,0,0,0,0,Medium,12.4,833,12,246,1.51,6.47,6.28,40.4,57.9
540,M15399,M,297.4,309.3,1775,25.8,91,0,0,0,0,0,0,Medium,5.0,566,7,50,1.7,5.46,4.6,84.7,81.8
541,L47720,L,297.4,309.4,1473,45.5,94,0,0,0,0,0,0,Low,10.2,760,11,285,1.55,5.08,6.74,63.1,65.7
542,L47721,L,297.4,309.4,1296,52.3,96,0,0,0,0,0,0,Low,6.1,589,12,230,2.04,6.7,7.67,80.9,68.5
543,L47722,L,297.5,309.4,1803,24.7,98,0,0,0,0,0,0,Low,5.9,482,6,254,2.48,6.12,4.73,59.5,85.6
544,H29957,H,297.5,309.3,1563,36.1,100,0,0,0,0,0,0,High,9.1,563,7,628,1.7,5.89,6.06,59.9,63.5
545,M15404,M,297.5,309.4,1831,26.6,105,0,0,0,0,0,0,Medium,5.8,583,4,77,1.65,5.92,4.84,59.4,76.1
546,L47725,L,297.6,309.4,1958,22.1,108,0,0,0,0,0,0,Low,6.8,566,12,133,2.68,5.29,4.29,46.1,83.8
547,L47726,L,297.5,309.4,1809,24.3,110,0,0,0,0,0,0,Low,5.3,576,6,50,1.71,6.13,5.01,48.2,62.4
548,M15407,M,297.5,309.4,1482,39.3,112,0,0,0,0,0,0,Medium,9.9,777,10,1411,2.37,6.17,6.2,56.4,50.1
549,L47728,L,297.4,309.3,1332,53.2,115,0,0,0,0,0,0,Low,5.3,481,6,6,2.38,6.21,7.41,82.2,98.3
550,L47729,L,297.4,309.2,1437,40.4,117,0,0,0,0,0,0,Low,4.7,489,4,15,2.33,5.73,5.98,21.7,88.7
551,L47730,L,297.4,309.2,1698,29.4,119,0,0,0,0,0,0,Low,7.1,545,8,45,1.81,6.2,5.19,73.9,69.2
552,L47731,L,297.4,309.2,1274,54.3,121,0,0,0,0,0,0,Low,5.2,568,6,27,2.51,6.25,6.96,40.9,76.8
553,M15412,M,297.4,309.3,1622,35.0,123,0,0,0,0,0,0,Medium,6.9,608,5,59,1.67,6.15,6.06,53.7,65.1
554,M15413,M,297.4,309.3,1564,36.0,126,0,0,0,0,0,0,Medium,4.7,418,7,187,1.25,5.96,5.7,47.4,69.6
555,H29968,H,297.5,309.4,1368,45.3,129,0,0,0,0,0,0,High,8.7,686,12,78,2.09,5.97,6.35,65.1,67.1
556,M15415,M,297.4,309.4,1539,42.2,134,0,0,0,0,0,0,Medium,9.2,738,14,109,1.29,5.84,6.96,77.0,71.0
557,L47736,L,297.5,309.4,1357,50.1,137,0,0,0,0,0,0,Low,8.9,893,13,205,1.66,6.1,7.62,66.0,81.3
558,M15417,M,297.5,309.4,1433,48.3,139,0,0,0,0,0,0,Medium,14.5,933,15,245,0.92,5.15,7.69,42.9,60.5
559,L47738,L,297.5,309.4,1650,34.6,142,0,0,0,0,0,0,Low,13.8,1025,13,183,2.72,6.0,5.78,58.7,85.3
560,L47739,L,297.5,309.4,1503,40.6,144,0,0,0,0,0,0,Low,8.6,908,15,350,1.49,5.87,6.32,68.0,88.9
561,L47740,L,297.5,309.4,1318,58.2,146,0,0,0,0,0,0,Low,17.1,768,14,49,2.31,7.04,7.35,60.5,55.9
562,M15421,M,297.5,309.4,1678,34.4,148,0,0,0,0,0,0,Medium,10.4,742,10,65,1.72,5.33,6.23,66.6,75.6
563,L47742,L,297.6,309.5,1574,30.9,151,0,0,0,0,0,0,Low,9.6,767,12,200,1.7,5.18,5.28,71.6,72.9
564,L47743,L,297.7,309.6,1529,35.2,153,0,0,0,0,0,0,Low,11.7,995,14,318,1.47,5.58,5.63,47.5,76.7
565,H29978,H,297.6,309.6,1669,32.1,155,0,0,0,0,0,0,High,5.8,593,7,6,1.47,6.12,5.96,55.4,76.3
566,H29979,H,297.7,309.7,1570,35.8,160,0,0,0,0,0,0,High,11.6,686,18,325,2.43,5.83,5.7,61.2,67.4
567,M15426,M,297.6,309.7,1541,33.7,165,0,0,0,0,0,0,Medium,7.8,899,8,333,1.71,4.93,5.46,67.2,88.7
568,M15427,M,297.7,309.7,1680,30.2,168,0,0,0,0,0,0,Medium,12.4,1085,14,5,2.95,5.17,5.0,57.4,91.2
569,L47748,L,297.8,309.7,1935,22.1,171,0,0,0,0,0,0,Low,11.6,755,16,265,2.87,6.6,4.44,32.3,66.1
570,M15429,M,297.7,309.6,1596,35.2,173,0,0,0,0,0,0,Medium,8.5,886,10,507,1.06,7.16,5.73,55.9,66.9
571,L47750,L,297.7,309.7,1498,41.0,176,0,0,0,0,0,0,Low,15.8,1357,17,34,2.56,6.33,6.62,52.4,81.6
572,M15431,M,297.8,309.8,1676,29.0,178,0,0,0,0,0,0,Medium,10.5,935,16,109,2.51,5.85,4.99,46.1,57.7
573,L47752,L,297.8,309.9,1351,49.0,181,0,0,0,0,0,0,Low,12.0,883,12,35,2.67,6.16,7.34,40.7,84.1
574,L47753,L,297.9,309.9,1472,45.0,183,0,0,0,0,0,0,Low,15.3,1210,18,50,2.86,5.55,6.34,38.8,55.9
575,M15434,M,297.9,310.0,1439,41.7,185,0,0,0,0,0,0,Medium,14.5,892,13,6,1.83,6.78,6.45,48.4,85.6
576,M15435,M,297.9,309.9,1410,55.4,188,0,0,0,0,0,0,Medium,17.8,1412,20,115,3.8,7.0,7.04,45.6,67.8
577,H29990,H,297.7,309.7,1440,51.1,191,0,0,0,0,0,0,High,6.7,752,6,301,2.64,5.6,7.65,50.8,56.6
578,L47757,L,297.7,309.7,1591,37.7,196,0,0,0,0,0,0,Low,7.5,768,15,39,3.63,6.28,6.64,50.5,77.8
579,L47758,L,297.8,309.8,1533,36.8,198,0,0,0,0,0,0,Low,12.9,1106,7,504,1.86,5.71,5.87,37.7,67.2
580,M15439,M,297.8,309.7,1700,31.3,200,0,0,0,0,0,0,Medium,13.3,964,17,210,2.25,6.3,5.9,21.5,48.6
581,M15440,M,297.8,309.8,1798,25.5,203,0,0,0,0,0,0,Medium,17.3,1966,15,125,3.18,5.75,4.56,74.6,50.5
582,L47761,L,297.8,309.7,1394,42.9,206,0,0,0,0,0,0,Low,16.4,1467,19,200,2.91,5.56,6.31,59.6,68.8
583,L47762,L,297.8,309.7,1341,49.2,208,0,0,0,0,0,0,Low,16.1,1164,20,82,2.98,6.18,6.62,44.5,50.8
584,H29997,H,297.7,309.6,1697,32.2,210,0,0,0,0,0,0,High,17.4,1483,24,73,3.11,5.14,6.14,55.1,67.3
585,H29998,H,297.6,309.6,1419,48.2,215,0,0,0,0,0,0,High,12.3,979,13,102,3.64,6.02,6.85,78.7,82.9
586,L47765,L,297.6,309.5,2001,20.5,220,0,0,0,0,0,0,Low,8.4,720,16,324,3.48,5.78,4.08,76.1,73.9
587,L47766,L,297.6,309.6,1501,49.8,222,1,0,0,0,1,0,Low,15.2,1547,18,38,2.63,6.41,8.31,30.8,67.7
588,H30001,H,297.6,309.5,1623,33.1,224,0,0,0,0,0,0,High,21.5,1428,26,77,3.94,6.1,5.26,52.5,68.5
589,L47768,L,297.6,309.4,1628,33.4,229,0,0,0,0,0,0,Low,11.1,1128,13,35,3.89,5.99,5.45,59.3,79.9
590,L47769,L,297.6,309.4,1491,40.2,231,0,0,0,0,0,0,Low,7.9,814,9,526,3.62,6.54,6.44,76.0,56.8
591,L47770,L,297.5,309.4,1517,36.7,233,0,0,0,0,0,0,Low,14.2,1620,19,86,2.34,6.46,5.89,39.5,52.1
592,H30005,H,297.5,309.3,1525,41.7,235,0,0,0,0,0,0,High,13.7,1175,15,360,2.6,6.52,6.42,54.4,59.8
593,H30006,H,297.5,309.5,1668,27.9,240,0,0,0,0,0,0,High,10.5,833,17,781,3.73,5.33,4.84,41.6,64.4
594,L47773,L,297.5,309.6,1312,50.7,0,0,0,0,0,0,0,Low,2.7,14,0,763,3.01,6.44,7.58,49.5,43.2
595,H30008,H,297.6,309.6,1278,50.4,2,0,0,0,0,0,0,High,3.6,5,6,404,2.81,6.96,6.39,56.0,78.6
596,M15455,M,297.6,309.6,1330,53.1,7,0,0,0,0,0,0,Medium,4.8,21,7,98,1.96,5.06,7.39,42.3,64.3
597,M15456,M,297.6,309.6,1530,37.3,10,0,0,0,0,0,0,Medium,2.7,67,1,356,1.05,5.24,5.88,49.1,92.1
598,H30011,H,297.6,309.6,1428,46.6,13,0,0,0,0,0,0,High,4.2,52,4,451,1.09,7.12,7.31,56.4,60.6
599,L47778,L,297.7,309.6,1480,47.9,18,0,0,0,0,0,0,Low,2.8,100,3,11,1.62,6.28,6.96,68.3,89.8
600,H30013,H,297.7,309.7,1616,31.1,20,0,0,0,0,0,0,High,5.3,179,7,289,3.34,5.6,5.08,43.0,69.4
601,L47780,L,297.8,309.7,1547,37.3,25,0,0,0,0,0,0,Low,7.6,143,6,54,0.95,5.24,5.93,60.6,56.1
602,L47781,L,297.9,309.7,2194,16.8,27,0,0,0,0,0,0,Low,6.1,136,9,131,2.61,5.51,3.72,53.4,75.0
603,L47782,L,297.9,309.8,2000,21.3,29,0,0,0,0,0,0,Low,8.9,117,10,86,1.82,4.68,4.55,66.5,56.8
604,L47783,L,297.9,309.8,1336,71.6,31,1,0,0,1,0,0,Low,3.2,182,5,271,3.15,6.32,10.35,31.0,51.2
605,L47784,L,297.9,309.9,1542,33.8,33,0,0,0,0,0,0,Low,3.0,201,3,253,0.47,6.51,5.56,40.4,79.4
606,M15465,M,297.9,309.8,1693,29.9,35,0,0,0,0,0,0,Medium,5.0,183,3,318,1.11,6.78,4.82,44.1,73.0
607,L47786,L,297.9,309.8,1461,50.5,38,0,0,0,0,0,0,Low,3.3,190,7,142,1.33,4.94,7.59,35.2,64.0
608,M15467,M,298.0,309.9,1565,33.9,40,0,0,0,0,0,0,Medium,5.8,223,6,131,0.87,6.31,5.48,56.8,70.7
609,L47788,L,298.0,309.9,1403,47.7,43,0,0,0,0,0,0,Low,6.0,356,6,750,1.26,6.08,6.6,54.4,56.0
610,L47789,L,298.1,309.9,1629,32.5,45,0,0,0,0,0,0,Low,2.8,204,4,3,1.71,6.42,5.29,60.0,67.3
611,L47790,L,298.1,310.0,1534,33.7,47,0,0,0,0,0,0,Low,6.2,314,9,75,2.38,4.52,5.88,57.0,66.3
612,L47791,L,298.1,310.0,1553,40.9,49,0,0,0,0,0,0,Low,2.9,200,3,3,1.44,5.98,6.91,84.2,73.0
613,L47792,L,298.1,309.9,1563,32.8,51,0,0,0,0,0,0,Low,10.2,417,15,281,1.12,5.32,5.03,65.8,65.9
614,L47793,L,298.1,309.9,1634,30.0,53,0,0,0,0,0,0,Low,4.2,241,1,509,2.0,5.31,5.29,63.4,61.3
615,M15474,M,298.0,309.9,1445,45.2,55,0,0,0,0,0,0,Medium,4.4,367,3,26,2.26,7.11,7.03,52.4,77.0
616,L47795,L,298.1,309.9,1642,30.4,58,0,0,0,0,0,0,Low,6.7,438,7,40,1.01,6.96,5.01,79.7,88.3
617,H30030,H,298.1,309.9,1686,29.1,60,0,0,0,0,0,0,High,5.3,233,5,82,1.3,6.07,5.26,50.8,89.2
618,M15477,M,298.1,310.0,1393,43.1,65,0,0,0,0,0,0,Medium,4.1,299,8,53,1.11,4.8,6.13,63.8,82.7
619,H30032,H,298.2,310.0,1433,44.2,68,0,0,0,0,0,0,High,5.4,456,6,564,1.43,5.61,6.02,50.3,70.4
620,L47799,L,298.3,310.0,1507,44.7,73,0,0,0,0,0,0,Low,2.8,275,1,300,1.52,7.11,6.89,58.6,63.2
621,M15480,M,298.3,310.1,1389,49.6,75,0,0,0,0,0,0,Medium,8.3,426,14,70,1.96,5.92,6.81,62.6,61.9
622,L47801,L,298.3,310.1,1408,45.3,78,0,0,0,0,0,0,Low,10.0,404,13,415,1.45,5.32,6.47,68.7,64.8
623,M15482,M,298.4,310.2,1725,32.0,80,0,0,0,0,0,0,Medium,8.8,421,9,29,2.19,6.05,5.92,39.2,77.4
624,L47803,L,298.4,310.1,1926,23.7,83,0,0,0,0,0,0,Low,5.8,533,10,156,1.99,5.88,4.9,57.3,64.7
625,H30038,H,298.3,310.1,1509,37.6,85,0,0,0,0,0,0,High,6.6,361,4,51,0.55,5.33,6.05,40.6,55.3
626,L47805,L,298.3,310.1,1545,36.3,90,0,0,0,0,0,0,Low,8.0,582,11,464,1.9,5.59,5.96,49.8,80.0
627,L47806,L,298.4,310.1,1533,35.2,92,0,0,0,0,0,0,Low,5.3,561,8,232,1.03,5.15,5.35,56.5,68.5
628,L47807,L,298.4,310.1,1455,42.2,94,0,0,0,0,0,0,Low,4.5,348,6,463,1.23,7.47,6.17,59.3,79.1
629,M15488,M,298.4,310.1,1335,57.8,96,0,0,0,0,0,0,Medium,8.6,626,12,303,2.75,5.57,8.55,54.4,67.3
630,L47809,L,298.3,310.1,1523,45.9,99,0,0,0,0,0,0,Low,8.4,979,11,330,1.96,5.72,7.97,40.7,80.1
631,L47810,L,298.3,310.0,1460,47.6,101,0,0,0,0,0,0,Low,4.0,367,2,836,1.45,5.82,7.27,66.7,63.7
632,L47811,L,298.4,310.0,1554,37.3,103,0,0,0,0,0,0,Low,6.5,250,12,534,2.28,6.41,6.16,30.4,77.4
633,H30046,H,298.3,310.0,1419,47.1,105,0,0,0,0,0,0,High,6.3,606,7,3,2.4,4.86,7.74,59.7,83.3
634,L47813,L,298.3,310.0,1442,43.9,110,0,0,0,0,0,0,Low,9.1,1018,13,499,0.8,5.97,6.49,56.8,63.2
635,L47814,L,298.3,309.9,1507,41.6,112,0,0,0,0,0,0,Low,10.4,637,13,354,0.2,6.09,6.62,55.9,67.9
636,L47815,L,298.3,310.0,1858,23.9,114,0,0,0,0,0,0,Low,6.5,626,7,442,2.05,6.2,4.5,75.2,86.8
637,L47816,L,298.3,309.9,1463,43.9,116,0,0,0,0,0,0,Low,9.6,615,8,6,1.48,6.11,6.01,58.2,71.5
638,L47817,L,298.2,309.7,1585,37.4,118,0,0,0,0,0,0,Low,15.0,865,20,162,2.14,5.36,6.02,81.6,77.1
639,L47818,L,298.0,309.6,1536,37.3,120,0,0,0,0,0,0,Low,5.7,568,12,2,2.4,5.92,6.11,77.0,81.2
640,L47819,L,298.0,309.6,1403,51.3,122,0,0,0,0,0,0,Low,7.2,598,3,300,2.9,6.37,6.94,46.2,77.2
641,M15500,M,297.9,309.6,1515,38.8,124,0,0,0,0,0,0,Medium,11.1,954,18,232,2.73,6.03,6.31,55.5,68.0
642,L47821,L,297.9,309.5,1390,47.9,127,0,0,0,0,0,0,Low,10.0,593,11,206,1.15,5.98,6.52,48.5,83.3
643,M15502,M,297.8,309.4,1226,58.7,129,0,0,0,0,0,0,Medium,4.8,385,3,134,3.21,6.93,7.3,74.5,73.0
644,M15503,M,297.8,309.4,1495,36.5,132,0,0,0,0,0,0,Medium,5.7,670,5,61,0.53,6.48,5.66,63.3,53.2
645,H30058,H,297.7,309.4,1608,30.2,135,0,0,0,0,0,0,High,7.4,780,11,30,0.2,5.56,4.85,38.8,75.3
646,L47825,L,297.7,309.4,1392,44.1,140,0,0,0,0,0,0,Low,8.6,798,15,104,0.98,5.84,6.44,68.2,77.2
647,M15506,M,297.7,309.4,1461,43.7,142,0,0,0,0,0,0,Medium,9.8,649,19,253,1.82,6.26,6.65,56.7,66.2
648,L47827,L,297.7,309.3,1559,36.9,145,0,0,0,0,0,0,Low,12.0,1161,12,22,2.06,5.32,6.04,68.5,74.8
649,H30062,H,297.7,309.3,1400,48.9,147,0,0,0,0,0,0,High,10.4,744,10,118,1.85,6.04,7.7,36.0,74.2
650,M15509,M,297.7,309.2,1732,28.8,152,0,0,0,0,0,0,Medium,8.8,840,11,568,2.14,6.21,5.01,53.7,76.9
651,L47830,L,297.6,309.2,1611,33.1,155,0,0,0,0,0,0,Low,6.7,456,7,185,2.15,5.33,5.72,61.3,76.4
652,L47831,L,297.6,309.1,1503,38.9,157,0,0,0,0,0,0,Low,12.0,884,13,14,1.89,6.49,5.89,46.7,94.0
653,L47832,L,297.7,309.2,1391,44.5,159,0,0,0,0,0,0,Low,10.1,542,14,822,1.4,6.51,6.49,62.2,47.5
654,L47833,L,297.8,309.3,2015,20.1,161,0,0,0,0,0,0,Low,18.3,1110,28,537,2.86,4.7,4.44,47.4,56.2
655,L47834,L,297.8,309.2,1683,30.9,163,0,0,0,0,0,0,Low,9.6,762,9,350,3.17,6.25,5.72,58.0,75.8
656,L47835,L,297.7,309.1,1435,38.8,165,0,0,0,0,0,0,Low,7.3,837,5,678,1.91,6.9,5.7,67.3,69.3
657,M15516,M,297.7,309.1,1732,28.1,167,0,0,0,0,0,0,Medium,12.9,1106,19,220,1.62,5.95,5.33,60.4,82.0
658,L47837,L,297.7,309.2,1365,58.6,170,0,0,0,0,0,0,Low,7.9,904,11,414,3.97,5.3,8.5,33.8,62.9
659,L47838,L,297.7,309.1,1562,36.8,172,0,0,0,0,0,0,Low,9.6,681,18,847,2.27,6.35,6.06,76.7,48.3
660,L47839,L,297.6,309.1,1449,49.1,174,0,0,0,0,0,0,Low,11.2,1001,20,165,2.36,5.72,7.55,67.9,68.0
661,M15520,M,297.7,309.2,1700,27.4,176,0,0,0,0,0,0,Medium,17.2,1420,13,351,3.47,6.28,4.87,60.0,40.2
662,M15521,M,297.6,309.0,1427,45.6,179,0,0,0,0,0,0,Medium,9.5,914,13,209,1.92,6.43,6.52,83.1,81.7
663,M15522,M,297.6,308.9,1479,38.1,182,0,0,0,0,0,0,Medium,13.1,1224,12,569,2.46,5.28,5.86,54.3,56.7
664,L47843,L,297.5,308.9,1469,44.0,185,0,0,0,0,0,0,Low,12.0,1000,14,179,1.38,6.15,7.25,66.9,61.2
665,L47844,L,297.5,308.9,1390,47.4,187,0,0,0,0,0,0,Low,8.4,990,17,50,2.18,5.43,6.69,27.2,75.6
666,L47845,L,297.5,308.9,1729,28.1,189,0,0,0,0,0,0,Low,16.3,1524,13,368,1.87,5.18,5.91,77.8,83.6
667,L47846,L,297.5,309.0,1470,43.5,191,0,0,0,0,0,0,Low,13.7,1486,17,408,2.39,6.47,6.44,66.3,74.1
668,L47847,L,297.5,308.9,1459,48.5,193,0,0,0,0,0,0,Low,10.7,889,4,301,3.08,6.09,7.73,78.4,65.6
669,L47848,L,297.5,308.9,1738,24.0,195,0,0,0,0,0,0,Low,10.4,1216,10,439,2.75,4.41,4.05,46.2,73.6
670,H30083,H,297.5,308.9,1471,37.7,197,0,0,0,0,0,0,High,20.7,1996,19,20,2.83,6.38,5.93,87.2,80.0
671,L47850,L,297.6,309.0,1822,25.4,202,0,0,0,0,0,0,Low,11.0,857,12,112,3.09,5.24,4.44,67.0,92.2
672,L47851,L,297.5,308.9,1554,34.8,204,0,0,0,0,0,0,Low,13.4,991,9,126,2.08,5.99,5.92,68.0,85.5
673,M15532,M,297.6,308.9,1433,43.2,206,0,0,0,0,0,0,Medium,11.0,1264,16,709,3.27,5.76,6.49,42.2,57.0
674,L47853,L,297.6,308.9,1449,47.7,209,0,0,0,0,0,0,Low,21.7,1546,23,140,3.36,6.61,7.6,63.1,72.7
675,L47854,L,297.8,309.0,1456,41.2,0,0,0,0,0,0,0,Low,0.8,5,0,206,1.9,6.31,5.9,60.1,73.4
676,M15535,M,297.8,309.1,1424,45.5,2,0,0,0,0,0,0,Medium,3.0,5,6,164,1.3,6.18,6.85,57.3,48.9
677,H30090,H,297.9,309.2,1577,34.7,5,0,0,0,0,0,0,High,2.1,17,1,618,0.66,6.32,5.91,62.2,26.1
678,L47857,L,297.9,309.2,1478,39.7,10,0,0,0,0,0,0,Low,2.8,58,3,23,1.52,5.93,6.33,31.7,76.2
679,M15538,M,297.8,309.2,1295,61.2,12,0,0,0,0,0,0,Medium,8.7,81,12,286,3.02,6.6,7.93,69.9,78.6
680,L47859,L,297.8,309.2,1372,47.3,15,0,0,0,0,0,0,Low,1.6,80,0,20,1.5,6.2,6.85,42.8,100.0
681,M15540,M,297.8,309.1,1432,42.6,17,0,0,0,0,0,0,Medium,7.7,64,6,221,1.13,6.58,6.23,55.0,68.9
682,M15541,M,297.7,309.0,1656,33.2,20,0,0,0,0,0,0,Medium,5.7,140,8,39,1.95,6.84,5.82,51.7,71.2
683,H30096,H,297.8,309.0,1410,48.8,23,0,0,0,0,0,0,High,3.3,89,3,34,0.81,6.69,6.6,55.3,88.8
684,L47863,L,297.7,309.0,1874,24.4,28,0,0,0,0,0,0,Low,4.1,186,5,131,0.94,5.98,5.14,34.7,59.8
685,L47864,L,297.7,309.0,1538,43.2,30,0,0,0,0,0,0,Low,5.2,163,9,298,2.06,6.97,6.75,32.9,91.6
686,M15545,M,297.7,309.0,1636,29.7,32,0,0,0,0,0,0,Medium,3.5,207,5,262,1.8,5.54,5.21,49.7,58.9
687,M15546,M,297.7,309.0,1504,40.4,35,0,0,0,0,0,0,Medium,3.1,115,4,121,1.76,5.96,5.99,30.2,77.8
688,M15547,M,297.7,309.0,1531,42.4,38,0,0,0,0,0,0,Medium,4.0,126,6,522,1.64,6.33,6.23,40.0,65.8
689,H30102,H,297.6,309.0,1735,26.4,41,0,0,0,0,0,0,High,8.4,212,10,56,1.0,5.78,4.96,63.3,58.0
690,H30103,H,297.6,309.0,1354,55.6,46,0,0,0,0,0,0,High,4.4,254,4,44,1.74,6.6,8.14,49.9,69.2
691,H30104,H,297.6,309.0,1413,40.2,51,0,0,0,0,0,0,High,2.7,279,5,59,1.29,6.02,6.2,51.1,62.0
692,L47871,L,297.7,309.1,1563,39.3,56,0,0,0,0,0,0,Low,5.5,298,5,749,1.9,5.0,6.55,77.0,54.3
693,L47872,L,297.7,309.1,1479,42.1,58,0,0,0,0,0,0,Low,4.6,259,4,558,1.21,5.24,6.91,17.6,77.1
694,L47873,L,297.7,309.1,1477,38.3,60,0,0,0,0,0,0,Low,6.4,592,7,193,1.78,6.54,6.03,47.8,48.9
695,L47874,L,297.6,309.1,1394,50.0,62,0,0,0,0,0,0,Low,6.7,401,9,18,1.41,5.46,6.96,57.3,50.3
696,L47875,L,297.6,309.0,1487,45.4,64,0,0,0,0,0,0,Low,5.1,434,9,144,2.56,6.05,7.92,61.3,71.0
697,M15556,M,297.6,309.0,1815,25.3,66,0,0,0,0,0,0,Medium,7.5,634,8,190,2.08,5.66,4.61,34.5,55.8
698,M15557,M,297.6,308.8,1453,39.7,69,0,0,0,0,0,0,Medium,6.8,465,9,172,1.73,6.29,6.3,60.3,80.6
699,L47878,L,297.6,308.8,1539,40.2,72,0,0,0,0,0,0,Low,7.3,495,8,105,1.86,5.97,6.64,48.8,72.6
700,H30113,H,297.5,308.7,1416,39.2,74,0,0,0,0,0,0,High,7.4,456,15,518,0.2,5.47,6.12,75.7,75.5
701,M15560,M,297.6,308.8,1683,31.6,79,0,0,0,0,0,0,Medium,6.4,299,10,224,2.01,5.07,5.54,67.9,48.9
702,L47881,L,297.7,308.8,1515,40.1,82,0,0,0,0,0,0,Low,6.5,435,7,586,1.46,6.5,6.47,51.0,65.6
703,M15562,M,297.7,308.9,1531,48.3,84,0,0,0,0,0,0,Medium,5.1,547,3,209,1.67,5.91,7.5,54.6,100.0
704,H30117,H,297.7,308.9,1479,40.9,87,0,0,0,0,0,0,High,7.3,489,9,155,1.71,5.14,6.52,59.2,80.0
705,L47884,L,297.7,308.9,1516,33.7,92,0,0,0,0,0,0,Low,8.4,401,11,195,1.24,6.11,5.01,57.7,78.6
706,L47885,L,297.7,309.0,1507,38.2,94,0,0,0,0,0,0,Low,5.5,618,7,627,2.29,6.19,6.41,54.2,74.4
707,M15566,M,297.8,309.0,1434,43.3,96,0,0,0,0,0,0,Medium,5.4,581,8,162,2.64,5.8,7.27,51.6,65.5
708,L47887,L,297.7,308.9,1838,27.3,99,0,0,0,0,0,0,Low,4.9,436,8,45,2.13,5.89,5.54,84.4,68.5
709,M15568,M,297.6,308.8,1416,45.9,101,0,0,0,0,0,0,Medium,9.7,576,11,85,2.15,6.65,6.1,68.0,58.5
710,M15569,M,297.6,308.8,1357,49.7,104,0,0,0,0,0,0,Medium,5.1,464,4,126,1.67,6.07,6.87,59.6,74.8
711,M15570,M,297.5,308.7,1697,28.1,107,0,0,0,0,0,0,Medium,9.7,570,12,8,1.14,5.06,5.24,64.1,100.0
712,L47891,L,297.5,308.7,1443,46.2,110,0,0,0,0,0,0,Low,7.0,473,9,212,1.94,6.06,6.59,44.2,78.5
713,L47892,L,297.5,308.7,1453,37.6,112,0,0,0,0,0,0,Low,8.2,789,11,276,0.84,6.58,5.34,51.8,50.7
714,L47893,L,297.4,308.6,1439,46.4,114,0,0,0,0,0,0,Low,19.1,610,22,3,1.3,5.23,7.04,38.2,67.1
715,L47894,L,297.4,308.6,1609,36.2,116,0,0,0,0,0,0,Low,6.3,658,5,211,1.66,6.41,5.95,54.4,79.3
716,L47895,L,297.4,308.6,1324,59.1,118,0,0,0,0,0,0,Low,9.7,846,9,199,2.28,6.03,7.98,39.8,74.4
717,H30130,H,297.4,308.6,1420,45.8,120,0,0,0,0,0,0,High,9.0,947,8,6,1.66,5.12,6.34,50.2,72.6
718,L47897,L,297.4,308.7,1545,36.9,125,0,0,0,0,0,0,Low,8.1,566,12,121,2.23,6.53,6.48,51.4,63.6
719,L47898,L,297.5,308.8,1477,39.0,127,0,0,0,0,0,0,Low,7.0,707,15,940,2.09,5.52,5.74,45.9,42.5
720,L47899,L,297.4,308.8,1447,58.1,129,0,0,0,0,0,0,Low,9.2,886,5,315,2.89,6.07,8.61,67.7,51.8
721,L47900,L,297.4,308.9,1809,23.8,131,0,0,0,0,0,0,Low,7.4,726,10,140,2.12,6.12,4.6,89.9,90.2
722,L47901,L,297.5,308.9,1696,30.9,133,0,0,0,0,0,0,Low,6.7,557,14,83,1.09,6.02,5.43,32.3,76.4
723,L47902,L,297.5,308.9,1427,44.7,135,0,0,0,0,0,0,Low,15.6,1267,17,250,1.51,5.56,6.52,66.8,82.5
724,M15583,M,297.4,308.9,1500,46.3,137,0,0,0,0,0,0,Medium,9.2,1024,12,227,1.43,6.74,7.61,53.7,72.6
725,L47904,L,297.5,308.9,1390,44.6,140,0,0,0,0,0,0,Low,8.8,908,14,205,1.85,5.49,6.61,37.8,73.4
726,L47905,L,297.4,308.8,1640,34.2,142,0,0,0,0,0,0,Low,6.1,508,4,10,2.57,5.75,5.97,43.6,72.9
727,M15586,M,297.4,308.8,1628,37.4,144,0,0,0,0,0,0,Medium,8.1,711,6,105,2.12,6.49,6.24,57.0,68.2
728,H30141,H,297.3,308.6,1499,37.6,147,0,0,0,0,0,0,High,11.6,636,15,173,1.67,5.91,5.51,55.9,56.5
729,M15588,M,297.4,308.7,1425,50.3,152,0,0,0,0,0,0,Medium,9.9,1036,9,22,2.67,5.81,7.94,60.1,66.0
730,L47909,L,297.3,308.6,1586,37.7,155,0,0,0,0,0,0,Low,13.7,1051,19,152,1.97,5.78,6.03,42.7,52.1
731,M15590,M,297.3,308.6,1471,50.7,157,0,0,0,0,0,0,Medium,12.6,686,14,426,2.24,4.91,7.28,27.7,52.5
732,M15591,M,297.3,308.6,1431,53.0,160,0,0,0,0,0,0,Medium,8.5,752,7,74,2.92,6.61,7.8,56.5,73.9
733,L47912,L,297.2,308.6,1924,22.1,163,0,0,0,0,0,0,Low,7.2,745,12,98,2.95,5.18,4.44,70.8,67.6
734,M15593,M,297.1,308.4,1421,42.0,165,0,0,0,0,0,0,Medium,13.8,968,18,925,1.63,5.98,5.81,37.2,55.6
735,H30148,H,297.0,308.4,1305,54.6,168,0,0,0,0,0,0,High,11.9,870,8,330,1.84,4.66,7.29,65.7,82.9
736,L47915,L,296.9,308.4,1557,32.4,173,0,0,0,0,0,0,Low,8.0,851,8,576,2.34,6.0,5.28,57.6,72.0
737,L47916,L,296.9,308.3,1555,38.2,175,0,0,0,0,0,0,Low,14.0,762,15,2,2.06,5.19,5.82,75.5,77.8
738,H30151,H,296.9,308.3,1474,39.2,177,0,0,0,0,0,0,High,7.5,725,15,61,1.94,4.94,6.39,62.1,58.2
739,L47918,L,296.8,308.3,1506,45.9,182,0,0,0,0,0,0,Low,13.9,1403,23,155,2.17,5.4,6.77,82.5,58.4
740,L47919,L,296.9,308.4,1390,41.8,184,0,0,0,0,0,0,Low,18.0,1669,19,155,2.24,4.97,6.28,72.7,63.9
741,M15600,M,296.9,308.4,1450,46.9,186,0,0,0,0,0,0,Medium,13.3,756,10,51,2.61,5.9,7.17,27.5,64.9
742,L47921,L,296.9,308.3,1513,38.8,189,0,0,0,0,0,0,Low,9.3,735,11,315,2.07,5.98,6.93,46.5,44.1
743,L47922,L,296.8,308.2,1643,34.7,191,0,0,0,0,0,0,Low,12.9,1304,17,171,2.15,5.86,5.99,29.1,89.9
744,L47923,L,296.8,308.2,1361,53.8,193,0,0,0,0,0,0,Low,15.4,1634,18,2,2.0,5.6,7.13,74.3,77.8
745,L47924,L,296.7,308.1,1450,40.9,195,0,0,0,0,0,0,Low,10.3,993,10,551,2.49,6.46,5.82,51.5,71.2
746,L47925,L,296.7,308.0,1451,50.7,197,0,0,0,0,0,0,Low,17.4,822,21,3,3.38,5.84,7.58,60.4,70.5
747,L47926,L,296.8,308.1,1289,62.0,199,1,0,0,0,1,0,Low,8.9,641,10,279,3.61,6.72,7.32,28.7,72.9
748,L47927,L,296.8,308.1,1356,48.3,201,0,0,0,0,0,0,Low,10.3,896,8,226,2.02,4.67,6.39,29.9,69.2
749,H30162,H,296.7,308.1,1528,46.3,203,0,0,0,0,0,0,High,14.1,1135,14,202,2.34,6.11,7.64,48.1,83.2
750,L47929,L,296.6,308.0,1978,22.3,208,0,0,0,0,0,0,Low,13.7,1385,23,29,2.8,6.0,5.12,53.1,83.1
751,L47930,L,296.7,308.0,1535,36.8,210,0,0,0,0,0,0,Low,15.9,1094,21,5,2.21,5.45,5.88,42.2,71.7
752,M15611,M,296.8,308.1,1843,24.2,212,0,0,0,0,0,0,Medium,13.4,1156,16,1500,2.83,6.54,4.42,52.2,28.0
753,L47932,L,296.9,308.1,1422,48.7,215,0,0,0,0,0,0,Low,14.2,1457,19,24,2.71,5.95,7.62,57.1,60.0
754,L47933,L,296.8,308.0,1536,40.4,217,0,0,0,0,0,0,Low,7.1,653,10,37,4.23,6.01,6.92,61.0,68.1
755,M15614,M,296.9,308.1,1483,44.3,219,0,0,0,0,0,0,Medium,7.0,779,9,13,2.61,6.18,6.72,50.3,75.9
756,H30169,H,296.8,308.1,1492,43.7,222,0,0,0,0,0,0,High,12.3,865,18,103,1.78,7.05,7.04,67.5,58.6
757,L47936,L,296.8,308.0,1584,40.4,227,0,0,0,0,0,0,Low,13.3,1521,21,259,3.69,5.69,7.14,66.3,66.2
758,L47937,L,296.9,308.1,1555,33.7,229,0,0,0,0,0,0,Low,14.8,1001,20,75,3.14,6.0,5.58,78.2,85.3
759,L47938,L,296.8,308.0,1497,41.7,231,0,0,0,0,0,0,Low,9.7,1012,7,360,3.52,6.65,6.31,79.0,78.1
760,M15619,M,296.7,307.8,1537,36.3,233,0,0,0,0,0,0,Medium,10.5,1100,13,200,3.05,5.83,5.69,49.3,66.6
761,L47940,L,296.7,307.8,1505,39.4,236,0,0,0,0,0,0,Low,16.6,923,22,47,3.89,6.57,5.83,36.9,73.9
762,L47941,L,296.7,307.8,1646,34.6,238,0,0,0,0,0,0,Low,13.7,1072,21,651,3.45,5.9,5.73,50.5,76.3
763,M15622,M,296.7,307.8,1286,60.5,0,0,0,0,0,0,0,Medium,2.9,9,6,130,3.0,6.22,8.4,61.6,89.1
764,L47943,L,296.7,307.8,1400,47.5,3,0,0,0,0,0,0,Low,8.3,5,10,165,2.33,5.86,6.89,51.2,75.4
765,L47944,L,296.8,307.9,1337,56.5,5,0,0,0,0,0,0,Low,2.7,38,3,52,2.0,5.81,7.31,51.7,84.2
766,L47945,L,296.9,308.0,1332,53.9,7,0,0,0,0,0,0,Low,2.1,45,2,262,2.21,5.99,7.65,56.5,80.5
767,L47946,L,296.8,308.0,1561,38.3,9,0,0,0,0,0,0,Low,3.5,55,7,181,2.29,5.44,6.61,48.8,68.6
768,L47947,L,296.9,308.0,1546,31.1,11,0,0,0,0,0,0,Low,6.0,90,8,27,1.87,5.42,4.99,44.5,67.4
769,L47948,L,296.9,308.0,1713,29.3,13,0,0,0,0,0,0,Low,1.7,111,2,426,2.45,5.8,5.23,40.1,76.9
770,L47949,L,296.9,308.0,1343,44.5,15,0,0,0,0,0,0,Low,1.9,61,4,101,3.08,5.97,6.72,69.0,89.3
771,L47950,L,296.8,308.0,1391,54.4,17,0,0,0,0,0,0,Low,1.7,74,0,11,1.82,6.37,8.39,52.7,67.5
772,H30185,H,296.8,308.0,1311,58.6,19,0,0,0,0,0,0,High,1.6,88,1,137,2.13,5.78,8.26,63.0,63.9
773,H30186,H,296.8,308.0,1453,51.0,24,0,0,0,0,0,0,High,3.5,156,4,177,1.02,6.87,8.31,54.8,65.2
774,L47953,L,296.8,308.0,1510,39.4,29,0,0,0,0,0,0,Low,1.8,108,1,48,0.88,5.21,6.6,44.5,52.5
775,L47954,L,296.8,307.9,1448,48.8,31,0,0,0,0,0,0,Low,1.8,167,1,65,1.41,5.45,7.36,48.8,53.3
776,L47955,L,296.7,307.8,1453,46.0,33,0,0,0,0,0,0,Low,2.9,188,4,59,1.9,6.19,7.13,31.8,56.0
777,L47956,L,296.7,307.8,1468,39.2,35,0,0,0,0,0,0,Low,3.2,230,3,100,1.36,6.7,6.06,59.0,70.3
778,L47957,L,296.7,307.8,1382,47.5,37,0,0,0,0,0,0,Low,4.8,143,5,174,1.43,5.53,7.55,81.3,64.8
779,L47958,L,296.7,308.0,1580,32.2,39,0,0,0,0,0,0,Low,6.8,215,8,420,1.51,6.81,5.44,58.6,58.7
780,L47959,L,296.8,308.0,1666,29.8,41,0,0,0,0,0,0,Low,4.0,294,7,15,1.42,6.35,5.29,67.8,71.7
781,M15640,M,296.9,308.0,1409,50.7,43,0,0,0,0,0,0,Medium,3.0,199,4,64,1.76,6.28,8.18,36.7,89.9
782,L47961,L,296.8,308.0,1675,29.7,46,0,0,0,0,0,0,Low,10.7,259,14,230,0.89,6.18,5.25,25.8,73.1
783,L47962,L,296.8,307.9,1698,30.8,48,0,0,0,0,0,0,Low,6.5,197,4,1003,2.64,6.17,5.39,49.3,53.7
784,H30197,H,296.7,307.9,1579,33.4,50,0,0,0,0,0,0,High,4.7,170,5,143,1.48,5.63,4.93,93.1,78.6
785,L47964,L,296.7,307.9,1743,27.9,55,0,0,0,0,0,0,Low,4.6,314,6,442,1.53,5.6,4.98,28.8,56.8
786,M15645,M,296.9,308.0,1497,44.8,57,0,0,0,0,0,0,Medium,6.6,218,13,80,1.49,5.66,7.09,71.7,72.8
787,L47966,L,296.9,308.1,1741,28.8,60,0,0,0,0,0,0,Low,3.5,302,4,204,1.35,5.62,5.51,59.4,60.6
788,L47967,L,296.9,308.1,1435,45.3,62,0,0,0,0,0,0,Low,8.2,389,7,372,2.33,6.36,6.81,63.3,45.0
789,M15648,M,296.9,308.1,1440,46.3,64,0,0,0,0,0,0,Medium,7.3,433,7,68,0.86,6.7,6.68,58.1,70.1
790,M15649,M,296.9,308.0,1641,33.3,67,0,0,0,0,0,0,Medium,7.3,368,11,81,1.78,5.3,5.84,46.3,72.2
791,L47970,L,296.8,307.9,1420,45.4,70,0,0,0,0,0,0,Low,6.7,463,6,207,2.64,5.43,6.16,49.3,64.9
792,L47971,L,296.8,307.9,1611,35.4,72,0,0,0,0,0,0,Low,4.7,475,5,140,1.21,6.73,6.36,66.3,85.5
793,L47972,L,296.8,307.8,1373,42.9,74,0,0,0,0,0,0,Low,3.9,345,1,30,0.27,5.91,6.61,68.3,74.9
794,M15653,M,296.8,307.9,1683,31.8,76,0,0,0,0,0,0,Medium,6.9,364,8,267,1.71,6.3,5.11,32.1,76.5
795,H30208,H,296.9,307.9,1547,32.6,79,0,0,0,0,0,0,High,9.4,696,17,54,1.46,5.66,5.06,56.0,57.9
796,L47975,L,296.9,307.8,1605,37.0,84,0,0,0,0,0,0,Low,5.2,425,4,58,1.58,7.07,6.33,50.2,87.5
797,M15656,M,296.9,307.9,2010,18.9,86,0,0,0,0,0,0,Medium,4.5,343,6,270,1.93,5.92,4.33,36.0,74.8
798,L47977,L,296.8,307.7,1565,40.1,89,0,0,0,0,0,0,Low,8.7,336,12,45,1.75,6.42,6.55,73.6,93.4
799,M15658,M,296.9,307.8,1828,24.6,91,0,0,0,0,0,0,Medium,5.5,345,5,346,2.52,6.43,4.8,49.5,81.6
800,M15659,M,297.0,307.8,1579,34.1,94,0,0,0,0,0,0,Medium,5.6,518,6,458,1.27,4.95,5.71,57.0,43.0
801,M15660,M,297.0,307.9,1882,24.2,97,0,0,0,0,0,0,Medium,11.8,631,18,349,2.23,4.87,4.4,73.0,54.0
802,L47981,L,296.9,307.8,1285,52.1,100,0,0,0,0,0,0,Low,11.8,676,14,186,1.57,5.65,6.89,68.0,58.2
803,L47982,L,296.9,307.8,1571,35.0,102,0,0,0,0,0,0,Low,6.6,480,6,122,2.87,5.95,5.54,74.7,74.3
804,H30217,H,296.9,307.8,1549,37.8,104,0,0,0,0,0,0,High,7.0,484,10,189,2.21,5.94,6.2,38.8,82.9
805,M15664,M,296.9,307.8,1544,37.6,109,0,0,0,0,0,0,Medium,8.2,404,11,153,2.72,6.54,5.87,78.5,68.9
806,M15665,M,297.0,307.9,1412,47.4,112,0,0,0,0,0,0,Medium,7.6,416,10,250,2.3,5.4,7.02,46.4,73.6
807,M15666,M,297.0,307.9,1422,53.0,115,0,0,0,0,0,0,Medium,5.8,619,7,9,1.27,5.38,7.87,41.6,63.6
808,L47987,L,297.0,307.7,1867,22.8,118,0,0,0,0,0,0,Low,13.7,839,13,570,1.64,5.32,4.46,63.0,55.4
809,L47988,L,296.9,307.7,1424,43.3,120,0,0,0,0,0,0,Low,6.1,665,7,12,1.97,6.63,6.8,48.7,79.8
810,L47989,L,296.9,307.6,1452,45.7,122,0,0,0,0,0,0,Low,8.7,612,8,199,1.49,6.43,7.08,66.3,82.1
811,L47990,L,296.9,307.7,1550,39.7,124,0,0,0,0,0,0,Low,6.6,692,9,60,1.98,5.18,6.37,43.5,80.1
812,L47991,L,296.8,307.6,1588,37.6,126,0,0,0,0,0,0,Low,10.3,752,17,48,1.52,6.38,6.41,56.7,65.8
813,L47992,L,296.8,307.6,1338,44.4,128,0,0,0,0,0,0,Low,6.6,629,3,954,2.1,5.64,6.05,79.9,46.8
814,L47993,L,296.8,307.6,1513,40.0,130,0,0,0,0,0,0,Low,8.4,830,7,90,2.7,5.12,6.0,62.5,65.2
815,M15674,M,296.8,307.5,1470,45.9,132,0,0,0,0,0,0,Medium,11.9,866,17,704,0.93,5.95,7.45,53.6,62.9
816,M15675,M,296.8,307.5,1516,36.7,135,0,0,0,0,0,0,Medium,6.1,631,7,56,0.63,5.87,5.63,59.8,93.5
817,L47996,L,296.8,307.6,1434,48.3,138,0,0,0,0,0,0,Low,8.2,780,11,33,1.77,6.45,6.89,20.3,72.1
818,L47997,L,296.8,307.6,1368,52.0,140,0,0,0,0,0,0,Low,6.4,667,6,57,2.12,5.94,8.02,51.6,74.8
819,L47998,L,296.8,307.6,1304,48.7,142,0,0,0,0,0,0,Low,8.9,724,15,141,1.7,6.67,6.94,36.3,84.3
820,L47999,L,296.8,307.6,1398,46.7,144,0,0,0,0,0,0,Low,9.2,998,7,55,2.17,6.73,6.77,50.6,80.6
821,L48000,L,296.7,307.6,1516,37.4,146,0,0,0,0,0,0,Low,10.6,873,21,164,1.56,5.61,6.2,37.7,79.8
822,L48001,L,296.7,307.6,1474,41.7,148,0,0,0,0,0,0,Low,11.0,594,16,24,1.29,5.85,6.29,58.9,74.6
823,M15682,M,296.7,307.6,1547,34.7,150,0,0,0,0,0,0,Medium,9.1,1055,11,441,2.03,6.52,5.76,25.1,71.0
824,M15683,M,296.6,307.5,1482,39.9,153,0,0,0,0,0,0,Medium,12.9,1385,10,203,2.32,5.98,6.21,53.7,73.1
825,L48004,L,296.6,307.4,1436,42.8,156,0,0,0,0,0,0,Low,12.0,1321,9,104,2.06,6.57,6.32,74.6,55.0
826,L48005,L,296.6,307.3,1474,40.0,158,0,0,0,0,0,0,Low,7.5,811,7,249,3.06,6.58,6.25,69.3,58.0
827,L48006,L,296.5,307.2,1481,38.2,160,0,0,0,0,0,0,Low,10.5,862,8,504,1.75,4.97,5.59,53.6,59.9
828,L48007,L,296.5,307.3,1501,42.1,162,0,0,0,0,0,0,Low,10.1,857,11,537,1.45,6.3,6.43,69.9,55.9
829,L48008,L,296.5,307.3,1566,37.2,164,0,0,0,0,0,0,Low,12.2,671,9,65,2.27,6.2,5.47,53.5,65.3
830,L48009,L,296.5,307.3,1579,34.5,166,0,0,0,0,0,0,Low,18.4,1690,26,157,1.11,6.21,5.61,55.4,96.1
831,L48010,L,296.6,307.4,1631,35.0,168,0,0,0,0,0,0,Low,9.3,789,13,206,3.47,6.16,6.05,41.1,74.7
832,M15691,M,296.6,307.4,1544,42.3,170,0,0,0,0,0,0,Medium,8.0,578,10,307,3.19,6.17,6.35,51.8,83.3
833,L48012,L,296.6,307.4,1521,38.6,173,0,0,0,0,0,0,Low,11.5,1184,22,261,2.98,7.05,6.27,70.5,42.7
834,L48013,L,296.6,307.4,1616,28.0,175,0,0,0,0,0,0,Low,11.6,1002,10,714,0.97,6.17,4.22,64.8,81.6
835,H30248,H,296.6,307.4,1333,50.2,177,0,0,0,0,0,0,High,9.4,1064,11,15,2.36,5.75,6.8,81.4,61.6
836,M15695,M,296.7,307.4,1533,32.5,182,0,0,0,0,0,0,Medium,12.2,1192,17,1,2.31,5.71,5.19,68.0,94.1
837,L48016,L,296.6,307.4,1368,45.1,185,0,0,0,0,0,0,Low,12.4,1044,11,143,2.53,5.85,6.45,39.9,65.1
838,L48017,L,296.6,307.4,1465,47.8,187,0,0,0,0,0,0,Low,8.1,709,11,254,3.05,6.77,7.42,24.5,56.3
839,H30252,H,296.6,307.4,1406,41.5,189,0,0,0,0,0,0,High,6.8,639,6,700,3.02,5.36,5.6,63.0,68.1
840,M15699,M,296.5,307.4,1565,43.5,194,0,0,0,0,0,0,Medium,11.9,1093,10,157,3.61,6.91,7.19,64.7,55.5
841,L48020,L,296.6,307.5,1582,37.9,197,0,0,0,0,0,0,Low,6.5,633,15,316,3.09,6.1,6.49,55.5,65.9
842,L48021,L,296.6,307.5,1439,45.5,199,0,0,0,0,0,0,Low,10.7,1032,12,42,2.63,4.72,6.7,78.8,56.0
843,M15702,M,296.6,307.5,1566,35.0,201,0,0,0,0,0,0,Medium,10.6,720,10,290,2.65,6.75,5.67,58.2,98.3
844,L48023,L,296.6,307.5,1485,42.7,204,0,0,0,0,0,0,Low,13.8,1078,20,241,3.08,6.48,6.16,69.6,59.0
845,L48024,L,296.5,307.5,1566,35.1,206,0,0,0,0,0,0,Low,11.6,1031,16,573,2.03,5.76,6.0,59.5,71.4
846,L48025,L,296.3,307.3,1439,41.5,208,0,0,0,0,0,0,Low,9.1,971,15,188,2.57,6.12,5.86,58.1,74.6
847,M15706,M,296.4,307.4,1416,50.0,210,0,0,0,0,0,0,Medium,5.8,462,6,131,4.08,6.58,7.81,72.8,79.5
848,L48027,L,296.4,307.4,2833,5.6,213,1,0,0,1,0,0,Low,10.4,914,11,272,5.28,6.56,1.84,87.0,64.3
849,L48028,L,296.3,307.4,1465,47.1,215,0,0,0,0,0,0,Low,12.7,1356,19,177,3.67,5.94,7.05,54.2,75.8
850,H30263,H,296.4,307.4,1586,35.5,0,0,0,0,0,0,0,High,8.2,32,9,209,1.82,6.79,5.67,64.7,95.6
851,L48030,L,296.3,307.3,1567,31.4,5,0,0,0,0,0,0,Low,1.9,55,1,429,2.2,5.85,5.1,62.1,65.6
852,M15711,M,296.2,307.2,1389,48.6,7,0,0,0,0,0,0,Medium,3.5,102,10,592,2.14,6.75,7.42,51.6,56.1
853,M15712,M,296.3,307.3,1368,49.5,10,0,0,0,0,0,0,Medium,5.4,40,3,170,3.0,5.08,6.77,43.4,61.0
854,L48033,L,296.3,307.3,1444,49.0,13,0,0,0,0,0,0,Low,7.6,61,8,363,1.6,6.95,6.61,71.5,70.4
855,M15714,M,296.3,307.3,1498,41.6,15,0,0,0,0,0,0,Medium,1.4,41,4,481,1.06,4.96,6.89,77.8,60.6
856,L48035,L,296.1,307.2,1615,30.8,18,0,0,0,0,0,0,Low,1.5,112,1,180,0.64,5.49,5.21,55.9,65.1
857,L48036,L,296.1,307.1,1898,22.7,20,0,0,0,0,0,0,Low,3.9,100,3,487,2.12,6.54,4.46,49.1,65.4
858,M15717,M,296.1,307.1,1350,53.3,22,0,0,0,0,0,0,Medium,9.5,120,14,211,2.62,6.11,7.55,71.3,61.2
859,M15718,M,296.2,307.0,1516,37.6,25,0,0,0,0,0,0,Medium,2.2,185,3,54,2.28,6.42,5.72,41.8,73.6
860,H30273,H,296.2,307.0,1542,40.6,28,0,0,0,0,0,0,High,3.1,134,4,122,1.59,5.29,6.49,61.4,61.8
861,H30274,H,296.1,306.9,1541,32.6,33,0,0,0,0,0,0,High,5.1,227,9,72,2.39,5.47,5.33,61.3,86.5
862,M15721,M,296.1,306.9,1951,23.3,38,0,0,0,0,0,0,Medium,5.2,290,3,210,2.41,5.76,4.87,56.9,55.0
863,H30276,H,296.1,306.8,1645,31.0,41,0,0,0,0,0,0,High,5.3,202,7,226,1.04,5.03,5.35,71.6,63.0
864,L48043,L,296.0,306.7,1416,44.2,46,0,0,0,0,0,0,Low,8.6,267,7,163,2.15,6.7,5.76,60.8,93.1
865,M15724,M,296.0,306.7,2044,22.3,48,0,0,0,0,0,0,Medium,8.0,352,7,176,2.02,5.89,4.69,55.5,63.9
866,L48045,L,295.9,306.6,1414,50.2,51,0,0,0,0,0,0,Low,3.5,190,1,43,1.65,5.36,7.45,47.5,67.2
867,L48046,L,295.9,306.6,1678,26.7,53,0,0,0,0,0,0,Low,4.1,408,3,137,2.57,5.91,4.72,53.0,69.2
868,H30281,H,295.9,306.5,1594,33.2,55,0,0,0,0,0,0,High,7.5,249,9,206,2.44,5.97,5.42,49.4,80.3
869,M15728,M,295.8,306.5,1514,37.7,60,0,0,0,0,0,0,Medium,5.2,382,4,205,1.78,6.28,6.56,51.7,51.6
870,L48049,L,295.8,306.5,1358,49.2,63,0,0,0,0,0,0,Low,5.1,289,7,150,1.42,5.96,6.84,66.1,76.6
871,L48050,L,295.8,306.4,1325,56.2,65,0,0,0,0,0,0,Low,7.3,306,12,162,1.56,5.6,7.97,45.7,53.2
872,L48051,L,295.8,306.4,1339,53.2,67,0,0,0,0,0,0,Low,8.8,421,15,177,2.35,5.92,7.28,67.2,91.1
873,M15732,M,295.8,306.4,1335,51.7,69,0,0,0,0,0,0,Medium,7.0,298,7,26,2.15,7.31,7.39,69.5,68.5
874,L48053,L,295.9,306.4,1892,21.7,72,0,0,0,0,0,0,Low,10.9,394,15,17,1.93,6.13,3.98,78.6,40.1
875,L48054,L,295.9,306.4,1575,28.5,74,0,0,0,0,0,0,Low,7.3,579,15,227,1.94,5.37,5.05,64.6,89.6
876,M15735,M,295.8,306.3,1444,45.5,76,0,0,0,0,0,0,Medium,6.9,644,9,18,1.76,6.62,6.99,60.7,86.5
877,L48056,L,295.7,306.3,1915,22.4,79,0,0,0,0,0,0,Low,4.5,404,4,47,1.85,7.33,4.37,67.5,65.2
878,M15737,M,295.6,306.2,1584,33.6,81,0,0,0,0,0,0,Medium,5.7,490,2,162,1.0,6.29,5.46,64.8,58.3
879,M15738,M,295.7,306.3,1685,34.9,84,0,0,0,0,0,0,Medium,5.5,464,7,174,1.77,5.94,5.93,68.0,58.0
880,L48059,L,295.8,306.3,1337,54.6,87,0,0,0,0,0,0,Low,6.7,432,7,100,1.92,5.17,7.5,36.4,60.9
881,M15740,M,295.8,306.3,1235,76.2,89,1,0,0,1,0,0,Medium,7.5,431,13,393,3.01,6.09,9.84,41.1,72.6
882,L48061,L,295.7,306.2,1464,46.2,92,0,0,0,0,0,0,Low,4.5,421,2,524,1.66,5.28,6.88,43.9,73.6
883,M15742,M,295.7,306.2,1739,25.9,94,0,0,0,0,0,0,Medium,10.4,671,13,692,1.89,6.12,4.89,77.8,33.5
884,L48063,L,295.7,306.3,1490,34.3,97,0,0,0,0,0,0,Low,10.6,661,14,72,1.18,4.72,5.94,21.9,70.3
885,L48064,L,295.8,306.4,1356,48.0,99,0,0,0,0,0,0,Low,9.6,678,15,952,2.18,6.38,6.73,72.5,58.8
886,L48065,L,295.7,306.2,1397,52.0,101,0,0,0,0,0,0,Low,5.8,489,6,507,1.8,4.99,6.75,53.9,50.1
887,L48066,L,295.7,306.2,1458,40.6,103,0,0,0,0,0,0,Low,9.4,384,9,480,1.7,6.05,6.09,56.5,75.7
888,H30301,H,295.7,306.2,2161,16.5,105,0,0,0,0,0,0,High,7.2,573,5,11,2.04,6.84,3.71,59.0,49.1
889,M15748,M,295.6,306.1,1651,28.1,110,0,0,0,0,0,0,Medium,10.2,1065,13,238,1.44,5.39,5.04,24.8,62.6
890,L48069,L,295.6,306.1,1389,46.2,113,0,0,0,0,0,0,Low,8.9,945,7,54,2.03,5.63,6.48,46.4,83.3
891,L48070,L,295.6,306.0,1370,52.4,115,0,0,0,0,0,0,Low,9.0,736,12,139,1.21,6.27,7.25,62.3,69.5
892,L48071,L,295.7,306.1,1408,47.9,117,0,0,0,0,0,0,Low,7.7,705,10,314,2.56,5.7,6.8,67.8,55.9
893,L48072,L,295.7,306.1,1343,54.4,119,0,0,0,0,0,0,Low,6.6,697,6,694,2.47,6.77,7.15,68.0,65.1
894,M15753,M,295.7,306.2,1423,42.5,121,0,0,0,0,0,0,Medium,6.3,686,9,221,1.55,5.84,5.76,56.5,56.0
895,L48074,L,295.6,306.2,1426,48.6,124,0,0,0,0,0,0,Low,9.1,706,12,43,2.14,6.62,7.28,75.6,84.6
896,M15755,M,295.6,306.2,1435,51.6,126,0,0,0,0,0,0,Medium,5.1,537,5,13,1.26,6.33,7.19,54.2,59.0
897,L48076,L,295.5,306.1,1573,35.1,129,0,0,0,0,0,0,Low,6.8,789,13,297,1.83,6.01,5.69,60.4,82.9
898,L48077,L,295.6,306.2,1612,31.2,131,0,0,0,0,0,0,Low,12.2,849,19,102,0.68,6.05,5.43,64.2,84.7
899,L48078,L,295.6,306.2,1446,49.9,133,0,0,0,0,0,0,Low,6.3,621,6,153,2.5,6.25,7.2,47.1,96.8
900,H30313,H,295.6,306.2,1329,55.3,135,0,0,0,0,0,0,High,12.1,1024,14,115,1.69,5.83,8.13,61.9,66.2
901,L48080,L,295.6,306.2,1569,35.1,140,0,0,0,0,0,0,Low,8.4,663,13,12,2.25,6.68,5.55,51.9,77.4
902,H30315,H,295.6,306.1,1256,62.3,142,0,0,0,0,0,0,High,7.7,751,6,249,2.11,5.32,7.56,52.2,54.5
903,L48082,L,295.6,306.1,1383,48.7,147,0,0,0,0,0,0,Low,13.2,783,12,69,2.12,7.0,6.9,61.7,90.6
904,L48083,L,295.7,306.2,2270,14.6,149,1,0,0,1,0,0,Low,8.4,527,10,61,3.07,5.13,3.53,64.5,71.1
905,H30318,H,295.7,306.2,1458,49.8,151,0,0,0,0,0,0,High,10.2,946,16,327,2.24,6.66,7.9,56.8,85.7
906,L48085,L,295.6,306.1,1474,41.2,156,0,0,0,0,0,0,Low,5.1,470,5,409,2.24,7.17,6.48,54.8,79.9
907,M15766,M,295.6,306.1,1462,49.2,158,0,0,0,0,0,0,Medium,11.3,907,11,161,1.64,7.07,8.19,62.2,69.5
908,M15767,M,295.6,306.1,1669,29.0,161,0,0,0,0,0,0,Medium,13.9,1168,16,152,1.13,4.73,5.11,58.2,71.9
909,M15768,M,295.5,306.1,1822,24.3,164,0,0,0,0,0,0,Medium,9.7,844,12,54,2.1,5.96,4.51,43.3,72.8
910,L48089,L,295.5,306.0,1456,39.2,167,0,0,0,0,0,0,Low,11.6,1100,8,595,2.69,6.01,5.96,70.1,62.8
911,L48090,L,295.5,306.0,1546,35.9,169,0,0,0,0,0,0,Low,12.9,1064,17,94,1.93,6.95,5.43,44.8,73.1
912,M15771,M,295.6,306.1,1490,42.7,171,0,0,0,0,0,0,Medium,9.2,824,13,20,1.77,5.19,6.94,71.4,61.6
913,L48092,L,295.6,306.0,1569,40.4,174,0,0,0,0,0,0,Low,8.3,841,7,181,3.36,5.98,6.18,64.1,73.5
914,L48093,L,295.5,306.0,1621,29.5,176,0,0,0,0,0,0,Low,9.8,1096,10,1,1.75,5.39,4.75,63.4,79.3
915,M15774,M,295.4,305.9,1518,40.6,178,0,0,0,0,0,0,Medium,8.7,760,9,542,2.8,6.13,6.41,72.9,45.8
916,M15775,M,295.4,305.8,1526,38.2,181,0,0,0,0,0,0,Medium,6.4,683,13,315,1.69,5.67,5.81,61.0,86.8
917,M15776,M,295.3,305.8,1589,36.2,184,0,0,0,0,0,0,Medium,9.9,673,15,1,1.82,6.09,6.13,90.2,48.9
918,L48097,L,295.3,305.7,1475,51.0,187,0,0,0,0,0,0,Low,9.8,893,20,20,3.32,5.82,7.99,55.1,79.0
919,M15778,M,295.3,305.7,1473,38.5,189,0,0,0,0,0,0,Medium,10.4,685,10,461,2.77,5.13,6.15,26.0,58.2
920,L48099,L,295.4,305.8,1407,50.7,192,0,0,0,0,0,0,Low,16.7,1641,17,728,2.37,6.63,7.68,50.4,47.8
921,M15780,M,295.5,305.9,1518,44.1,194,0,0,0,0,0,0,Medium,13.0,1124,17,630,1.36,4.81,7.09,77.6,58.2
922,H30335,H,295.5,305.9,1593,37.2,197,0,0,0,0,0,0,High,12.2,1295,11,243,2.57,6.08,6.18,88.7,61.5
923,M15782,M,295.5,305.9,1380,52.4,202,0,0,0,0,0,0,Medium,10.7,1024,16,45,3.0,5.86,7.84,87.9,86.8
924,M15783,M,295.5,306.0,1423,45.3,205,0,0,0,0,0,0,Medium,13.1,1220,9,657,3.95,6.42,6.75,78.3,37.4
925,L48104,L,295.5,306.0,1800,27.6,208,0,0,0,0,0,0,Low,12.6,1186,20,74,2.4,7.25,5.57,56.9,61.4
926,H30339,H,295.6,306.1,1623,30.9,210,0,0,0,0,0,0,High,8.5,706,5,343,2.75,4.86,5.49,53.2,68.5
927,L48106,L,295.6,306.1,1372,55.6,215,1,0,0,0,1,0,Low,10.9,1189,10,24,3.39,5.69,7.88,85.6,60.4
928,H30341,H,295.6,306.0,1396,52.4,0,0,0,0,0,0,0,High,0.5,5,0,263,1.98,5.92,8.11,64.9,67.5
929,L48108,L,295.6,306.0,1949,21.9,5,0,0,0,0,0,0,Low,1.2,29,1,182,1.84,5.47,4.81,51.6,76.9
930,L48109,L,295.6,306.0,1419,51.1,7,0,0,0,0,0,0,Low,0.5,40,1,66,1.65,6.47,8.4,70.2,59.8
931,M15790,M,295.5,305.9,1453,47.3,9,0,0,0,0,0,0,Medium,1.0,57,2,143,1.66,6.01,7.6,37.8,58.4
932,L48111,L,295.5,305.9,1542,36.2,12,0,0,0,0,0,0,Low,3.7,75,1,64,1.75,5.54,5.53,43.1,56.1
933,L48112,L,295.6,306.0,1363,50.0,14,0,0,0,0,0,0,Low,2.3,36,2,103,2.43,5.43,6.79,35.5,57.9
934,L48113,L,295.5,306.0,1597,37.2,16,0,0,0,0,0,0,Low,1.4,19,0,354,1.84,4.75,5.89,58.3,76.0
935,M15794,M,295.5,306.0,1326,50.8,18,0,0,0,0,0,0,Medium,2.7,90,1,189,1.61,6.42,7.41,69.4,68.0
936,M15795,M,295.5,306.0,1641,36.6,21,0,0,0,0,0,0,Medium,0.7,52,2,911,2.39,5.6,7.09,61.7,46.1
937,M15796,M,295.6,306.1,1418,46.2,24,0,0,0,0,0,0,Medium,3.6,160,2,308,1.89,7.15,6.99,35.9,50.0
938,L48117,L,295.6,306.2,1263,61.8,27,0,0,0,0,0,0,Low,1.9,133,1,167,2.66,6.83,8.19,60.1,63.3
939,L48118,L,295.6,306.2,1823,25.8,29,0,0,0,0,0,0,Low,6.7,133,7,125,1.53,5.77,5.05,47.0,66.0
940,L48119,L,295.5,306.1,1488,40.7,31,0,0,0,0,0,0,Low,5.2,181,4,199,2.21,5.92,6.52,38.9,46.8
941,L48120,L,295.6,306.2,1443,48.9,33,0,0,0,0,0,0,Low,4.5,116,6,97,1.89,5.51,7.86,38.6,75.3
942,L48121,L,295.6,306.2,1650,28.2,35,0,0,0,0,0,0,Low,4.4,204,6,157,2.26,5.85,4.73,71.7,59.7
943,M15802,M,295.7,306.3,1462,44.3,37,0,0,0,0,0,0,Medium,5.3,166,6,192,1.38,5.74,6.94,60.6,60.0
944,M15803,M,295.6,306.2,1477,45.0,40,0,0,0,0,0,0,Medium,3.7,165,7,5,1.2,5.97,7.24,70.4,72.0
945,M15804,M,295.7,306.3,1712,28.5,43,0,0,0,0,0,0,Medium,2.7,175,1,291,0.92,6.44,5.17,87.7,74.2
946,M15805,M,295.7,306.3,1347,50.4,46,0,0,0,0,0,0,Medium,6.0,290,7,191,1.98,7.21,6.55,58.1,49.6
947,L48126,L,295.6,306.2,1287,54.8,49,0,0,0,0,0,0,Low,6.9,238,11,296,1.54,5.65,6.69,74.4,58.1
948,L48127,L,295.6,306.2,1428,44.5,51,0,0,0,0,0,0,Low,5.7,557,9,423,1.03,5.05,6.2,50.6,56.5
949,M15808,M,295.6,306.3,1426,45.5,53,0,0,0,0,0,0,Medium,2.3,205,4,157,2.2,5.83,7.17,53.9,51.9
950,L48129,L,295.6,306.3,1636,32.7,56,0,0,0,0,0,0,Low,14.2,736,19,177,2.01,6.01,6.04,60.8,81.1
951,L48130,L,295.6,306.2,1424,42.5,58,0,0,0,0,0,0,Low,10.2,491,9,8,1.0,6.32,5.99,57.3,81.4
952,H30365,H,295.6,306.3,1509,35.8,60,0,0,0,0,0,0,High,4.8,276,5,17,0.2,6.63,5.89,61.8,68.3
953,L48132,L,295.5,306.2,1448,48.9,65,0,0,0,0,0,0,Low,3.0,333,9,5,1.12,5.16,6.66,36.1,69.7
954,L48133,L,295.5,306.1,1650,32.8,67,0,0,0,0,0,0,Low,7.1,500,6,331,3.01,6.14,5.49,71.7,84.6
955,H30368,H,295.6,306.2,1414,42.5,69,0,0,0,0,0,0,High,14.4,418,16,216,1.6,7.14,6.41,47.0,57.7
956,L48135,L,295.6,306.3,1911,20.9,74,0,0,0,0,0,0,Low,6.6,316,8,471,1.72,6.13,4.36,56.3,51.1
957,H30370,H,295.6,306.2,1632,32.2,76,0,0,0,0,0,0,High,7.5,453,10,96,2.18,5.29,5.32,59.6,78.3
958,M15817,M,295.7,306.4,1387,40.1,81,0,0,0,0,0,0,Medium,4.4,245,8,181,1.08,5.06,5.79,76.1,57.9
959,L48138,L,295.8,306.4,1399,47.6,84,0,0,0,0,0,0,Low,7.2,445,13,54,1.17,5.91,6.95,67.8,74.5
960,L48139,L,295.8,306.5,1505,35.2,86,0,0,0,0,0,0,Low,7.3,410,10,539,1.65,6.91,5.18,50.2,53.6
961,L48140,L,295.8,306.5,1534,37.9,88,0,0,0,0,0,0,Low,4.8,243,8,91,1.61,5.92,6.41,25.8,65.7
962,L48141,L,295.8,306.5,1493,40.5,90,0,0,0,0,0,0,Low,5.9,454,9,91,0.69,5.54,6.39,65.9,70.3
963,M15822,M,295.8,306.6,1480,43.2,92,0,0,0,0,0,0,Medium,7.7,588,6,106,1.36,5.3,6.43,75.9,52.1
964,L48143,L,295.8,306.6,1621,31.6,95,0,0,0,0,0,0,Low,7.4,555,10,12,1.05,7.18,5.35,42.9,91.1
965,L48144,L,295.7,306.5,1737,26.2,97,0,0,0,0,0,0,Low,4.9,555,7,362,2.07,4.69,5.03,62.7,70.5
966,L48145,L,295.8,306.6,1508,46.5,99,0,0,0,0,0,0,Low,15.9,754,25,446,1.64,5.78,7.05,62.9,58.2
967,M15826,M,295.8,306.5,1641,32.2,101,0,0,0,0,0,0,Medium,8.4,561,12,643,2.35,5.28,5.22,73.4,47.0
968,M15827,M,295.9,306.6,1532,38.6,104,0,0,0,0,0,0,Medium,10.8,634,13,28,0.81,5.89,5.85,48.0,49.6
969,L48148,L,295.9,306.7,1547,40.9,107,0,0,0,0,0,0,Low,6.6,431,13,232,1.76,5.93,7.42,68.7,80.2
970,L48149,L,295.9,306.6,1412,41.0,109,0,0,0,0,0,0,Low,6.8,617,7,464,1.12,6.51,6.33,51.3,64.5
971,L48150,L,295.8,306.5,1568,35.1,111,0,0,0,0,0,0,Low,9.8,610,13,243,2.04,5.08,5.48,41.4,41.7
972,L48151,L,295.9,306.6,1557,41.1,113,0,0,0,0,0,0,Low,5.1,552,4,628,0.27,5.99,6.74,45.2,66.7
973,L48152,L,295.8,306.6,1644,35.2,115,0,0,0,0,0,0,Low,8.8,598,8,60,2.45,4.96,6.14,55.7,75.4
974,L48153,L,295.9,306.6,1679,30.4,117,0,0,0,0,0,0,Low,9.4,565,11,33,2.32,4.91,5.36,64.2,95.8
975,L48154,L,296.0,306.6,1511,35.2,119,0,0,0,0,0,0,Low,9.4,846,22,228,1.62,5.78,5.41,59.1,99.6
976,M15835,M,296.0,306.6,1628,36.8,121,0,0,0,0,0,0,Medium,10.7,852,16,221,2.66,6.25,5.84,50.6,74.1
977,M15836,M,296.0,306.6,1392,51.3,124,0,0,0,0,0,0,Medium,4.7,525,8,135,1.67,6.48,7.21,51.2,91.3
978,L48157,L,296.0,306.7,1917,21.0,127,0,0,0,0,0,0,Low,9.8,742,12,323,3.01,6.23,4.11,36.7,74.5
979,M15838,M,296.2,306.8,1526,42.3,129,0,0,0,0,0,0,Medium,9.5,916,18,328,1.98,5.98,7.04,28.1,69.7
980,L48159,L,296.2,306.8,1389,53.3,132,0,0,0,0,0,0,Low,8.7,622,8,14,1.98,6.24,7.82,38.1,63.2
981,L48160,L,296.1,306.7,1409,42.8,134,0,0,0,0,0,0,Low,7.8,644,4,337,2.56,5.75,6.49,34.7,76.3
982,L48161,L,296.2,306.8,1655,31.1,136,0,0,0,0,0,0,Low,11.1,1046,13,616,2.05,5.4,5.09,79.4,63.9
983,L48162,L,296.2,306.9,1516,39.1,138,0,0,0,0,0,0,Low,9.3,681,14,19,1.47,5.46,6.13,61.9,73.0
984,L48163,L,296.2,306.9,1526,34.9,140,0,0,0,0,0,0,Low,6.9,589,6,607,2.19,5.83,5.87,67.5,69.4
985,L48164,L,296.3,307.1,1419,48.6,142,0,0,0,0,0,0,Low,7.8,656,9,179,1.79,5.56,6.76,60.1,67.3
986,L48165,L,296.4,307.2,1748,25.3,144,0,0,0,0,0,0,Low,14.1,693,24,93,1.44,6.94,5.02,47.0,55.4
987,H30400,H,296.4,307.1,1638,32.5,146,0,0,0,0,0,0,High,15.2,1138,17,24,2.18,5.58,5.61,50.2,62.2
988,M15847,M,296.3,307.1,1534,33.8,151,0,0,0,0,0,0,Medium,8.2,732,6,540,2.05,4.81,5.61,27.3,60.6
989,H30402,H,296.3,307.1,1774,25.9,154,0,0,0,0,0,0,High,9.8,881,11,66,2.35,6.36,4.35,45.8,71.5
990,M15849,M,296.2,307.0,2119,18.3,159,0,0,0,0,0,0,Medium,9.2,920,15,293,2.91,6.35,4.21,43.8,73.8
991,L48170,L,296.2,307.0,1414,48.3,162,0,0,0,0,0,0,Low,7.7,702,7,367,1.99,6.08,6.84,27.7,64.9
992,M15851,M,296.1,307.0,1523,42.0,164,0,0,0,0,0,0,Medium,7.3,640,9,710,1.56,6.02,6.72,64.2,68.2
993,L48172,L,296.1,307.1,1651,35.7,167,0,0,0,0,0,0,Low,7.1,523,10,38,2.92,5.83,5.8,51.4,80.3
994,M15853,M,296.1,307.1,1485,36.0,169,0,0,0,0,0,0,Medium,5.8,652,9,82,2.18,5.8,5.88,72.8,83.7
995,M15854,M,296.2,307.2,1168,63.4,172,0,0,0,0,0,0,Medium,9.7,944,10,971,3.25,5.97,7.35,72.1,28.6
996,L48175,L,296.3,307.3,1566,35.8,175,0,0,0,0,0,0,Low,8.7,857,9,462,1.44,6.0,6.01,83.2,70.1
997,M15856,M,296.3,307.2,1286,51.1,177,0,0,0,0,0,0,Medium,13.0,810,16,170,3.13,5.89,7.01,72.3,89.0
998,M15857,M,296.3,307.2,1446,45.9,180,0,0,0,0,0,0,Medium,10.5,970,16,469,2.04,4.9,7.05,59.8,69.3
999,M15858,M,296.4,307.2,2071,19.4,183,0,0,0,0,0,0,Medium,10.7,926,11,57,2.9,5.26,4.17,53.5,67.3
1000,L48179,L,296.3,307.1,1560,33.2,186,0,0,0,0,0,0,Low,8.6,814,11,193,2.78,6.07,5.57,47.1,81.2
1001,L48180,L,296.3,307.1,1654,29.6,188,0,0,0,0,0,0,Low,10.8,1006,18,55,2.19,5.28,5.11,73.4,91.6
1002,L48181,L,296.3,307.1,1662,32.9,190,0,0,0,0,0,0,Low,11.7,1184,19,372,2.66,5.42,5.65,40.3,77.1
1003,L48182,L,296.3,307.2,1646,35.0,192,0,0,0,0,0,0,Low,12.1,1128,14,25,2.73,6.39,6.26,54.6,47.2
1004,L48183,L,296.2,307.1,1444,46.7,194,0,0,0,0,0,0,Low,10.9,888,14,305,2.82,4.99,7.79,56.4,77.4
1005,H30418,H,296.3,307.2,1424,42.0,196,0,0,0,0,0,0,High,9.4,1036,10,307,2.58,5.35,6.25,55.4,72.1
1006,L48185,L,296.2,307.2,1382,52.0,201,0,0,0,0,0,0,Low,11.8,950,12,1066,3.25,6.38,7.03,30.1,45.7
1007,L48186,L,296.2,307.1,1413,53.4,203,0,0,0,0,0,0,Low,8.6,892,6,112,3.73,5.56,7.79,54.6,90.0
1008,M15867,M,296.2,307.2,1633,31.1,0,0,0,0,0,0,0,Medium,8.5,5,7,60,1.88,5.88,5.49,51.4,57.0
1009,L48188,L,296.2,307.1,1441,41.7,3,0,0,0,0,0,0,Low,2.7,5,1,183,2.42,4.38,6.18,72.3,78.2
1010,M15869,M,296.2,307.2,1385,44.0,5,0,0,0,0,0,0,Medium,3.2,32,4,687,1.46,6.57,5.92,71.7,68.2
1011,M15870,M,296.2,307.2,1552,34.8,8,0,0,0,0,0,0,Medium,3.6,68,4,22,1.59,6.53,5.73,42.6,70.7
1012,M15871,M,296.2,307.3,1451,42.8,11,0,0,0,0,0,0,Medium,3.1,65,2,316,2.9,5.97,6.44,71.0,73.3
1013,M15872,M,296.1,307.1,1433,38.5,14,0,0,0,0,0,0,Medium,1.9,62,4,212,1.07,5.29,5.6,44.5,94.0
1014,M15873,M,296.1,307.2,1619,29.7,17,0,0,0,0,0,0,Medium,4.0,121,9,96,1.35,6.86,5.11,47.5,72.8
1015,L48194,L,296.2,307.2,1445,41.8,20,0,0,0,0,0,0,Low,4.3,176,5,20,1.3,7.35,6.61,56.2,73.0
1016,L48195,L,296.2,307.2,1356,43.6,22,0,0,0,0,0,0,Low,2.5,145,1,264,2.57,7.0,6.06,63.9,67.3
1017,M15876,M,296.3,307.2,1319,68.3,24,1,0,0,1,0,0,Medium,1.8,125,2,223,3.14,6.61,9.82,37.7,57.7
1018,L48197,L,296.3,307.2,1637,31.6,27,0,0,0,0,0,0,Low,5.9,148,5,116,2.24,6.03,5.45,62.7,73.8
1019,L48198,L,296.3,307.2,1291,58.6,29,0,0,0,0,0,0,Low,3.4,194,5,28,2.18,5.83,7.52,51.0,60.3
1020,L48199,L,296.3,307.3,1398,52.7,31,0,0,0,0,0,0,Low,3.6,169,4,33,1.53,6.83,6.97,45.8,71.0
1021,L48200,L,296.3,307.3,1372,57.7,33,0,0,0,0,0,0,Low,4.4,187,5,25,1.71,5.97,8.39,38.4,81.4
1022,M15881,M,296.3,307.2,1454,42.5,35,0,0,0,0,0,0,Medium,2.8,171,4,19,1.35,4.21,6.45,60.2,75.2
1023,L48202,L,296.2,307.2,1515,36.5,38,0,0,0,0,0,0,Low,4.5,159,13,158,2.15,5.98,5.58,67.9,54.5
1024,L48203,L,296.2,307.3,1881,24.3,40,0,0,0,0,0,0,Low,4.2,229,4,494,2.02,5.81,4.64,33.2,62.8
1025,L48204,L,296.2,307.3,1711,29.9,42,0,0,0,0,0,0,Low,5.7,396,5,318,2.08,5.55,5.04,38.4,76.8
1026,L48205,L,296.2,307.3,1475,37.0,44,0,0,0,0,0,0,Low,7.3,242,8,724,0.31,6.47,5.79,40.6,52.2
1027,L48206,L,296.4,307.4,1512,36.8,46,0,0,0,0,0,0,Low,6.5,453,7,480,1.3,5.57,5.52,61.6,71.9
1028,M15887,M,296.3,307.4,1335,50.5,48,0,0,0,0,0,0,Medium,4.1,237,5,392,1.54,6.16,6.96,62.2,58.6
1029,L48208,L,296.3,307.4,1472,39.9,51,0,0,0,0,0,0,Low,3.6,304,4,210,1.65,4.52,6.0,57.1,87.5
1030,M15889,M,296.2,307.3,1477,35.2,53,0,0,0,0,0,0,Medium,5.1,252,5,176,2.52,5.35,5.04,33.1,70.6
1031,L48210,L,296.3,307.4,1760,28.4,56,0,0,0,0,0,0,Low,6.2,196,11,793,2.52,5.76,5.39,53.3,70.4
1032,L48211,L,296.4,307.5,1549,36.1,58,0,0,0,0,0,0,Low,4.7,305,10,681,1.3,4.75,5.81,28.4,68.2
1033,L48212,L,296.3,307.4,1648,34.0,60,0,0,0,0,0,0,Low,7.7,377,12,54,0.95,5.39,6.57,58.1,94.8
1034,H30447,H,296.4,307.5,1556,38.0,62,0,0,0,0,0,0,High,6.0,354,4,19,1.85,6.42,5.92,67.1,87.6
1035,M15894,M,296.3,307.4,1958,19.1,67,0,0,0,0,0,0,Medium,5.8,384,8,48,2.32,5.65,4.27,22.0,77.6
1036,L48215,L,296.4,307.4,1403,48.4,70,0,0,0,0,0,0,Low,6.7,404,3,350,1.95,6.87,7.13,30.5,65.4
1037,M15896,M,296.4,307.5,1684,31.4,72,0,0,0,0,0,0,Medium,3.3,297,2,136,1.48,6.14,5.41,43.6,59.1
1038,H30451,H,296.4,307.5,1596,35.1,75,0,0,0,0,0,0,High,5.4,423,7,933,2.09,5.21,5.58,45.4,41.3
1039,L48218,L,296.6,307.6,1498,41.1,80,0,0,0,0,0,0,Low,4.7,341,5,169,1.36,6.8,6.02,54.8,62.0
1040,L48219,L,296.7,307.7,1524,36.8,82,0,0,0,0,0,0,Low,5.2,364,5,11,0.78,6.37,5.68,78.9,58.3
1041,L48220,L,296.7,307.7,1502,43.9,84,0,0,0,0,0,0,Low,12.1,535,8,249,2.4,6.17,6.65,56.4,62.6
1042,L48221,L,296.6,307.6,1809,25.1,86,0,0,0,0,0,0,Low,5.7,363,5,4,2.18,6.53,4.65,39.1,66.5
1043,L48222,L,296.6,307.6,1542,37.4,88,0,0,0,0,0,0,Low,4.1,413,6,8,2.29,5.4,5.82,15.0,84.0
1044,L48223,L,296.5,307.6,1431,45.2,90,0,0,0,0,0,0,Low,5.4,468,6,665,2.15,6.16,7.08,72.3,71.7
1045,L48224,L,296.5,307.6,1512,43.6,92,0,0,0,0,0,0,Low,7.2,572,9,130,2.07,5.54,6.53,49.4,57.4
1046,H30459,H,296.4,307.5,1403,52.8,94,0,0,0,0,0,0,High,7.8,610,11,143,3.41,6.49,7.47,68.9,51.2
1047,L48226,L,296.4,307.5,1331,47.8,99,0,0,0,0,0,0,Low,5.1,596,6,682,2.26,5.3,6.58,56.9,53.8
1048,M15907,M,296.6,307.7,1474,52.6,101,0,0,0,0,0,0,Medium,7.4,470,7,68,1.25,6.12,7.78,51.1,77.2
1049,L48228,L,296.5,307.6,1607,33.5,104,0,0,0,0,0,0,Low,9.7,723,11,229,1.08,6.62,5.9,45.8,46.2
1050,L48229,L,296.5,307.6,1415,44.2,106,0,0,0,0,0,0,Low,5.2,507,11,75,1.44,5.83,6.24,61.5,99.1
1051,L48230,L,296.6,307.6,1671,28.8,108,0,0,0,0,0,0,Low,10.6,740,13,20,0.9,6.73,4.96,68.5,79.0
1052,L48231,L,296.6,307.7,1556,37.7,110,0,0,0,0,0,0,Low,7.1,595,6,15,0.85,5.61,6.02,69.5,71.8
1053,L48232,L,296.7,307.7,1927,23.9,112,0,0,0,0,0,0,Low,6.0,578,13,138,2.97,5.22,4.73,61.7,57.7
1054,M15913,M,296.7,307.7,1597,32.1,114,0,0,0,0,0,0,Medium,3.9,354,7,265,2.16,6.12,5.94,54.1,79.5
1055,H30468,H,296.8,307.8,1627,30.5,117,0,0,0,0,0,0,High,11.0,901,17,118,2.19,5.88,5.52,66.8,65.8
1056,L48235,L,296.8,307.8,1480,39.4,122,0,0,0,0,0,0,Low,5.7,489,6,198,1.11,6.7,6.25,43.7,51.7
1057,L48236,L,296.8,307.8,1565,39.5,124,0,0,0,0,0,0,Low,8.2,632,10,78,1.07,5.48,6.56,69.0,67.6
1058,L48237,L,296.8,307.8,1573,36.4,126,0,0,0,0,0,0,Low,6.1,617,5,62,1.44,6.56,6.54,38.9,79.0
1059,L48238,L,296.7,307.8,1605,31.3,128,0,0,0,0,0,0,Low,7.1,618,8,489,2.26,6.0,5.21,66.1,68.7
1060,M15919,M,296.7,307.9,1874,21.3,130,0,0,0,0,0,0,Medium,8.5,623,11,36,2.0,6.5,4.11,68.6,88.7
1061,H30474,H,296.7,307.9,1424,53.8,133,0,0,0,0,0,0,High,11.0,701,8,628,2.6,5.57,7.98,57.6,55.8
1062,L48241,L,296.7,307.9,1420,50.1,138,0,0,0,0,0,0,Low,9.8,503,9,16,3.01,5.82,7.39,58.6,67.3
1063,L48242,L,296.8,307.9,1372,49.0,140,0,0,0,0,0,0,Low,12.7,902,12,6,1.81,6.07,7.13,58.4,72.4
1064,M15923,M,296.8,307.8,1664,32.8,142,0,0,0,0,0,0,Medium,16.1,571,16,652,1.26,6.67,5.72,50.2,54.4
1065,M15924,M,296.8,307.9,1409,44.3,145,0,0,0,0,0,0,Medium,10.3,875,15,106,2.93,6.31,5.82,45.3,77.1
1066,L48245,L,296.8,307.9,1718,25.2,148,0,0,0,0,0,0,Low,7.6,801,10,96,2.43,5.07,4.58,60.5,63.5
1067,M15926,M,296.9,307.8,1544,40.3,150,0,0,0,0,0,0,Medium,10.0,1019,7,35,1.32,5.49,6.66,54.7,63.7
1068,L48247,L,296.9,307.8,1466,45.7,153,0,0,0,0,0,0,Low,11.3,695,16,351,1.57,5.95,7.16,58.6,68.4
1069,L48248,L,296.8,307.8,1394,47.7,155,0,0,0,0,0,0,Low,6.6,621,10,18,2.79,5.59,6.72,63.8,78.4
1070,M15929,M,296.9,307.8,1840,24.6,157,0,0,0,0,0,0,Medium,7.3,869,12,463,2.33,6.95,4.4,69.2,53.1
1071,M15930,M,296.9,307.8,1477,37.2,160,0,0,0,0,0,0,Medium,9.4,893,7,534,1.32,5.56,6.07,50.1,62.6
1072,L48251,L,296.9,307.8,1425,49.1,163,0,0,0,0,0,0,Low,13.8,1124,20,272,1.66,5.33,7.19,44.2,83.0
1073,M15932,M,297.0,307.9,1414,46.2,165,0,0,0,0,0,0,Medium,9.1,912,20,205,2.67,5.7,6.68,54.3,99.1
1074,L48253,L,297.0,307.8,1414,47.5,168,0,0,0,0,0,0,Low,17.0,1355,19,187,2.69,6.39,6.81,52.1,83.9
1075,L48254,L,297.0,307.9,1595,31.7,170,0,0,0,0,0,0,Low,17.5,1132,23,118,3.25,5.77,5.42,32.3,69.9
1076,H30489,H,296.9,307.8,1345,54.5,172,0,0,0,0,0,0,High,9.4,778,16,609,1.24,7.0,8.02,49.8,59.3
1077,L48256,L,296.9,307.7,1653,35.9,177,0,0,0,0,0,0,Low,15.1,730,14,218,2.51,5.14,6.33,44.1,79.6
1078,L48257,L,296.8,307.6,1547,36.5,179,0,0,0,0,0,0,Low,10.7,471,7,36,1.81,5.83,6.01,50.1,78.9
1079,H30492,H,296.9,307.7,1656,30.8,181,0,0,0,0,0,0,High,13.8,1112,23,27,1.65,7.52,5.24,59.3,74.0
1080,L48259,L,297.0,307.7,1731,28.5,186,0,0,0,0,0,0,Low,9.2,711,13,109,2.61,6.29,5.05,22.1,53.1
1081,L48260,L,297.0,307.8,1774,28.0,188,0,0,0,0,0,0,Low,10.9,943,16,1,3.03,5.51,5.09,57.7,79.0
1082,L48261,L,297.0,307.8,1521,40.2,190,0,0,0,0,0,0,Low,11.1,1057,15,847,3.05,5.0,6.52,66.7,60.4
1083,H30496,H,297.1,307.9,1420,39.8,192,0,0,0,0,0,0,High,11.2,896,20,500,3.49,5.44,5.75,61.2,59.7
1084,L48263,L,297.0,307.8,1683,32.3,197,0,0,0,0,0,0,Low,8.6,990,15,17,2.19,5.97,5.84,43.2,83.0
1085,M15944,M,297.0,307.7,1498,47.1,199,0,0,0,0,0,0,Medium,15.5,1026,16,75,2.94,6.7,7.61,82.4,82.9
1086,L48265,L,297.0,307.8,1385,56.4,202,1,0,0,0,1,0,Low,19.3,1213,24,470,3.0,5.4,8.44,39.0,51.7
1087,L48266,L,297.0,307.9,1455,49.0,204,0,0,0,0,0,0,Low,12.9,1507,16,6,2.18,5.35,7.31,57.8,81.1
1088,H30501,H,296.9,307.8,1549,35.8,206,1,1,0,0,0,0,High,17.4,1577,19,95,3.43,5.9,5.55,81.6,88.1
1089,M15948,M,296.9,307.8,1392,43.9,0,0,0,0,0,0,0,Medium,6.9,31,11,126,2.21,7.07,6.4,48.0,78.1
1090,M15949,M,296.9,307.7,2008,17.5,3,0,0,0,0,0,0,Medium,2.8,5,1,90,2.53,6.59,3.59,51.5,81.6
1091,L48270,L,296.9,307.7,1464,41.4,6,0,0,0,0,0,0,Low,2.4,26,4,59,1.82,4.92,6.15,56.9,65.7
1092,L48271,L,297.0,307.7,1447,46.4,8,0,0,0,0,0,0,Low,2.1,33,4,446,1.49,5.94,6.93,63.6,61.6
1093,M15952,M,296.9,307.6,1685,32.0,10,0,0,0,0,0,0,Medium,1.9,42,1,908,2.01,6.23,5.81,93.5,60.4
1094,M15953,M,296.8,307.5,1443,39.2,13,0,0,0,0,0,0,Medium,3.3,26,1,8,1.6,5.96,5.67,59.4,78.0
1095,L48274,L,296.9,307.5,1354,44.4,16,0,0,0,0,0,0,Low,6.4,86,10,142,1.48,5.33,6.82,55.1,58.8
1096,L48275,L,296.9,307.5,2721,9.3,18,1,0,0,1,0,0,Low,1.0,75,0,122,3.91,6.44,2.72,61.5,75.9
1097,L48276,L,297.0,307.6,1680,35.8,20,0,0,0,0,0,0,Low,1.7,77,1,126,1.44,6.38,6.15,27.5,75.0
1098,H30511,H,296.9,307.5,1397,48.3,22,0,0,0,0,0,0,High,2.6,131,5,226,2.44,6.87,7.32,72.8,58.1
1099,M15958,M,296.9,307.4,1521,37.9,27,0,0,0,0,0,0,Medium,1.9,157,6,577,2.3,6.1,5.77,88.7,70.2
1100,M15959,M,296.8,307.4,1472,43.9,30,0,0,0,0,0,0,Medium,5.3,154,5,293,1.95,5.75,6.82,90.1,59.9
1101,H30514,H,296.8,307.5,1695,30.0,33,0,0,0,0,0,0,High,4.9,154,8,394,1.9,6.22,5.44,60.7,69.4
1102,H30515,H,296.7,307.5,1607,33.6,38,0,0,0,0,0,0,High,6.1,168,7,20,1.54,5.49,5.84,41.7,65.3
1103,L48282,L,296.8,307.5,1347,54.8,43,0,0,0,0,0,0,Low,1.7,179,2,205,1.9,6.58,7.67,47.0,67.0
1104,M15963,M,296.7,307.4,1540,38.7,45,0,0,0,0,0,0,Medium,6.0,208,7,82,1.78,7.01,5.9,54.2,70.1
1105,L48284,L,296.6,307.4,1389,42.7,48,0,0,0,0,0,0,Low,8.5,347,5,42,1.0,5.38,6.21,50.5,74.6
1106,M15965,M,296.6,307.5,1734,27.0,50,0,0,0,0,0,0,Medium,6.0,241,9,54,1.29,5.46,5.2,46.8,52.4
1107,L48286,L,296.7,307.6,1540,38.6,53,0,0,0,0,0,0,Low,6.0,407,3,684,1.01,6.95,6.01,45.0,67.3
1108,M15967,M,296.7,307.5,1515,42.1,55,0,0,0,0,0,0,Medium,5.2,350,7,465,1.29,6.5,6.44,43.3,77.3
1109,L48288,L,296.6,307.4,1504,45.8,58,0,0,0,0,0,0,Low,5.4,240,6,340,1.16,6.03,7.13,34.9,50.2
1110,L48289,L,296.6,307.5,1557,35.1,60,0,0,0,0,0,0,Low,5.5,287,5,186,0.89,5.09,5.88,60.7,87.1
1111,L48290,L,296.5,307.4,1292,52.5,62,0,0,0,0,0,0,Low,3.6,247,1,86,1.59,5.89,6.71,73.4,93.0
1112,H30525,H,296.5,307.4,1432,49.2,64,0,0,0,0,0,0,High,3.3,360,2,368,1.8,5.86,7.15,62.1,37.1
1113,M15972,M,296.5,307.4,1350,55.6,69,0,0,0,0,0,0,Medium,5.6,464,4,53,2.0,5.73,7.46,79.7,55.5
1114,M15973,M,296.6,307.4,1790,25.8,72,0,0,0,0,0,0,Medium,11.6,381,11,159,2.1,6.04,5.17,70.5,91.3
1115,H30528,H,296.4,307.3,1540,37.4,75,0,0,0,0,0,0,High,3.4,368,7,55,2.17,4.87,5.75,68.5,66.8
1116,M15975,M,296.4,307.3,2077,19.1,80,0,0,0,0,0,0,Medium,6.5,419,9,409,2.59,5.99,4.18,36.8,53.4
1117,L48296,L,296.4,307.3,1487,37.5,83,0,0,0,0,0,0,Low,10.0,342,7,270,0.84,6.16,5.64,41.5,76.3
1118,L48297,L,296.5,307.4,1523,40.7,85,0,0,0,0,0,0,Low,8.6,454,9,211,2.15,5.73,6.61,48.3,58.6
1119,L48298,L,296.5,307.5,1443,41.8,87,0,0,0,0,0,0,Low,8.7,407,9,39,1.43,6.74,6.61,50.9,76.6
1120,L48299,L,296.5,307.5,1340,59.1,89,0,0,0,0,0,0,Low,9.9,606,13,283,2.51,5.59,8.22,38.2,88.6
1121,H30534,H,296.6,307.7,1654,31.0,91,0,0,0,0,0,0,High,4.0,405,12,344,1.97,6.26,5.57,76.4,47.9
1122,L48301,L,296.6,307.6,1459,40.2,96,0,0,0,0,0,0,Low,10.6,516,12,138,1.63,6.8,6.32,76.9,74.0
1123,L48302,L,296.5,307.6,1541,38.5,98,0,0,0,0,0,0,Low,12.0,614,14,52,2.64,6.37,6.29,42.3,59.9
1124,H30537,H,296.6,307.7,1386,62.3,100,1,0,0,1,0,0,High,5.3,540,6,30,2.43,5.28,9.44,50.9,87.6
1125,M15984,M,296.7,307.8,1258,69.0,105,1,0,0,1,0,0,Medium,6.7,580,2,328,3.44,7.19,10.11,41.4,69.3
1126,M15985,M,296.7,307.8,1375,51.4,108,0,0,0,0,0,0,Medium,7.9,618,9,508,1.99,5.98,7.86,42.8,71.1
1127,L48306,L,296.8,307.9,1706,30.8,111,0,0,0,0,0,0,Low,4.8,354,9,260,1.89,6.51,5.06,71.8,65.7
1128,M15987,M,296.7,307.8,1672,32.4,113,0,0,0,0,0,0,Medium,6.4,603,5,438,1.59,6.1,5.28,41.3,81.3
1129,M15988,M,296.8,307.9,1843,25.2,116,0,0,0,0,0,0,Medium,7.0,661,8,637,1.15,6.66,4.84,58.2,47.0
1130,L48309,L,296.7,307.9,1690,29.6,119,0,0,0,0,0,0,Low,12.9,1039,10,22,2.16,6.51,4.71,15.0,85.1
1131,L48310,L,296.8,307.9,1413,46.5,121,0,0,0,0,0,0,Low,11.5,755,14,616,2.15,5.85,6.83,81.0,81.9
1132,L48311,L,296.8,307.9,1489,33.4,123,0,0,0,0,0,0,Low,6.9,653,11,335,0.2,5.78,4.81,56.2,83.9
1133,L48312,L,296.8,307.9,1271,61.4,125,0,0,0,0,0,0,Low,11.6,770,13,213,2.45,6.42,8.24,68.0,87.3
1134,M15993,M,296.8,307.9,1418,47.9,127,0,0,0,0,0,0,Medium,5.5,440,5,49,1.86,5.81,7.25,59.5,67.3
1135,M15994,M,296.9,307.8,1426,50.7,130,0,0,0,0,0,0,Medium,6.7,704,6,39,1.93,6.62,7.51,59.8,78.7
1136,L48315,L,296.9,307.9,1535,39.2,133,0,0,0,0,0,0,Low,7.9,549,13,498,1.87,6.88,6.19,43.0,89.9
1137,L48316,L,296.9,307.8,1557,38.1,135,0,0,0,0,0,0,Low,8.2,665,13,35,1.43,6.24,5.99,38.8,89.9
1138,L48317,L,296.9,307.8,1653,29.7,137,0,0,0,0,0,0,Low,9.3,707,10,117,1.96,5.74,5.16,24.8,85.0
1139,L48318,L,296.9,307.9,1435,41.6,139,0,0,0,0,0,0,Low,10.0,801,8,104,2.68,6.53,5.87,82.4,78.3
1140,M15999,M,297.0,307.9,1569,33.3,141,0,0,0,0,0,0,Medium,9.4,752,10,607,0.78,6.72,5.22,75.2,45.2
1141,M16000,M,296.9,307.9,1385,44.8,144,0,0,0,0,0,0,Medium,6.5,484,7,249,2.16,5.83,6.63,74.1,44.8
1142,L48321,L,297.0,307.9,1635,31.6,147,0,0,0,0,0,0,Low,16.6,1378,28,575,1.77,5.46,5.31,50.0,75.2
1143,L48322,L,296.9,307.9,1423,43.9,149,0,0,0,0,0,0,Low,14.9,1304,18,352,1.58,5.38,6.39,66.0,62.8
1144,L48323,L,297.0,307.9,1479,39.2,151,0,0,0,0,0,0,Low,9.9,953,4,36,2.6,5.45,6.36,44.9,85.0
1145,L48324,L,297.0,307.9,1296,69.1,153,1,0,0,1,0,0,Low,8.5,789,11,511,3.24,6.23,9.35,73.1,61.6
1146,L48325,L,297.0,307.8,1553,33.3,155,0,0,0,0,0,0,Low,6.1,668,9,237,1.84,6.55,5.28,53.3,67.0
1147,L48326,L,297.0,307.9,1529,42.2,157,0,0,0,0,0,0,Low,6.5,700,10,375,2.04,5.19,6.98,48.7,55.0
1148,M16007,M,297.1,308.0,1690,25.6,159,0,0,0,0,0,0,Medium,10.0,924,10,420,1.57,6.41,4.32,41.5,49.5
1149,L48328,L,297.1,308.0,1348,58.0,162,0,0,0,0,0,0,Low,9.9,626,9,32,3.54,6.6,6.88,52.5,100.0
1150,L48329,L,297.2,308.1,1446,38.5,164,0,0,0,0,0,0,Low,6.7,656,7,418,2.34,7.03,6.23,39.0,63.6
1151,L48330,L,297.1,307.9,1456,50.0,166,0,0,0,0,0,0,Low,11.0,812,12,364,2.05,5.81,7.17,31.8,70.2
1152,L48331,L,297.0,307.9,1350,47.7,168,0,0,0,0,0,0,Low,9.0,722,8,152,2.07,7.0,7.3,48.2,89.7
1153,L48332,L,297.1,307.9,1507,38.3,170,0,0,0,0,0,0,Low,8.2,823,8,874,2.15,6.11,5.87,60.3,74.2
1154,H30567,H,297.0,307.9,1448,45.6,172,0,0,0,0,0,0,High,11.5,1052,14,236,2.84,5.82,6.26,49.9,65.0
1155,L48334,L,296.9,307.9,1626,29.9,177,0,0,0,0,0,0,Low,8.9,742,11,365,1.87,5.49,4.85,41.7,65.6
1156,H30569,H,297.0,307.9,1846,27.3,179,0,0,0,0,0,0,High,9.0,920,14,48,2.3,5.87,5.37,95.0,68.9
1157,H30570,H,297.0,307.8,1404,40.7,184,0,0,0,0,0,0,High,11.8,938,16,129,2.65,5.38,6.45,48.5,69.8
1158,L48337,L,297.0,307.8,1583,37.2,189,0,0,0,0,0,0,Low,10.6,678,9,95,2.18,5.81,6.44,74.2,75.8
1159,L48338,L,297.0,307.9,1436,47.7,191,0,0,0,0,0,0,Low,18.0,1910,25,330,2.49,5.64,7.53,24.9,71.5
1160,L48339,L,297.0,307.8,1609,35.6,193,0,0,0,0,0,0,Low,13.2,1471,17,27,2.81,4.9,5.62,15.0,86.4
1161,H30574,H,297.0,307.7,1834,23.8,195,0,0,0,0,0,0,High,16.6,1378,14,58,2.06,6.21,4.76,77.0,66.3
1162,L48341,L,297.0,307.8,1316,61.2,200,1,0,0,0,1,0,Low,10.9,1233,9,1089,4.02,6.3,8.33,59.1,44.8
1163,L48342,L,296.9,307.8,1400,57.1,202,1,0,0,0,1,0,Low,12.5,1110,13,46,2.93,5.85,9.1,68.6,66.0
1164,L48343,L,296.9,307.9,1367,47.1,204,0,0,0,0,0,0,Low,14.5,1594,22,398,4.03,6.32,6.89,63.8,80.1
1165,L48344,L,297.1,308.1,1754,30.3,206,0,0,0,0,0,0,Low,12.1,1349,14,164,4.16,6.23,5.67,31.4,72.7
1166,L48345,L,297.1,308.1,1487,34.6,208,0,0,0,0,0,0,Low,13.0,1352,16,31,3.51,5.18,5.01,58.9,94.0
1167,M16026,M,297.1,308.1,1506,37.7,210,0,0,0,0,0,0,Medium,7.4,564,6,96,2.25,6.2,6.13,71.4,76.0
1168,L48347,L,297.0,308.1,1362,52.5,213,1,0,0,0,1,0,Low,7.1,721,4,359,2.64,6.23,7.26,28.7,80.3
1169,L48348,L,297.1,308.1,1584,36.8,215,0,0,0,0,0,0,Low,11.2,1256,12,10,2.77,5.82,6.31,48.7,88.1
1170,L48349,L,297.0,308.1,1355,43.7,217,0,0,0,0,0,0,Low,10.8,1243,15,334,3.4,4.95,6.14,64.1,66.8
1171,M16030,M,297.1,308.1,1823,24.3,219,0,0,0,0,0,0,Medium,20.2,1564,14,189,3.84,7.83,4.52,38.9,73.3
1172,H30585,H,297.0,308.1,1517,41.4,222,0,0,0,0,0,0,High,19.0,1868,27,85,2.8,5.73,6.74,70.2,65.6
1173,L48352,L,297.1,308.1,1446,36.6,227,0,0,0,0,0,0,Low,11.6,1238,12,93,1.49,5.67,5.58,42.3,65.4
1174,H30587,H,297.1,308.0,1559,38.8,229,0,0,0,0,0,0,High,16.6,1567,20,566,3.17,6.15,5.94,22.8,62.1
1175,M16034,M,297.1,308.1,1352,44.4,0,0,0,0,0,0,0,Medium,2.7,5,3,179,0.69,5.78,6.76,60.7,77.1
1176,M16035,M,297.2,308.3,1578,37.8,3,0,0,0,0,0,0,Medium,4.3,5,7,70,1.79,5.51,6.18,70.9,69.1
1177,M16036,M,297.2,308.3,1429,42.0,6,0,0,0,0,0,0,Medium,2.5,40,3,366,1.49,6.69,6.55,76.2,67.1
1178,M16037,M,297.2,308.3,1604,39.4,9,0,0,0,0,0,0,Medium,5.3,61,6,101,1.05,5.1,6.58,81.6,62.2
1179,L48358,L,297.3,308.5,1398,60.4,12,0,0,0,0,0,0,Low,2.3,93,3,259,3.49,5.55,8.45,31.5,79.8
1180,L48359,L,297.3,308.4,1441,43.4,14,0,0,0,0,0,0,Low,3.5,61,0,204,1.62,5.61,6.48,54.8,60.0
1181,H30594,H,297.3,308.4,1531,35.6,16,0,0,0,0,0,0,High,5.5,109,4,149,1.97,6.19,5.87,72.5,87.3
1182,L48361,L,297.2,308.3,1379,52.1,21,0,0,0,0,0,0,Low,3.7,67,4,268,2.64,6.87,8.43,65.0,61.7
1183,L48362,L,297.3,308.3,1410,48.1,23,0,0,0,0,0,0,Low,9.9,156,8,202,1.35,5.34,7.46,50.1,77.6
1184,L48363,L,297.3,308.4,1513,40.5,25,0,0,0,0,0,0,Low,5.1,105,6,534,1.68,6.0,6.24,79.5,62.6
1185,L48364,L,297.3,308.5,1497,47.5,27,0,0,0,0,0,0,Low,4.6,136,3,251,0.91,4.98,6.88,65.0,65.5
1186,L48365,L,297.3,308.4,1491,46.5,29,0,0,0,0,0,0,Low,3.7,213,4,86,1.66,5.5,7.27,73.5,70.7
1187,L48366,L,297.3,308.4,1417,47.8,31,0,0,0,0,0,0,Low,4.6,190,6,1500,1.36,5.93,7.11,35.7,52.4
1188,M16047,M,297.4,308.6,1522,38.0,33,0,0,0,0,0,0,Medium,7.0,144,7,159,1.48,6.13,6.36,49.2,60.6
1189,L48368,L,297.3,308.4,1339,52.1,36,0,0,0,0,0,0,Low,2.9,143,9,200,1.92,4.67,7.79,44.5,65.8
1190,M16049,M,297.2,308.3,1794,27.5,38,0,0,0,0,0,0,Medium,3.0,218,4,72,1.5,5.15,5.33,54.1,100.0
1191,L48370,L,297.2,308.4,1460,42.1,41,0,0,0,0,0,0,Low,2.3,71,3,55,2.06,6.33,6.74,49.8,98.4
1192,M16051,M,297.2,308.3,1776,28.0,43,0,0,0,0,0,0,Medium,3.0,161,1,89,2.25,6.37,5.16,74.8,79.9
1193,M16052,M,297.2,308.3,1431,43.7,46,0,0,0,0,0,0,Medium,5.7,229,5,451,1.52,5.62,6.83,44.6,64.5
1194,L48373,L,297.1,308.2,1347,50.8,49,0,0,0,0,0,0,Low,10.0,244,10,594,3.47,5.71,7.28,51.4,74.5
1195,M16054,M,297.0,308.1,1507,43.1,51,0,0,0,0,0,0,Medium,1.9,154,2,94,0.89,5.58,7.48,66.8,65.3
1196,M16055,M,297.0,308.0,1408,47.9,54,0,0,0,0,0,0,Medium,4.0,160,3,151,1.04,6.8,7.14,36.0,92.2
1197,M16056,M,297.0,307.9,1493,34.7,57,0,0,0,0,0,0,Medium,4.5,407,5,15,2.38,6.39,5.37,52.8,98.0
1198,M16057,M,296.9,307.9,1441,47.6,60,0,0,0,0,0,0,Medium,6.5,383,11,445,2.33,6.96,7.46,57.8,78.4
1199,H30612,H,296.9,307.9,1557,36.5,63,0,0,0,0,0,0,High,5.4,219,11,397,2.28,6.75,6.41,48.5,67.0
1200,M16059,M,296.9,307.9,1979,20.4,68,0,0,0,0,0,0,Medium,5.6,469,5,4,3.14,5.86,4.4,47.7,63.9
1201,M16060,M,296.9,308.0,1430,55.9,71,0,0,0,0,0,0,Medium,8.2,510,6,312,3.03,5.92,8.55,59.5,54.8
1202,L48381,L,296.9,308.0,1658,41.0,74,0,0,0,0,0,0,Low,5.0,429,4,85,1.27,6.09,7.1,41.9,83.1
1203,M16062,M,297.0,308.1,1355,51.4,76,0,0,0,0,0,0,Medium,4.3,335,6,947,1.89,6.01,6.97,58.7,60.5
1204,H30617,H,297.0,308.1,1410,47.6,79,0,0,0,0,0,0,High,4.6,398,5,11,2.21,6.41,7.44,47.9,87.0
1205,L48384,L,296.9,308.0,1521,34.5,84,0,0,0,0,0,0,Low,6.1,522,7,231,0.74,6.25,5.82,58.7,76.8
1206,L48385,L,296.8,308.0,1371,54.5,86,0,0,0,0,0,0,Low,7.0,543,5,249,1.71,6.72,7.0,65.5,94.5
1207,H30620,H,296.9,308.0,1318,53.5,88,0,0,0,0,0,0,High,6.6,518,11,329,3.15,5.58,7.07,61.7,76.6
1208,M16067,M,297.0,308.1,1573,34.9,93,0,0,0,0,0,0,Medium,8.1,629,9,128,0.92,6.22,5.96,50.9,62.3
1209,L48388,L,297.0,308.1,1489,44.1,96,0,0,0,0,0,0,Low,6.3,305,9,20,1.91,5.74,6.7,90.8,68.3
1210,H30623,H,297.0,308.1,2540,13.3,98,0,0,0,0,0,0,High,7.1,503,8,197,3.2,6.48,3.64,63.3,89.7
1211,L48390,L,297.0,308.1,1537,39.0,103,0,0,0,0,0,0,Low,10.7,442,15,162,1.84,4.79,5.97,40.9,74.9
1212,H30625,H,296.9,308.0,1416,46.9,105,0,0,0,0,0,0,High,8.0,640,10,210,1.0,6.42,6.66,66.4,74.7
1213,L48392,L,296.9,307.9,1359,56.5,110,0,0,0,0,0,0,Low,9.9,661,10,98,2.53,5.45,7.58,49.7,57.7
1214,M16073,M,296.8,307.8,1551,38.9,112,0,0,0,0,0,0,Medium,6.4,697,12,25,0.57,5.96,6.28,63.9,67.5
1215,M16074,M,296.8,307.8,1694,33.0,115,0,0,0,0,0,0,Medium,12.5,1148,12,242,1.62,6.07,5.85,60.4,94.8
1216,L48395,L,296.8,307.9,1709,28.4,118,0,0,0,0,0,0,Low,9.3,838,15,218,1.76,5.5,4.77,58.0,79.8
1217,L48396,L,296.9,308.0,1514,41.0,120,0,0,0,0,0,0,Low,10.8,1037,13,114,1.67,5.71,6.16,62.0,82.9
1218,L48397,L,297.0,308.1,1455,43.5,122,0,0,0,0,0,0,Low,15.5,1171,19,42,2.31,6.17,6.49,36.6,66.1
1219,M16078,M,297.0,308.2,1702,30.7,124,0,0,0,0,0,0,Medium,16.0,857,19,387,1.31,5.82,5.38,44.2,56.3
1220,M16079,M,296.9,308.1,1357,41.8,127,0,0,0,0,0,0,Medium,7.7,462,12,292,2.05,6.2,5.71,45.7,66.8
1221,L48400,L,297.0,308.2,1577,29.4,130,0,0,0,0,0,0,Low,6.1,684,8,98,2.48,6.54,5.0,48.0,77.8
1222,M16081,M,297.0,308.3,1399,46.4,132,0,0,0,0,0,1,Medium,6.1,534,8,226,1.31,5.9,6.65,77.4,62.3
1223,L48402,L,297.0,308.3,1399,59.0,135,0,0,0,0,0,0,Low,5.7,609,4,313,1.43,6.65,8.71,62.6,67.1
1224,L48403,L,297.0,308.3,1492,48.1,137,0,0,0,0,0,0,Low,7.4,544,7,56,1.72,5.43,7.67,59.8,76.5
1225,L48404,L,297.1,308.3,1763,25.7,139,0,0,0,0,0,0,Low,11.6,971,14,78,2.76,7.2,4.53,54.2,52.9
1226,H30639,H,297.1,308.3,1492,41.5,141,0,0,0,0,0,0,High,6.0,659,5,570,2.42,5.23,6.65,89.6,71.5
1227,L48406,L,297.1,308.4,1488,42.5,146,0,0,0,0,0,0,Low,11.9,652,18,226,1.34,5.56,6.67,45.4,57.9
1228,L48407,L,297.1,308.4,1422,42.1,148,0,0,0,0,0,0,Low,8.3,895,11,333,1.87,6.67,6.29,67.9,81.1
1229,M16088,M,297.1,308.4,1583,38.2,150,0,0,0,0,0,0,Medium,9.2,698,7,590,2.38,6.4,6.07,68.4,55.8
1230,L48409,L,297.1,308.4,1304,53.5,153,0,0,0,0,0,0,Low,11.8,661,19,296,3.03,6.31,7.64,67.1,52.6
1231,M16090,M,297.1,308.4,1880,23.5,155,0,0,0,0,0,0,Medium,10.5,915,10,80,2.93,5.91,4.25,49.5,57.0
1232,M16091,M,297.2,308.5,1604,40.7,158,0,0,0,0,0,0,Medium,10.6,1104,11,338,2.94,5.53,6.79,39.6,49.8
1233,L48412,L,297.2,308.6,1500,37.1,161,0,0,0,0,0,0,Low,10.3,1083,12,10,2.45,5.16,5.58,61.5,60.3
1234,M16093,M,297.2,308.5,1364,55.6,163,0,0,0,0,0,0,Medium,9.9,832,12,176,2.65,6.4,7.77,56.5,65.0
1235,H30648,H,297.2,308.5,2440,14.0,166,0,0,0,0,0,0,High,11.0,796,12,32,3.71,6.32,3.32,51.7,85.7
1236,H30649,H,297.1,308.4,1654,31.4,171,0,0,0,0,0,0,High,12.3,1090,10,172,2.5,6.26,5.24,48.9,40.9
1237,H30650,H,297.1,308.4,1359,46.6,176,0,0,0,0,0,0,High,8.8,906,7,295,2.83,5.91,6.26,67.6,56.9
1238,M16097,M,297.1,308.4,1502,37.3,181,0,0,0,0,0,0,Medium,8.9,801,10,72,1.42,7.01,5.42,52.5,99.3
1239,M16098,M,297.1,308.4,1615,32.6,184,0,0,0,0,0,0,Medium,7.7,784,9,389,2.14,6.28,5.66,41.3,61.3
1240,H30653,H,297.2,308.5,1482,39.3,187,0,0,0,0,0,0,High,6.7,671,7,204,2.57,6.09,5.88,93.4,77.2
1241,L48420,L,297.2,308.6,1636,31.3,192,0,0,0,0,0,0,Low,7.1,727,3,356,3.18,6.17,5.3,76.6,74.0
1242,M16101,M,297.1,308.5,1621,32.4,194,0,0,0,0,0,0,Medium,12.5,1277,14,200,3.22,7.17,5.59,49.0,62.5
1243,L48422,L,297.1,308.4,1468,44.4,197,0,0,0,0,0,0,Low,8.1,682,12,112,1.21,5.55,6.92,82.0,67.0
1244,M16103,M,297.1,308.4,1432,53.4,199,0,0,0,0,0,0,Medium,12.6,1189,10,303,3.84,5.61,7.94,34.2,81.4
1245,L48424,L,297.1,308.4,1726,28.4,202,0,0,0,0,0,0,Low,9.9,807,3,548,3.03,6.05,4.95,37.1,82.1
1246,M16105,M,297.1,308.4,1588,33.4,204,0,0,0,0,0,0,Medium,9.7,1002,12,205,1.85,5.95,5.44,47.7,51.9
1247,H30660,H,297.2,308.5,1653,33.3,207,0,0,0,0,0,0,High,12.7,1225,15,361,2.5,6.43,5.81,75.6,81.7
1248,L48427,L,297.2,308.5,1513,42.9,212,0,0,0,0,0,0,Low,17.0,1722,27,95,1.83,6.07,7.15,45.2,50.9
1249,L48428,L,297.2,308.6,1489,40.2,214,0,0,0,0,0,0,Low,15.2,1177,17,309,2.97,6.45,5.53,68.2,80.5
1250,L48429,L,297.3,308.7,1467,36.8,216,0,0,0,0,0,0,Low,14.4,1659,16,224,2.56,6.7,5.76,41.1,83.8
1251,L48430,L,297.3,308.7,1549,36.1,218,0,0,0,0,0,0,Low,8.1,891,8,83,2.61,5.91,5.5,57.9,77.2
1252,M16111,M,297.4,308.8,1359,48.7,220,0,0,0,0,0,0,Medium,10.5,821,19,49,4.55,7.06,6.75,58.3,72.7
1253,L48432,L,297.5,308.8,1533,41.5,223,0,0,0,0,0,0,Low,16.0,1446,17,284,3.29,5.98,6.58,45.3,87.6
1254,L48433,L,297.5,308.8,1309,57.3,0,0,0,0,0,0,0,Low,3.9,28,6,42,2.88,6.47,7.8,62.6,68.5
1255,H30668,H,297.5,308.8,1430,49.4,2,0,0,0,0,0,0,High,3.8,21,3,192,1.74,6.0,7.16,41.6,74.8
1256,H30669,H,297.5,308.9,1419,50.7,7,0,0,0,0,0,0,High,1.0,53,1,221,1.97,5.4,7.96,37.1,62.7
1257,M16116,M,297.5,308.9,1535,37.7,12,0,0,0,0,0,0,Medium,8.1,8,8,106,1.52,5.81,6.23,47.0,90.0
1258,L48437,L,297.5,308.9,1466,43.0,15,0,0,0,0,0,0,Low,5.6,72,5,51,2.13,7.02,6.44,37.8,74.1
1259,L48438,L,297.5,308.9,1427,50.4,17,0,0,0,0,0,0,Low,1.0,52,1,501,2.5,5.17,8.12,36.3,73.1
1260,M16119,M,297.5,308.9,1280,48.5,19,0,0,0,0,0,0,Medium,3.2,143,7,1128,1.91,6.77,6.26,80.5,25.2
1261,L48440,L,297.6,309.0,1528,33.8,22,0,0,0,0,0,0,Low,2.6,78,5,67,1.04,4.92,5.19,52.0,68.0
1262,H30675,H,297.6,309.0,1885,25.2,24,0,0,0,0,0,0,High,3.4,130,5,83,2.94,6.08,4.99,52.6,63.3
1263,H30676,H,297.8,309.2,1648,33.0,29,0,0,0,0,0,0,High,2.8,131,2,13,1.82,6.71,5.52,51.0,63.9
1264,L48443,L,297.8,309.2,1400,56.9,34,0,0,0,0,0,0,Low,2.8,229,3,460,1.17,5.15,8.5,47.6,75.0
1265,M16124,M,297.8,309.3,2243,15.7,36,0,0,0,0,0,0,Medium,4.3,188,3,9,4.18,5.44,3.63,17.2,62.6
1266,L48445,L,297.9,309.4,1558,35.7,39,0,0,0,0,0,0,Low,7.6,232,6,143,1.82,6.78,5.91,69.6,72.2
1267,L48446,L,298.0,309.6,1633,34.8,41,0,0,0,0,0,0,Low,3.5,223,4,7,1.78,5.65,5.68,86.3,100.0
1268,M16127,M,298.1,309.6,1549,38.7,43,0,0,0,0,0,0,Medium,4.4,151,9,108,0.47,5.87,6.84,47.6,71.7
1269,L48448,L,298.0,309.5,1496,45.8,46,0,0,0,0,0,0,Low,3.6,149,2,51,2.19,5.85,6.99,56.9,57.1
1270,L48449,L,298.1,309.5,1467,41.8,48,0,0,0,0,0,0,Low,5.6,237,5,183,0.67,5.24,6.87,59.3,84.8
1271,M16130,M,298.0,309.4,1276,65.9,50,0,0,0,0,0,0,Medium,3.8,196,6,296,3.78,6.26,8.2,48.4,63.4
1272,H30685,H,298.0,309.4,1490,40.5,53,0,0,0,0,0,0,High,3.3,217,6,846,0.2,6.81,6.88,46.4,56.0
1273,H30686,H,298.0,309.4,1562,38.1,58,0,0,0,0,0,0,High,4.4,318,7,283,2.11,6.12,6.18,60.6,52.7
1274,L48453,L,298.1,309.4,1397,48.2,63,0,0,0,0,0,0,Low,7.9,288,10,165,2.73,6.79,6.96,35.0,88.7
1275,H30688,H,298.1,309.5,1530,40.2,65,0,0,0,0,0,0,High,5.9,397,5,352,1.7,5.84,5.62,68.2,82.3
1276,M16135,M,298.1,309.4,1362,47.6,70,0,0,0,0,0,0,Medium,5.9,402,7,280,1.86,6.2,6.33,47.8,78.8
1277,M16136,M,298.2,309.4,1693,34.4,73,0,0,0,0,0,0,Medium,9.4,489,9,170,2.0,6.56,5.8,21.8,89.1
1278,M16137,M,298.2,309.4,1408,46.5,76,0,0,0,0,0,0,Medium,8.4,287,11,203,0.67,6.14,6.46,38.7,76.9
1279,L48458,L,298.2,309.4,1398,52.9,79,0,0,0,0,0,0,Low,3.5,388,6,174,1.72,5.43,7.97,50.0,60.1
1280,M16139,M,298.3,309.6,1531,40.1,81,0,0,0,0,0,0,Medium,4.7,484,2,668,1.73,5.56,6.27,68.1,49.5
1281,H30694,H,298.3,309.5,1521,37.1,84,0,0,0,0,0,0,High,7.0,322,6,95,2.06,6.04,5.9,75.4,72.8
1282,H30695,H,298.3,309.5,1427,54.3,89,0,0,0,0,0,0,High,9.3,796,14,1,2.65,6.56,8.18,67.1,75.9
1283,L48462,L,298.3,309.4,1546,36.1,94,0,0,0,0,0,0,Low,12.9,815,18,12,0.97,5.89,4.9,61.5,73.9
1284,L48463,L,298.3,309.4,1356,45.4,96,0,0,0,0,0,0,Low,3.8,390,2,96,2.14,6.62,6.34,67.2,48.6
1285,L48464,L,298.4,309.5,2153,15.3,98,1,0,0,1,0,0,Low,7.1,504,9,136,2.97,7.02,3.8,45.6,76.0
1286,M16145,M,298.5,309.6,1492,41.7,100,0,0,0,0,0,0,Medium,7.7,466,10,669,0.28,6.69,6.85,63.7,44.6
1287,L48466,L,298.5,309.6,1582,40.3,103,0,0,0,0,0,0,Low,8.5,781,13,87,0.71,5.74,6.82,72.1,83.6
1288,L48467,L,298.5,309.6,1419,41.5,105,0,0,0,0,0,0,Low,8.9,569,8,9,2.06,5.83,6.19,42.4,59.6
1289,M16148,M,298.5,309.6,1441,48.2,107,0,0,0,0,0,0,Medium,7.5,377,6,362,1.82,6.85,7.77,43.5,79.7
1290,M16149,M,298.6,309.7,1635,32.2,110,0,0,0,0,0,0,Medium,5.9,430,5,194,2.4,6.14,5.66,47.9,73.5
1291,L48470,L,298.6,309.7,1429,45.8,113,0,0,0,0,0,0,Low,7.4,618,6,147,2.87,6.05,6.78,32.8,61.4
1292,M16151,M,298.6,309.7,1675,28.4,115,0,0,0,0,0,0,Medium,10.0,636,14,75,2.55,5.85,5.06,73.8,79.2
1293,M16152,M,298.7,309.7,1868,23.8,118,0,0,0,0,0,0,Medium,8.4,655,11,13,1.79,5.43,4.83,47.2,91.6
1294,H30707,H,298.7,309.8,1582,33.4,121,0,0,0,0,0,0,High,12.5,1069,10,301,1.38,5.4,5.87,30.5,72.8
1295,L48474,L,298.8,309.9,1486,40.3,126,0,0,0,0,0,0,Low,8.3,654,11,621,1.45,5.73,5.82,19.8,49.9
1296,L48475,L,298.7,309.8,1402,54.3,128,0,0,0,0,0,0,Low,7.4,551,10,715,2.47,5.79,8.01,78.2,55.3
1297,L48476,L,298.7,309.9,1621,34.1,130,0,0,0,0,0,0,Low,10.6,1008,19,6,2.43,6.34,6.06,70.6,70.2
1298,L48477,L,298.8,309.9,1428,42.4,132,0,0,0,0,0,0,Low,10.4,800,11,404,0.53,5.81,6.14,42.8,57.6
1299,M16158,M,298.7,309.8,1343,53.6,134,0,0,0,0,0,0,Medium,8.8,908,13,7,2.23,6.07,7.45,65.3,54.0
1300,M16159,M,298.7,309.9,1458,40.2,137,0,0,0,0,0,0,Medium,8.4,946,6,1214,2.17,5.75,6.63,37.6,73.5
1301,L48480,L,298.7,309.8,1322,57.0,140,0,0,0,0,0,0,Low,8.7,747,11,293,3.18,5.87,7.97,54.0,60.3
1302,L48481,L,298.7,309.9,1483,32.8,142,0,0,0,0,0,0,Low,16.9,1292,17,164,2.45,6.15,4.89,43.7,51.0
1303,L48482,L,298.6,309.8,1505,45.7,144,0,0,0,0,0,1,Low,8.4,660,8,574,0.88,4.39,6.67,37.6,48.0
1304,L48483,L,298.7,309.9,1593,42.5,146,0,0,0,0,0,0,Low,6.8,570,3,459,0.88,6.81,7.04,68.5,55.9
1305,L48484,L,298.8,310.0,2098,19.6,148,0,0,0,0,0,0,Low,8.5,798,12,290,3.03,5.83,4.17,60.6,30.3
1306,L48485,L,298.8,310.0,1672,30.4,150,0,0,0,0,0,0,Low,14.1,1479,13,65,3.13,5.37,5.65,49.8,82.9
1307,L48486,L,298.8,310.0,1487,41.4,152,0,0,0,0,0,0,Low,8.6,1017,11,341,2.0,5.32,6.2,65.7,75.0
1308,L48487,L,298.8,310.0,1423,42.1,154,0,0,0,0,0,0,Low,10.4,582,16,7,1.86,6.05,6.54,57.0,77.3
1309,L48488,L,298.9,310.1,1750,25.0,156,0,0,0,0,0,0,Low,15.1,1617,18,158,1.58,4.2,4.57,43.4,56.7
1310,L48489,L,298.9,310.2,1654,31.1,158,0,0,0,0,0,0,Low,10.3,931,9,266,1.75,6.72,5.25,40.8,79.2
1311,L48490,L,298.9,310.2,1498,50.2,160,0,0,0,0,0,0,Low,11.5,1142,9,844,1.81,5.55,7.75,67.1,54.3
1312,L48491,L,298.9,310.1,1587,30.2,162,0,0,0,0,0,0,Low,7.3,710,7,130,1.97,6.74,5.32,56.8,88.7
1313,L48492,L,298.9,310.1,1473,42.6,164,0,0,0,0,0,0,Low,14.1,1006,16,438,1.67,6.36,6.82,51.1,40.4
1314,L48493,L,298.9,310.2,1359,56.9,166,0,0,0,0,0,0,Low,7.6,794,3,736,3.15,6.01,8.17,51.5,49.0
1315,M16174,M,299.0,310.3,1635,34.5,168,0,0,0,0,0,0,Medium,10.0,734,15,650,3.06,6.44,5.72,71.8,48.8
1316,L48495,L,299.0,310.3,1520,45.0,171,0,0,0,0,0,0,Low,5.4,565,4,308,2.13,5.64,7.41,65.7,53.6
1317,L48496,L,299.0,310.3,1507,36.7,173,0,0,0,0,0,0,Low,9.7,895,10,76,1.85,5.81,5.82,54.1,79.6
1318,L48497,L,299.0,310.3,1428,46.3,175,0,0,0,0,0,0,Low,11.9,799,17,39,2.05,7.12,6.77,89.5,88.5
1319,M16178,M,299.0,310.3,1582,33.3,177,0,0,0,0,0,0,Medium,12.9,1342,23,147,3.4,6.35,5.25,54.8,81.1
1320,L48499,L,299.0,310.3,1929,24.4,180,0,0,0,0,0,0,Low,10.0,763,16,110,2.28,6.44,4.78,63.0,72.9
1321,M16180,M,299.0,310.3,1540,38.1,182,0,0,0,0,0,0,Medium,10.9,1113,11,301,2.45,5.98,5.8,66.3,72.1
1322,L48501,L,298.9,310.2,1362,53.0,185,0,0,0,0,0,0,Low,11.0,1089,14,187,2.21,5.51,7.24,29.3,77.8
1323,H30736,H,298.9,310.1,1452,49.9,187,0,0,0,0,0,0,High,12.5,995,6,4,1.61,5.94,8.6,51.4,64.1
1324,L48503,L,298.9,310.1,1361,51.7,192,0,0,0,0,0,0,Low,16.5,1538,13,1,2.67,5.34,6.68,53.3,77.3
1325,M16184,M,298.8,310.1,1243,74.5,194,1,0,0,1,1,0,Medium,14.2,969,25,53,4.14,5.24,10.11,18.6,72.1
1326,H30739,H,298.8,310.1,1567,36.8,197,0,0,0,0,0,0,High,8.6,832,9,100,2.07,6.02,6.18,59.8,52.1
1327,L48506,L,298.9,310.2,1411,46.5,202,0,0,0,0,0,0,Low,11.4,980,19,97,2.21,5.57,6.32,27.8,99.5
1328,L48507,L,298.8,310.2,1814,26.8,204,0,0,0,0,0,0,Low,15.9,1585,16,80,2.39,6.21,5.3,95.0,77.9
1329,M16188,M,298.8,310.1,1719,28.8,206,0,0,0,0,0,0,Medium,12.6,1120,15,209,2.83,5.59,5.72,67.1,58.6
1330,H30743,H,298.8,310.2,1663,30.4,209,0,0,0,0,0,0,High,12.4,897,10,864,2.84,4.89,5.29,41.8,52.1
1331,L48510,L,298.9,310.2,1696,30.2,214,0,0,0,0,0,0,Low,16.6,1819,15,29,3.94,6.38,5.61,89.5,80.5
1332,H30745,H,298.9,310.2,1771,26.8,216,0,0,0,0,0,0,High,15.2,1447,17,106,3.75,6.33,4.93,72.4,76.0
1333,L48512,L,299.0,310.3,1868,24.0,221,0,0,0,0,0,0,Low,13.7,957,18,164,3.42,6.24,4.79,64.7,69.7
1334,M16193,M,299.0,310.3,1558,35.4,223,0,0,0,0,0,0,Medium,11.8,1098,17,432,2.21,5.74,5.23,61.5,84.2
1335,L48514,L,299.0,310.4,1365,49.1,226,1,0,0,0,1,0,Low,13.1,1068,14,34,2.58,6.74,7.02,50.7,70.4
1336,L48515,L,299.0,310.4,1371,53.8,228,1,0,0,0,1,0,Low,6.3,713,5,896,3.86,5.98,7.73,51.8,66.4
1337,L48516,L,298.9,310.3,1583,32.6,230,0,0,0,0,0,0,Low,11.5,1052,12,171,4.49,6.03,5.28,64.1,84.0
1338,H30751,H,298.7,310.2,1613,36.0,0,0,0,0,0,0,0,High,2.0,30,0,179,1.54,6.29,6.52,86.9,82.4
1339,L48518,L,298.6,310.1,1721,27.2,5,0,0,0,0,0,0,Low,3.7,8,2,46,0.81,5.2,4.89,67.3,70.2
1340,M16199,M,298.6,310.2,1668,31.5,7,0,0,0,0,0,0,Medium,3.5,46,4,142,2.18,5.96,5.46,81.2,56.5
1341,L48520,L,298.6,310.2,1569,36.3,10,0,0,0,0,0,0,Low,1.6,42,2,133,2.31,5.93,5.85,58.2,45.7
1342,M16201,M,298.6,310.2,1328,50.5,12,0,0,0,0,0,0,Medium,1.2,56,1,50,2.12,6.35,6.87,47.5,74.2
1343,M16202,M,298.6,310.1,1596,33.0,15,0,0,0,0,0,0,Medium,8.5,36,7,394,1.62,6.2,5.47,82.2,70.0
1344,L48523,L,298.5,310.2,1676,32.7,18,0,0,0,0,0,0,Low,4.2,111,1,33,1.32,6.69,5.66,85.2,65.3
1345,L48524,L,298.5,310.1,1809,28.9,20,0,0,0,0,0,0,Low,4.5,146,6,368,1.45,6.9,5.59,39.1,68.9
1346,L48525,L,298.5,310.0,1804,26.1,22,0,0,0,0,0,0,Low,2.0,73,3,350,2.25,5.76,5.07,54.4,79.7
1347,L48526,L,298.6,310.1,1533,33.9,24,0,0,0,0,0,0,Low,2.8,94,3,367,1.01,4.82,5.84,72.8,54.9
1348,L48527,L,298.7,310.2,1717,27.3,26,0,0,0,0,0,0,Low,7.1,156,7,229,2.05,4.69,4.8,47.3,61.4
1349,L48528,L,298.7,310.2,1363,45.5,28,0,0,0,0,0,0,Low,3.8,131,3,128,1.19,6.69,6.17,52.9,52.7
1350,L48529,L,298.7,310.2,1402,45.9,30,0,0,0,0,0,0,Low,7.2,157,15,205,2.26,5.4,6.79,75.7,65.0
1351,L48530,L,298.7,310.2,1436,47.5,32,0,0,0,0,0,0,Low,4.8,172,7,829,1.53,5.83,7.21,57.4,65.6
1352,L48531,L,298.7,310.2,1525,43.7,34,0,0,0,0,0,0,Low,6.7,203,11,17,1.56,6.63,7.31,52.0,69.1
1353,M16212,M,298.7,310.2,1598,33.3,36,0,0,0,0,0,0,Medium,2.3,238,1,296,1.93,6.1,5.19,62.5,67.4
1354,M16213,M,298.6,310.1,1444,48.1,39,0,0,0,0,0,0,Medium,3.2,215,4,58,2.52,7.36,7.25,66.8,59.3
1355,L48534,L,298.6,310.0,1334,48.0,42,0,0,0,0,0,0,Low,3.6,108,5,62,2.26,6.58,7.09,15.0,90.1
1356,M16215,M,298.6,310.0,1681,35.5,44,0,0,0,0,0,0,Medium,4.0,222,5,111,1.85,5.65,6.53,88.2,83.1
1357,L48536,L,298.6,309.9,1593,37.4,47,0,0,0,0,0,0,Low,6.1,289,8,431,1.68,5.61,6.61,59.3,53.9
1358,L48537,L,298.6,309.9,1461,45.7,49,0,0,0,0,0,0,Low,3.1,280,2,572,1.02,6.58,6.87,70.5,65.1
1359,M16218,M,298.7,310.1,1693,31.9,51,0,0,0,0,0,0,Medium,3.0,267,2,79,1.66,5.77,5.03,72.8,79.1
1360,L48539,L,298.7,310.2,1404,50.3,54,0,0,0,0,0,0,Low,5.7,254,10,234,2.78,6.46,7.49,40.0,94.1
1361,H30774,H,298.8,310.2,1707,27.6,56,0,0,0,0,0,0,High,7.5,309,8,628,1.91,7.03,5.05,26.8,72.7
1362,M16221,M,298.6,310.1,1458,41.9,61,0,0,0,0,0,0,Medium,4.2,268,3,565,1.05,5.27,6.19,70.9,77.5
1363,L48542,L,298.6,310.0,1517,41.2,64,0,0,0,0,0,0,Low,10.4,493,13,85,1.99,5.39,6.66,71.2,72.3
1364,L48543,L,298.7,310.1,1433,54.6,66,0,0,0,0,0,0,Low,9.6,282,8,66,2.24,5.18,8.24,43.8,74.0
1365,L48544,L,298.7,310.2,1566,33.1,68,0,0,0,0,0,0,Low,5.4,357,9,16,0.46,5.14,5.03,77.7,78.2
1366,L48545,L,298.7,310.1,1676,33.5,70,0,0,0,0,0,0,Low,4.7,329,4,569,1.27,5.52,6.18,42.5,58.7
1367,M16226,M,298.7,310.1,1368,56.8,72,0,0,0,0,0,0,Medium,5.5,474,7,1167,1.52,5.89,7.52,48.4,64.7
1368,M16227,M,298.8,310.2,1581,37.5,75,0,0,0,0,0,0,Medium,3.7,281,2,234,1.01,5.69,6.43,54.3,66.8
1369,H30782,H,298.8,310.3,1708,27.1,78,0,0,0,0,0,0,High,6.5,288,2,60,1.44,6.06,4.63,38.1,79.0
1370,M16229,M,298.7,310.3,1481,41.5,83,0,0,0,0,0,0,Medium,3.8,314,7,325,1.88,5.84,6.49,48.8,52.9
1371,L48550,L,298.7,310.3,1451,40.0,86,0,0,0,0,0,0,Low,6.4,645,6,259,0.92,6.56,6.11,61.8,58.4
1372,M16231,M,298.7,310.3,1495,38.7,88,0,0,0,0,0,0,Medium,4.3,353,7,538,0.7,7.84,6.09,72.8,56.6
1373,M16232,M,298.8,310.3,1573,41.8,91,0,0,0,0,0,0,Medium,5.8,400,8,332,2.06,5.91,7.26,57.7,73.2
1374,M16233,M,298.8,310.3,1366,59.0,94,0,0,0,0,0,0,Medium,9.0,766,5,261,2.28,5.78,8.8,51.0,83.6
1375,L48554,L,298.8,310.3,1553,36.8,97,0,0,0,0,0,0,Low,8.1,505,8,570,2.1,5.49,5.75,39.8,48.6
1376,M16235,M,298.8,310.3,1528,37.1,99,0,0,0,0,0,0,Medium,5.8,421,12,106,1.62,5.01,5.95,54.2,65.9
1377,M16236,M,298.8,310.2,1527,31.2,102,0,0,0,0,0,0,Medium,4.4,452,10,225,3.78,5.6,5.14,42.6,74.1
1378,L48557,L,298.8,310.2,1461,46.7,105,0,0,0,0,0,0,Low,6.5,552,10,419,1.64,6.1,7.34,41.2,70.5
1379,H30792,H,298.8,310.2,1455,44.9,107,0,0,0,0,0,0,High,6.7,505,9,431,1.14,5.96,7.03,42.3,84.1
1380,L48559,L,298.7,310.1,1620,34.8,112,0,0,0,0,0,0,Low,5.2,445,8,139,1.84,7.02,5.92,59.6,79.3
1381,L48560,L,298.7,310.1,1786,27.7,114,0,0,0,0,0,0,Low,6.6,420,9,37,1.76,6.23,5.4,61.4,75.8
1382,M16241,M,298.8,310.2,1583,35.7,116,0,0,0,0,0,0,Medium,10.7,1263,9,494,1.83,6.7,6.15,52.7,66.1
1383,L48562,L,298.8,310.1,1653,30.3,119,0,0,0,0,0,0,Low,8.2,704,9,56,1.55,5.71,5.34,72.6,83.0
1384,M16243,M,298.9,310.2,1331,49.0,121,0,0,0,0,0,0,Medium,11.2,675,10,144,2.57,5.1,6.76,70.4,100.0
1385,L48564,L,298.9,310.3,1484,43.8,124,0,0,0,0,0,0,Low,13.0,977,14,41,2.34,6.49,7.37,42.2,84.0
1386,M16245,M,298.9,310.2,1603,36.1,126,0,0,0,0,0,0,Medium,8.0,624,7,368,1.31,6.51,5.97,78.4,83.9
1387,L48566,L,298.9,310.2,1445,40.0,129,0,0,0,0,0,0,Low,7.0,526,6,73,1.93,5.38,5.79,22.5,86.2
1388,L48567,L,298.9,310.1,1823,26.1,131,0,0,0,0,0,0,Low,10.8,885,9,146,2.57,4.77,4.91,69.0,73.0
1389,H30802,H,298.9,310.1,1491,45.3,133,0,0,0,0,0,0,High,6.6,668,6,174,2.34,5.0,7.13,58.7,49.4
1390,L48569,L,298.9,310.2,1533,42.8,138,0,0,0,0,0,0,Low,12.1,902,15,224,0.88,6.61,6.77,49.6,65.7
1391,L48570,L,298.9,310.2,1409,54.8,140,0,0,0,0,0,0,Low,13.5,875,18,5,2.54,6.13,7.75,49.9,76.0
1392,L48571,L,298.9,310.2,2737,8.8,142,1,0,0,1,0,0,Low,6.3,482,5,17,3.03,5.8,2.51,60.2,81.4
1393,M16252,M,299.0,310.3,1494,46.6,144,0,0,0,0,0,0,Medium,9.9,853,15,175,1.63,6.46,7.7,48.7,80.8
1394,L48573,L,299.1,310.4,1594,33.3,147,0,0,0,0,0,0,Low,9.5,667,8,57,1.96,5.82,5.18,65.4,82.4
1395,L48574,L,299.1,310.4,1527,44.0,149,0,0,0,0,0,0,Low,11.9,1258,15,25,1.56,4.99,7.09,23.1,45.0
1396,L48575,L,299.1,310.4,1452,39.7,151,0,0,0,0,0,0,Low,10.5,501,13,54,1.82,5.63,5.7,49.1,73.2
1397,L48576,L,299.0,310.3,1483,39.2,153,0,0,0,0,0,0,Low,13.9,704,16,671,2.36,7.71,5.75,61.1,58.5
1398,L48577,L,299.1,310.2,1569,38.2,155,0,0,0,0,0,0,Low,10.7,842,9,47,2.17,6.73,5.75,54.5,60.9
1399,L48578,L,299.1,310.3,1472,46.6,157,0,0,0,0,0,0,Low,12.4,692,12,146,1.85,6.24,7.18,39.1,75.5
1400,L48579,L,299.0,310.2,1533,43.5,159,0,0,0,0,0,0,Low,10.9,1195,14,234,2.17,5.58,6.37,54.6,75.9
1401,H30814,H,298.9,310.1,1366,62.7,161,0,0,0,0,0,0,High,8.1,605,19,18,3.13,6.37,9.03,62.4,64.7
1402,H30815,H,298.9,310.2,1532,37.7,166,0,0,0,0,0,0,High,8.5,974,11,248,2.44,6.64,6.0,61.0,80.7
1403,M16262,M,298.9,310.1,1313,56.8,171,0,0,0,0,0,0,Medium,9.7,944,12,734,2.28,6.32,7.98,50.8,41.4
1404,L48583,L,299.0,310.2,1372,48.0,174,0,0,0,0,0,0,Low,10.4,1027,10,199,2.29,6.03,6.16,64.4,60.6
1405,M16264,M,298.9,310.1,1555,40.6,176,0,0,0,0,0,0,Medium,10.6,1083,13,449,2.29,5.79,6.05,48.9,76.5
1406,L48585,L,298.9,310.1,1394,42.7,179,0,0,0,0,0,0,Low,7.5,790,9,193,3.22,6.69,6.11,50.0,79.6
1407,L48586,L,298.9,310.1,1442,48.0,181,0,0,0,0,0,0,Low,10.7,852,15,556,2.1,6.05,7.24,68.4,74.1
1408,L48587,L,298.9,310.0,1564,33.8,183,0,0,0,0,0,0,Low,7.9,792,6,322,2.56,5.86,5.81,40.0,74.1
1409,L48588,L,298.9,310.0,1452,48.9,185,0,0,0,0,0,0,Low,12.0,1002,17,262,2.37,5.93,7.37,56.6,69.0
1410,L48589,L,298.9,310.1,1466,42.5,187,0,0,0,0,0,0,Low,9.6,868,11,1,1.77,5.66,6.25,36.4,66.2
1411,M16270,M,298.9,310.1,1469,53.2,189,0,0,0,0,0,0,Medium,12.0,1063,12,116,3.19,6.17,8.65,68.9,69.8
1412,L48591,L,298.9,310.1,1944,23.4,192,0,0,0,0,0,0,Low,6.6,588,8,174,2.79,4.88,4.61,59.5,93.3
1413,M16272,M,298.8,309.9,1415,53.2,194,0,0,0,0,0,0,Medium,14.9,1497,11,74,3.62,5.7,7.29,74.9,96.3
1414,M16273,M,298.7,309.8,1528,36.7,197,0,0,0,0,0,0,Medium,15.1,735,14,362,2.07,5.54,5.97,76.6,64.1
1415,M16274,M,298.7,309.8,1570,42.1,200,0,0,0,0,0,0,Medium,9.1,719,11,510,2.61,6.45,6.93,56.5,86.4
1416,L48595,L,298.7,309.9,1617,33.0,203,0,0,0,0,0,0,Low,17.5,1347,22,331,2.94,6.21,5.82,35.7,100.0
1417,M16276,M,298.7,309.9,2083,18.2,205,0,0,0,0,0,0,Medium,10.8,569,19,260,3.55,7.37,3.76,48.2,53.9
1418,L48597,L,298.7,309.9,1541,38.5,208,0,0,0,0,0,0,Low,7.7,833,17,110,1.89,5.85,6.23,46.5,72.0
1419,L48598,L,298.8,309.9,1320,47.4,210,0,0,0,0,0,0,Low,13.3,870,15,71,2.18,6.48,6.33,84.4,61.9
1420,L48599,L,298.7,309.8,1354,53.3,212,1,0,0,0,1,0,Low,11.9,1147,13,403,3.59,4.86,7.65,61.7,88.7
1421,M16280,M,298.8,309.9,1495,35.2,214,0,0,0,0,0,0,Medium,11.9,1203,11,34,3.51,5.97,5.32,66.3,62.4
1422,L48601,L,298.7,309.8,1589,31.8,217,0,0,0,0,0,0,Low,10.9,1182,9,213,2.2,5.59,5.29,78.9,67.4
1423,L48602,L,298.7,309.8,1530,35.5,0,0,0,0,0,0,0,Low,1.1,38,1,57,0.2,5.23,6.02,64.7,77.9
1424,L48603,L,298.7,309.8,1539,33.4,2,0,0,0,0,0,0,Low,3.6,5,8,42,1.81,6.1,5.4,59.8,73.5
1425,L48604,L,298.7,309.7,1462,46.8,4,0,0,0,0,0,0,Low,1.0,27,3,307,2.08,7.07,7.05,70.4,55.9
1426,L48605,L,298.6,309.7,1356,54.0,6,0,0,0,0,0,0,Low,4.1,52,5,8,2.6,6.27,8.21,26.9,65.5
1427,M16286,M,298.7,309.7,1622,34.6,8,0,0,0,0,0,0,Medium,0.4,12,1,215,1.93,5.11,5.84,37.8,62.7
1428,L48607,L,298.7,309.8,1394,40.3,11,0,0,0,0,0,0,Low,1.7,63,2,16,1.91,4.79,5.95,58.2,60.5
1429,L48608,L,298.8,309.9,1568,33.7,13,0,0,0,0,0,0,Low,2.5,45,2,592,2.78,6.09,5.77,70.4,71.1
1430,M16289,M,298.9,310.0,1456,43.8,15,0,0,0,0,0,0,Medium,3.3,83,5,316,1.21,5.65,6.62,56.2,75.5
1431,L48610,L,298.9,310.0,1378,49.3,18,0,0,0,0,0,0,Low,1.7,55,1,305,2.56,5.25,7.07,57.5,64.1
1432,M16291,M,298.9,309.9,1404,41.4,20,0,0,0,0,0,0,Medium,2.0,141,0,138,2.6,6.39,6.05,28.0,68.8
1433,L48612,L,298.8,309.8,1437,42.8,23,0,0,0,0,0,0,Low,3.1,140,6,131,1.6,6.79,6.54,73.0,66.8
1434,L48613,L,298.8,309.8,1363,44.0,25,0,0,0,0,0,0,Low,3.5,227,2,271,1.47,5.06,7.04,81.1,53.1
1435,M16294,M,298.8,309.8,1377,49.6,27,0,0,0,0,0,0,Medium,2.8,133,4,14,1.53,6.63,7.57,35.0,74.9
1436,H30849,H,298.8,309.9,1526,42.1,30,0,0,0,0,0,0,High,5.4,192,9,171,0.75,5.59,7.07,27.0,77.4
1437,H30850,H,298.8,309.8,1510,44.2,35,0,0,0,0,0,0,High,7.3,218,9,298,0.2,5.95,6.68,67.4,52.2
1438,H30851,H,298.8,309.9,1439,45.2,40,1,0,0,0,0,0,High,5.5,438,10,524,2.34,6.65,6.67,69.8,55.0
1439,L48618,L,298.8,309.9,1482,39.1,45,0,0,0,0,0,0,Low,6.6,343,10,554,1.23,5.49,6.24,15.0,81.5
1440,M16299,M,298.8,309.8,1534,37.0,47,0,0,0,0,0,0,Medium,3.3,207,3,47,1.46,5.92,5.39,62.8,82.3
1441,M16300,M,298.8,309.9,1741,27.7,50,0,0,0,0,0,0,Medium,4.2,323,4,91,1.29,5.36,4.85,50.9,73.1
1442,L48621,L,298.8,309.9,1550,38.8,53,0,0,0,0,0,0,Low,3.6,198,4,302,1.49,6.19,6.68,46.3,70.0
1443,M16302,M,298.8,310.0,1486,38.5,55,0,0,0,0,0,0,Medium,8.1,385,5,190,2.16,6.26,6.31,32.6,69.1
1444,L48623,L,298.9,310.1,1602,38.2,58,0,0,0,0,0,0,Low,2.7,248,3,57,1.28,5.12,6.5,59.3,86.0
1445,L48624,L,299.0,310.2,1477,37.9,60,0,0,0,0,0,0,Low,3.0,296,8,201,2.63,5.49,6.07,45.7,63.3
1446,L48625,L,299.0,310.1,1618,29.2,62,0,0,0,0,0,0,Low,9.8,326,10,83,1.56,6.8,5.49,50.6,66.8
1447,M16306,M,299.0,310.2,1628,35.8,64,0,0,0,0,0,0,Medium,2.9,206,1,196,1.77,6.34,6.03,85.7,67.5
1448,M16307,M,299.0,310.3,1662,33.6,67,0,0,0,0,0,0,Medium,4.0,223,11,174,2.36,6.09,6.48,82.5,75.4
1449,M16308,M,299.0,310.3,1657,31.0,70,0,0,0,0,0,0,Medium,4.6,348,5,219,2.28,6.55,5.51,71.1,88.7
1450,H30863,H,299.0,310.4,1677,30.8,73,0,0,0,0,0,0,High,9.8,431,13,338,2.32,5.48,5.36,42.8,46.8
1451,M16310,M,299.0,310.3,1447,39.9,78,0,0,0,0,0,0,Medium,9.0,497,10,45,3.04,5.78,6.48,46.4,73.3
1452,L48631,L,298.9,310.4,1831,25.4,81,0,0,0,0,0,0,Low,3.8,354,5,241,2.55,5.4,4.68,53.4,58.0
1453,L48632,L,299.0,310.3,1584,34.4,83,0,0,0,0,0,0,Low,6.2,429,7,189,1.73,5.06,5.72,71.5,82.3
1454,L48633,L,299.1,310.4,1450,40.9,85,0,0,0,0,0,0,Low,7.0,469,7,156,2.03,5.56,6.14,36.0,59.4
1455,L48634,L,299.1,310.4,1428,46.9,87,0,0,0,0,0,0,Low,6.6,348,15,189,1.25,5.99,7.57,44.3,89.2
1456,L48635,L,299.0,310.4,1382,53.0,89,0,0,0,0,0,0,Low,4.3,476,9,226,2.17,6.39,7.53,57.8,76.6
1457,L48636,L,299.0,310.3,1501,43.0,91,0,0,0,0,0,0,Low,2.6,254,2,75,2.89,6.74,6.68,50.5,91.7
1458,L48637,L,299.0,310.3,1475,42.4,93,0,0,0,0,0,0,Low,8.2,514,8,375,1.28,6.06,6.53,42.4,67.0
1459,L48638,L,298.9,310.3,1364,54.0,95,0,0,0,0,0,0,Low,3.5,334,5,449,2.55,6.42,6.99,58.3,59.9
1460,L48639,L,299.0,310.3,1472,36.1,97,0,0,0,0,0,0,Low,6.8,444,7,113,1.16,6.53,5.91,36.3,78.3
1461,L48640,L,299.0,310.3,1437,47.8,99,0,0,0,0,0,0,Low,4.1,379,8,53,1.27,6.61,7.18,52.3,73.0
1462,L48641,L,298.9,310.2,1491,45.1,101,0,0,0,0,0,0,Low,6.1,666,9,88,1.35,5.65,6.9,32.3,72.8
1463,L48642,L,298.9,310.2,1706,27.6,103,0,0,0,0,0,0,Low,6.7,672,12,105,2.85,5.54,5.13,66.1,89.3
1464,L48643,L,298.8,310.1,1607,39.5,105,0,0,0,0,0,0,Low,6.1,454,9,425,1.92,6.01,6.57,28.3,54.8
1465,L48644,L,298.8,310.0,1412,46.3,107,0,0,0,0,0,0,Low,6.3,395,3,249,1.56,7.27,6.97,29.4,76.3
1466,L48645,L,298.7,309.8,1546,40.9,109,0,0,0,0,0,0,Low,7.8,540,7,39,1.42,6.56,6.33,42.9,87.9
1467,L48646,L,298.7,309.8,1365,50.5,111,0,0,0,0,0,0,Low,10.7,775,15,31,1.78,5.79,6.98,31.4,70.1
1468,L48647,L,298.6,309.8,1544,30.2,113,0,0,0,0,0,0,Low,7.7,784,10,318,1.66,5.97,4.95,50.4,90.6
1469,M16328,M,298.6,309.8,1419,44.9,115,0,0,0,0,0,0,Medium,11.0,837,17,176,1.13,6.19,6.48,47.0,51.9
1470,L48649,L,298.6,309.8,1497,41.6,118,0,0,0,0,0,0,Low,10.4,943,11,617,1.81,5.27,6.0,60.8,58.5
1471,L48650,L,298.5,309.7,1437,42.6,120,0,0,0,0,0,0,Low,7.8,603,12,25,2.18,5.55,6.87,48.8,65.2
1472,L48651,L,298.5,309.6,1421,53.6,122,0,0,0,0,0,0,Low,13.9,527,17,902,2.02,6.33,7.41,60.5,34.2
1473,M16332,M,298.5,309.6,1438,44.5,124,0,0,0,0,0,0,Medium,9.0,648,15,47,0.84,6.45,6.99,51.5,84.2
1474,M16333,M,298.5,309.5,1315,48.9,127,0,0,0,0,0,0,Medium,11.8,1172,15,120,2.0,5.95,6.67,90.7,89.4
1475,M16334,M,298.5,309.5,1366,61.9,130,0,0,0,0,0,0,Medium,7.8,730,7,296,1.75,5.81,9.35,35.3,76.5
1476,M16335,M,298.4,309.5,1519,35.4,133,0,0,0,0,0,0,Medium,8.4,723,12,990,0.71,6.2,5.65,31.0,66.8
1477,L48656,L,298.4,309.5,1692,28.3,136,0,0,0,0,0,0,Low,4.3,434,10,291,2.32,5.36,4.99,54.8,70.3
1478,L48657,L,298.3,309.4,1570,35.6,138,0,0,0,0,0,0,Low,11.9,1053,10,22,0.32,5.44,5.99,37.1,57.0
1479,L48658,L,298.3,309.4,1568,35.8,140,0,0,0,0,0,0,Low,9.1,816,9,3,1.86,7.73,5.89,51.6,68.5
1480,L48659,L,298.2,309.3,1355,43.8,142,0,0,0,0,0,0,Low,7.4,557,5,196,2.29,5.55,6.28,72.5,70.9
1481,M16340,M,298.2,309.3,2056,18.7,144,0,0,0,0,0,0,Medium,8.3,700,15,47,3.89,6.44,4.01,59.9,69.0
1482,M16341,M,298.2,309.2,1332,60.2,147,0,0,0,0,0,0,Medium,6.1,645,4,32,1.66,5.85,8.77,65.9,83.9
1483,M16342,M,298.1,309.1,1448,52.5,150,0,0,0,0,0,0,Medium,10.2,776,11,116,2.1,6.42,7.7,45.5,46.1
1484,L48663,L,298.0,308.9,1578,35.6,153,0,0,0,0,0,0,Low,7.5,722,5,115,1.48,6.55,6.3,44.3,100.0
1485,M16344,M,298.0,309.0,1562,39.2,155,0,0,0,0,0,0,Medium,10.3,683,9,291,2.27,5.06,6.53,67.6,61.3
1486,M16345,M,298.1,309.0,1976,19.3,158,0,0,0,0,0,0,Medium,12.1,984,14,752,2.09,5.87,4.21,31.1,72.2
1487,M16346,M,298.2,309.2,1524,34.6,161,0,0,0,0,0,0,Medium,12.3,653,17,407,3.34,5.26,5.34,58.2,66.7
1488,L48667,L,298.2,309.1,1429,48.5,164,0,0,0,0,0,0,Low,12.6,1225,14,263,1.75,5.48,7.98,49.3,59.1
1489,L48668,L,298.2,309.1,1568,36.3,166,0,0,0,0,0,0,Low,11.1,830,14,92,2.21,6.81,6.15,43.6,71.3
1490,M16349,M,298.2,309.0,1723,26.6,168,0,0,0,0,0,0,Medium,14.5,858,21,90,2.8,5.47,5.27,51.0,76.0
1491,L48670,L,298.2,309.0,1341,43.8,171,0,0,0,0,0,0,Low,10.3,1071,11,231,2.53,5.58,6.05,49.5,100.0
1492,M16351,M,298.1,308.9,1353,46.2,173,0,0,0,0,0,0,Medium,12.6,925,14,1121,2.21,6.41,6.21,61.7,44.1
1493,M16352,M,298.0,308.7,1479,58.5,176,1,0,0,1,0,0,Medium,12.6,1087,15,675,2.01,7.81,9.01,57.3,63.0
1494,L48673,L,298.0,308.8,1496,44.9,179,0,0,0,0,0,0,Low,11.2,1219,7,377,2.22,5.76,7.32,40.3,58.4
1495,M16354,M,298.0,308.7,1377,48.5,181,0,0,0,0,0,0,Medium,11.0,1061,20,858,1.65,5.57,7.44,73.2,65.3
1496,H30909,H,297.9,308.5,1383,44.6,184,0,0,0,0,0,0,High,21.4,1302,23,154,2.39,5.91,6.28,76.5,60.7
1497,L48676,L,298.0,308.7,1268,69.4,189,1,0,0,1,1,0,Low,12.4,916,12,43,3.94,6.55,9.73,58.8,78.6
1498,L48677,L,298.0,308.7,1629,34.3,191,0,0,0,0,0,0,Low,14.5,1337,13,407,2.31,6.6,5.96,69.6,56.0
1499,L48678,L,298.0,308.8,1790,27.2,193,0,0,0,0,0,0,Low,8.8,890,10,250,2.64,5.18,5.35,54.4,71.5
1500,M16359,M,298.1,308.8,2206,16.3,195,0,0,0,0,0,0,Medium,11.7,1378,14,97,2.92,6.96,3.56,40.6,62.6
1501,M16360,M,298.0,308.7,2101,17.4,198,0,0,0,0,0,0,Medium,10.8,1202,9,982,5.08,6.26,3.69,64.6,58.2
1502,M16361,M,298.0,308.7,1436,48.2,201,0,0,0,0,0,0,Medium,12.8,1249,12,679,3.21,5.55,6.78,54.3,48.3
1503,L48682,L,298.0,308.7,1462,48.2,204,0,0,0,0,0,0,Low,8.8,768,7,484,2.19,5.89,7.38,57.1,91.1
1504,L48683,L,298.0,308.7,1771,26.2,206,0,0,0,0,0,0,Low,13.8,978,17,65,2.43,6.23,5.1,53.4,73.5
1505,L48684,L,298.0,308.7,1506,47.0,208,0,0,0,0,0,0,Low,10.8,1164,18,382,3.2,6.03,7.89,68.7,42.4
1506,L48685,L,298.0,308.7,1626,36.7,210,0,0,0,0,0,0,Low,9.2,975,7,931,1.73,5.9,6.04,52.9,74.4
1507,L48686,L,298.0,308.8,1610,33.7,212,0,0,0,0,0,0,Low,19.7,1936,17,75,2.42,7.22,5.81,55.4,65.4
1508,M16367,M,298.0,308.6,1376,55.7,214,0,0,0,0,0,0,Medium,11.4,1158,11,21,3.96,6.38,8.2,67.3,93.2
1509,M16368,M,298.0,308.6,1507,37.3,217,0,0,0,0,0,0,Medium,7.4,678,2,209,3.4,5.72,5.38,83.4,63.1
1510,L48689,L,298.0,308.5,1429,37.7,220,1,1,0,0,0,0,Low,14.8,1138,14,285,3.02,5.78,5.73,51.2,51.2
1511,M16370,M,298.1,308.7,1547,38.9,0,0,0,0,0,0,0,Medium,1.1,8,1,419,1.57,7.03,5.72,86.3,61.6
1512,L48691,L,298.1,308.7,1642,30.3,3,0,0,0,0,0,0,Low,5.1,47,8,18,2.68,6.18,5.18,71.8,76.6
1513,H30926,H,298.0,308.7,1503,36.3,5,0,0,0,0,0,0,High,3.4,8,3,18,0.84,5.34,5.53,61.8,56.2
1514,L48693,L,298.1,308.7,1568,32.9,10,0,0,0,0,0,0,Low,2.4,91,7,19,1.2,5.83,5.56,66.9,75.6
1515,M16374,M,298.1,308.8,1628,37.6,12,0,0,0,0,0,0,Medium,3.1,94,2,206,2.71,5.98,6.64,81.1,71.3
1516,M16375,M,298.2,308.9,1614,35.5,15,0,0,0,0,0,0,Medium,1.9,76,2,649,1.62,5.36,6.41,52.3,48.0
1517,L48696,L,298.2,308.9,1278,54.0,18,0,0,0,0,0,0,Low,2.8,91,6,82,2.41,7.04,7.25,25.9,54.9
1518,M16377,M,298.2,308.9,1408,38.8,20,0,0,0,0,0,0,Medium,7.8,90,12,371,1.57,5.24,5.82,32.9,67.5
1519,H30932,H,298.2,309.0,1371,55.7,23,0,0,0,0,0,0,High,2.5,141,2,148,3.87,7.05,7.66,41.3,86.5
1520,M16379,M,298.2,308.9,1512,38.5,28,0,0,0,0,0,0,Medium,2.7,271,6,694,1.21,5.29,5.91,64.5,57.0
1521,L48700,L,298.3,309.1,1472,40.1,31,0,0,0,0,0,0,Low,4.3,224,4,591,2.09,6.18,6.02,53.9,70.3
1522,M16381,M,298.2,308.9,1585,34.3,33,0,0,0,0,0,0,Medium,9.1,335,13,5,0.58,6.72,5.66,81.8,72.7
1523,H30936,H,298.2,309.0,1562,37.7,36,0,0,0,0,0,0,High,4.7,221,6,767,1.77,5.9,6.79,68.7,61.9
1524,L48703,L,298.3,309.0,1519,36.9,41,0,0,0,0,0,0,Low,3.7,206,6,577,2.23,5.49,5.91,56.2,79.4
1525,L48704,L,298.2,309.0,1601,35.8,43,0,0,0,0,0,0,Low,4.2,279,8,395,2.2,6.07,6.41,54.9,67.2
1526,L48705,L,298.2,309.0,2449,13.8,45,0,0,0,0,0,0,Low,6.6,208,7,326,3.34,6.13,3.64,49.9,73.2
1527,L48706,L,298.1,309.0,1787,27.6,47,0,0,0,0,0,0,Low,4.9,215,4,121,2.44,6.76,5.37,50.3,51.6
1528,H30941,H,298.1,309.1,1425,44.5,49,0,0,0,0,0,0,High,5.9,279,9,88,1.23,5.3,6.7,56.3,61.2
1529,L48708,L,298.1,309.0,1559,34.0,54,0,0,0,0,0,0,Low,6.6,472,6,344,2.09,5.42,5.52,34.2,51.2
1530,L48709,L,298.1,309.0,1557,36.0,56,0,0,0,0,0,0,Low,6.4,255,6,41,2.79,7.21,5.92,32.0,78.6
1531,L48710,L,298.1,309.0,1497,40.5,58,0,0,0,0,0,0,Low,9.4,275,8,431,1.12,6.13,6.1,52.6,57.1
1532,H30945,H,298.1,309.0,1438,41.4,60,0,0,0,0,0,0,High,4.7,278,5,145,2.5,6.25,6.05,57.6,80.1
1533,M16392,M,298.1,308.9,1417,39.2,65,0,0,0,0,0,0,Medium,5.6,301,12,2,1.58,6.44,5.81,52.1,63.7
1534,M16393,M,298.0,308.9,1339,51.4,68,0,0,0,0,0,0,Medium,11.0,493,20,239,2.23,6.12,7.25,45.9,62.2
1535,L48714,L,298.0,308.8,1757,29.1,71,0,0,0,0,0,0,Low,4.4,204,7,64,0.44,6.71,4.82,75.2,83.4
1536,L48715,L,298.0,308.8,1581,36.1,73,0,0,0,0,0,0,Low,9.3,535,11,133,0.91,6.38,5.67,65.4,72.9
1537,M16396,M,298.2,308.9,1326,54.4,75,0,0,0,0,0,0,Medium,3.9,330,4,540,2.1,6.09,7.78,53.1,59.7
1538,M16397,M,298.4,309.1,1467,39.6,78,0,0,0,0,0,0,Medium,6.3,599,6,582,2.2,5.1,6.31,45.0,65.2
1539,L48718,L,298.4,309.1,1798,29.6,81,0,0,0,0,0,0,Low,12.5,517,13,204,1.66,6.57,5.12,41.7,79.0
1540,M16399,M,298.5,309.2,1449,46.4,83,0,0,0,0,0,0,Medium,6.9,336,4,450,1.29,7.15,7.1,66.4,53.2
1541,M16400,M,298.4,309.1,1525,39.3,86,0,0,0,0,0,0,Medium,6.6,529,7,85,1.25,6.73,7.35,41.5,65.1
1542,L48721,L,298.4,309.0,2304,15.1,89,0,0,0,0,0,0,Low,4.9,405,8,397,4.03,4.57,3.85,75.6,75.2
1543,L48722,L,298.3,308.9,1379,54.7,91,0,0,0,0,0,0,Low,5.9,484,4,179,2.75,6.81,7.44,64.5,57.1
1544,L48723,L,298.4,308.9,1628,34.9,93,0,0,0,0,0,0,Low,5.2,533,10,560,1.57,6.38,6.0,52.2,79.2
1545,L48724,L,298.4,309.0,1474,52.7,95,0,0,0,0,0,0,Low,6.9,369,3,179,2.04,6.09,8.22,43.9,70.6
1546,M16405,M,298.4,309.0,1544,38.8,97,0,0,0,0,0,0,Medium,8.1,550,6,62,0.26,5.21,6.21,61.1,74.6
1547,L48726,L,298.4,308.9,1391,48.4,100,0,0,0,0,0,0,Low,10.5,835,11,138,1.22,5.58,7.4,51.1,81.9
1548,L48727,L,298.3,308.9,1348,55.5,102,0,0,0,0,0,0,Low,11.5,675,21,769,1.58,6.34,8.28,48.3,60.6
1549,M16408,M,298.3,308.8,1349,52.1,104,0,0,0,0,0,0,Medium,6.4,458,5,285,1.86,5.79,7.16,46.1,51.2
1550,L48729,L,298.4,308.9,1706,29.5,107,0,0,0,0,0,0,Low,7.7,528,14,56,2.59,7.19,5.44,58.7,71.4
1551,L48730,L,298.4,308.9,1638,32.4,109,0,0,0,0,0,0,Low,7.9,885,10,207,1.53,5.01,5.36,44.5,73.6
1552,L48731,L,298.4,308.8,1458,40.1,111,0,0,0,0,0,0,Low,9.9,695,10,271,0.81,5.94,6.09,56.4,79.4
1553,L48732,L,298.5,308.9,1781,27.8,113,0,0,0,0,0,0,Low,9.3,680,9,60,1.71,4.98,5.6,71.2,59.2
1554,L48733,L,298.5,308.8,1332,59.1,115,0,0,0,0,0,0,Low,6.5,675,4,396,2.17,5.09,7.86,45.8,56.0
1555,M16414,M,298.4,308.7,1584,31.7,117,0,0,0,0,0,0,Medium,9.3,852,13,245,1.53,5.29,5.48,39.9,53.8
1556,L48735,L,298.4,308.6,1491,42.0,120,0,0,0,0,0,0,Low,11.2,706,14,644,1.45,4.94,6.14,83.6,60.3
1557,H30970,H,298.4,308.5,1398,47.1,122,0,0,0,0,0,0,High,9.9,799,8,347,2.05,6.36,6.69,51.6,65.0
1558,L48737,L,298.3,308.4,1585,30.6,127,0,0,0,0,0,0,Low,6.0,540,8,190,1.03,5.48,4.91,66.3,60.5
1559,M16418,M,298.2,308.3,1476,43.5,129,0,0,0,0,0,0,Medium,8.3,555,4,471,2.44,5.36,6.43,52.9,67.5
1560,L48739,L,298.2,308.3,1458,41.8,132,0,0,0,0,0,0,Low,13.6,705,15,82,1.02,5.99,5.93,49.8,48.3
1561,M16420,M,298.2,308.4,1510,39.9,134,0,0,0,0,0,0,Medium,7.4,810,5,43,1.81,5.87,5.9,68.0,69.8
1562,L48741,L,298.2,308.4,1388,53.8,137,0,0,0,0,0,0,Low,10.0,718,6,19,1.56,5.9,7.11,73.3,83.2
1563,L48742,L,298.2,308.3,2216,16.8,139,0,0,0,0,0,0,Low,10.6,891,13,550,2.17,5.66,3.74,37.9,71.6
1564,L48743,L,298.2,308.3,1402,51.0,141,0,0,0,0,0,0,Low,8.8,959,6,291,2.79,6.27,7.14,22.3,85.4
1565,M16424,M,298.0,308.2,2090,19.0,143,0,0,0,0,0,0,Medium,11.1,943,15,1107,3.11,6.28,4.15,64.4,64.6
1566,L48745,L,298.0,308.2,1459,42.1,146,0,0,0,0,0,0,Low,9.2,915,14,18,2.47,5.39,6.86,74.8,77.1
1567,M16426,M,298.0,308.1,1403,44.8,148,0,0,0,0,0,0,Medium,10.7,1047,17,19,2.54,7.0,6.74,55.1,59.2
1568,L48747,L,298.1,308.2,1521,39.3,151,0,0,0,0,0,0,Low,10.0,766,7,215,0.67,5.99,6.36,50.2,64.8
1569,L48748,L,298.2,308.2,1407,47.1,153,0,0,0,0,0,0,Low,9.2,676,13,487,2.43,6.72,6.69,55.5,59.7
1570,M16429,M,298.1,308.2,1654,35.3,155,0,0,0,0,0,0,Medium,13.8,1232,15,459,2.22,6.04,6.25,68.1,81.0
1571,L48750,L,298.2,308.4,1452,43.5,158,0,0,0,0,0,0,Low,17.4,825,21,45,1.36,6.51,6.81,63.4,85.9
1572,L48751,L,298.3,308.4,1528,37.3,160,0,0,0,0,0,0,Low,9.7,901,9,320,1.56,5.09,5.78,40.7,56.5
1573,L48752,L,298.2,308.3,1230,59.6,162,0,0,0,0,0,0,Low,7.3,758,11,131,2.23,5.39,8.08,35.6,100.0
1574,L48753,L,298.2,308.2,1466,42.4,164,0,0,0,0,0,0,Low,11.8,930,16,178,2.33,5.64,6.39,30.7,69.5
1575,L48754,L,298.2,308.2,1478,50.1,166,0,0,0,0,0,0,Low,13.5,1249,8,147,3.06,5.27,7.62,56.5,64.7
1576,L48755,L,298.2,308.3,2057,18.0,168,0,0,0,0,0,0,Low,11.8,1217,8,78,2.98,6.07,3.95,78.1,66.6
1577,L48756,L,298.3,308.4,1490,41.7,170,0,0,0,0,0,0,Low,9.1,902,18,66,0.99,5.99,6.08,19.5,56.4
1578,L48757,L,298.3,308.4,1484,43.4,172,0,0,0,0,0,0,Low,11.9,690,11,20,2.08,5.41,6.56,40.5,65.4
1579,L48758,L,298.3,308.4,1593,37.0,174,0,0,0,0,0,0,Low,13.6,1593,19,165,1.35,6.31,6.12,69.4,93.4
1580,L48759,L,298.3,308.3,1444,43.8,176,0,0,0,0,0,0,Low,10.1,850,11,312,3.66,6.49,6.41,42.5,81.5
1581,M16440,M,298.3,308.4,1444,47.5,178,0,0,0,0,0,0,Medium,7.1,673,14,26,3.12,4.77,7.35,64.4,76.9
1582,M16441,M,298.2,308.3,1560,33.0,181,0,0,0,0,0,0,Medium,11.7,1001,12,176,2.9,6.59,5.17,44.0,86.1
1583,H30996,H,298.1,308.3,1530,42.0,184,0,0,0,0,0,0,High,8.0,803,9,53,1.45,6.39,6.52,38.7,69.7
1584,L48763,L,298.2,308.4,1310,61.0,189,1,0,0,0,1,0,Low,13.7,1230,27,62,3.93,5.13,8.74,62.7,79.8
1585,M16444,M,298.2,308.3,1639,33.3,191,0,0,0,0,0,0,Medium,13.9,1056,4,386,2.79,5.55,5.7,36.0,75.1
1586,L48765,L,298.2,308.3,1400,48.7,194,0,0,0,0,0,0,Low,14.6,1547,22,841,2.67,5.63,7.39,52.7,77.9
1587,M16446,M,298.3,308.4,1486,44.2,196,0,0,0,0,0,0,Medium,17.0,1810,23,430,2.86,5.44,7.06,52.5,76.0
1588,M16447,M,298.2,308.3,1448,43.3,199,0,0,0,0,0,0,Medium,10.1,808,13,28,1.25,6.93,7.14,82.1,57.4
1589,L48768,L,298.2,308.3,1688,32.0,202,0,0,0,0,0,0,Low,15.9,1395,22,80,2.97,5.66,5.52,45.1,89.6
1590,M16449,M,298.1,308.3,1453,41.5,204,0,0,0,0,0,0,Medium,20.1,1307,23,179,2.41,4.62,5.91,45.9,69.0
1591,L48770,L,298.2,308.4,1497,37.7,207,0,0,0,0,0,0,Low,15.0,1571,15,120,2.26,5.8,5.42,64.6,65.0
1592,L48771,L,298.2,308.4,1355,49.4,209,0,0,0,0,0,0,Low,15.2,1591,18,475,2.5,5.67,6.79,59.9,33.9
1593,L48772,L,298.1,308.4,1592,38.2,211,0,0,0,0,0,0,Low,10.8,1173,12,227,2.58,5.56,6.7,43.5,50.2
1594,L48773,L,298.0,308.3,1544,34.7,213,0,0,0,0,0,0,Low,11.2,1324,10,401,2.6,6.17,5.78,44.9,71.1
1595,M16454,M,298.0,308.2,1373,51.2,215,0,0,0,0,0,0,Medium,14.0,1054,21,200,3.51,5.19,7.29,41.4,63.5
1596,L48775,L,298.0,308.2,1365,52.9,218,1,0,0,0,1,0,Low,10.6,997,9,229,3.16,7.12,8.37,50.5,57.9
1597,L48776,L,298.0,308.1,1877,24.3,0,0,0,0,0,0,0,Low,1.1,5,4,53,0.35,5.86,4.46,61.2,77.1
1598,L48777,L,297.9,308.1,1531,40.8,2,0,0,0,0,0,0,Low,4.7,5,4,340,1.2,6.02,6.86,42.4,68.2
1599,L48778,L,297.9,308.0,1501,36.7,4,0,0,0,0,0,0,Low,4.3,39,1,129,1.43,5.72,5.61,45.1,68.3
1600,L48779,L,297.9,308.0,1490,46.2,6,0,0,0,0,0,0,Low,2.2,40,3,873,1.67,6.96,7.84,76.8,33.1
1601,M16460,M,297.8,307.8,1543,43.7,8,0,0,0,0,0,0,Medium,3.5,45,8,386,2.72,5.6,6.92,52.1,60.2
1602,L48781,L,297.8,307.8,1597,38.2,11,0,0,0,0,0,0,Low,1.5,43,0,12,1.09,6.12,6.73,66.3,59.4
1603,H31016,H,297.8,307.9,1600,33.5,13,0,0,0,0,0,0,High,4.3,22,4,430,0.78,6.19,5.56,58.3,70.7
1604,M16463,M,297.8,307.8,1622,32.1,18,0,0,0,0,0,0,Medium,2.6,118,2,13,2.23,5.83,6.14,53.8,66.8
1605,L48784,L,297.8,307.8,1452,39.8,21,0,0,0,0,0,0,Low,6.5,104,4,8,1.58,6.34,6.12,69.0,65.0
1606,L48785,L,297.8,307.8,1396,42.5,23,0,0,0,0,0,0,Low,4.1,51,2,54,2.08,6.53,6.21,50.1,98.6
1607,L48786,L,297.8,307.7,1505,39.7,25,0,0,0,0,0,0,Low,1.7,103,4,2,0.2,6.44,6.36,57.2,65.3
1608,L48787,L,297.8,307.8,1412,48.3,27,0,0,0,0,0,0,Low,6.1,108,5,83,1.42,5.97,7.39,35.6,79.1
1609,L48788,L,297.8,307.7,1393,38.0,29,0,0,0,0,0,0,Low,6.4,176,4,27,1.82,5.84,5.99,36.6,51.7
1610,L48789,L,297.7,307.7,1581,34.9,31,0,0,0,0,0,0,Low,6.1,196,6,115,1.23,6.06,6.2,38.0,74.5
1611,L48790,L,297.8,307.8,1573,37.9,33,0,0,0,0,0,0,Low,5.7,129,6,91,2.43,5.75,5.62,35.4,79.5
1612,M16471,M,297.8,307.9,1726,27.3,35,0,0,0,0,0,0,Medium,4.1,189,5,1,1.22,5.32,4.87,74.5,64.7
1613,M16472,M,297.9,307.9,1540,39.8,38,0,0,0,0,0,0,Medium,5.2,249,7,10,2.69,6.09,6.22,42.9,73.2
1614,L48793,L,297.9,308.0,1296,62.9,41,0,0,0,0,0,0,Low,3.8,187,2,1500,2.3,6.97,8.86,51.2,44.5
1615,M16474,M,297.8,307.9,1802,25.8,43,0,0,0,0,0,0,Medium,2.8,279,3,665,2.23,6.25,4.73,67.2,67.6
1616,L48795,L,297.8,307.9,1447,48.6,46,0,0,0,0,0,0,Low,5.4,215,5,505,1.28,5.24,8.1,76.9,72.3
1617,H31030,H,297.8,307.8,1662,30.7,48,0,0,0,0,0,0,High,1.9,149,3,1175,1.53,6.02,5.12,52.0,56.9
1618,L48797,L,297.8,307.8,1563,34.3,53,0,0,0,0,0,0,Low,4.7,442,4,34,2.65,6.53,5.2,52.3,75.9
1619,L48798,L,297.9,307.8,1286,59.5,55,0,0,0,0,0,0,Low,3.7,256,7,599,1.96,5.98,8.09,35.5,53.9
1620,L48799,L,297.9,307.7,1590,34.6,57,0,0,0,0,0,0,Low,5.7,364,8,22,1.62,6.08,5.98,27.3,57.6
1621,L48800,L,297.9,307.7,1492,43.7,59,0,0,0,0,0,0,Low,10.3,271,13,748,2.4,8.15,6.49,69.8,84.6
1622,L48801,L,297.7,307.6,1844,21.9,61,0,0,0,0,0,0,Low,4.2,315,4,692,1.53,7.05,4.5,53.5,65.6
1623,H31036,H,297.7,307.6,1538,38.3,63,0,0,0,0,0,0,High,10.5,241,10,72,2.07,6.0,5.97,63.3,60.1
1624,L48803,L,297.7,307.6,1921,22.9,68,0,0,0,0,0,0,Low,7.3,298,8,60,1.99,6.38,4.53,60.6,94.4
1625,M16484,M,297.8,307.8,1310,57.9,70,0,0,0,0,0,0,Medium,6.5,378,8,574,1.33,5.95,7.99,40.4,48.0
1626,L48805,L,297.9,307.8,1365,46.9,73,0,0,0,0,0,0,Low,3.6,263,3,1328,2.29,5.86,6.51,41.6,47.9
1627,M16486,M,297.9,307.8,1303,59.3,75,0,0,0,0,0,0,Medium,8.6,702,8,90,3.86,6.67,8.88,62.2,69.1
1628,L48807,L,297.9,307.8,1499,37.5,78,0,0,0,0,0,0,Low,5.1,270,7,504,2.24,6.57,5.5,59.9,73.9
1629,L48808,L,297.9,307.8,1451,38.2,80,0,0,0,0,0,0,Low,7.1,354,11,21,1.7,6.41,5.37,70.5,72.6
1630,M16489,M,297.9,307.9,1336,54.4,82,0,0,0,0,0,0,Medium,3.8,283,6,491,1.78,5.95,7.33,43.1,60.3
1631,L48810,L,297.9,307.9,1412,44.5,85,0,0,0,0,0,0,Low,9.8,590,12,65,1.79,7.14,6.2,40.9,84.0
1632,L48811,L,298.0,308.0,1433,39.2,87,0,0,0,0,0,0,Low,7.1,555,18,35,2.01,5.36,5.41,57.0,62.3
1633,L48812,L,297.9,307.9,1426,43.6,89,0,0,0,0,0,0,Low,7.1,416,9,104,0.83,6.1,6.59,75.0,64.1
1634,L48813,L,297.9,307.9,1476,45.2,91,0,0,0,0,0,0,Low,6.4,485,7,154,0.25,5.35,6.57,76.9,66.4
1635,H31048,H,297.9,307.9,1406,58.5,93,0,0,0,0,0,0,High,10.1,485,14,340,1.37,6.17,8.55,39.2,65.8
1636,L48815,L,297.8,307.8,1383,56.5,98,0,0,0,0,0,0,Low,4.6,414,3,294,1.77,5.92,7.98,55.6,43.0
1637,L48816,L,297.9,307.8,1505,37.3,100,0,0,0,0,0,0,Low,10.0,815,9,183,1.29,6.83,6.28,74.2,74.4
1638,L48817,L,297.9,307.8,1665,33.9,102,0,0,0,0,0,0,Low,3.9,375,4,125,1.48,6.0,5.54,65.2,66.8
1639,L48818,L,297.9,307.8,1397,45.0,104,0,0,0,0,0,0,Low,8.5,564,9,111,1.6,6.88,6.73,31.7,98.6
1640,M16499,M,297.9,307.8,1450,43.5,106,0,0,0,0,0,0,Medium,6.0,591,5,119,0.97,5.93,6.58,68.4,52.0
1641,L48820,L,298.0,307.8,1567,36.4,109,0,0,0,0,0,0,Low,9.1,839,12,648,1.7,5.72,5.77,43.3,53.7
1642,M16501,M,298.0,308.0,1555,37.0,111,0,0,0,0,0,0,Medium,6.6,564,11,122,1.37,6.27,5.99,60.0,52.9
1643,H31056,H,298.0,307.8,1588,35.4,114,0,0,0,0,0,0,High,18.8,1077,33,166,1.29,4.75,6.0,61.5,74.2
1644,L48823,L,298.0,307.8,1453,37.7,119,0,0,0,0,0,0,Low,5.3,461,10,203,1.48,5.81,5.3,66.3,81.6
1645,L48824,L,298.0,307.8,1622,33.3,121,0,0,0,0,0,0,Low,12.4,898,21,766,1.32,6.13,5.7,53.8,75.4
1646,L48825,L,297.9,307.8,1538,38.5,123,0,0,0,0,0,0,Low,5.6,651,6,546,2.41,7.39,6.21,59.7,76.8
1647,M16506,M,297.9,307.7,1527,42.8,125,0,0,0,0,0,0,Medium,8.3,678,11,140,1.28,6.42,7.12,54.8,65.2
1648,L48827,L,297.8,307.8,1761,28.9,128,0,0,0,0,0,0,Low,10.2,473,9,588,1.84,4.9,5.44,57.1,64.4
1649,L48828,L,297.9,307.8,1373,50.2,130,0,0,0,0,0,0,Low,6.2,680,8,120,2.83,5.66,7.81,75.7,60.9
1650,H31063,H,298.0,307.9,1482,37.8,132,0,0,0,0,0,0,High,11.6,818,15,60,1.1,5.35,6.19,60.2,89.9
1651,M16510,M,298.0,307.9,1417,51.0,137,0,0,0,0,0,0,Medium,8.9,787,10,1158,2.62,6.35,7.48,41.1,49.9
1652,L48831,L,298.0,307.8,1414,51.7,140,0,0,0,0,0,0,Low,4.9,549,6,108,1.83,6.64,8.19,58.6,90.2
1653,H31066,H,297.9,307.8,1635,34.0,142,0,0,0,0,0,0,High,10.6,643,13,150,3.16,5.11,5.88,49.4,70.6
1654,L48833,L,298.0,307.8,1386,57.3,147,0,0,0,0,0,0,Low,10.9,836,19,5,2.23,6.79,8.76,68.0,80.3
1655,L48834,L,298.2,308.1,1379,62.3,149,0,0,0,0,0,0,Low,8.0,813,9,48,2.1,5.58,8.97,65.5,67.1
1656,M16515,M,298.2,308.0,1577,35.9,151,0,0,0,0,0,0,Medium,14.0,1182,12,440,2.61,5.49,6.04,62.5,69.0
1657,L48836,L,298.2,308.1,1532,42.5,154,0,0,0,0,0,0,Low,6.7,737,10,789,3.27,5.31,6.22,35.6,68.6
1658,M16517,M,298.1,308.0,1374,48.8,156,0,0,0,0,0,0,Medium,12.3,1280,15,682,2.57,5.72,7.09,58.4,57.8
1659,H31072,H,298.1,308.0,1570,35.3,159,0,0,0,0,0,0,High,8.5,698,7,94,1.85,6.02,5.98,38.1,65.6
1660,L48839,L,298.1,308.0,1697,31.0,164,0,0,0,0,0,0,Low,9.5,834,10,270,1.5,6.71,5.68,38.8,67.4
1661,L48840,L,298.2,308.0,1499,44.1,166,0,0,0,0,0,0,Low,7.3,455,12,269,2.31,5.27,6.33,52.0,63.8
1662,M16521,M,298.2,308.0,1411,47.2,168,0,0,0,0,0,0,Medium,19.3,1146,27,141,3.37,5.31,6.84,63.1,77.1
1663,H31076,H,298.2,307.9,1462,45.5,171,0,0,0,0,0,0,High,10.6,914,15,210,2.7,6.59,6.69,58.9,93.5
1664,M16523,M,298.1,307.9,1759,28.6,176,0,0,0,0,0,0,Medium,8.4,643,10,676,2.41,5.78,5.26,47.1,39.1
1665,L48844,L,298.2,308.0,1535,38.0,179,0,0,0,0,0,0,Low,11.2,666,9,204,2.04,5.61,5.45,55.7,54.8
1666,H31079,H,298.2,307.9,1491,39.7,181,0,0,0,0,0,0,High,11.9,1123,15,527,2.45,6.16,5.97,78.1,64.7
1667,L48846,L,298.2,307.9,1551,36.0,186,0,0,0,0,0,0,Low,8.2,928,10,291,1.83,5.68,5.87,45.3,75.4
1668,L48847,L,298.2,307.9,1769,27.2,188,0,0,0,0,0,0,Low,11.0,981,16,153,2.97,5.41,4.92,26.9,55.4
1669,L48848,L,298.2,307.9,1551,34.1,190,0,0,0,0,0,0,Low,8.4,959,11,49,3.13,5.82,6.01,54.1,86.6
1670,L48849,L,298.2,307.9,1544,31.4,192,0,0,0,0,0,0,Low,15.2,1196,19,171,2.78,6.13,4.98,39.4,82.6
1671,L48850,L,298.2,307.8,1528,31.1,194,0,0,0,0,0,0,Low,11.3,1038,21,278,2.59,5.32,4.96,59.0,87.2
1672,L48851,L,298.1,307.9,1614,35.8,196,0,0,0,0,0,0,Low,16.4,1559,20,13,2.03,6.61,5.53,31.3,79.3
1673,L48852,L,298.1,307.8,1432,49.8,198,0,0,0,0,0,0,Low,9.9,1053,8,23,3.18,5.96,7.09,24.4,89.7
1674,M16533,M,298.1,307.8,1384,43.7,200,0,0,0,0,0,0,Medium,9.3,976,14,339,2.08,5.92,6.6,43.9,78.3
1675,L48854,L,298.1,307.8,1540,37.8,203,0,0,0,0,0,0,Low,13.3,1128,10,8,3.13,5.66,5.91,70.4,93.2
1676,L48855,L,298.0,307.7,1407,43.9,205,0,0,0,0,0,0,Low,15.6,1614,26,50,3.19,5.78,6.43,46.6,67.7
1677,H31090,H,297.9,307.6,1418,43.0,207,0,0,0,0,0,0,High,8.5,852,12,5,1.87,5.57,6.21,66.6,84.3
1678,M16537,M,297.9,307.5,1647,30.8,212,0,0,0,0,0,0,Medium,14.8,1022,16,254,2.44,6.65,5.49,54.7,64.5
1679,L48858,L,298.0,307.5,1644,32.8,215,0,0,0,0,0,0,Low,14.0,1336,13,173,2.9,6.07,5.31,29.0,70.9
1680,L48859,L,298.0,307.5,1792,27.9,217,0,0,0,0,0,0,Low,12.0,1249,16,46,2.89,5.67,5.08,54.7,39.4
1681,M16540,M,297.9,307.4,1610,34.6,219,0,0,0,0,0,0,Medium,17.0,1683,23,68,2.68,5.48,5.96,73.4,69.8
1682,M16541,M,297.8,307.3,1804,26.0,222,0,0,0,0,0,0,Medium,14.4,1509,22,1,3.83,5.67,4.83,59.4,78.0
1683,H31096,H,297.9,307.4,1604,36.1,225,1,1,0,0,0,0,High,14.7,1323,14,265,3.49,6.28,5.47,72.4,70.7
1684,M16543,M,297.9,307.4,1403,52.8,0,0,0,0,0,0,0,Medium,1.1,5,0,85,2.47,5.84,7.72,57.2,79.6
1685,L48864,L,297.8,307.3,1438,44.5,3,0,0,0,0,0,0,Low,5.4,5,8,37,2.03,5.89,6.13,73.6,83.4
1686,L48865,L,297.9,307.3,1824,26.3,5,0,0,0,0,0,0,Low,1.9,8,2,136,3.09,6.02,5.01,59.2,63.6
1687,H31100,H,297.9,307.3,1663,28.7,7,0,0,0,0,0,0,High,1.0,28,3,570,1.62,5.62,5.21,30.7,82.1
1688,L48867,L,297.9,307.3,1502,36.7,12,0,0,0,0,0,0,Low,1.4,67,0,8,1.91,5.93,5.59,40.6,54.7
1689,L48868,L,297.9,307.4,1606,35.5,14,0,0,0,0,0,0,Low,3.3,123,8,144,0.29,7.22,6.27,71.4,75.9
1690,L48869,L,297.9,307.5,1561,37.7,16,0,0,0,0,0,0,Low,2.1,82,2,85,0.77,6.1,6.36,44.4,40.1
1691,M16550,M,297.9,307.4,1435,42.9,18,0,0,0,0,0,0,Medium,1.8,144,1,69,1.94,6.15,6.71,55.1,90.7
1692,L48871,L,297.9,307.5,1602,38.3,21,0,0,0,0,0,0,Low,2.2,180,4,191,1.69,5.55,5.88,60.0,62.7
1693,M16552,M,298.1,307.6,1764,27.7,23,0,0,0,0,0,0,Medium,4.3,199,2,525,1.91,6.47,5.04,52.6,84.7
1694,H31107,H,298.0,307.5,1683,27.8,26,0,0,0,0,0,0,High,4.8,203,6,349,1.7,5.56,5.05,48.3,45.1
1695,L48874,L,298.0,307.5,1618,35.2,31,0,0,0,0,0,0,Low,4.5,205,6,740,0.43,6.18,5.79,61.8,82.4
1696,L48875,L,298.0,307.6,1509,41.6,33,0,0,0,0,0,0,Low,7.3,137,8,5,0.93,4.76,5.98,53.8,73.0
1697,L48876,L,297.9,307.6,1550,39.0,35,0,0,0,0,0,0,Low,5.3,224,8,332,1.55,5.52,6.64,67.8,62.5
1698,M16557,M,297.9,307.6,1519,44.0,37,0,0,0,0,0,0,Medium,2.5,107,0,141,2.42,5.68,7.31,38.5,68.3
1699,L48878,L,297.9,307.6,1481,38.0,40,0,0,0,0,0,0,Low,16.6,331,25,131,1.64,5.81,6.28,47.1,88.9
1700,L48879,L,298.1,307.7,1289,48.3,42,0,0,0,0,0,0,Low,2.9,204,3,715,1.71,5.79,5.89,80.7,41.0
1701,M16560,M,298.0,307.6,1844,23.8,44,0,0,0,0,0,0,Medium,3.0,292,6,296,2.0,6.66,4.54,79.9,77.2
1702,L48881,L,298.0,307.7,1479,42.5,47,0,0,0,0,0,0,Low,6.8,320,16,380,1.09,5.97,6.42,53.5,79.2
1703,L48882,L,298.0,307.7,1430,47.3,49,0,0,0,0,0,0,Low,9.9,221,12,291,2.65,6.76,6.72,38.6,68.6
1704,M16563,M,298.1,307.8,1636,36.7,51,0,0,0,0,0,0,Medium,8.8,497,7,2,1.56,5.42,6.33,71.4,70.4
1705,M16564,M,298.1,307.8,1503,44.7,54,0,0,0,0,0,0,Medium,4.5,281,9,1041,2.63,5.29,7.13,89.8,53.2
1706,M16565,M,298.1,307.8,1608,32.6,57,0,0,0,0,0,0,Medium,2.6,147,3,83,1.48,6.87,5.4,33.6,68.2
1707,L48886,L,298.2,307.8,1521,42.9,60,0,0,0,0,0,0,Low,6.7,333,3,239,1.53,5.47,7.38,68.9,57.1
1708,L48887,L,298.2,307.8,1439,41.6,62,0,0,0,0,0,0,Low,4.6,289,6,185,1.43,6.18,5.63,63.3,78.1
1709,L48888,L,298.2,307.8,1627,31.5,64,0,0,0,0,0,0,Low,4.3,275,6,33,1.86,5.81,5.47,41.4,82.9
1710,L48889,L,298.2,307.8,1749,26.1,66,0,0,0,0,0,0,Low,9.4,353,13,1,1.05,5.26,4.46,69.7,72.6
1711,L48890,L,298.2,307.8,1530,35.9,68,0,0,0,0,0,0,Low,3.9,412,4,45,1.56,5.16,5.77,39.7,70.5
1712,L48891,L,298.2,307.8,1355,51.3,70,0,0,0,0,0,0,Low,8.4,614,6,277,1.59,5.55,7.43,49.0,75.0
1713,L48892,L,298.3,307.9,1551,33.8,72,0,0,0,0,0,0,Low,4.6,381,2,96,1.54,5.71,5.84,51.5,74.4
1714,L48893,L,298.2,307.8,1515,46.7,74,0,0,0,0,0,0,Low,5.9,402,10,259,1.53,6.27,7.29,37.6,58.8
1715,L48894,L,298.2,307.8,1388,48.6,76,0,0,0,0,0,0,Low,5.6,528,8,556,0.81,6.08,7.11,54.2,39.4
1716,L48895,L,298.2,307.8,1585,34.6,78,0,0,0,0,0,0,Low,5.4,384,7,219,1.41,5.77,5.09,37.3,68.1
1717,L48896,L,298.1,307.7,1523,37.7,80,0,0,0,0,0,0,Low,14.8,471,13,294,2.08,6.61,6.35,47.9,62.9
1718,L48897,L,298.2,307.6,1369,54.5,82,0,0,0,0,0,0,Low,8.9,540,9,126,2.02,6.85,8.03,75.0,57.6
1719,M16578,M,298.2,307.7,1681,31.0,84,0,0,0,0,0,0,Medium,6.7,332,9,200,1.46,6.06,5.49,67.0,83.7
1720,L48899,L,298.2,307.7,1503,38.3,87,0,0,0,0,0,0,Low,8.0,647,7,224,0.24,5.71,6.07,64.9,53.9
1721,L48900,L,298.2,307.7,1459,44.5,89,0,0,0,0,0,0,Low,5.2,330,11,9,1.38,6.01,6.57,70.1,65.3
1722,L48901,L,298.2,307.7,1688,32.4,91,0,0,0,0,0,0,Low,8.3,669,8,54,1.99,6.12,5.59,77.2,84.9
1723,M16582,M,298.2,307.7,1952,21.6,93,0,0,0,0,0,0,Medium,8.3,562,11,129,2.97,5.05,4.25,29.7,82.9
1724,L48903,L,298.2,307.8,2029,19.9,96,0,0,0,0,0,0,Low,6.8,288,5,716,0.48,5.88,4.04,59.5,38.3
1725,M16584,M,298.3,307.8,1457,52.5,98,0,0,0,0,0,0,Medium,12.0,390,7,52,2.8,6.07,8.07,40.2,72.6
1726,M16585,M,298.3,307.8,1392,50.4,101,0,0,0,0,0,0,Medium,5.9,455,6,307,2.28,5.44,7.86,44.5,60.2
1727,L48906,L,298.3,307.8,1906,22.1,104,0,0,0,0,0,0,Low,12.1,685,13,44,2.06,5.59,4.3,36.3,96.3
1728,M16587,M,298.3,307.7,1602,33.4,106,0,0,0,0,0,0,Medium,14.1,635,16,246,1.2,5.52,5.64,87.0,91.8
1729,L48908,L,298.3,307.7,1465,49.4,109,0,0,0,0,0,0,Low,9.1,529,11,283,2.42,6.76,7.51,26.7,61.0
1730,M16589,M,298.3,307.7,1439,43.8,111,0,0,0,0,0,0,Medium,7.5,617,10,61,1.67,5.28,6.53,57.5,66.2
1731,M16590,M,298.3,307.8,1330,55.4,114,0,0,0,0,0,0,Medium,9.7,599,12,71,1.27,6.29,7.6,80.6,74.4
1732,M16591,M,298.3,307.9,1485,42.0,117,0,0,0,0,0,0,Medium,5.7,615,6,398,2.02,6.98,7.04,53.9,79.7
1733,H31146,H,298.4,307.9,1700,28.2,120,0,0,0,0,0,0,High,13.2,652,20,851,2.03,5.9,4.99,15.0,65.4
1734,L48913,L,298.4,308.0,1515,42.8,125,0,0,0,0,0,0,Low,12.8,941,13,127,2.42,6.84,7.09,88.4,59.2
1735,M16594,M,298.5,308.1,1501,39.2,127,0,0,0,0,0,0,Medium,8.9,793,6,714,1.74,6.06,6.14,84.9,73.7
1736,L48915,L,298.4,308.0,1380,47.6,130,0,0,0,0,0,0,Low,7.2,606,7,300,2.8,6.32,7.47,39.3,65.0
1737,L48916,L,298.4,307.9,1544,35.9,132,0,0,0,0,0,0,Low,9.1,997,7,451,2.51,5.15,6.18,71.5,51.1
1738,L48917,L,298.4,307.9,1743,27.3,134,0,0,0,0,0,0,Low,11.9,767,16,199,1.7,6.72,5.18,60.1,89.9
1739,H31152,H,298.4,307.9,1948,21.4,136,0,0,0,0,0,0,High,9.9,922,7,90,3.16,5.75,4.52,34.3,88.8
1740,H31153,H,298.5,307.9,1260,54.2,141,0,0,0,0,0,0,High,14.3,728,11,891,1.73,6.01,7.38,70.8,43.7
1741,M16600,M,298.5,307.9,1640,33.1,146,0,0,0,0,0,0,Medium,8.0,886,6,17,1.01,5.76,5.55,47.3,83.0
1742,M16601,M,298.5,308.0,1363,49.2,149,0,0,0,0,0,0,Medium,5.9,562,7,36,1.87,5.58,7.11,56.3,89.9
1743,L48922,L,298.5,308.0,1379,49.6,152,0,0,0,0,0,0,Low,7.0,708,6,361,3.12,6.53,8.0,65.7,80.0
1744,M16603,M,298.5,308.0,1713,25.8,154,0,0,0,0,0,0,Medium,9.6,1134,14,576,2.45,5.72,4.73,62.9,56.3
1745,M16604,M,298.5,308.0,1461,51.9,157,0,0,0,0,0,0,Medium,9.5,653,16,82,2.52,5.57,7.7,63.7,60.9
1746,L48925,L,298.5,308.0,1624,29.8,160,0,0,0,0,0,0,Low,9.5,1029,8,406,2.68,5.52,4.7,37.6,61.2
1747,L48926,L,298.4,308.0,1526,41.1,162,0,0,0,0,0,0,Low,9.1,946,15,66,1.42,5.43,6.41,15.0,66.4
1748,L48927,L,298.4,307.9,2381,14.2,164,0,0,0,0,0,0,Low,7.3,757,7,529,3.2,6.8,3.34,43.8,31.3
1749,H31162,H,298.4,307.7,1626,31.1,166,0,0,0,0,0,1,High,10.2,993,11,170,2.37,6.04,5.39,68.3,76.3
1750,L48929,L,298.3,307.7,1576,33.8,171,0,0,0,0,0,0,Low,13.0,692,20,378,2.38,5.5,5.2,36.7,52.0
1751,M16610,M,298.4,307.8,1617,31.6,173,0,0,0,0,0,0,Medium,12.8,1105,14,79,2.34,5.47,4.95,53.3,68.9
1752,L48931,L,298.3,307.6,1942,20.6,176,0,0,0,0,0,0,Low,12.0,1085,10,19,1.9,6.54,4.23,59.2,84.6
1753,L48932,L,298.2,307.6,1492,37.2,178,0,0,0,0,0,0,Low,11.8,1108,13,148,1.77,6.15,5.37,53.5,82.8
1754,L48933,L,298.2,307.5,1470,51.3,180,0,0,0,0,0,0,Low,10.6,1069,20,388,2.56,5.15,7.97,75.0,75.8
1755,M16614,M,298.0,307.4,1463,46.5,182,0,0,0,0,0,0,Medium,7.9,750,12,71,1.81,4.23,7.69,46.7,84.8
1756,L48935,L,298.0,307.3,1424,46.5,185,0,0,0,0,0,0,Low,9.8,830,13,207,1.87,6.11,7.07,53.0,81.4
1757,M16616,M,298.1,307.4,1363,60.1,187,0,0,0,0,0,0,Medium,12.1,653,17,123,3.5,6.9,8.88,58.7,85.2
1758,M16617,M,298.1,307.4,1335,56.2,190,0,0,0,0,0,0,Medium,6.0,537,4,98,2.16,5.6,8.09,57.4,70.3
1759,L48938,L,298.1,307.4,1608,33.9,193,0,0,0,0,0,0,Low,16.0,1310,22,146,1.81,6.34,5.16,32.1,69.3
1760,H31173,H,298.0,307.4,1606,35.2,195,0,0,0,0,0,0,High,9.7,1036,10,52,2.24,7.05,5.27,76.9,53.4
1761,L48940,L,298.1,307.5,1684,33.1,200,0,0,0,0,0,0,Low,16.1,1437,27,130,3.74,5.19,5.96,70.3,69.6
1762,L48941,L,298.1,307.6,1950,20.3,202,0,0,0,0,0,0,Low,17.1,1271,16,348,4.02,5.34,4.29,41.7,48.5
1763,H31176,H,298.2,307.6,1460,48.6,204,0,0,0,0,0,0,High,12.8,1243,15,184,1.92,5.82,7.6,63.3,59.6
1764,L48943,L,298.2,307.6,1511,31.0,209,1,1,0,0,0,0,Low,13.4,1408,17,123,2.41,6.19,4.98,49.3,91.1
1765,H31178,H,298.2,307.6,1318,55.7,0,0,0,0,0,0,0,High,4.1,5,6,887,2.7,6.27,7.42,68.1,44.6
1766,L48945,L,298.2,307.6,1368,51.8,5,0,0,0,0,0,0,Low,7.8,5,6,411,2.91,5.97,7.57,77.5,71.0
1767,M16626,M,298.3,307.7,1717,27.1,7,0,0,0,0,0,0,Medium,5.3,46,3,565,1.32,7.49,5.09,30.6,42.1
1768,M16627,M,298.3,307.7,1520,41.4,10,0,0,0,0,0,0,Medium,8.9,58,10,64,1.76,6.5,6.43,82.0,91.5
1769,M16628,M,298.3,307.8,1485,42.0,13,0,0,0,0,0,0,Medium,3.1,66,0,542,0.96,5.81,6.27,79.8,81.5
1770,L48949,L,298.4,307.9,1981,23.2,16,0,0,0,0,0,0,Low,2.8,39,1,110,2.85,5.82,4.48,40.5,53.8
1771,H31184,H,298.4,307.9,1605,31.0,18,0,0,0,0,0,0,High,1.5,101,2,451,1.42,5.74,4.87,18.9,79.5
1772,L48951,L,298.4,307.9,1446,45.3,23,0,0,0,0,0,0,Low,2.8,145,4,123,1.54,6.77,6.71,55.7,63.8
1773,L48952,L,298.4,308.0,1508,47.9,25,0,0,0,0,0,0,Low,3.7,167,4,208,0.94,5.12,7.63,60.1,57.5
1774,L48953,L,298.5,308.0,1384,59.5,27,0,0,0,0,0,0,Low,3.2,78,5,318,2.88,5.94,9.23,39.9,63.8
1775,M16634,M,298.5,308.0,1519,37.3,29,0,0,0,0,0,0,Medium,4.8,94,6,913,1.76,4.86,5.76,41.8,55.3
1776,L48955,L,298.5,308.0,1404,48.1,32,0,0,0,0,0,0,Low,2.8,128,4,97,1.95,6.22,6.64,64.9,89.6
1777,L48956,L,298.5,308.1,1564,31.1,34,0,0,0,0,0,0,Low,4.0,264,4,741,1.33,6.27,5.16,54.9,56.7
1778,H31191,H,298.6,308.2,1555,36.8,36,0,0,0,0,0,0,High,10.8,176,10,1073,1.28,5.13,5.83,43.9,59.7
1779,L48958,L,298.6,308.2,1325,54.0,41,0,0,0,0,0,0,Low,2.6,287,4,4,2.44,5.1,7.95,66.2,77.5
1780,M16639,M,298.6,308.2,1488,44.0,43,0,0,0,0,0,0,Medium,1.9,189,2,273,1.23,6.03,7.1,56.1,61.5
1781,L48960,L,298.5,308.2,1595,32.3,46,0,0,0,0,0,0,Low,3.1,231,4,1500,2.15,6.18,5.55,84.9,32.4
1782,L48961,L,298.5,308.1,1662,28.6,48,0,0,0,0,0,0,Low,2.0,206,5,407,2.48,5.08,4.63,88.9,77.8
1783,L48962,L,298.4,308.0,1571,37.4,50,0,0,0,0,0,0,Low,4.5,500,8,141,1.35,5.83,5.96,58.9,100.0
1784,H31197,H,298.3,308.0,1553,41.0,52,0,0,0,0,0,0,High,4.9,356,10,338,1.6,6.4,7.0,53.2,64.2
1785,L48964,L,298.3,308.0,2886,3.8,57,1,0,0,1,0,0,Low,5.3,241,8,67,2.6,6.14,1.13,56.0,62.0
1786,L48965,L,298.2,308.0,1538,38.2,59,0,0,0,0,0,0,Low,3.8,237,5,357,1.44,5.74,5.47,44.7,66.2
1787,L48966,L,298.4,308.2,1618,33.0,61,0,0,0,0,0,0,Low,5.1,200,1,131,1.59,5.56,6.06,61.6,85.3
1788,L48967,L,298.4,308.2,1364,45.9,63,0,0,0,0,0,0,Low,8.9,530,11,134,1.87,4.54,6.45,41.7,66.8
1789,L48968,L,298.3,308.0,1442,47.3,65,0,0,0,0,0,0,Low,5.7,330,6,1328,2.19,5.57,7.25,58.6,36.8
1790,L48969,L,298.2,307.9,1313,67.3,67,1,0,0,1,0,0,Low,5.5,252,5,78,2.98,6.31,9.44,44.4,69.4
1791,L48970,L,298.2,307.9,1847,23.6,69,0,0,0,0,0,0,Low,6.5,535,4,123,2.71,5.91,4.53,43.1,70.8
1792,L48971,L,298.1,307.8,1524,40.8,71,0,0,0,0,0,0,Low,4.5,332,6,291,1.55,6.45,6.9,47.7,67.7
1793,M16652,M,298.1,307.7,1445,48.0,73,0,0,0,0,0,0,Medium,3.2,351,2,160,1.18,7.16,7.2,48.0,84.7
1794,L48973,L,298.1,307.8,1761,28.2,76,0,0,0,0,0,0,Low,8.1,419,14,12,2.64,5.95,5.12,60.3,84.0
1795,M16654,M,298.1,307.8,1514,43.5,78,0,0,0,0,0,0,Medium,8.0,619,12,299,0.91,4.78,7.74,61.1,70.5
1796,M16655,M,298.1,307.7,1498,38.3,81,0,0,0,0,0,0,Medium,7.2,482,9,27,0.96,5.69,5.52,55.6,52.8
1797,H31210,H,298.1,307.6,1542,37.1,84,0,0,0,0,0,0,High,4.9,512,10,237,1.51,6.68,6.04,58.6,42.8
1798,M16657,M,298.0,307.6,1508,41.8,89,0,0,0,0,0,0,Medium,5.3,485,9,515,0.82,6.74,6.73,62.5,63.1
1799,M16658,M,298.0,307.5,1431,52.9,92,0,0,0,0,0,0,Medium,6.6,550,8,711,1.85,5.06,8.17,42.3,60.0
1800,M16659,M,298.0,307.5,1427,45.1,95,0,0,0,0,0,0,Medium,5.7,569,10,182,0.71,5.5,7.4,56.6,80.6
1801,M16660,M,298.0,307.5,1524,36.3,98,0,0,0,0,0,0,Medium,7.3,520,4,668,1.21,5.86,5.83,51.3,82.8
1802,M16661,M,298.0,307.5,1427,43.6,101,0,0,0,0,0,0,Medium,6.5,449,6,37,0.69,6.56,6.16,44.1,70.9
1803,H31216,H,298.1,307.6,1496,44.1,104,0,0,0,0,0,0,High,7.4,574,9,60,1.92,5.48,6.99,68.8,66.5
1804,L48983,L,298.1,307.7,1388,40.3,109,0,0,0,0,0,0,Low,9.8,628,8,759,1.59,6.35,5.84,83.4,43.0
1805,L48984,L,298.1,307.7,1495,48.1,111,0,0,0,0,0,0,Low,7.8,577,10,480,1.1,4.39,7.97,72.7,79.4
1806,H31219,H,298.1,307.7,1376,56.2,113,0,0,0,0,0,0,High,14.2,962,16,894,1.42,5.97,8.38,67.8,51.2
1807,H31220,H,298.0,307.6,1593,32.2,118,0,0,0,0,0,0,High,7.7,556,10,323,1.31,5.25,5.32,60.1,66.3
1808,L48987,L,298.0,307.6,1654,28.9,123,0,0,0,0,0,0,Low,6.5,609,7,887,1.55,5.78,4.89,58.6,66.0
1809,L48988,L,298.1,307.7,2567,12.8,125,1,0,0,1,0,0,Low,8.0,668,10,643,3.66,4.97,3.51,60.4,47.0
1810,L48989,L,298.1,307.7,1767,27.0,127,0,0,0,0,0,0,Low,4.5,526,5,1234,1.07,5.96,5.07,62.0,38.6
1811,L48990,L,298.1,307.6,1364,53.8,129,0,0,0,0,0,0,Low,13.0,1170,17,39,2.66,6.39,7.07,72.3,67.8
1812,M16671,M,298.1,307.8,1569,31.2,131,0,0,0,0,0,0,Medium,10.6,1120,10,15,1.34,6.09,4.77,51.1,60.6
1813,L48992,L,298.2,307.8,1476,36.8,134,0,0,0,0,0,0,Low,8.3,667,8,26,1.25,6.66,5.82,57.0,56.2
1814,L48993,L,298.1,307.7,1479,45.0,136,0,0,0,0,0,0,Low,8.0,788,11,100,0.98,6.09,6.63,71.8,75.0
1815,L48994,L,298.1,307.7,1650,34.1,138,0,0,0,0,0,0,Low,6.8,701,12,56,1.65,6.07,5.48,45.8,78.7
1816,M16675,M,298.1,307.6,1565,36.3,140,0,0,0,0,0,0,Medium,14.3,825,19,218,1.0,5.63,6.04,47.5,77.4
1817,L48996,L,298.1,307.6,1460,46.5,143,0,0,0,0,0,0,Low,6.5,613,9,87,1.94,6.27,6.68,46.9,85.6
1818,L48997,L,298.1,307.7,1664,27.6,145,0,0,0,0,0,0,Low,6.6,643,12,576,2.64,5.63,4.74,49.6,77.1
1819,M16678,M,298.1,307.7,1435,40.9,147,0,0,0,0,0,0,Medium,9.6,657,9,821,3.02,5.81,6.37,69.8,56.4
1820,M16679,M,298.1,307.6,2066,19.2,150,0,0,0,0,0,0,Medium,9.0,853,14,116,2.66,6.56,3.91,83.9,75.9
1821,L49000,L,298.1,307.5,1493,43.7,153,0,0,0,0,0,0,Low,12.6,1352,13,358,2.07,7.04,7.01,44.0,77.1
1822,L49001,L,298.1,307.6,1354,43.3,155,0,0,0,0,0,0,Low,9.8,668,12,929,2.07,5.81,6.38,33.4,58.5
1823,L49002,L,298.1,307.6,1488,39.4,157,0,0,0,0,0,0,Low,7.2,573,6,418,2.95,6.24,5.82,46.8,78.5
1824,L49003,L,298.1,307.7,1414,48.7,159,0,0,0,0,0,0,Low,10.8,746,17,45,2.27,5.58,7.75,56.4,63.8
1825,L49004,L,298.1,307.5,1391,57.4,161,0,0,0,0,0,0,Low,15.0,1049,22,392,2.2,5.68,8.03,49.2,69.0
1826,M16685,M,298.0,307.5,1784,27.8,163,0,0,0,0,0,0,Medium,7.7,695,8,418,2.32,4.47,5.27,61.2,89.1
1827,H31240,H,297.8,307.3,1516,40.1,166,0,0,0,0,0,0,High,10.1,736,14,55,1.3,6.34,6.03,53.3,63.9
1828,M16687,M,297.9,307.3,1420,47.8,171,0,0,0,0,0,0,Medium,11.5,597,12,488,3.42,5.76,6.81,69.5,54.4
1829,L49008,L,297.8,307.2,1351,56.3,174,0,0,0,0,0,0,Low,17.2,1148,20,234,3.15,7.07,8.54,61.0,67.8
1830,L49009,L,297.8,307.2,1880,23.0,176,0,0,0,0,0,0,Low,9.9,1001,9,72,3.4,5.49,4.91,17.6,81.2
1831,L49010,L,297.8,307.3,1859,24.0,178,0,0,0,0,0,0,Low,11.6,789,11,69,2.36,5.93,4.89,38.3,47.3
1832,M16691,M,297.8,307.3,1315,54.0,180,0,0,0,0,0,0,Medium,7.6,879,10,322,3.14,6.5,7.25,50.6,50.9
1833,M16692,M,297.8,307.4,1330,51.7,183,0,0,0,0,0,0,Medium,13.8,1291,17,665,2.7,7.55,6.82,32.2,83.7
1834,L49013,L,297.8,307.3,1327,61.0,186,1,0,0,0,1,0,Low,8.1,880,11,133,2.19,5.57,7.7,61.9,91.8
1835,L49014,L,297.8,307.2,1498,38.1,188,0,0,0,0,0,0,Low,9.0,848,9,284,1.65,5.71,6.03,68.3,77.9
1836,H31249,H,297.8,307.3,1555,35.8,190,0,0,0,0,0,0,High,18.1,976,18,106,2.67,6.08,5.31,58.8,83.5
1837,L49016,L,297.7,307.2,1518,35.8,195,0,0,0,0,0,0,Low,12.4,931,15,107,3.94,5.79,5.58,51.4,70.7
1838,L49017,L,297.7,307.2,1392,43.0,197,0,0,0,0,0,0,Low,10.0,1111,15,170,3.09,6.43,6.42,52.2,70.1
1839,M16698,M,297.8,307.2,1456,39.6,199,0,0,0,0,0,0,Medium,6.7,690,11,337,2.92,6.1,5.75,43.9,65.4
1840,L49019,L,297.7,307.1,1715,30.2,0,0,0,0,0,0,0,Low,5.5,5,10,523,2.75,6.71,5.39,53.6,53.8
1841,M16700,M,297.7,307.2,1405,43.7,2,0,0,0,0,0,0,Medium,5.4,16,2,1349,1.22,5.86,6.27,38.5,34.1
1842,L49021,L,297.7,307.2,1668,37.8,5,0,0,0,0,0,0,Low,5.9,53,5,232,2.12,6.5,6.75,48.0,74.2
1843,H31256,H,297.7,307.1,1855,22.5,7,0,0,0,0,0,0,High,3.1,9,3,50,1.38,5.91,4.36,43.9,60.9
1844,L49023,L,297.6,307.1,1496,39.2,12,0,0,0,0,0,0,Low,5.7,128,4,164,1.5,6.34,5.92,44.1,65.7
1845,M16704,M,297.6,307.1,1471,44.9,14,0,0,0,0,0,0,Medium,3.0,126,6,29,1.23,6.16,6.43,87.5,75.7
1846,L49025,L,297.7,307.2,1444,40.0,17,0,0,0,0,0,0,Low,3.0,138,5,338,2.03,5.96,6.63,50.7,52.2
1847,H31260,H,297.7,307.3,1514,38.6,19,0,0,0,0,0,0,High,3.5,71,5,76,0.3,5.55,5.91,61.1,91.3
1848,L49027,L,297.8,307.3,1412,50.7,24,0,0,0,0,0,0,Low,2.4,131,3,1,1.34,6.55,7.15,53.4,66.8
1849,H31262,H,297.7,307.2,1429,44.1,26,0,0,0,0,0,0,High,2.4,157,3,45,2.49,5.39,6.98,38.6,74.9
1850,L49029,L,297.7,307.2,1668,32.7,31,0,0,0,0,0,0,Low,4.8,120,5,793,2.35,6.36,5.66,58.8,64.8
1851,M16710,M,297.7,307.2,1372,52.8,33,0,0,0,0,0,0,Medium,6.0,234,2,66,2.09,6.42,7.94,34.4,89.1
1852,M16711,M,297.7,307.3,1365,49.2,36,0,0,0,0,0,0,Medium,2.5,162,0,9,2.17,7.36,7.03,58.3,89.2
1853,M16712,M,297.6,307.1,1526,39.1,39,0,0,0,0,0,0,Medium,3.2,199,4,35,1.73,6.51,6.32,59.1,86.7
1854,L49033,L,297.6,307.2,1486,40.6,42,0,0,0,0,0,0,Low,5.0,193,9,39,2.91,4.88,6.46,52.0,63.4
1855,M16714,M,297.6,307.2,1470,42.6,44,0,0,0,0,0,0,Medium,4.8,188,3,77,1.68,5.44,6.54,38.7,65.8
1856,H31269,H,297.7,307.3,1249,62.8,47,0,0,0,0,0,0,High,5.5,294,1,487,2.81,6.08,7.79,64.9,51.1
1857,M16716,M,297.8,307.4,1752,26.1,52,0,0,0,0,0,0,Medium,3.8,310,3,24,1.6,5.7,4.68,76.8,81.3
1858,L49037,L,297.7,307.4,1643,36.5,55,0,0,0,0,0,0,Low,12.7,226,11,57,1.78,6.2,5.6,22.8,65.9
1859,M16718,M,297.8,307.4,1488,36.1,57,0,0,0,0,0,0,Medium,4.0,275,5,114,0.67,5.23,5.81,43.2,56.0
1860,L49039,L,297.8,307.4,1355,45.8,60,0,0,0,0,0,0,Low,7.3,453,8,488,1.83,4.95,6.25,39.1,45.3
1861,L49040,L,297.8,307.6,1607,30.3,62,0,0,0,0,0,0,Low,2.9,235,1,11,1.95,5.39,4.78,45.0,90.3
1862,M16721,M,297.9,307.6,1609,30.3,64,0,0,0,0,0,0,Medium,6.2,452,3,292,1.85,7.25,5.26,48.9,38.8
1863,L49042,L,297.9,307.7,1517,44.4,67,0,0,0,0,0,0,Low,3.2,252,3,397,2.4,6.67,7.04,51.9,93.8
1864,M16723,M,297.9,307.7,1517,39.5,69,0,0,0,0,0,0,Medium,4.2,303,3,532,2.35,5.66,6.63,82.3,76.3
1865,L49044,L,297.9,307.7,1546,37.6,72,0,0,0,0,0,0,Low,6.1,368,7,164,2.45,6.1,5.44,49.6,61.4
1866,L49045,L,297.9,307.7,1567,34.7,74,0,0,0,0,0,0,Low,9.1,369,7,195,0.93,5.38,5.59,62.2,67.5
1867,M16726,M,298.1,307.9,1662,28.9,76,0,0,0,0,0,0,Medium,5.3,447,2,214,2.28,6.46,4.88,58.6,71.9
1868,L49047,L,298.1,307.9,1502,41.8,79,0,0,0,0,0,0,Low,5.8,344,4,745,1.86,5.38,6.83,55.5,60.2
1869,L49048,L,298.3,308.0,1361,56.9,81,0,0,0,0,0,0,Low,7.4,474,10,12,2.82,5.83,8.18,68.0,70.4
1870,M16729,M,298.3,308.1,1630,32.7,83,0,0,0,0,0,0,Medium,7.5,404,10,154,1.6,5.51,6.03,50.7,69.7
1871,L49050,L,298.3,308.0,1486,42.3,86,0,0,0,0,0,0,Low,3.5,376,8,415,1.58,5.86,7.14,68.4,82.6
1872,L49051,L,298.3,308.1,1840,21.5,88,0,0,0,0,0,0,Low,9.0,524,6,19,1.61,6.1,4.28,81.0,89.0
1873,L49052,L,298.3,308.1,1326,58.4,90,0,0,0,0,0,0,Low,8.5,594,12,425,3.14,6.06,8.22,40.9,79.3
1874,L49053,L,298.4,308.1,1367,57.8,92,0,0,0,0,0,0,Low,8.9,703,10,11,2.34,6.67,7.69,69.2,86.3
1875,L49054,L,298.4,308.1,1598,32.7,94,0,0,0,0,0,0,Low,7.0,667,10,149,2.68,5.37,5.63,59.3,61.6
1876,L49055,L,298.3,308.0,1363,50.1,96,0,0,0,0,0,0,Low,10.2,837,7,409,1.22,4.55,7.91,59.9,57.1
1877,L49056,L,298.3,308.0,1242,62.0,98,0,0,0,0,0,0,Low,12.2,391,18,513,2.61,6.19,8.59,52.0,63.0
1878,M16737,M,298.2,307.8,1566,33.8,100,0,0,0,0,0,0,Medium,8.1,299,17,276,1.66,6.95,5.39,68.1,68.1
1879,M16738,M,298.1,307.7,1424,47.7,103,0,0,0,0,0,0,Medium,5.0,372,5,26,0.77,5.42,7.01,32.1,66.7
1880,M16739,M,298.2,307.7,1608,33.8,106,0,0,0,0,0,0,Medium,10.0,839,6,62,2.11,6.32,6.2,52.8,80.5
1881,L49060,L,298.1,307.7,1705,29.1,109,0,0,0,0,0,0,Low,7.0,474,15,84,2.51,5.68,4.9,36.3,81.3
1882,L49061,L,298.0,307.6,1548,45.8,111,0,0,0,0,0,0,Low,5.2,368,7,712,1.33,5.55,7.52,26.5,45.6
1883,M16742,M,298.0,307.6,1581,43.4,113,0,0,0,0,0,0,Medium,6.6,695,4,263,1.72,5.54,6.95,70.8,81.7
1884,M16743,M,298.0,307.6,1472,46.7,116,0,0,0,0,0,0,Medium,7.3,649,11,556,1.26,6.33,7.03,33.9,64.9
1885,M16744,M,298.0,307.6,1792,26.0,119,0,0,0,0,0,0,Medium,12.6,1067,20,39,2.76,6.75,4.98,78.3,80.7
1886,L49065,L,298.0,307.6,1683,32.8,122,0,0,0,0,0,0,Low,7.1,628,12,166,0.77,6.69,5.95,62.0,85.8
1887,L49066,L,297.9,307.6,1503,40.7,124,0,0,0,0,0,0,Low,9.6,857,10,122,0.3,6.52,6.25,57.1,83.0
1888,M16747,M,297.9,307.5,1642,32.4,126,0,0,0,0,0,0,Medium,11.2,610,14,115,2.2,6.05,5.81,43.1,80.3
1889,M16748,M,297.8,307.4,1902,24.3,129,0,0,0,0,0,0,Medium,10.8,1005,12,53,2.45,5.55,5.02,68.1,86.2
1890,H31303,H,297.7,307.4,1432,40.2,132,0,0,0,0,0,0,High,8.0,659,8,321,1.91,6.56,6.26,71.0,64.0
1891,L49070,L,297.8,307.4,1512,40.8,137,0,0,0,0,0,0,Low,7.4,549,5,146,1.79,6.81,6.53,55.8,84.0
1892,L49071,L,297.7,307.4,1764,29.0,139,0,0,0,0,0,0,Low,9.1,878,11,656,2.65,5.7,5.76,78.5,49.7
1893,M16752,M,297.8,307.4,1438,43.6,141,0,0,0,0,0,0,Medium,13.1,1014,17,180,1.77,5.75,6.24,53.6,66.2
1894,L49073,L,297.8,307.5,1631,29.9,144,0,0,0,0,0,0,Low,12.0,1329,14,54,1.71,6.21,5.15,49.8,52.3
1895,H31308,H,297.9,307.5,1880,23.3,146,0,0,0,0,0,0,High,8.4,800,10,170,3.52,5.33,4.51,58.1,88.1
1896,L49075,L,297.9,307.6,1344,54.3,151,0,0,0,0,0,0,Low,10.6,913,11,234,2.68,6.19,7.78,80.1,68.2
1897,L49076,L,297.9,307.5,1574,35.8,153,0,0,0,0,0,0,Low,11.7,1174,11,631,1.74,4.79,6.23,42.8,55.4
1898,L49077,L,297.8,307.4,1418,41.2,155,0,0,0,0,0,0,Low,13.3,730,17,469,1.8,6.62,5.72,71.1,67.6
1899,L49078,L,297.8,307.5,1372,54.1,157,0,0,0,0,0,0,Low,10.5,952,7,246,1.86,6.13,7.78,63.3,71.1
1900,L49079,L,297.8,307.5,1388,40.0,159,0,0,0,0,0,0,Low,11.5,1075,10,293,2.8,6.08,5.66,64.4,44.4
1901,H31314,H,297.9,307.6,1493,36.0,161,0,0,0,0,0,0,High,9.5,1001,10,42,1.36,6.3,5.97,51.6,77.6
1902,M16761,M,297.9,307.6,1505,40.1,166,0,0,0,0,0,0,Medium,7.6,671,12,9,2.06,5.71,6.82,46.0,91.8
1903,L49082,L,298.0,307.6,1694,29.1,169,0,0,0,0,0,0,Low,11.4,823,12,10,2.63,6.53,4.87,60.1,78.1
1904,L49083,L,297.9,307.6,1968,20.4,171,0,0,0,0,0,0,Low,9.3,938,4,215,1.75,6.63,4.33,45.5,65.5
1905,M16764,M,298.0,307.6,1569,35.6,173,0,0,0,0,0,0,Medium,7.0,778,10,452,2.07,6.43,6.82,57.7,63.6
1906,L49085,L,297.9,307.6,1687,29.1,176,0,0,0,0,0,0,Low,12.7,1253,15,480,2.52,6.41,5.2,51.8,66.7
1907,L49086,L,297.9,307.6,1430,52.4,178,0,0,0,0,0,0,Low,10.3,921,10,752,2.32,7.96,7.84,63.7,67.5
1908,L49087,L,297.9,307.6,1504,42.4,180,0,0,0,0,0,0,Low,9.1,868,14,127,2.04,6.97,6.82,65.8,75.6
1909,L49088,L,297.9,307.6,1977,20.2,182,0,0,0,0,0,0,Low,15.1,1071,28,132,3.41,5.55,4.37,68.8,56.3
1910,L49089,L,298.0,307.7,1435,45.6,184,0,0,0,0,0,0,Low,17.1,862,17,83,3.2,6.13,7.33,53.2,72.6
1911,H31324,H,298.0,307.7,1547,36.8,186,0,0,0,0,0,0,High,12.6,1150,19,36,2.6,4.97,6.43,68.7,85.0
1912,M16771,M,298.1,307.8,1316,57.2,191,0,0,0,0,0,0,Medium,9.3,883,7,309,2.21,6.5,7.49,73.4,71.2
1913,M16772,M,298.0,307.7,1621,34.9,194,0,0,0,0,0,0,Medium,10.7,838,16,1089,2.31,5.65,6.27,36.0,34.1
1914,M16773,M,298.0,307.8,1492,40.2,197,0,0,0,0,0,0,Medium,24.0,2141,23,119,2.11,7.07,6.27,60.2,69.2
1915,L49094,L,298.0,307.7,1643,32.3,200,0,0,0,0,0,0,Low,8.1,788,12,235,2.04,6.38,5.51,32.1,61.3
1916,L49095,L,298.0,307.7,1492,38.7,202,0,0,0,0,0,0,Low,23.4,2280,42,533,1.7,5.71,5.97,71.9,64.0
1917,L49096,L,298.0,307.7,1387,50.8,204,0,0,0,0,0,0,Low,12.6,1242,14,103,3.18,6.1,7.65,89.8,76.0
1918,M16777,M,298.1,307.9,1463,47.3,206,0,0,0,0,0,0,Medium,12.4,837,13,54,2.53,6.68,7.06,58.6,71.5
1919,M16778,M,298.1,307.9,1496,40.0,0,0,0,0,0,0,0,Medium,1.2,5,1,626,1.91,6.48,6.69,49.6,56.9
1920,L49099,L,298.2,308.0,1658,30.0,3,0,0,0,0,0,0,Low,6.9,23,9,329,2.43,5.54,5.17,55.9,84.8
1921,L49100,L,298.1,307.9,2161,17.5,5,0,0,0,0,0,0,Low,3.4,36,5,26,1.25,6.75,4.12,47.4,68.0
1922,L49101,L,298.1,307.9,1665,32.0,7,0,0,0,0,0,0,Low,3.8,6,1,345,2.9,4.64,5.74,36.9,67.9
1923,L49102,L,298.0,307.8,1716,26.6,9,0,0,0,0,0,0,Low,1.7,83,2,143,2.19,5.11,4.54,21.8,50.5
1924,L49103,L,298.0,307.7,1529,34.1,11,0,0,0,0,0,0,Low,1.4,50,1,370,1.89,5.94,5.21,42.5,79.5
1925,L49104,L,297.9,307.7,1353,50.7,13,0,0,0,0,0,0,Low,3.8,65,7,102,2.28,5.8,7.42,49.7,68.6
1926,L49105,L,297.9,307.7,1537,37.7,15,0,0,0,0,0,0,Low,5.2,167,3,268,1.46,6.16,5.65,46.5,59.8
1927,L49106,L,298.0,307.7,1606,30.8,17,0,0,0,0,0,0,Low,2.9,100,3,463,0.88,5.28,5.22,54.4,49.0
1928,H31341,H,298.0,307.8,1314,47.8,19,0,0,0,0,0,0,High,5.1,122,3,17,1.71,5.59,6.42,55.5,72.5
1929,L49108,L,298.0,307.8,1623,29.9,24,0,0,0,0,0,0,Low,1.8,91,1,59,0.2,5.31,4.98,42.7,90.3
1930,M16789,M,298.0,307.8,1483,50.9,26,0,0,0,0,0,0,Medium,1.5,90,3,38,2.98,5.35,8.05,53.9,83.1
1931,M16790,M,298.1,307.9,1569,37.0,29,0,0,0,0,0,0,Medium,4.9,252,8,57,1.18,5.93,6.48,55.3,71.4
1932,M16791,M,298.2,308.0,1969,21.7,32,0,0,0,0,0,0,Medium,2.4,169,1,114,2.39,5.29,4.6,50.5,65.3
1933,M16792,M,298.1,308.0,1686,29.3,35,0,0,0,0,0,0,Medium,2.3,214,0,65,0.97,5.67,4.82,65.3,90.4
1934,L49113,L,298.1,308.0,1638,35.1,38,0,0,0,0,0,0,Low,2.3,131,1,261,2.44,5.71,6.04,93.9,59.4
1935,L49114,L,298.1,307.9,1698,33.3,40,0,0,0,0,0,0,Low,5.9,270,8,16,1.83,5.96,6.17,67.3,76.6
1936,M16795,M,298.1,307.9,1377,55.1,42,0,0,0,0,0,0,Medium,3.9,104,7,883,2.84,5.04,7.82,52.0,55.7
1937,M16796,M,298.1,308.0,2129,18.4,45,0,0,0,0,0,0,Medium,8.2,227,9,456,3.18,6.16,4.08,41.0,84.7
1938,L49117,L,298.2,308.0,1411,42.4,48,0,0,0,0,0,0,Low,6.2,360,5,260,0.5,5.62,6.09,93.2,68.1
1939,L49118,L,298.1,307.9,1517,40.8,50,0,0,0,0,0,0,Low,3.7,317,3,438,1.38,6.18,6.84,64.3,94.8
1940,M16799,M,298.1,307.9,1303,53.9,52,0,0,0,0,0,0,Medium,7.0,373,9,59,1.84,5.96,6.98,54.3,77.2
1941,L49120,L,298.1,307.9,1578,35.6,55,0,0,0,0,0,0,Low,5.0,417,5,538,1.05,6.17,5.76,66.5,48.9
1942,L49121,L,298.1,307.9,1425,58.2,57,0,0,0,0,0,0,Low,4.6,306,4,89,2.79,6.19,8.23,59.4,85.5
1943,L49122,L,298.1,308.0,1456,42.4,59,0,0,0,0,0,0,Low,5.5,469,7,176,1.5,7.06,6.72,66.6,89.5
1944,L49123,L,298.1,308.0,1704,30.9,61,0,0,0,0,0,0,Low,5.5,551,10,21,1.97,5.07,5.23,57.2,77.2
1945,L49124,L,298.1,308.1,1791,27.3,63,0,0,0,0,0,0,Low,16.4,366,22,283,1.85,6.98,4.93,41.2,79.8
1946,L49125,L,298.1,308.1,1616,32.8,65,0,0,0,0,0,0,Low,5.8,537,6,422,1.77,6.7,5.46,51.5,91.5
1947,L49126,L,298.2,308.1,1622,34.9,67,0,0,0,0,0,0,Low,4.3,464,3,118,1.42,5.77,5.96,35.3,80.6
1948,L49127,L,298.2,308.1,1462,49.9,69,0,0,0,0,0,0,Low,8.0,456,8,31,2.57,6.5,7.49,64.1,55.8
1949,L49128,L,298.1,308.1,1410,45.8,71,0,0,0,0,0,0,Low,4.1,448,8,904,1.89,7.34,6.76,63.3,45.5
1950,M16809,M,298.1,308.0,1543,41.9,73,0,0,0,0,0,0,Medium,4.3,248,1,115,0.66,5.16,6.12,67.0,72.7
1951,M16810,M,298.0,307.9,1479,47.6,76,0,0,0,0,0,0,Medium,7.8,374,5,4,1.93,6.16,7.62,70.4,72.1
1952,L49131,L,298.0,307.8,1839,22.7,79,0,0,0,0,0,0,Low,4.2,404,8,286,1.94,5.25,4.44,16.7,59.6
1953,L49132,L,298.0,307.8,1266,60.5,81,0,0,0,0,0,0,Low,8.2,675,7,124,2.72,6.3,8.05,50.6,87.5
1954,L49133,L,297.9,307.7,1593,34.9,83,0,0,0,0,0,0,Low,6.3,510,7,260,1.61,6.57,5.1,51.2,65.8
1955,L49134,L,297.9,307.8,1459,46.9,85,0,0,0,0,0,0,Low,5.0,438,4,183,1.88,5.43,7.18,47.0,96.8
1956,L49135,L,297.9,307.7,1308,55.2,87,0,0,0,0,0,0,Low,10.9,554,12,141,2.49,5.73,7.3,55.2,68.8
1957,M16816,M,297.9,307.7,1364,46.8,89,0,0,0,0,0,0,Medium,5.1,377,8,344,2.48,6.01,6.47,38.2,76.5
1958,H31371,H,297.9,307.7,1618,35.9,92,0,0,0,0,0,0,High,9.5,642,12,308,1.72,6.55,6.08,73.0,88.7
1959,H31372,H,297.9,307.7,1464,43.2,97,0,0,0,0,0,0,High,10.1,620,12,20,1.7,6.67,7.02,27.4,84.2
1960,M16819,M,297.8,307.6,1352,49.4,102,0,0,0,0,0,0,Medium,7.4,625,12,142,2.91,6.35,7.64,33.6,77.7
1961,L49140,L,297.8,307.6,1446,51.4,105,0,0,0,0,0,0,Low,5.3,515,7,112,2.33,6.24,8.25,37.5,85.0
1962,L49141,L,297.8,307.5,1448,51.2,107,0,0,0,0,0,0,Low,10.2,626,17,476,0.2,6.08,7.71,63.4,79.1
1963,L49142,L,297.8,307.5,1391,48.6,109,0,0,0,0,0,0,Low,7.7,647,7,64,1.17,6.61,7.65,43.7,79.1
1964,L49143,L,297.7,307.5,1379,43.3,111,0,0,0,0,0,0,Low,7.6,611,14,9,1.53,6.36,6.72,71.1,81.1
1965,M16824,M,297.8,307.5,1405,46.9,113,0,0,0,0,0,0,Medium,7.7,695,6,1,2.16,6.5,6.93,36.3,88.0
1966,L49145,L,297.8,307.5,1581,33.1,116,0,0,0,0,0,0,Low,9.4,549,15,204,2.43,6.12,4.97,53.3,69.4
1967,L49146,L,297.9,307.6,1515,40.5,118,0,0,0,0,0,0,Low,5.9,601,7,392,0.52,5.26,6.15,59.3,57.5
1968,L49147,L,297.9,307.6,1589,37.8,120,0,0,0,0,0,0,Low,8.0,662,12,1222,1.19,5.32,5.61,60.5,74.1
1969,L49148,L,298.0,307.6,1281,50.8,122,0,0,0,0,0,0,Low,7.0,716,4,120,2.12,6.36,6.65,38.1,72.8
1970,H31383,H,297.8,307.5,1631,31.3,124,0,0,0,0,0,0,High,6.4,539,6,115,1.5,5.7,5.37,55.7,62.3
1971,M16830,M,297.9,307.6,1202,67.0,129,0,0,0,0,0,0,Medium,11.4,726,17,126,2.76,6.41,7.71,23.1,78.7
1972,L49151,L,297.9,307.6,1298,52.7,132,0,0,0,0,0,0,Low,11.6,759,21,169,1.91,5.8,7.48,93.8,51.7
1973,L49152,L,297.9,307.6,1612,30.7,134,0,0,0,0,0,0,Low,8.0,698,16,336,1.97,5.51,5.23,70.4,75.5
1974,L49153,L,297.9,307.6,1747,25.3,136,0,0,0,0,0,0,Low,7.3,496,8,142,2.98,6.38,4.2,68.7,69.4
1975,L49154,L,298.0,307.6,1450,48.7,138,0,0,0,0,0,0,Low,11.6,1017,15,637,1.79,5.26,7.48,50.6,39.0
1976,L49155,L,298.0,307.7,1422,45.6,140,0,0,0,0,0,0,Low,6.0,587,11,184,1.6,6.38,6.19,52.8,72.2
1977,M16836,M,298.1,307.7,1419,47.4,142,0,0,0,0,0,0,Medium,13.7,1196,17,101,2.14,5.82,7.78,64.3,61.8
1978,M16837,M,298.1,307.7,1633,30.7,145,0,0,0,0,0,0,Medium,7.4,742,7,279,1.99,5.52,4.91,51.0,72.2
1979,L49158,L,298.0,307.7,1442,43.6,148,0,0,0,0,0,0,Low,5.8,481,9,343,3.32,5.78,6.27,63.3,64.5
1980,H31393,H,298.0,307.6,1420,45.8,150,0,0,0,0,0,0,High,5.9,654,10,229,1.8,6.12,6.66,76.7,59.7
1981,M16840,M,298.0,307.6,1301,58.5,155,0,0,0,0,0,0,Medium,10.9,805,8,224,3.07,7.14,8.01,38.8,76.4
1982,L49161,L,298.0,307.6,1385,45.0,158,0,0,0,0,0,0,Low,13.2,995,12,389,1.71,6.32,6.39,69.7,49.5
1983,M16842,M,298.0,307.7,1487,41.3,160,0,0,0,0,0,0,Medium,10.0,804,9,160,1.73,6.67,5.92,41.1,61.6
1984,M16843,M,298.0,307.6,1459,44.4,163,0,0,0,0,0,0,Medium,10.2,916,13,184,1.53,6.46,6.81,40.8,72.3
1985,M16844,M,298.0,307.5,1387,45.5,166,0,0,0,0,0,0,Medium,10.5,1053,14,170,2.38,6.15,6.41,54.4,71.1
1986,L49165,L,298.1,307.7,1537,40.8,169,0,0,0,0,0,0,Low,12.2,950,14,8,1.37,5.77,6.37,61.7,68.9
1987,L49166,L,298.1,307.6,1498,42.9,171,0,0,0,0,0,0,Low,14.5,864,16,163,2.18,5.77,7.26,29.7,61.2
1988,M16847,M,298.2,307.8,1599,31.2,173,0,0,0,0,0,0,Medium,10.3,1071,14,94,2.99,5.86,5.12,73.4,62.3
1989,H31402,H,298.3,307.9,1420,39.2,176,0,0,0,0,0,0,High,11.4,1106,14,184,2.58,6.63,5.73,38.7,78.6
1990,L49169,L,298.2,307.9,1785,23.4,181,0,0,0,0,0,0,Low,12.1,1331,6,203,2.64,7.34,4.41,17.0,72.8
1991,L49170,L,298.2,307.8,1423,48.1,183,0,0,0,0,0,0,Low,9.8,870,16,540,3.78,5.84,7.34,46.2,75.7
1992,M16851,M,298.2,307.8,1583,36.6,185,0,0,0,0,0,0,Medium,8.7,821,19,5,2.0,6.12,6.15,37.2,57.9
1993,L49172,L,298.2,307.8,1375,46.6,188,0,0,0,0,0,0,Low,10.2,954,11,130,3.56,6.08,5.91,55.1,79.9
1994,M16853,M,298.3,308.0,1463,42.5,190,0,0,0,0,0,0,Medium,10.8,775,10,133,2.02,5.77,6.41,57.9,72.1
1995,M16854,M,298.2,307.9,1403,45.1,193,0,0,0,0,0,0,Medium,13.4,983,18,58,2.91,4.84,6.49,34.5,70.2
1996,L49175,L,298.3,308.0,1451,47.1,196,0,0,0,0,0,0,Low,8.7,942,18,448,2.28,6.89,6.72,51.5,67.6
1997,M16856,M,298.4,308.0,1416,38.2,198,1,1,0,0,0,0,Medium,11.1,963,11,577,2.71,6.33,5.3,70.3,66.1
1998,L49177,L,298.3,308.1,1672,41.3,0,0,0,0,0,0,0,Low,6.5,21,9,827,2.54,6.37,7.63,86.4,58.8
1999,H31412,H,298.3,308.0,1637,30.8,2,0,0,0,0,0,0,High,3.6,5,3,269,1.43,5.66,5.31,50.3,55.4
2000,L49179,L,298.4,308.0,1540,37.8,7,0,0,0,0,0,0,Low,1.1,5,1,141,2.46,6.39,5.93,59.2,64.0
2001,L49180,L,298.4,308.1,1279,53.1,9,0,0,0,0,0,0,Low,5.4,45,4,95,1.98,5.38,7.23,41.6,76.7
2002,L49181,L,298.4,308.2,1604,34.9,11,0,0,0,0,0,0,Low,4.4,70,4,116,1.25,6.17,6.22,51.3,73.7
2003,L49182,L,298.5,308.2,1654,27.1,13,0,0,0,0,0,0,Low,3.8,30,3,23,2.64,5.35,4.81,72.3,64.8
2004,M16863,M,298.5,308.2,1564,37.5,15,0,0,0,0,0,0,Medium,2.5,39,1,255,1.18,5.41,6.56,48.3,80.4
2005,L49184,L,298.5,308.2,1451,47.5,18,0,0,0,0,0,0,Low,4.5,139,3,85,0.63,6.0,7.31,42.9,73.7
2006,L49185,L,298.5,308.3,1504,38.0,20,0,0,0,0,0,0,Low,13.4,61,26,222,0.47,5.81,6.19,52.7,75.1
2007,M16866,M,298.5,308.3,1381,50.5,22,0,0,0,0,0,0,Medium,1.1,82,2,638,2.29,7.02,7.22,42.5,79.4
2008,L49187,L,298.6,308.4,1562,34.4,25,0,0,0,0,0,0,Low,3.4,198,3,476,1.05,4.96,5.96,43.8,69.3
2009,L49188,L,298.5,308.3,1811,24.7,27,0,0,0,0,0,0,Low,2.7,90,5,242,1.82,6.26,5.08,57.8,65.2
2010,M16869,M,298.6,308.3,1717,28.7,29,0,0,0,0,0,0,Medium,1.5,159,2,449,1.64,6.6,5.21,41.4,44.8
2011,L49190,L,298.6,308.3,1278,60.5,32,0,0,0,0,0,0,Low,11.1,232,10,1201,3.18,5.68,7.58,17.0,36.6
2012,L49191,L,298.7,308.5,1616,30.2,34,0,0,0,0,0,0,Low,2.0,122,3,125,2.06,5.8,5.14,45.9,56.4
2013,L49192,L,298.6,308.4,1397,46.4,36,0,0,0,0,0,0,Low,2.3,155,1,82,2.1,6.46,6.76,45.1,54.6
2014,L49193,L,298.6,308.4,1485,42.9,38,0,0,0,0,0,0,Low,1.7,134,0,17,1.84,5.46,6.9,55.1,73.7
2015,L49194,L,298.6,308.4,1310,59.7,40,0,0,0,0,0,0,Low,2.7,113,6,85,2.18,6.09,8.04,62.5,45.5
2016,L49195,L,298.5,308.2,1301,66.3,42,1,0,0,1,0,0,Low,5.3,209,6,360,2.17,6.03,9.08,55.5,65.7
2017,L49196,L,298.5,308.3,1458,44.0,44,0,0,0,0,0,0,Low,4.5,242,11,74,0.9,6.25,6.92,43.4,73.0
2018,L49197,L,298.7,308.5,1483,42.5,46,0,0,0,0,0,0,Low,3.2,241,3,51,1.76,6.11,6.38,58.1,76.7
2019,L49198,L,298.7,308.5,1375,46.4,48,0,0,0,0,0,0,Low,5.2,217,7,384,1.46,5.97,6.79,64.9,73.6
2020,M16879,M,298.7,308.5,1660,27.0,50,0,0,0,0,0,0,Medium,4.2,206,7,598,2.27,5.93,4.75,44.1,67.0
2021,H31434,H,298.7,308.4,1560,33.3,53,0,0,0,0,0,0,High,8.2,284,11,26,1.47,5.71,4.84,51.0,81.7
2022,L49201,L,298.7,308.5,1480,42.2,58,0,0,0,0,0,0,Low,4.6,371,2,960,1.84,6.49,6.49,82.1,45.6
2023,L49202,L,298.7,308.4,1373,46.9,60,0,0,0,0,0,0,Low,4.1,324,4,232,2.73,6.15,6.25,64.8,63.3
2024,L49203,L,298.7,308.5,1444,54.2,62,0,0,0,0,0,0,Low,7.5,359,5,162,3.36,6.14,8.76,75.4,100.0
2025,M16884,M,298.7,308.6,1722,24.7,64,0,0,0,0,0,0,Medium,5.0,482,5,302,1.77,6.86,4.32,58.0,79.9
2026,L49205,L,298.7,308.5,1469,39.9,67,0,0,0,0,0,0,Low,5.0,531,9,39,1.89,6.49,6.0,45.1,86.6
2027,M16886,M,298.7,308.5,1360,52.9,69,0,0,0,0,0,0,Medium,5.0,307,3,67,1.04,5.74,7.83,65.4,54.7
2028,L49207,L,298.7,308.4,1750,25.8,72,0,0,0,0,0,0,Low,10.2,797,13,515,1.26,7.26,4.16,48.5,78.9
2029,M16888,M,298.7,308.3,1349,46.6,74,0,0,0,0,0,0,Medium,3.4,340,1,85,1.79,5.8,6.19,35.4,50.5
2030,L49209,L,298.7,308.5,1668,35.2,77,0,0,0,0,0,0,Low,8.5,444,10,407,2.23,7.55,6.54,42.1,46.0
2031,L49210,L,298.9,308.6,1400,49.5,79,0,0,0,0,0,0,Low,3.2,322,4,1500,1.53,3.98,7.23,60.6,54.8
2032,L49211,L,298.8,308.6,1331,62.8,81,0,0,0,0,0,0,Low,5.7,501,7,523,2.02,5.8,8.1,53.4,83.3
2033,L49212,L,298.8,308.5,1444,42.2,83,0,0,0,0,0,0,Low,5.7,383,5,132,1.03,5.95,6.13,49.7,57.5
2034,H31447,H,298.8,308.5,1359,47.6,85,0,0,0,0,0,0,High,10.4,511,16,852,2.26,5.93,6.32,48.9,43.7
2035,M16894,M,298.8,308.5,1425,47.4,90,0,0,0,0,0,0,Medium,9.8,408,17,627,1.84,5.86,6.83,53.8,55.8
2036,M16895,M,298.9,308.6,1469,34.2,93,0,0,0,0,0,0,Medium,6.6,447,8,38,1.7,6.29,5.16,73.5,44.1
2037,L49216,L,299.0,308.7,1892,22.8,96,0,0,0,0,0,0,Low,6.4,562,10,47,2.3,5.62,4.91,27.4,76.3
2038,H31451,H,299.0,308.7,1940,19.9,98,0,0,0,0,0,0,High,5.5,433,5,143,2.53,5.97,3.82,58.7,78.5
2039,L49218,L,299.0,308.8,1405,55.2,103,0,0,0,0,0,0,Low,13.9,644,16,130,2.15,6.25,7.55,71.7,63.6
2040,M16899,M,299.0,308.9,1449,39.6,105,0,0,0,0,0,0,Medium,9.8,520,9,2,1.71,7.94,5.92,58.2,46.9
2041,L49220,L,299.1,308.9,1686,29.6,108,0,0,0,0,0,0,Low,6.9,437,5,417,2.0,6.92,5.23,62.0,57.4
2042,L49221,L,299.1,308.9,1680,27.2,110,0,0,0,0,0,0,Low,7.1,505,4,132,0.67,6.33,4.7,71.2,88.2
2043,M16902,M,299.1,308.9,1397,52.4,112,0,0,0,0,0,0,Medium,5.8,373,6,130,2.37,6.94,7.64,42.0,81.8
2044,M16903,M,299.2,309.0,1597,30.3,115,0,0,0,0,0,0,Medium,6.6,742,5,92,1.77,4.66,5.48,57.1,72.5
2045,L49224,L,299.3,309.1,1470,41.1,118,0,0,0,0,0,0,Low,7.2,850,12,87,1.54,5.12,5.97,37.1,71.8
2046,M16905,M,299.3,309.1,1703,31.3,120,0,0,0,0,0,0,Medium,8.8,808,6,152,1.23,5.84,5.52,66.4,67.7
2047,L49226,L,299.3,309.1,1388,45.5,123,0,0,0,0,0,0,Low,5.4,544,4,26,1.48,5.38,7.08,79.0,84.5
2048,L49227,L,299.3,309.2,1775,24.2,125,0,0,0,0,0,0,Low,7.9,593,11,88,1.86,6.28,4.89,64.6,82.1
2049,L49228,L,299.3,309.2,1465,41.5,127,0,0,0,0,0,0,Low,8.4,676,16,188,0.2,6.55,6.47,40.2,54.6
2050,M16909,M,299.3,309.2,1586,37.9,129,0,0,0,0,0,0,Medium,8.1,903,8,313,1.61,5.87,5.73,93.0,65.3
2051,M16910,M,299.5,309.3,1675,29.2,132,0,0,0,0,0,0,Medium,7.5,542,10,17,1.71,5.5,5.32,71.0,69.0
2052,M16911,M,299.4,309.2,1470,44.4,135,0,0,0,0,0,0,Medium,11.2,968,12,582,1.95,6.85,7.12,43.2,76.9
2053,L49232,L,299.5,309.3,1477,40.4,138,0,0,0,0,0,0,Low,8.1,609,11,249,1.44,4.89,6.36,57.6,83.0
2054,L49233,L,299.5,309.3,1382,61.0,140,0,0,0,0,0,0,Low,4.8,402,3,215,2.44,5.91,8.64,48.1,61.0
2055,M16914,M,299.6,309.4,1605,29.8,142,0,0,0,0,0,0,Medium,8.5,608,8,197,1.82,5.36,4.83,55.5,77.2
2056,L49235,L,299.6,309.4,1643,32.9,145,0,0,0,0,0,0,Low,9.1,661,5,1500,0.89,5.94,5.92,67.9,52.9
2057,L49236,L,299.5,309.3,1333,54.1,147,0,0,0,0,0,0,Low,10.9,898,13,207,1.95,5.85,7.71,49.2,69.6
2058,L49237,L,299.5,309.3,1520,42.3,149,0,0,0,0,0,0,Low,12.2,1228,5,413,1.9,5.89,7.11,37.8,67.2
2059,M16918,M,299.5,309.3,1902,24.0,151,0,0,0,0,0,0,Medium,14.3,912,19,316,1.62,6.11,4.72,35.1,84.9
2060,H31473,H,299.5,309.4,1386,44.4,154,0,0,0,0,0,0,High,14.6,1059,18,129,1.88,7.18,6.6,54.7,66.2
2061,L49240,L,299.6,309.5,1803,27.7,159,0,0,0,0,0,0,Low,12.7,1215,23,406,1.97,6.6,4.96,67.3,81.4
2062,L49241,L,299.7,309.6,1359,50.7,161,0,0,0,0,0,0,Low,5.7,522,6,99,1.87,5.86,7.78,30.0,86.1
2063,M16922,M,299.7,309.6,1477,42.7,163,0,0,0,0,0,0,Medium,8.2,831,7,81,2.35,5.7,7.2,53.8,76.2
2064,L49243,L,299.7,309.6,1321,53.4,166,0,0,0,0,0,0,Low,10.3,793,8,635,1.82,6.31,7.38,55.1,52.4
2065,L49244,L,299.6,309.5,1453,41.4,168,0,0,0,0,0,0,Low,8.5,932,11,3,1.74,5.09,5.74,44.5,81.0
2066,L49245,L,299.7,309.6,1419,45.1,170,0,0,0,0,0,0,Low,11.9,962,14,22,1.23,4.75,7.11,35.7,78.0
2067,L49246,L,299.7,309.6,1512,36.2,172,0,0,0,0,0,0,Low,6.3,673,9,15,1.84,6.07,6.33,57.8,54.6
2068,L49247,L,299.7,309.6,1553,36.8,174,0,0,0,0,0,0,Low,9.9,909,8,521,1.03,5.93,5.89,59.9,71.7
2069,M16928,M,299.7,309.6,1534,39.1,176,0,0,0,0,0,0,Medium,10.3,797,8,465,2.29,6.85,6.17,54.0,57.7
2070,H31483,H,299.7,309.6,1553,41.0,179,0,0,0,0,0,0,High,10.0,1043,17,746,2.93,5.92,6.55,54.9,66.0
2071,L49250,L,299.7,309.5,1352,49.7,184,0,0,0,0,0,0,Low,13.4,1038,20,88,2.51,6.52,6.94,49.8,89.6
2072,M16931,M,299.7,309.6,1313,60.0,186,0,0,0,0,0,0,Medium,13.0,1338,12,12,3.31,6.37,8.71,52.2,52.6
2073,L49252,L,299.6,309.5,1570,35.5,189,0,0,0,0,0,1,Low,15.9,1616,17,294,1.98,5.97,5.99,82.6,56.2
2074,L49253,L,299.6,309.4,1677,31.1,191,0,0,0,0,0,0,Low,9.3,1085,11,81,2.3,5.3,5.17,58.4,58.7
2075,L49254,L,299.5,309.4,1602,31.5,193,0,0,0,0,0,0,Low,9.1,1021,12,190,2.88,5.93,5.21,66.8,59.2
2076,L49255,L,299.5,309.4,1390,58.8,195,1,0,0,0,1,0,Low,12.6,1472,19,218,2.77,5.37,8.69,41.8,72.1
2077,L49256,L,299.4,309.3,1544,36.0,197,0,0,0,0,0,0,Low,13.2,1081,16,91,1.99,5.56,5.64,41.8,67.9
2078,L49257,L,299.4,309.4,1701,31.2,199,0,0,0,0,0,0,Low,10.4,1038,7,497,1.59,5.19,5.68,56.9,46.3
2079,M16938,M,299.4,309.3,1692,28.4,201,0,0,0,0,0,0,Medium,20.0,1791,23,153,2.2,6.68,5.06,44.5,52.1
2080,M16939,M,299.3,309.3,1523,37.9,204,0,0,0,0,0,0,Medium,11.8,1390,10,114,2.26,5.92,6.38,40.3,43.0
2081,L49260,L,299.3,309.2,2280,15.4,207,0,0,0,0,0,0,Low,11.5,975,15,647,2.9,5.3,3.82,42.8,69.2
2082,M16941,M,299.4,309.3,1485,47.1,209,0,0,0,0,0,0,Medium,8.5,982,4,602,2.83,5.29,7.16,47.1,54.1
2083,H31496,H,299.4,309.2,1513,36.1,212,0,0,0,0,0,0,High,13.5,1478,15,408,2.88,6.58,5.73,88.1,51.2
2084,H31497,H,299.4,309.3,1743,28.2,0,0,0,0,0,0,0,High,2.3,5,4,139,1.37,6.41,4.95,84.0,62.9
2085,L49264,L,299.5,309.3,1442,46.2,5,0,0,0,0,0,0,Low,1.8,9,3,340,1.67,5.25,7.7,73.1,67.6
2086,L49265,L,299.5,309.3,1462,46.7,7,0,0,0,0,0,0,Low,3.2,25,4,907,1.39,6.37,7.39,72.6,49.4
2087,H31500,H,299.4,309.3,1439,49.7,9,0,0,0,0,0,0,High,2.0,67,3,1070,2.72,5.66,6.97,67.4,63.6
2088,L49267,L,299.5,309.3,1577,36.6,14,0,0,0,0,0,0,Low,2.7,73,6,156,0.58,6.45,5.97,33.5,75.4
2089,L49268,L,299.6,309.4,1331,46.4,16,0,0,0,0,0,0,Low,1.5,67,3,609,2.17,5.09,5.94,67.0,58.7
2090,L49269,L,299.5,309.3,1941,22.5,18,0,0,0,0,0,0,Low,4.2,44,9,77,2.37,5.93,4.48,30.1,59.1
2091,L49270,L,299.5,309.2,1393,47.3,20,0,0,0,0,0,0,Low,3.5,105,6,127,1.09,6.23,6.93,78.3,84.9
2092,L49271,L,299.4,309.2,1433,42.1,22,0,0,0,0,0,0,Low,4.2,101,9,345,1.43,6.93,6.59,62.7,76.0
2093,L49272,L,299.4,309.2,1444,48.2,24,0,0,0,0,0,0,Low,3.3,108,2,843,1.9,5.6,7.65,43.0,33.2
2094,L49273,L,299.4,309.2,1564,39.0,26,0,0,0,0,0,0,Low,5.1,100,5,324,2.24,5.4,5.95,61.1,78.4
2095,L49274,L,299.4,309.3,1377,43.6,28,0,0,0,0,0,0,Low,2.8,154,5,205,1.69,5.29,6.34,39.8,77.0
2096,L49275,L,299.4,309.3,1525,41.5,30,0,0,0,0,0,0,Low,3.9,165,6,32,0.49,5.46,6.73,52.4,79.5
2097,M16956,M,299.5,309.4,1387,56.2,32,0,0,0,0,0,0,Medium,14.9,116,19,228,2.22,6.84,8.2,53.9,78.6
2098,M16957,M,299.4,309.4,1326,47.5,35,0,0,0,0,0,0,Medium,2.7,227,2,156,2.18,5.42,6.1,50.0,74.8
2099,L49278,L,299.4,309.3,1401,59.0,38,0,0,0,0,0,0,Low,8.1,338,8,315,3.52,6.23,8.3,81.9,86.3
2100,L49279,L,299.4,309.3,1596,31.8,40,0,0,0,0,0,0,Low,11.0,124,17,53,1.13,6.11,5.27,64.4,70.9
2101,M16960,M,299.3,309.3,1471,46.0,42,0,0,0,0,0,0,Medium,5.3,207,12,11,2.69,5.32,7.36,63.7,38.1
2102,L49281,L,299.3,309.3,1528,37.8,45,0,0,0,0,0,0,Low,3.1,363,6,306,1.6,6.3,5.77,47.7,74.4
2103,L49282,L,299.3,309.3,1325,62.0,47,0,0,0,0,0,0,Low,3.1,263,2,3,1.41,6.63,8.36,51.2,86.3
2104,M16963,M,299.3,309.1,1376,46.7,49,0,0,0,0,0,0,Medium,4.9,217,4,126,2.66,5.69,6.64,70.1,72.3
2105,M16964,M,299.3,309.1,1600,35.3,52,0,0,0,0,0,0,Medium,4.9,294,7,260,1.16,5.86,5.43,47.2,62.2
2106,L49285,L,299.3,309.1,1495,44.0,55,0,0,0,0,0,0,Low,9.8,343,17,936,2.07,5.78,6.75,47.2,68.2
2107,L49286,L,299.4,309.1,1645,28.6,57,0,0,0,0,0,0,Low,8.6,182,10,503,1.09,5.24,5.02,56.9,67.7
2108,M16967,M,299.4,309.1,1417,47.3,59,0,0,0,0,0,0,Medium,5.6,404,7,74,2.42,6.27,6.68,59.1,49.4
2109,H31522,H,299.4,309.0,1415,51.7,62,0,0,0,0,0,0,High,6.0,433,10,278,2.12,6.01,7.47,50.4,65.0
2110,M16969,M,299.3,309.0,1496,43.4,67,0,0,0,0,0,0,Medium,4.8,386,13,95,1.18,6.13,6.6,49.4,57.8
2111,H31524,H,299.3,309.0,1508,35.0,70,0,0,0,0,0,0,High,6.5,366,9,444,0.97,4.66,5.7,35.1,66.7
2112,L49291,L,299.4,309.0,1436,47.9,75,0,0,0,0,0,0,Low,3.8,319,1,14,1.36,6.23,6.6,66.2,63.4
2113,L49292,L,299.5,309.1,1852,22.6,77,0,0,0,0,0,0,Low,5.0,334,8,14,1.59,6.7,4.26,44.7,93.9
2114,L49293,L,299.5,309.1,1863,22.5,79,0,0,0,0,0,0,Low,4.4,384,6,3,1.09,5.56,4.72,54.3,51.1
2115,H31528,H,299.4,309.1,1373,44.1,81,0,0,0,0,0,0,High,6.1,384,7,267,0.86,5.48,6.69,17.6,95.9
2116,L49295,L,299.4,309.0,1404,47.3,86,0,0,0,0,0,0,Low,8.9,464,8,119,2.95,6.45,7.32,65.6,100.0
2117,M16976,M,299.4,309.0,1381,44.9,88,0,0,0,0,0,0,Medium,4.1,413,9,356,1.37,5.27,6.93,71.1,59.2
2118,H31531,H,299.4,308.9,1762,29.3,91,0,0,0,0,0,0,High,5.9,458,11,82,2.05,4.47,5.14,65.9,64.9
2119,H31532,H,299.3,308.9,1429,43.0,96,0,0,0,0,0,0,High,10.3,497,16,55,1.17,6.1,6.84,66.4,82.0
2120,M16979,M,299.3,308.9,1858,24.7,101,0,0,0,0,0,0,Medium,11.2,445,15,281,2.73,5.57,4.3,51.2,84.5
2121,H31534,H,299.2,308.8,1908,21.3,104,0,0,0,0,0,0,High,5.7,487,7,103,2.63,6.3,4.14,82.8,61.9
2122,M16981,M,299.2,308.8,1503,37.4,109,0,0,0,0,0,0,Medium,6.0,573,12,503,1.16,6.02,6.07,51.6,58.7
2123,M16982,M,299.2,308.8,1523,38.9,112,0,0,0,0,0,0,Medium,6.2,732,12,860,1.01,6.38,6.26,77.2,76.4
2124,L49303,L,299.3,309.0,1491,38.4,115,0,0,0,0,0,0,Low,10.5,608,14,47,0.78,6.07,6.06,47.6,82.0
2125,L49304,L,299.2,308.9,1430,39.1,117,0,0,0,0,0,0,Low,10.3,613,8,4,0.99,6.49,5.57,82.6,72.8
2126,L49305,L,299.3,308.9,1258,69.4,119,1,0,0,1,0,0,Low,7.7,599,9,475,3.18,8.0,7.85,56.0,62.5
2127,L49306,L,299.3,309.0,1449,46.5,121,0,0,0,0,0,0,Low,14.1,410,16,89,1.46,5.77,7.19,41.5,94.3
2128,H31541,H,299.3,309.0,1425,40.6,123,0,0,0,0,0,0,High,8.6,741,10,349,0.98,5.88,6.36,23.1,64.6
2129,L49308,L,299.4,309.0,1800,24.3,128,0,0,0,0,0,0,Low,10.6,607,10,177,1.54,5.26,4.6,47.7,61.2
2130,H31543,H,299.4,309.0,1607,33.7,130,0,0,0,0,0,0,High,6.1,526,11,22,2.4,5.82,5.74,69.4,77.7
2131,L49310,L,299.4,309.0,1391,58.2,135,0,0,0,0,0,0,Low,7.7,688,12,87,2.07,6.07,8.63,43.2,81.4
2132,L49311,L,299.4,309.1,1432,45.4,137,0,0,0,0,0,0,Low,6.3,391,9,175,2.07,5.77,6.52,31.7,59.4
2133,L49312,L,299.4,309.0,1660,28.4,139,0,0,0,0,0,0,Low,7.9,809,14,176,2.06,6.0,4.9,52.2,73.7
2134,H31547,H,299.3,309.0,1732,29.7,141,0,0,0,0,0,0,High,10.1,672,10,136,2.09,6.03,5.06,80.1,71.6
2135,L49314,L,299.3,309.0,1473,46.3,146,0,0,0,0,0,0,Low,10.5,935,9,203,1.61,6.16,7.5,79.9,76.1
2136,L49315,L,299.3,309.0,1511,47.8,148,0,0,0,0,0,0,Low,7.3,831,6,332,2.84,5.78,6.68,15.0,82.6
2137,L49316,L,299.2,308.9,1588,41.5,150,0,0,0,0,0,0,Low,11.9,745,17,829,2.21,5.04,6.8,63.8,61.8
2138,L49317,L,299.3,308.9,1623,31.1,152,0,0,0,0,0,0,Low,6.6,662,2,146,1.91,6.37,5.74,62.2,82.2
2139,L49318,L,299.3,309.0,1734,30.6,154,0,0,0,0,0,0,Low,7.4,743,6,4,1.78,5.76,5.68,33.4,66.2
2140,L49319,L,299.3,309.0,1415,47.6,156,0,0,0,0,0,0,Low,6.6,549,7,180,1.67,6.48,6.65,54.5,72.7
2141,L49320,L,299.3,309.0,1419,46.6,158,0,0,0,0,0,0,Low,10.7,866,8,290,2.86,5.79,7.07,82.3,56.9
2142,M17001,M,299.3,308.9,1577,34.9,160,0,0,0,0,0,0,Medium,10.8,918,12,194,2.53,5.13,5.99,60.5,57.4
2143,L49322,L,299.3,308.9,1376,60.3,163,0,0,0,0,0,0,Low,10.4,412,12,351,4.01,5.88,8.76,74.2,77.3
2144,M17003,M,299.3,308.8,1442,49.0,165,0,0,0,0,0,0,Medium,9.8,806,7,63,2.52,4.89,7.61,35.3,72.7
2145,L49324,L,299.4,308.9,1451,40.5,168,0,0,0,0,0,0,Low,9.1,1023,17,201,2.39,5.41,5.77,68.4,77.8
2146,L49325,L,299.3,308.8,1550,45.8,170,0,0,0,0,0,0,Low,10.0,1090,19,37,1.0,5.83,7.17,53.7,71.3
2147,L49326,L,299.3,308.8,1647,32.9,172,0,0,0,0,0,0,Low,10.1,1144,16,146,2.7,5.23,5.77,49.8,61.0
2148,L49327,L,299.4,308.9,1550,33.7,174,0,0,0,0,0,0,Low,6.1,668,10,187,2.79,5.83,5.38,42.7,98.5
2149,L49328,L,299.4,308.9,1583,34.1,176,0,0,0,0,0,0,Low,10.3,1019,14,70,3.18,5.39,5.53,46.0,62.4
2150,L49329,L,299.4,309.0,1613,32.2,178,0,0,0,0,0,0,Low,12.9,897,12,13,0.91,6.3,5.16,55.4,70.6
2151,H31564,H,299.3,308.8,1636,35.5,180,0,0,0,0,0,0,High,10.6,949,13,290,1.45,4.77,6.5,46.7,95.3
2152,M17011,M,299.3,308.7,1289,51.5,185,0,0,0,0,0,0,Medium,10.2,793,9,47,3.13,6.19,6.98,68.2,71.5
2153,M17012,M,299.3,308.8,1648,28.4,188,0,0,0,0,0,0,Medium,14.7,1220,19,12,2.72,5.86,5.14,23.4,71.2
2154,H31567,H,299.3,308.8,1397,45.4,191,0,0,0,0,0,0,High,16.5,1303,20,486,1.68,5.58,5.91,69.3,61.6
2155,M17014,M,299.3,308.9,1767,24.8,196,0,0,0,0,0,0,Medium,9.1,929,8,183,3.17,5.82,4.8,29.1,49.2
2156,L49335,L,299.3,308.8,1341,47.7,199,0,0,0,0,0,0,Low,12.9,933,13,137,2.64,6.24,6.32,41.9,62.3
2157,M17016,M,299.4,308.9,1457,41.5,201,0,0,0,0,0,0,Medium,12.7,967,18,60,2.03,4.55,6.24,68.5,82.9
2158,M17017,M,299.4,309.0,1939,19.8,204,0,0,0,0,0,0,Medium,12.6,1296,12,76,2.7,6.27,4.06,69.0,65.4
2159,M17018,M,299.5,309.0,1399,49.7,207,0,0,0,0,0,0,Medium,8.7,892,12,112,2.54,6.99,8.0,61.2,47.0
2160,M17019,M,299.5,309.0,1602,31.3,210,0,0,0,0,0,0,Medium,13.4,1350,13,293,2.37,5.14,5.73,69.5,52.4
2161,L49340,L,299.4,309.0,1507,41.0,213,0,0,0,0,0,0,Low,17.2,1245,23,26,1.75,7.06,6.45,59.3,80.6
2162,L49341,L,299.4,309.1,1464,40.5,215,0,0,0,0,0,0,Low,17.5,1436,26,736,3.81,6.54,6.34,52.2,58.3
2163,L49342,L,299.5,309.1,1336,42.1,217,0,0,0,0,0,0,Low,8.5,810,12,27,3.72,5.55,5.71,49.5,100.0
2164,L49343,L,299.6,309.2,1422,39.8,219,0,0,0,0,0,0,Low,13.3,971,14,155,3.49,6.06,5.94,53.3,54.8
2165,L49344,L,299.6,309.2,1540,36.7,221,0,0,0,0,0,0,Low,12.2,972,18,536,2.83,5.62,5.91,56.0,64.3
2166,L49345,L,299.5,309.1,1476,47.8,223,0,0,0,0,0,0,Low,10.6,844,9,11,2.66,6.11,7.51,51.0,68.1
2167,M17026,M,299.6,309.2,1867,23.4,225,1,1,0,0,0,0,Medium,11.3,586,10,255,2.44,6.94,4.45,42.5,67.0
2168,H31581,H,299.6,309.1,1588,41.3,0,0,0,0,0,0,0,High,3.2,6,3,142,2.04,6.33,7.04,31.8,53.6
2169,M17028,M,299.5,309.1,1420,49.5,5,0,0,0,0,0,0,Medium,2.7,12,3,31,1.64,5.85,7.5,41.0,63.7
2170,L49349,L,299.5,309.1,1415,49.2,8,0,0,0,0,0,0,Low,0.7,47,1,868,2.89,6.27,6.9,70.2,71.2
2171,M17030,M,299.4,309.1,1500,43.3,10,0,0,0,0,0,0,Medium,5.2,87,7,564,1.59,5.17,6.76,51.5,60.6
2172,L49351,L,299.5,309.1,1502,44.6,13,0,0,0,0,0,0,Low,1.6,48,3,254,1.63,6.97,6.83,47.1,83.5
2173,L49352,L,299.5,309.2,1816,23.0,15,0,0,0,0,0,0,Low,1.7,85,2,309,1.43,5.79,4.82,69.1,64.3
2174,M17033,M,299.5,309.2,1495,41.6,17,0,0,0,0,0,0,Medium,3.5,98,6,319,2.57,5.86,6.93,53.7,74.2
2175,L49354,L,299.6,309.2,1572,33.4,20,0,0,0,0,0,0,Low,1.6,70,3,38,0.3,6.1,5.77,61.4,68.1
2176,M17035,M,299.5,309.2,1590,35.9,22,0,0,0,0,0,0,Medium,4.4,121,2,71,1.63,5.69,5.83,49.3,70.9
2177,M17036,M,299.6,309.3,1387,48.3,25,0,0,0,0,0,0,Medium,3.8,103,6,9,1.34,5.52,7.66,50.4,62.8
2178,M17037,M,299.6,309.2,1393,47.7,28,0,0,0,0,0,0,Medium,3.6,99,1,109,2.31,6.23,6.84,38.2,74.1
2179,L49358,L,299.6,309.2,1602,37.3,31,0,0,0,0,0,0,Low,3.6,173,6,375,1.65,5.78,6.04,54.7,88.6
2180,L49359,L,299.6,309.2,1601,33.3,33,0,0,0,0,0,0,Low,6.1,214,9,549,1.15,5.28,6.22,43.5,65.9
2181,H31594,H,299.6,309.2,1597,36.3,35,0,0,0,0,0,0,High,3.9,60,4,357,1.79,6.58,6.27,41.3,87.0
2182,H31595,H,299.5,309.1,1548,44.3,40,0,0,0,0,0,0,High,4.7,162,3,37,2.43,4.53,6.9,57.1,82.0
2183,M17042,M,299.5,309.2,1314,61.8,45,0,0,0,0,0,0,Medium,4.5,392,3,35,2.68,5.36,8.34,56.2,75.7
2184,M17043,M,299.6,309.3,1577,39.8,48,0,0,0,0,0,0,Medium,5.0,317,1,144,1.99,6.48,6.83,43.3,59.2
2185,L49364,L,299.8,309.4,1475,43.4,51,0,0,0,0,0,0,Low,5.0,452,2,44,2.18,5.84,6.6,50.6,68.4
2186,L49365,L,299.8,309.4,1630,32.4,53,0,0,0,0,0,0,Low,4.7,293,4,6,1.47,6.7,5.51,53.0,85.3
2187,L49366,L,299.7,309.4,1445,42.9,55,0,0,0,0,0,0,Low,4.0,306,2,37,2.54,6.69,7.04,72.4,58.4
2188,M17047,M,299.8,309.4,1439,47.4,57,0,0,0,0,0,0,Medium,4.9,312,4,156,1.74,6.6,6.91,31.4,68.0
2189,L49368,L,299.7,309.3,1420,44.1,60,0,0,0,0,0,0,Low,4.0,203,1,14,1.55,6.92,6.41,73.4,82.8
2190,H31603,H,299.7,309.2,1554,41.6,62,0,0,0,0,0,0,High,4.4,253,9,214,2.76,5.85,7.72,69.8,73.0
2191,M17050,M,299.6,309.1,1471,44.3,67,0,0,0,0,0,0,Medium,7.2,327,12,176,1.47,5.94,6.99,55.2,100.0
2192,L49371,L,299.6,309.0,1648,33.6,70,0,0,0,0,0,0,Low,7.7,476,18,136,2.14,6.0,5.95,61.6,79.4
2193,L49372,L,299.6,309.0,1472,48.8,72,0,0,0,0,0,0,Low,4.6,466,5,134,0.79,6.64,8.1,62.7,72.6
2194,M17053,M,299.5,308.9,1448,42.9,74,0,0,0,0,0,0,Medium,5.5,406,6,124,0.7,5.67,6.69,34.1,66.0
2195,M17054,M,299.6,308.9,1568,35.3,77,0,0,0,0,0,0,Medium,6.4,444,8,669,2.21,6.52,6.18,58.8,55.0
2196,L49375,L,299.6,308.9,1613,30.8,80,0,0,0,0,0,0,Low,6.9,664,10,172,1.29,6.01,4.84,48.9,66.0
2197,M17056,M,299.7,308.9,1551,35.4,82,0,0,0,0,0,0,Medium,6.8,465,5,192,2.01,6.58,5.89,26.9,75.7
2198,L49377,L,299.7,309.0,1412,49.2,85,0,0,0,0,0,0,Low,5.1,435,10,214,2.7,6.58,7.22,43.1,100.0
2199,M17058,M,299.7,308.9,1478,41.0,87,0,0,0,0,0,0,Medium,6.5,485,5,192,0.83,5.92,6.51,71.4,68.6
2200,M17059,M,299.8,309.1,1268,58.0,90,0,0,0,0,0,0,Medium,5.7,543,2,150,3.77,7.06,6.86,52.0,72.6
2201,L49380,L,299.8,309.1,1546,35.6,93,0,0,0,0,0,0,Low,6.9,560,6,11,1.0,6.54,5.35,68.6,71.7
2202,L49381,L,299.8,309.0,1567,36.1,95,0,0,0,0,0,0,Low,8.1,524,11,231,1.84,4.91,5.91,58.9,66.2
2203,M17062,M,299.9,309.2,1548,35.7,97,0,0,0,0,0,0,Medium,8.7,544,7,202,2.25,4.74,6.01,34.8,52.2
2204,L49383,L,299.8,309.0,1614,30.8,100,0,0,0,0,0,0,Low,5.9,408,12,192,1.89,5.36,4.87,66.7,62.2
2205,M17064,M,299.7,309.1,1352,46.1,102,0,0,0,0,0,0,Medium,12.2,403,14,125,2.11,6.01,6.35,67.5,65.5
2206,L49385,L,299.9,309.2,1624,34.6,105,0,0,0,0,0,0,Low,8.4,627,12,37,1.31,6.66,5.99,47.4,93.4
2207,L49386,L,299.9,309.2,1436,52.0,107,0,0,0,0,0,0,Low,9.4,625,10,10,1.79,5.84,7.78,32.7,59.4
2208,L49387,L,299.8,309.2,1591,37.5,109,0,0,0,0,0,0,Low,10.1,510,13,552,1.87,5.79,6.57,52.4,64.9
2209,H31622,H,299.8,309.2,1435,42.6,111,0,0,0,0,0,0,High,5.4,481,9,648,1.94,6.18,6.77,45.8,70.0
2210,L49389,L,299.8,309.3,1386,49.4,116,0,0,0,0,0,0,Low,9.2,657,13,724,1.09,6.93,6.79,53.3,63.0
2211,L49390,L,299.7,309.2,1401,54.1,118,0,0,0,0,0,0,Low,6.8,464,8,246,2.42,6.28,7.91,73.6,56.8
2212,M17071,M,299.6,309.0,1245,64.0,120,0,0,0,0,0,0,Medium,7.8,479,8,122,2.29,5.95,8.13,71.0,71.0
2213,L49392,L,299.7,309.1,1475,40.0,123,0,0,0,0,0,0,Low,8.6,444,10,16,1.08,5.33,6.57,67.3,41.7
2214,L49393,L,299.7,309.1,1473,39.4,125,0,0,0,0,0,0,Low,4.7,425,5,124,2.27,5.24,6.35,63.2,84.9
2215,H31628,H,299.7,309.2,1355,44.8,127,0,0,0,0,0,0,High,15.3,810,18,464,1.52,5.12,6.06,52.7,71.0
2216,H31629,H,299.7,309.2,1468,49.6,132,0,0,0,0,0,0,High,8.2,680,11,835,1.9,6.34,8.15,73.2,45.0
2217,L49396,L,299.7,309.2,1645,30.8,137,0,0,0,0,0,0,Low,7.8,708,10,22,2.14,6.16,4.96,41.7,87.0
2218,L49397,L,299.7,309.1,1347,55.3,139,0,0,0,0,0,0,Low,6.4,749,9,90,2.66,6.42,7.62,44.9,70.6
2219,L49398,L,299.7,309.1,1713,33.5,141,0,0,0,0,0,0,Low,12.7,860,14,71,1.99,6.5,5.68,62.4,77.6
2220,M17079,M,299.6,309.1,1435,48.4,143,0,0,0,0,0,0,Medium,13.5,1065,17,403,2.01,6.13,7.11,87.5,67.2
2221,M17080,M,299.6,309.0,1736,26.1,146,0,0,0,0,0,0,Medium,8.4,753,15,149,1.65,5.38,4.22,52.6,67.1
2222,L49401,L,299.6,309.0,1372,60.4,149,0,0,0,0,0,0,Low,8.6,977,7,630,2.82,5.68,8.68,71.7,54.1
2223,L49402,L,299.7,309.0,1605,33.0,151,0,0,0,0,0,0,Low,9.2,781,9,38,2.17,6.04,5.07,38.8,89.3
2224,L49403,L,299.6,309.0,1413,48.5,153,0,0,0,0,0,0,Low,8.7,967,8,117,2.77,5.8,7.0,58.9,71.1
2225,M17084,M,299.7,309.0,1645,31.9,155,0,0,0,0,0,0,Medium,14.1,1071,17,175,2.81,4.87,5.81,64.7,64.1
2226,M17085,M,299.7,309.0,1465,49.0,158,0,0,0,0,0,0,Medium,8.2,733,12,30,1.88,5.61,7.58,67.6,70.8
2227,M17086,M,299.6,308.9,1685,27.8,161,0,0,0,0,0,0,Medium,7.9,813,12,191,2.89,6.79,5.45,51.2,75.0
2228,L49407,L,299.5,308.8,1965,20.4,164,0,0,0,0,0,0,Low,9.1,737,11,1,2.12,6.05,4.42,45.9,77.1
2229,H31642,H,299.4,308.6,1542,41.8,166,0,0,0,0,0,0,High,7.4,483,7,121,2.27,6.07,7.11,38.4,83.4
2230,L49409,L,299.4,308.7,1681,30.8,171,0,0,0,0,0,0,Low,10.5,821,13,216,3.11,5.48,5.27,52.7,75.6
2231,L49410,L,299.5,308.7,1446,45.7,173,0,0,0,0,0,0,Low,7.8,796,4,9,3.12,5.16,6.82,80.3,76.9
2232,L49411,L,299.4,308.6,1415,56.4,175,0,0,0,0,0,0,Low,15.1,1231,23,234,3.22,6.1,8.58,50.7,75.0
2233,L49412,L,299.5,308.6,1672,30.5,177,0,0,0,0,0,0,Low,13.1,1312,21,50,3.18,6.18,5.21,92.4,82.0
2234,L49413,L,299.5,308.7,2549,13.0,179,1,0,0,1,0,0,Low,5.4,611,9,145,4.16,5.03,3.47,55.5,54.8
2235,L49414,L,299.4,308.6,1492,40.5,181,0,0,0,0,0,0,Low,12.2,1187,12,339,1.98,6.51,6.69,67.8,63.9
2236,M17095,M,299.4,308.6,1455,42.7,183,0,0,0,0,0,0,Medium,12.6,1238,12,216,3.07,5.72,6.55,87.9,54.2
2237,M17096,M,299.3,308.5,1422,43.1,186,0,0,0,0,0,0,Medium,10.7,1009,9,302,0.98,6.22,5.95,57.3,59.3
2238,L49417,L,299.3,308.6,1403,50.6,189,0,0,0,0,0,0,Low,11.6,1021,13,758,3.15,6.07,7.69,83.6,57.6
2239,L49418,L,299.3,308.6,1474,49.6,191,0,0,0,0,0,0,Low,17.9,1262,15,483,2.54,5.98,7.49,56.3,62.6
2240,L49419,L,299.2,308.6,1381,50.0,193,0,0,0,0,0,0,Low,11.6,1110,16,258,2.86,7.63,7.04,52.3,64.7
2241,L49420,L,299.2,308.5,1457,44.7,195,0,0,0,0,0,0,Low,8.8,740,15,237,4.01,6.35,7.65,57.2,64.6
2242,L49421,L,299.2,308.4,1711,28.9,197,0,0,0,0,0,0,Low,12.5,1302,19,568,3.23,5.97,5.22,32.7,48.7
2243,L49422,L,299.2,308.4,1667,29.0,199,0,0,0,0,0,0,Low,14.7,1484,29,859,2.45,6.34,5.59,42.2,46.6
2244,L49423,L,299.2,308.4,1465,35.0,201,0,0,0,0,0,0,Low,10.5,814,15,284,1.49,5.74,5.17,39.4,45.2
2245,M17104,M,299.3,308.4,1542,37.5,203,1,1,0,0,0,0,Medium,11.6,939,20,120,2.18,6.48,5.85,55.2,64.5
2246,M17105,M,299.3,308.4,1438,42.3,0,0,0,0,0,0,0,Medium,6.4,31,14,234,2.08,6.17,6.22,64.1,67.5
2247,L49426,L,299.3,308.4,1406,47.4,3,0,0,0,0,0,0,Low,0.5,13,0,413,1.49,5.94,6.94,46.8,63.9
2248,M17107,M,299.2,308.4,1396,48.5,5,0,0,0,0,0,0,Medium,5.0,55,7,158,1.75,5.86,6.98,92.6,81.1
2249,M17108,M,299.3,308.5,1304,60.6,8,0,0,0,0,0,0,Medium,4.3,27,8,714,2.25,5.99,7.87,31.5,71.6
2250,L49429,L,299.2,308.5,1442,46.5,11,0,0,0,0,0,0,Low,0.8,24,0,268,1.16,6.03,7.35,37.1,65.3
2251,M17110,M,299.2,308.4,1396,48.7,13,0,0,0,0,0,0,Medium,6.9,105,8,20,2.92,6.76,7.16,66.1,69.0
2252,H31665,H,299.1,308.3,1424,43.4,16,0,0,0,0,0,0,High,1.3,64,1,49,1.7,6.27,6.75,49.7,92.7
2253,H31666,H,299.1,308.3,1451,42.8,21,0,0,0,0,0,0,High,4.7,114,5,89,1.8,4.75,6.61,24.8,72.1
2254,L49433,L,299.2,308.4,1386,54.1,26,0,0,0,0,0,0,Low,2.4,257,2,69,3.21,7.05,8.86,62.0,68.7
2255,L49434,L,299.1,308.3,1325,46.9,28,0,0,0,0,0,0,Low,1.9,92,2,14,1.64,6.36,6.56,60.2,77.4
2256,L49435,L,299.1,308.3,1559,33.7,30,0,0,0,0,0,0,Low,5.6,210,6,777,1.32,7.48,5.77,58.3,70.9
2257,L49436,L,299.1,308.3,1489,38.1,32,0,0,0,0,0,0,Low,5.1,141,4,1,1.54,5.96,6.33,54.4,81.9
2258,L49437,L,299.1,308.3,1892,25.2,34,0,0,0,0,0,0,Low,3.7,177,6,40,1.31,6.63,4.7,54.8,79.1
2259,L49438,L,299.1,308.2,1319,60.3,36,0,0,0,0,0,0,Low,8.0,192,10,221,2.55,6.54,7.89,80.2,69.6
2260,L49439,L,299.1,308.3,1431,52.3,38,0,0,0,0,0,0,Low,5.1,165,4,388,1.98,6.16,7.45,70.6,62.1
2261,H31674,H,299.1,308.3,1521,36.5,40,0,0,0,0,0,0,High,8.2,395,11,47,1.41,6.79,5.71,66.2,100.0
2262,M17121,M,299.1,308.2,1435,45.2,45,0,0,0,0,0,0,Medium,4.7,289,5,115,2.31,5.91,6.69,71.5,44.5
2263,L49442,L,299.1,308.3,1533,42.4,48,0,0,0,0,0,0,Low,3.0,245,7,22,1.69,6.09,6.89,54.0,70.1
2264,M17123,M,299.2,308.4,1529,43.0,50,0,0,0,0,0,0,Medium,3.2,272,5,178,1.79,5.36,7.44,60.0,73.2
2265,M17124,M,299.2,308.4,1415,43.5,53,0,0,0,0,0,0,Medium,3.8,226,6,399,1.79,5.88,5.93,15.0,60.9
2266,M17125,M,299.2,308.4,1330,51.2,56,0,0,0,0,0,0,Medium,3.2,250,7,609,2.22,5.51,6.58,93.2,50.7
2267,L49446,L,299.2,308.5,1381,60.6,59,0,0,0,0,0,0,Low,3.2,259,1,231,2.28,6.11,8.51,55.7,61.6
2268,L49447,L,299.2,308.5,1370,52.4,61,0,0,0,0,0,0,Low,3.1,316,3,585,1.09,6.42,7.15,72.8,55.8
2269,L49448,L,299.2,308.5,1438,46.6,63,0,0,0,0,0,0,Low,6.6,551,10,340,1.23,6.27,6.49,68.8,76.5
2270,L49449,L,299.3,308.6,1314,48.2,65,0,0,0,0,0,0,Low,3.7,386,5,144,1.63,6.17,6.52,67.1,70.6
2271,L49450,L,299.3,308.6,1437,48.1,67,0,0,0,0,0,0,Low,4.6,312,9,76,2.21,6.47,7.32,50.4,68.6
2272,L49451,L,299.2,308.5,1821,26.1,69,0,0,0,0,0,0,Low,4.6,510,7,74,2.26,7.42,4.96,74.9,77.1
2273,M17132,M,299.3,308.6,1448,52.1,71,0,0,0,0,0,0,Medium,4.1,273,8,515,2.81,5.78,7.68,67.5,43.4
2274,L49453,L,299.3,308.5,1589,32.7,74,0,0,0,0,0,0,Low,6.5,342,9,55,1.68,7.43,5.45,37.9,68.0
2275,L49454,L,299.3,308.6,1520,33.7,76,0,0,0,0,0,0,Low,4.2,366,3,95,3.11,5.14,4.9,57.8,62.5
2276,L49455,L,299.3,308.6,1605,37.0,78,0,0,0,0,0,0,Low,10.5,888,11,646,2.4,4.59,6.44,56.8,57.6
2277,L49456,L,299.3,308.7,1393,54.2,80,0,0,0,0,0,0,Low,7.6,565,5,226,1.69,6.79,7.91,48.6,55.5
2278,H31691,H,299.3,308.7,1408,44.4,82,0,0,0,0,0,0,High,3.4,246,2,81,1.54,6.07,6.67,38.4,82.9
2279,M17138,M,299.3,308.7,1459,35.6,87,0,0,0,0,0,0,Medium,5.1,558,10,667,1.21,5.06,5.46,40.8,50.1
2280,L49459,L,299.4,308.7,1525,39.0,90,0,0,0,0,0,0,Low,11.4,824,15,173,1.95,6.03,5.73,64.9,54.3
2281,L49460,L,299.4,308.8,1390,57.0,92,0,0,0,0,0,0,Low,4.3,350,2,371,2.59,5.82,8.12,49.3,61.6
2282,L49461,L,299.3,308.7,1536,38.9,94,0,0,0,0,0,0,Low,11.2,501,15,330,1.97,6.24,6.69,62.8,62.9
2283,L49462,L,299.4,308.7,1459,47.6,96,0,0,0,0,0,0,Low,7.6,385,9,418,0.58,5.88,7.49,53.0,69.7
2284,L49463,L,299.2,308.5,1387,51.1,98,0,0,0,0,0,0,Low,8.2,525,13,919,1.5,6.83,7.35,53.4,72.4
2285,L49464,L,299.2,308.5,1378,53.4,100,0,0,0,0,0,0,Low,4.2,416,4,369,1.48,6.16,8.03,41.3,67.3
2286,L49465,L,299.4,308.7,1381,56.7,102,0,0,0,0,0,0,Low,8.0,500,9,39,2.29,6.24,8.62,46.1,80.1
2287,M17146,M,299.4,308.7,1289,60.5,104,0,0,0,0,0,0,Medium,9.0,442,9,381,1.81,5.97,8.74,53.9,58.9
2288,L49467,L,299.4,308.6,1746,26.8,107,0,0,0,0,0,0,Low,4.8,260,6,516,1.52,6.37,5.1,30.4,48.4
2289,M17148,M,299.4,308.6,1541,39.1,109,0,0,0,0,0,0,Medium,6.8,441,9,24,0.81,5.93,6.78,58.6,80.0
2290,L49469,L,299.4,308.7,1504,37.8,112,0,0,0,0,0,0,Low,11.4,921,8,456,1.6,6.6,5.98,53.9,84.9
2291,M17150,M,299.5,308.7,1321,51.9,114,0,0,0,0,0,0,Medium,10.1,520,14,2,3.08,5.22,7.52,32.0,69.2
2292,M17151,M,299.5,308.8,1886,20.9,117,0,0,0,0,0,0,Medium,7.3,483,8,229,2.57,6.0,3.92,53.5,66.5
2293,L49472,L,299.6,308.9,1422,53.2,120,0,0,0,0,0,0,Low,7.7,498,3,409,2.68,5.7,8.24,15.0,76.7
2294,L49473,L,299.5,308.9,1520,38.3,122,0,0,0,0,0,0,Low,8.9,714,6,162,2.75,5.4,6.16,48.1,79.3
2295,L49474,L,299.4,308.8,1627,32.6,124,0,0,0,0,0,0,Low,11.2,491,5,507,2.19,5.18,5.73,56.3,58.9
2296,L49475,L,299.4,308.7,1512,37.2,126,0,0,0,0,0,0,Low,6.7,483,4,163,1.82,5.47,6.26,68.8,85.8
2297,L49476,L,299.4,308.7,1553,42.7,128,0,0,0,0,0,0,Low,6.4,336,2,180,0.57,6.23,6.63,94.7,60.4
2298,L49477,L,299.3,308.7,1802,26.0,130,0,0,0,0,0,0,Low,13.1,848,18,150,2.58,6.22,5.27,57.9,73.0
2299,L49478,L,299.3,308.6,1482,37.6,132,0,0,0,0,0,0,Low,8.3,790,8,250,1.24,6.47,6.04,59.5,55.9
2300,L49479,L,299.4,308.7,1446,62.9,134,1,0,0,1,0,0,Low,14.4,771,24,504,2.85,5.82,9.67,31.1,64.5
2301,L49480,L,299.3,308.6,1371,50.5,136,0,0,0,0,0,0,Low,8.3,812,11,118,2.48,6.66,6.82,52.3,78.0
2302,M17161,M,299.2,308.6,1586,35.7,138,0,0,0,0,0,0,Medium,9.1,962,11,324,1.64,5.95,5.75,48.1,62.1
2303,L49482,L,299.2,308.5,1515,39.8,141,0,0,0,0,0,0,Low,15.9,1470,21,243,1.75,6.4,6.61,29.5,67.7
2304,L49483,L,299.2,308.5,1374,53.6,143,0,0,0,0,0,0,Low,8.8,879,7,167,1.32,6.12,7.72,81.0,73.0
2305,L49484,L,299.1,308.5,1455,39.8,145,0,0,0,0,0,0,Low,12.7,699,21,242,1.04,5.56,6.42,61.7,73.1
2306,H31719,H,299.2,308.5,1342,47.5,147,0,0,0,0,0,0,High,17.4,918,21,172,2.04,5.19,6.96,63.2,64.0
2307,L49486,L,299.1,308.6,1260,57.8,152,0,0,0,0,0,0,Low,5.0,463,4,924,1.42,5.36,7.35,80.1,76.1
2308,H31721,H,299.0,308.5,1623,33.5,154,0,0,0,0,0,0,High,7.8,812,11,47,3.05,5.4,5.69,33.9,74.2
2309,L49488,L,299.1,308.5,1371,55.5,159,0,0,0,0,0,0,Low,6.0,596,8,18,2.52,5.77,7.93,35.9,79.9
2310,L49489,L,299.1,308.6,1611,31.4,161,0,0,0,0,0,0,Low,6.9,797,7,179,2.34,6.35,5.54,76.1,55.5
2311,M17170,M,299.0,308.4,1535,47.5,163,0,0,0,0,0,0,Medium,7.5,728,4,65,1.41,6.63,7.67,40.3,77.0
2312,M17171,M,299.1,308.6,1491,38.5,166,0,0,0,0,0,0,Medium,12.0,824,13,80,1.6,6.63,6.0,65.4,59.6
2313,M17172,M,299.1,308.6,1441,36.2,169,0,0,0,0,0,0,Medium,9.3,662,16,629,1.88,4.11,5.59,59.4,74.1
2314,M17173,M,299.1,308.8,1725,26.6,172,0,0,0,0,0,0,Medium,9.4,876,9,9,1.28,5.67,4.75,85.2,77.4
2315,L49494,L,299.2,308.9,1368,47.2,175,0,0,0,0,0,0,Low,10.1,793,18,272,2.63,5.87,7.04,77.6,61.6
2316,L49495,L,299.2,308.9,1526,37.9,177,0,0,0,0,0,0,Low,7.8,850,13,1,2.95,5.74,6.12,78.2,73.5
2317,L49496,L,299.2,308.8,1542,39.2,179,0,0,0,0,0,0,Low,11.1,1012,8,109,2.29,4.97,6.73,30.0,81.7
2318,L49497,L,299.2,308.8,1605,31.1,181,0,0,0,0,0,0,Low,10.2,856,7,133,2.48,6.58,5.44,65.3,70.9
2319,L49498,L,299.2,308.8,1405,51.4,183,0,0,0,0,0,0,Low,7.3,527,9,198,2.64,7.14,7.65,70.9,65.3
2320,M17179,M,299.2,308.8,1700,33.5,185,0,0,0,0,0,0,Medium,10.4,1072,11,144,2.14,5.77,6.41,54.9,77.6
2321,H31734,H,299.2,308.8,1440,39.1,188,0,0,0,0,0,0,High,8.7,882,9,121,2.38,7.32,5.73,45.9,72.4
2322,M17181,M,299.2,308.8,1314,52.5,193,0,0,0,0,0,0,Medium,10.5,777,4,148,3.03,4.66,7.3,53.1,87.7
2323,L49502,L,299.2,308.7,1514,41.9,196,0,0,0,0,0,0,Low,10.3,776,19,42,2.84,5.35,6.7,68.1,92.4
2324,M17183,M,299.2,308.7,1401,47.0,198,0,0,0,0,0,0,Medium,9.1,1055,7,114,2.26,5.87,7.05,36.2,55.2
2325,L49504,L,299.3,308.8,1636,29.9,201,0,0,0,0,0,0,Low,16.4,1934,16,397,2.76,6.35,4.99,81.7,63.1
2326,L49505,L,299.3,308.8,1603,33.9,203,0,0,0,0,0,0,Low,16.9,918,16,147,2.43,6.02,5.74,27.1,100.0
2327,M17186,M,299.4,308.7,1487,52.6,205,0,0,0,0,0,0,Medium,18.8,1888,23,85,2.95,5.39,7.97,44.9,79.9
2328,M17187,M,299.3,308.7,1420,50.3,208,0,0,0,0,0,0,Medium,9.6,806,11,146,3.27,6.48,6.96,36.8,82.0
2329,L49508,L,299.3,308.7,1579,36.3,211,0,0,0,0,0,0,Low,10.1,1071,15,47,1.5,6.33,5.97,55.4,77.6
2330,L49509,L,299.3,308.7,1484,40.5,213,0,0,0,0,0,0,Low,9.4,896,8,212,3.34,5.68,6.39,47.5,74.2
2331,M17190,M,299.3,308.7,1390,49.3,215,0,0,0,0,0,0,Medium,13.5,1435,18,402,3.31,5.81,6.82,74.7,38.8
2332,L49511,L,299.3,308.6,1384,53.6,218,1,0,0,0,1,0,Low,19.4,1699,25,516,4.18,5.38,7.64,51.8,71.5
2333,L49512,L,299.2,308.5,1378,50.4,220,1,0,0,0,1,0,Low,14.1,1089,18,426,1.86,6.36,7.48,59.7,85.2
2334,L49513,L,299.2,308.5,1445,45.2,222,0,0,0,0,0,0,Low,13.1,1192,15,57,3.55,5.31,7.08,53.2,60.2
2335,L49514,L,299.2,308.4,1445,43.5,224,0,0,0,0,0,0,Low,14.1,1352,28,179,2.38,5.23,6.84,50.3,62.0
2336,L49515,L,299.2,308.4,1509,39.4,0,0,0,0,0,0,0,Low,3.6,5,4,233,2.01,6.97,5.92,58.0,69.0
2337,L49516,L,299.2,308.4,1434,46.8,2,0,0,0,0,0,0,Low,2.9,11,4,357,2.22,6.08,7.83,35.4,47.8
2338,L49517,L,299.2,308.4,1877,23.9,4,0,0,0,0,0,0,Low,4.2,12,8,121,3.18,5.5,4.34,40.7,67.6
2339,L49518,L,299.3,308.3,1651,28.0,6,0,0,0,0,0,0,Low,6.5,15,13,16,1.98,4.8,4.8,38.4,60.2
2340,L49519,L,299.2,308.2,1466,41.3,8,0,0,0,0,0,0,Low,2.9,66,3,120,0.26,6.07,5.61,59.7,78.1
2341,L49520,L,299.1,308.1,1479,40.7,10,0,0,0,0,0,0,Low,1.4,18,0,110,1.19,6.01,5.99,57.2,75.0
2342,L49521,L,299.1,308.2,1409,46.4,12,0,0,0,0,0,0,Low,3.1,31,4,284,1.96,6.69,6.55,58.3,65.2
2343,M17202,M,299.2,308.2,1674,28.2,14,0,0,0,0,0,0,Medium,2.8,143,4,363,1.82,4.54,5.26,55.6,62.1
2344,L49523,L,299.1,308.3,1305,61.4,17,0,0,0,0,0,0,Low,1.4,58,3,173,1.81,5.63,9.1,61.2,72.5
2345,M17204,M,299.2,308.3,1755,26.4,19,0,0,0,0,0,0,Medium,6.0,33,6,80,2.32,6.28,4.91,48.7,86.0
2346,L49525,L,299.2,308.4,1475,38.7,22,0,0,0,0,0,0,Low,4.1,170,7,125,3.03,5.9,5.84,52.9,65.6
2347,L49526,L,299.2,308.4,1402,47.7,24,0,0,0,0,0,0,Low,3.0,136,1,14,1.84,6.46,6.1,60.8,75.2
2348,L49527,L,299.2,308.3,1410,43.0,26,0,0,0,0,0,0,Low,4.5,174,8,14,2.2,6.17,6.09,43.9,91.3
2349,L49528,L,299.2,308.4,1436,41.8,28,0,0,0,0,0,0,Low,2.5,90,4,31,1.69,6.14,5.71,62.4,64.5
2350,M17209,M,299.3,308.5,1386,42.2,30,0,0,0,0,0,0,Medium,6.7,96,5,230,0.99,6.38,5.92,72.4,82.8
2351,L49530,L,299.3,308.6,1744,26.4,33,0,0,0,0,0,0,Low,10.1,118,8,185,1.07,5.21,4.74,58.1,68.0
2352,L49531,L,299.2,308.4,1393,48.4,35,0,0,0,0,0,0,Low,3.0,151,1,161,1.95,6.24,7.14,76.8,93.7
2353,M17212,M,299.3,308.5,1422,45.4,37,0,0,0,0,0,0,Medium,3.7,165,8,347,1.8,6.25,6.7,53.5,36.4
2354,L49533,L,299.2,308.4,1841,22.8,40,0,0,0,0,0,0,Low,5.1,208,8,18,1.82,7.19,4.3,71.6,65.8
2355,L49534,L,299.3,308.6,1433,37.7,42,0,0,0,0,0,0,Low,3.2,286,5,359,1.52,4.74,5.52,43.0,70.5
2356,M17215,M,299.3,308.5,1305,60.6,44,0,0,0,0,0,0,Medium,3.7,405,4,208,1.79,5.85,8.22,59.9,73.5
2357,H31770,H,299.3,308.6,1498,39.5,47,0,0,0,0,0,0,High,7.5,242,11,58,1.45,6.32,6.53,63.6,83.5
2358,L49537,L,299.3,308.5,1772,26.1,52,0,0,0,0,0,0,Low,4.1,262,6,415,1.94,6.48,5.01,70.0,64.9
2359,M17218,M,299.2,308.4,1381,42.5,54,0,0,0,0,0,0,Medium,3.6,223,4,259,1.11,5.88,5.94,62.8,85.4
2360,L49539,L,299.3,308.5,1413,38.5,57,0,0,0,0,0,0,Low,5.1,194,5,180,0.82,5.79,5.6,78.6,80.8
2361,H31774,H,299.2,308.4,1388,53.2,59,0,0,0,0,0,0,High,3.0,214,3,7,1.28,5.92,8.49,66.4,62.9
2362,M17221,M,299.2,308.6,1631,35.4,64,0,0,0,0,0,0,Medium,5.4,438,5,2,2.96,6.83,5.87,56.4,89.1
2363,H31776,H,299.3,308.6,1520,41.4,67,0,0,0,0,0,0,High,3.6,324,1,795,0.84,5.98,6.8,56.8,63.4
2364,L49543,L,299.3,308.5,1510,45.4,72,0,0,0,0,0,0,Low,3.4,352,3,222,1.77,5.59,7.53,45.8,78.7
2365,L49544,L,299.2,308.5,1366,49.7,74,0,0,0,0,0,0,Low,3.4,211,4,11,2.36,5.67,7.12,51.4,91.5
2366,L49545,L,299.4,308.5,1845,22.9,76,0,0,0,0,0,0,Low,3.6,290,3,62,2.73,5.48,4.28,52.9,52.6
2367,L49546,L,299.3,308.5,1485,44.7,78,0,0,0,0,0,0,Low,3.4,278,1,283,2.86,6.52,6.3,58.7,49.5
2368,M17227,M,299.3,308.5,1496,39.4,80,0,0,0,0,0,0,Medium,6.4,456,7,364,0.69,6.65,6.36,53.0,74.1
2369,M17228,M,299.3,308.4,1468,42.2,83,0,0,0,0,0,0,Medium,8.7,517,11,89,1.46,4.99,6.56,34.6,43.9
2370,M17229,M,299.2,308.4,1856,22.7,86,0,0,0,0,0,0,Medium,7.7,390,10,290,1.48,5.63,4.25,73.6,67.2
2371,L49550,L,299.2,308.4,1620,34.1,89,0,0,0,0,0,0,Low,9.1,582,6,114,1.83,6.32,5.94,23.0,74.9
2372,L49551,L,299.3,308.5,1409,44.8,91,0,0,0,0,0,0,Low,5.4,485,11,201,1.13,6.17,6.66,42.2,66.2
2373,M17232,M,299.3,308.5,1404,49.4,93,0,0,0,0,0,0,Medium,6.7,517,7,1164,1.9,5.86,6.98,74.3,65.9
2374,L49553,L,299.2,308.4,1350,51.3,96,0,0,0,0,0,0,Low,4.3,324,4,42,1.36,6.55,6.74,43.2,76.5
2375,M17234,M,299.2,308.4,1538,38.0,98,0,0,0,0,0,0,Medium,5.9,540,8,39,0.84,6.83,5.99,70.2,100.0
2376,M17235,M,299.2,308.4,1476,32.7,101,0,0,0,0,0,0,Medium,9.8,1001,14,320,0.92,5.54,5.42,58.9,54.9
2377,M17236,M,299.2,308.3,1364,51.8,104,0,0,0,0,0,0,Medium,5.2,506,6,126,1.27,5.09,7.65,63.2,81.5
2378,M17237,M,299.2,308.3,1582,45.5,107,0,0,0,0,0,0,Medium,8.8,689,14,256,2.0,5.97,7.68,49.0,78.3
2379,L49558,L,299.1,308.2,1348,56.1,110,0,0,0,0,0,0,Low,10.2,594,6,14,1.99,5.41,8.09,51.1,72.6
2380,H31793,H,299.1,308.2,1450,46.1,112,0,0,0,0,0,0,High,6.6,597,1,365,1.78,6.45,6.7,65.0,73.4
2381,L49560,L,299.0,308.1,1242,60.9,117,0,0,0,0,0,0,Low,6.9,654,5,226,1.51,5.46,7.73,56.3,70.0
2382,L49561,L,299.1,308.2,1493,34.9,119,0,0,0,0,0,0,Low,4.5,498,1,161,1.61,7.16,5.47,48.1,54.9
2383,L49562,L,299.1,308.3,1601,31.4,121,0,0,0,0,0,0,Low,11.7,938,14,331,1.41,5.27,5.25,54.7,70.7
2384,L49563,L,299.1,308.2,1568,33.3,123,0,0,0,0,0,0,Low,6.3,723,4,628,2.38,5.9,5.18,50.7,82.9
2385,M17244,M,299.1,308.3,1506,38.0,125,0,0,0,0,0,0,Medium,7.2,544,4,59,2.7,6.11,5.66,36.1,93.7
2386,L49565,L,299.1,308.3,1524,34.1,128,0,0,0,0,0,0,Low,7.9,800,7,1179,1.8,5.59,5.42,56.4,39.9
2387,L49566,L,299.1,308.4,1543,37.9,130,0,0,0,0,0,0,Low,10.8,1053,16,237,2.01,5.88,5.97,65.6,71.4
2388,M17247,M,299.2,308.5,1474,47.2,132,0,0,0,0,0,0,Medium,7.8,598,15,204,1.6,6.15,7.18,54.9,88.3
2389,M17248,M,299.2,308.5,1526,37.3,135,0,0,0,0,0,0,Medium,7.5,581,7,270,1.8,7.15,5.9,53.0,54.9
2390,L49569,L,299.2,308.5,1867,27.0,138,0,0,0,0,0,0,Low,10.8,717,15,100,1.99,6.16,5.65,59.9,74.8
2391,L49570,L,299.2,308.5,1487,41.2,140,0,0,0,0,0,0,Low,9.9,1157,15,105,1.71,6.05,6.27,39.8,62.2
2392,L49571,L,299.2,308.4,1580,32.6,142,0,0,0,0,0,0,Low,9.8,644,14,340,1.6,6.72,5.53,25.5,80.2
2393,L49572,L,299.2,308.5,1340,50.0,144,0,0,0,0,0,0,Low,12.3,1128,18,420,2.28,6.45,6.65,69.3,69.8
2394,L49573,L,299.2,308.5,1544,41.6,146,0,0,0,0,0,0,Low,11.0,704,18,651,2.09,6.75,7.19,64.1,52.7
2395,L49574,L,299.2,308.5,1488,40.3,148,0,0,0,0,0,0,Low,10.3,928,10,308,1.83,5.5,6.83,25.0,63.7
2396,M17255,M,299.2,308.5,1742,28.9,150,0,0,0,0,0,0,Medium,9.3,1033,9,698,2.32,5.09,5.17,52.6,74.0
2397,M17256,M,299.1,308.5,1592,34.2,153,0,0,0,0,0,0,Medium,9.5,862,11,551,3.04,7.01,5.34,54.9,61.7
2398,L49577,L,299.2,308.6,1582,38.8,156,0,0,0,0,0,0,Low,10.8,849,10,130,1.98,6.3,5.87,48.5,61.8
2399,L49578,L,299.2,308.5,1490,43.2,158,0,0,0,0,0,0,Low,12.3,967,15,400,2.44,5.69,6.8,41.9,75.2
2400,M17259,M,299.2,308.5,1594,35.8,160,0,0,0,0,0,0,Medium,8.4,729,5,338,1.98,5.33,5.89,54.2,71.6
2401,H31814,H,299.2,308.6,1462,55.0,163,0,0,0,0,0,0,High,10.4,990,10,3,3.11,5.81,9.01,43.5,74.3
2402,M17261,M,299.2,308.6,1367,47.6,168,0,0,0,0,0,0,Medium,8.8,709,8,67,2.93,7.16,6.91,54.3,69.0
2403,L49582,L,299.2,308.7,1325,51.0,171,0,0,0,0,0,0,Low,11.4,798,8,333,3.18,5.31,6.84,34.4,71.8
2404,H31817,H,299.2,308.7,1448,51.4,173,0,0,0,0,0,0,High,10.9,1099,10,120,3.11,7.16,8.15,62.8,82.0
2405,M17264,M,299.1,308.7,2008,20.3,178,0,0,0,0,0,0,Medium,13.0,1166,18,19,3.75,5.57,3.82,79.1,64.3
2406,L49585,L,299.1,308.7,1498,38.9,181,0,0,0,0,0,0,Low,19.5,1436,15,72,1.71,5.99,6.09,55.6,65.0
2407,L49586,L,299.1,308.6,1437,41.6,183,0,0,0,0,0,0,Low,18.3,895,29,183,1.68,6.02,6.29,65.8,75.2
2408,M17267,M,299.1,308.6,1499,45.1,185,0,0,0,0,0,0,Medium,13.6,1069,14,352,3.25,6.11,7.26,51.5,67.1
2409,L49588,L,299.0,308.4,1356,52.6,188,0,0,0,0,0,0,Low,16.8,1773,26,75,2.36,5.14,7.27,78.3,73.4
2410,L49589,L,299.1,308.5,1539,46.8,190,0,0,0,0,0,0,Low,10.3,1139,15,30,2.82,7.52,7.49,44.9,65.5
2411,L49590,L,299.1,308.5,1689,32.1,192,0,0,0,0,0,0,Low,14.0,1295,13,138,3.46,6.41,5.53,31.2,79.8
2412,L49591,L,299.0,308.5,1559,38.1,194,0,0,0,0,0,0,Low,12.1,671,12,50,2.43,6.49,6.38,33.4,63.7
2413,L49592,L,299.1,308.6,1408,46.7,196,0,0,0,0,0,0,Low,15.3,1553,15,36,2.43,6.09,7.14,41.7,87.7
2414,L49593,L,299.0,308.5,1886,23.0,198,0,0,0,0,0,0,Low,17.5,1493,25,598,2.46,6.09,4.35,57.5,78.0
2415,L49594,L,299.1,308.5,1415,43.4,0,0,0,0,0,0,0,Low,4.9,5,5,2,1.77,6.3,6.66,50.4,92.0
2416,M17275,M,299.1,308.5,1587,35.6,2,0,0,0,0,0,0,Medium,2.6,5,3,205,1.74,6.2,5.56,85.0,95.8
2417,L49596,L,299.0,308.4,1571,38.6,5,0,0,0,0,0,0,Low,4.7,23,9,250,2.58,5.47,6.27,58.8,65.0
2418,L49597,L,298.9,308.3,1576,36.6,7,0,0,0,0,0,0,Low,1.6,79,3,26,1.89,5.6,6.31,56.6,89.7
2419,L49598,L,298.9,308.3,1660,34.4,9,0,0,0,0,0,0,Low,2.5,40,4,308,2.66,6.57,5.84,57.1,61.5
2420,M17279,M,298.9,308.2,1328,49.2,11,0,0,0,0,0,0,Medium,4.4,108,1,76,2.55,6.89,6.68,74.6,56.6
2421,H31834,H,298.8,308.2,1450,44.7,14,0,0,0,0,0,0,High,3.0,64,2,138,2.15,5.55,6.85,29.7,58.1
2422,L49601,L,298.9,308.2,2384,15.0,19,0,0,0,0,0,0,Low,2.0,118,2,205,2.41,5.76,3.17,64.5,61.1
2423,L49602,L,298.8,308.2,1443,53.4,21,0,0,0,0,0,0,Low,5.2,77,7,258,2.96,5.9,7.78,41.1,50.4
2424,M17283,M,298.9,308.2,2022,20.0,23,0,0,0,0,0,0,Medium,4.4,118,7,353,1.91,6.46,4.15,59.9,92.1
2425,L49604,L,298.9,308.2,1828,23.8,26,0,0,0,0,0,0,Low,4.0,138,6,115,1.86,5.86,4.5,49.9,70.2
2426,L49605,L,298.8,308.1,1472,53.5,28,0,0,0,0,0,0,Low,6.8,115,15,37,1.71,5.86,8.33,56.4,89.0
2427,M17286,M,298.9,308.2,1372,63.6,30,1,0,0,1,0,0,Medium,5.1,67,7,90,2.77,5.62,9.12,62.5,88.7
2428,L49607,L,298.9,308.3,1855,23.8,33,0,0,0,0,0,0,Low,1.9,209,2,229,1.65,6.51,4.91,68.4,61.4
2429,M17288,M,299.0,308.3,1377,47.2,35,0,0,0,0,0,0,Medium,4.7,215,4,224,0.8,5.99,7.4,62.5,71.9
2430,L49609,L,298.9,308.3,1432,48.9,38,0,0,0,0,0,0,Low,3.8,121,8,105,3.6,5.85,7.29,57.1,56.2
2431,M17290,M,298.9,308.2,1335,47.8,40,0,0,0,0,0,0,Medium,4.3,286,6,315,1.03,5.99,6.46,62.4,73.5
2432,M17291,M,298.9,308.2,1411,51.3,43,0,0,0,0,0,0,Medium,1.7,171,1,223,2.79,7.02,8.05,54.3,77.4
2433,L49612,L,298.9,308.2,1510,43.5,46,0,0,0,0,0,0,Low,4.1,334,2,776,2.24,6.19,6.79,63.3,79.7
2434,L49613,L,299.0,308.3,1441,44.0,48,0,0,0,0,0,0,Low,2.0,216,3,141,1.98,6.93,6.43,72.6,70.9
2435,M17294,M,299.0,308.2,1358,42.7,50,0,0,0,0,0,0,Medium,11.7,294,15,295,1.44,5.45,6.32,82.2,79.2
2436,L49615,L,298.9,308.2,1686,30.4,53,0,0,0,0,0,0,Low,5.3,337,12,287,1.01,6.06,5.37,72.7,61.7
2437,H31850,H,299.0,308.2,1662,30.4,55,0,0,0,0,0,0,High,6.7,376,10,163,1.92,5.91,5.52,76.7,90.9
2438,L49617,L,299.1,308.3,1426,40.1,60,0,0,0,0,0,0,Low,3.4,281,6,437,2.27,7.61,5.78,42.2,74.4
2439,M17298,M,299.1,308.4,1330,53.6,62,0,0,0,0,0,0,Medium,2.3,240,1,67,2.51,6.07,7.36,69.0,56.9
2440,L49619,L,299.1,308.4,1693,31.6,65,0,0,0,0,0,0,Low,5.1,391,7,45,1.9,5.46,5.84,58.5,61.0
2441,L49620,L,299.1,308.4,1426,47.9,67,0,0,0,0,0,0,Low,4.2,311,4,314,2.81,6.26,6.36,42.8,69.8
2442,L49621,L,299.1,308.5,1676,31.0,69,0,0,0,0,0,0,Low,5.7,327,9,70,2.29,6.3,5.31,45.5,76.3
2443,M17302,M,299.1,308.4,1332,51.7,71,0,0,0,0,0,0,Medium,6.2,520,11,187,1.91,6.99,7.58,71.5,65.4
2444,L49623,L,299.1,308.5,1647,35.0,74,0,0,0,0,0,0,Low,13.4,341,12,123,2.22,5.76,5.96,69.7,75.0
2445,L49624,L,299.2,308.6,1267,68.2,76,1,0,0,1,0,0,Low,7.7,293,10,91,2.8,6.93,9.53,38.3,47.3
2446,H31859,H,299.2,308.7,1375,55.1,78,0,0,0,0,0,0,High,8.3,182,5,211,1.33,6.18,7.64,53.2,59.8
2447,L49626,L,299.3,308.6,1422,48.9,83,0,0,0,0,0,0,Low,6.3,461,6,14,3.28,6.36,7.37,35.5,64.5
2448,L49627,L,299.3,308.7,1408,48.7,85,0,0,0,0,0,0,Low,7.2,506,8,42,2.23,6.46,7.07,49.3,87.4
2449,L49628,L,299.4,308.9,1440,42.5,87,0,0,0,0,0,0,Low,9.6,383,10,30,0.2,5.99,5.88,44.7,64.2
2450,L49629,L,299.3,308.8,1772,25.2,89,0,0,0,0,0,0,Low,4.7,350,12,232,2.53,5.1,4.6,54.6,47.2
2451,L49630,L,299.2,308.7,1492,37.8,91,0,0,0,0,0,0,Low,7.9,526,3,402,2.34,6.14,5.77,66.8,76.2
2452,L49631,L,299.2,308.7,1650,30.5,93,0,0,0,0,0,0,Low,6.2,521,6,377,2.29,5.69,5.1,43.1,78.7
2453,M17312,M,299.1,308.6,2329,14.6,95,0,0,0,0,0,0,Medium,7.2,432,12,93,3.67,5.23,3.4,39.8,54.6
2454,L49633,L,299.0,308.6,1648,30.8,98,0,0,0,0,0,0,Low,6.4,684,2,90,2.12,6.09,5.69,55.1,71.7
2455,L49634,L,299.0,308.6,1653,31.7,100,0,0,0,0,0,0,Low,6.2,560,9,505,1.38,5.42,5.3,54.9,47.0
2456,L49635,L,299.0,308.6,1946,22.3,102,0,0,0,0,0,0,Low,7.2,501,5,4,2.52,6.05,4.62,36.4,71.4
2457,L49636,L,299.1,308.6,1555,36.6,104,0,0,0,0,0,0,Low,6.6,398,5,273,2.51,6.04,5.92,63.3,65.1
2458,L49637,L,299.0,308.6,1661,32.2,106,0,0,0,0,0,0,Low,9.8,665,11,749,2.57,5.88,5.83,41.5,76.7
2459,L49638,L,299.0,308.6,1434,45.9,108,0,0,0,0,0,0,Low,8.4,900,9,46,1.07,5.47,7.49,75.4,88.0
2460,L49639,L,299.0,308.6,1297,54.2,110,0,0,0,0,0,0,Low,10.5,912,3,4,3.02,5.24,7.93,66.3,68.0
2461,L49640,L,299.0,308.6,1466,46.4,112,0,0,0,0,0,0,Low,7.2,799,3,133,1.53,6.16,6.93,73.8,77.4
2462,M17321,M,298.9,308.6,1517,39.8,114,0,0,0,0,0,0,Medium,8.7,813,12,569,1.47,6.77,6.5,51.6,58.0
2463,L49642,L,298.9,308.5,1742,34.5,117,0,0,0,0,0,0,Low,8.0,647,10,218,1.95,6.47,6.67,78.1,76.9
2464,L49643,L,298.9,308.5,1580,39.1,119,0,0,0,0,0,0,Low,9.9,910,14,68,2.89,5.25,6.38,62.7,73.7
2465,M17324,M,298.9,308.5,1534,42.9,121,0,0,0,0,0,0,Medium,13.9,773,14,34,0.77,5.79,7.24,69.2,69.0
2466,L49645,L,298.9,308.6,1481,40.7,124,0,0,0,0,0,0,Low,9.2,790,9,466,1.31,5.86,6.32,71.0,78.7
2467,L49646,L,299.0,308.6,1429,37.7,126,0,0,0,0,0,0,Low,9.8,724,18,44,1.95,5.25,5.28,67.0,72.4
2468,M17327,M,298.9,308.6,1574,33.5,128,0,0,0,0,0,0,Medium,6.8,450,7,27,1.73,5.64,6.07,37.7,96.1
2469,M17328,M,298.9,308.6,1524,40.4,131,0,0,0,0,0,0,Medium,7.5,603,14,1382,1.65,5.44,5.89,50.3,40.8
2470,L49649,L,299.0,308.7,1507,37.5,134,0,0,0,0,0,0,Low,9.6,719,14,37,2.28,6.95,5.51,58.3,82.1
2471,L49650,L,298.9,308.5,1467,44.7,136,0,0,0,0,0,0,Low,9.4,792,10,96,0.97,6.15,6.71,43.5,61.6
2472,L49651,L,298.9,308.4,1301,51.1,138,0,0,0,0,0,0,Low,9.6,840,3,1178,1.83,6.94,7.28,61.9,59.1
2473,L49652,L,298.9,308.5,1429,55.1,140,0,0,0,0,0,0,Low,7.8,679,12,141,4.07,6.24,8.49,43.2,92.1
2474,M17333,M,298.9,308.5,1555,37.6,142,0,0,0,0,0,0,Medium,7.3,665,8,235,1.28,6.86,6.7,64.4,79.2
2475,L49654,L,298.9,308.5,1503,40.6,145,0,0,0,0,0,0,Low,9.6,965,11,396,1.95,5.18,6.71,72.3,87.8
2476,L49655,L,298.9,308.5,1459,43.1,147,0,0,0,0,0,0,Low,9.0,762,13,64,1.66,6.79,6.64,86.6,61.6
2477,H31890,H,298.9,308.4,1449,42.4,149,0,0,0,0,0,0,High,13.2,1279,20,100,0.78,5.96,6.82,52.5,80.8
2478,L49657,L,298.9,308.5,1387,57.3,154,0,0,0,0,0,0,Low,12.7,765,20,233,2.11,6.01,8.21,59.3,68.4
2479,M17338,M,298.9,308.5,1456,50.0,156,0,0,0,0,0,0,Medium,6.5,700,7,658,1.79,6.66,7.67,51.3,48.3
2480,L49659,L,299.0,308.5,1604,34.7,159,0,0,0,0,0,0,Low,15.2,885,16,283,2.77,5.95,5.69,67.1,68.6
2481,L49660,L,299.0,308.6,1734,32.4,161,0,0,0,0,0,0,Low,5.5,549,6,226,1.9,6.28,6.2,54.9,85.7
2482,L49661,L,299.0,308.6,1378,47.8,163,0,0,0,0,0,0,Low,11.1,1042,25,400,3.11,5.5,6.77,50.0,66.3
2483,L49662,L,298.9,308.7,1504,41.8,165,0,0,0,0,0,0,Low,10.3,842,10,1234,1.68,7.17,6.15,85.5,57.7
2484,M17343,M,298.9,308.7,1402,49.8,167,0,0,0,0,0,0,Medium,8.6,895,5,49,2.83,5.57,6.82,68.4,63.8
2485,H31898,H,298.8,308.6,1524,37.7,170,0,0,0,0,0,0,High,8.3,887,11,28,2.42,5.36,5.68,35.4,85.1
2486,L49665,L,298.8,308.6,1593,35.5,175,0,0,0,0,0,0,Low,10.1,942,12,28,2.42,5.46,6.06,48.6,75.0
2487,M17346,M,298.9,308.7,1772,28.4,177,0,0,0,0,0,0,Medium,11.6,930,17,165,3.23,5.22,5.23,59.1,71.0
2488,H31901,H,298.9,308.6,1623,31.0,180,0,0,0,0,0,0,High,10.8,735,10,114,2.64,4.88,5.27,60.3,76.0
2489,L49668,L,298.9,308.7,1356,50.7,185,0,0,0,0,0,0,Low,6.3,663,10,177,3.29,6.1,7.34,29.8,98.3
2490,H31903,H,298.9,308.7,1500,41.6,187,0,0,0,0,0,0,High,10.4,983,15,221,1.49,5.28,6.7,52.1,87.7
2491,H31904,H,299.1,308.8,1566,46.6,192,0,0,0,0,0,0,High,7.8,878,7,252,2.1,5.61,7.52,78.9,58.5
2492,L49671,L,299.1,308.9,1445,43.4,197,0,0,0,0,0,0,Low,11.3,1219,22,51,2.27,4.75,6.53,68.6,78.0
2493,H31906,H,299.0,308.8,1382,58.5,199,0,0,0,0,0,0,High,12.8,877,14,356,2.74,7.02,8.27,67.2,63.6
2494,M17353,M,299.0,308.8,1418,45.7,204,0,0,0,0,0,0,Medium,14.1,1306,20,449,3.03,6.33,6.91,23.8,66.5
2495,L49674,L,299.1,308.8,1329,53.6,207,1,0,0,0,1,0,Low,8.0,815,5,548,3.31,4.81,7.42,26.7,58.7
2496,M17355,M,299.1,308.8,1491,41.0,209,0,0,0,0,0,0,Medium,10.5,637,12,185,3.71,5.9,6.12,53.0,74.3
2497,M17356,M,299.2,308.9,1573,37.4,212,0,0,0,0,0,0,Medium,10.9,1139,16,19,3.37,5.88,6.19,41.9,92.9
2498,M17357,M,299.2,308.9,1521,42.3,215,0,0,0,0,0,0,Medium,18.6,1949,22,39,2.52,5.92,6.96,47.9,58.4
2499,L49678,L,299.1,308.9,1467,47.2,218,0,0,0,0,0,0,Low,11.0,1274,14,217,3.24,6.25,7.89,46.4,66.7
2500,M17359,M,299.1,308.9,1325,48.4,220,0,0,0,0,0,0,Medium,8.3,850,8,705,3.75,5.13,6.32,57.0,58.3
2501,L49680,L,299.1,308.9,1617,32.3,223,0,0,0,0,0,0,Low,11.7,1045,16,713,3.57,5.38,5.12,47.8,51.6
2502,M17361,M,299.1,308.9,1476,42.7,225,0,0,0,0,0,0,Medium,12.1,1114,15,941,3.11,5.7,6.13,77.8,50.6
2503,L49682,L,299.2,309.0,1515,48.9,228,1,0,0,0,1,0,Low,9.8,960,3,8,2.85,6.35,7.51,18.1,60.9
2504,L49683,L,299.2,309.0,1408,47.2,0,0,0,0,0,0,0,Low,2.3,15,6,212,1.83,5.81,6.89,62.1,81.8
2505,L49684,L,299.2,309.1,1468,45.6,2,0,0,0,0,0,0,Low,4.1,6,6,46,1.13,6.15,6.85,51.7,56.7
2506,L49685,L,299.2,309.1,1387,48.7,4,0,0,0,0,0,0,Low,2.1,5,1,13,2.36,5.28,6.56,60.1,100.0
2507,M17366,M,299.2,309.1,1503,34.7,6,0,0,0,0,0,0,Medium,3.4,9,4,24,2.04,5.54,5.85,60.7,72.0
2508,H31921,H,299.2,309.1,1410,47.1,9,0,0,0,0,0,0,High,1.6,7,2,190,1.47,6.45,6.3,43.1,60.4
2509,L49688,L,299.0,308.9,1615,30.6,14,0,0,0,0,0,0,Low,2.8,52,2,341,1.86,6.29,5.63,53.2,55.5
2510,L49689,L,299.0,308.9,1511,35.9,16,0,0,0,0,0,0,Low,1.1,95,2,12,1.71,6.16,5.84,63.3,81.9
2511,L49690,L,299.1,309.0,1405,53.8,18,0,0,0,0,0,0,Low,2.9,153,3,143,2.21,6.52,8.48,45.2,68.5
2512,M17371,M,299.0,308.9,1526,41.1,20,0,0,0,0,0,0,Medium,3.3,82,3,34,1.13,6.35,6.24,64.2,99.1
2513,L49692,L,298.9,308.8,1530,38.3,23,0,0,0,0,0,0,Low,3.0,93,9,440,1.17,5.68,6.03,69.0,61.5
2514,L49693,L,299.0,308.7,1583,32.5,25,0,0,0,0,0,0,Low,2.1,72,2,41,2.12,6.3,5.33,33.6,86.5
2515,L49694,L,298.9,308.6,2069,18.7,27,0,0,0,0,0,0,Low,2.1,133,2,150,2.71,5.99,3.96,40.9,69.0
2516,L49695,L,298.8,308.5,1490,35.0,29,0,0,0,0,0,0,Low,4.3,197,1,104,1.96,5.82,5.53,19.2,63.2
2517,L49696,L,298.8,308.5,1736,29.0,31,0,0,0,0,0,0,Low,3.5,157,2,388,2.01,5.72,5.34,74.8,76.4
2518,L49697,L,298.8,308.5,1395,44.4,33,0,0,0,0,0,0,Low,4.2,135,1,137,0.81,6.65,6.2,43.9,89.7
2519,M17378,M,298.9,308.6,1425,49.6,35,0,0,0,0,0,0,Medium,2.6,156,1,31,2.0,6.49,8.1,83.0,60.9
2520,L49699,L,298.8,308.6,1631,32.4,38,0,0,0,0,0,0,Low,6.4,325,7,56,1.73,5.69,5.23,50.2,56.1
2521,L49700,L,298.8,308.6,1535,41.2,40,0,0,0,0,0,0,Low,2.4,182,3,32,1.22,5.6,6.79,85.8,70.9
2522,L49701,L,298.8,308.6,1584,34.4,42,0,0,0,0,0,0,Low,2.1,182,3,186,0.58,5.66,5.78,52.5,34.6
2523,M17382,M,298.8,308.7,1543,38.2,44,0,0,0,0,0,0,Medium,7.4,216,9,129,0.76,6.44,6.26,36.8,73.7
2524,L49703,L,298.8,308.7,1635,35.2,47,0,0,0,0,0,0,Low,4.3,408,4,94,1.25,5.39,5.28,55.5,59.8
2525,M17384,M,298.8,308.7,1446,45.5,49,0,0,0,0,0,0,Medium,4.0,154,5,73,1.68,5.96,6.83,47.7,67.3
2526,M17385,M,298.8,308.6,1598,35.1,52,0,0,0,0,0,0,Medium,3.8,228,4,33,2.17,6.37,5.82,50.5,74.1
2527,L49706,L,298.8,308.6,1501,35.0,55,0,0,0,0,0,0,Low,8.1,289,11,218,2.42,6.24,5.61,70.8,90.4
2528,L49707,L,298.8,308.5,1450,50.8,57,0,0,0,0,0,0,Low,6.6,336,4,126,1.68,6.32,7.2,66.3,75.6
2529,L49708,L,298.8,308.6,1730,25.9,59,0,0,0,0,0,0,Low,2.7,248,5,17,2.24,5.04,4.77,58.9,99.5
2530,M17389,M,298.8,308.6,1571,33.7,61,0,0,0,0,0,0,Medium,10.1,394,13,210,1.82,6.21,5.77,50.0,83.0
2531,L49710,L,298.9,308.7,1438,51.7,64,0,0,0,0,0,0,Low,7.1,288,5,194,2.69,5.6,8.05,50.0,75.8
2532,M17391,M,298.8,308.5,1510,38.7,66,0,0,0,0,0,0,Medium,4.3,312,6,16,2.43,5.72,6.13,64.2,100.0
2533,L49712,L,298.9,308.7,1389,44.9,69,0,0,0,0,0,0,Low,4.1,384,3,426,2.48,5.08,6.92,80.8,72.3
2534,L49713,L,298.8,308.7,1490,33.6,71,0,0,0,0,0,0,Low,5.8,363,4,1253,2.0,6.57,5.48,71.5,53.6
2535,L49714,L,298.9,308.7,1729,26.6,73,0,0,0,0,0,0,Low,6.5,428,9,152,1.84,6.28,4.65,33.9,80.3
2536,L49715,L,299.0,308.8,1495,38.4,75,0,0,0,0,0,0,Low,3.0,315,4,107,1.61,5.6,6.07,69.1,100.0
2537,L49716,L,298.9,308.8,1281,53.9,77,0,0,0,0,0,0,Low,6.7,489,5,146,2.17,6.3,7.59,47.3,76.5
2538,H31951,H,298.9,308.7,1353,48.1,79,0,0,0,0,0,0,High,9.7,628,6,448,1.64,6.51,7.37,53.1,65.7
2539,L49718,L,299.1,308.8,1429,50.1,84,0,0,0,0,0,0,Low,5.8,392,5,397,1.25,6.8,7.27,69.7,45.6
2540,L49719,L,299.1,308.8,1413,42.1,86,0,0,0,0,0,0,Low,5.5,386,5,15,0.31,6.34,5.96,56.4,79.4
2541,L49720,L,299.1,308.8,1502,38.3,88,0,0,0,0,0,0,Low,5.6,421,5,159,0.56,5.71,5.72,68.6,59.9
2542,H31955,H,299.1,308.8,1553,32.6,90,0,0,0,0,0,0,High,5.0,449,9,5,1.45,5.33,4.96,51.4,54.3
2543,H31956,H,299.2,308.9,1712,26.4,95,0,0,0,0,0,0,High,9.6,541,11,320,1.85,7.24,4.74,30.2,65.8
2544,L49723,L,299.3,309.0,1786,23.5,100,0,0,0,0,0,0,Low,4.8,359,6,73,2.23,5.73,4.25,46.0,91.8
2545,L49724,L,299.2,309.0,1951,21.4,102,0,0,0,0,0,0,Low,7.7,585,10,316,2.29,5.92,4.5,28.0,80.7
2546,M17405,M,299.2,309.0,1541,36.3,104,0,0,0,0,0,0,Medium,5.8,611,6,284,2.03,6.24,5.69,61.3,78.4
2547,L49726,L,299.2,309.1,1605,34.3,107,0,0,0,0,0,0,Low,7.1,588,9,174,1.6,6.52,5.44,48.3,85.3
2548,L49727,L,299.2,309.1,1578,38.1,109,0,0,0,0,0,0,Low,6.1,318,6,221,2.24,5.9,6.6,50.1,49.5
2549,M17408,M,299.3,309.2,1440,37.5,111,0,0,0,0,0,0,Medium,9.2,893,11,257,1.87,6.58,5.64,50.9,61.3
2550,L49729,L,299.4,309.2,1489,42.3,114,0,0,0,0,0,0,Low,6.1,515,7,25,1.15,7.56,6.88,68.3,77.9
2551,L49730,L,299.4,309.3,1366,48.4,116,0,0,0,0,0,0,Low,10.0,911,12,291,2.58,5.89,6.75,62.1,55.7
2552,L49731,L,299.3,309.2,1541,37.2,118,0,0,0,0,0,0,Low,8.5,621,8,186,1.41,6.35,6.53,15.0,75.8
2553,H31966,H,299.3,309.1,1552,40.7,120,0,0,0,0,0,0,High,8.6,717,16,17,1.54,5.48,6.74,19.7,69.4
2554,L49733,L,299.3,309.1,1473,40.3,125,0,0,0,0,0,0,Low,18.1,1159,18,709,1.51,5.8,5.87,70.5,79.6
2555,L49734,L,299.3,309.1,1531,37.9,127,0,0,0,0,0,0,Low,10.8,627,11,151,1.93,5.55,5.58,59.2,52.3
2556,L49735,L,299.3,309.2,1511,37.2,129,0,0,0,0,0,0,Low,8.0,775,11,270,2.57,5.39,5.98,51.9,47.0
2557,M17416,M,299.3,309.1,1449,47.9,131,0,0,0,0,0,0,Medium,14.5,1156,16,1500,1.32,5.44,7.43,55.5,57.5
2558,M17417,M,299.4,309.1,1440,50.0,134,0,0,0,0,0,0,Medium,5.2,574,7,579,2.59,6.89,7.81,57.0,65.5
2559,M17418,M,299.2,309.0,1881,23.9,137,0,0,0,0,0,0,Medium,6.2,514,7,117,3.24,6.99,4.29,55.6,86.9
2560,L49739,L,299.3,309.0,1447,50.4,140,0,0,0,0,0,1,Low,4.7,491,3,354,2.89,6.84,6.97,65.8,56.6
2561,M17420,M,299.4,309.1,1326,62.0,142,0,0,0,0,0,0,Medium,9.2,673,11,29,2.28,6.05,7.83,38.9,98.9
2562,L49741,L,299.4,309.2,1607,31.7,145,0,0,0,0,0,0,Low,8.2,776,16,90,2.63,6.5,5.09,50.0,82.9
2563,L49742,L,299.3,309.1,1551,39.1,147,0,0,0,0,0,0,Low,5.7,582,8,1080,2.01,5.2,6.55,53.9,50.9
2564,L49743,L,299.3,309.1,1496,37.2,149,0,0,0,0,0,0,Low,8.4,517,8,122,1.07,4.38,5.83,57.5,72.6
2565,L49744,L,299.3,309.1,1493,38.0,151,0,0,0,0,0,0,Low,5.7,569,5,26,1.18,5.82,5.44,52.1,70.7
2566,L49745,L,299.4,309.1,1304,50.5,153,0,0,0,0,0,0,Low,12.3,1012,21,291,1.47,6.18,6.37,52.4,59.3
2567,M17426,M,299.3,309.0,1420,41.6,155,0,0,0,0,0,0,Medium,9.0,740,9,77,1.95,5.87,6.29,62.7,70.0
2568,L49747,L,299.4,309.1,1766,24.6,158,0,0,0,0,0,0,Low,8.3,747,3,185,2.51,6.09,4.81,70.5,73.9
2569,L49748,L,299.6,309.2,1450,43.1,160,0,0,0,0,0,0,Low,15.6,1330,20,33,2.07,6.08,6.71,58.5,72.4
2570,H31983,H,299.5,309.2,1872,22.6,162,0,0,0,0,0,0,High,7.4,751,10,98,2.03,5.67,4.78,36.0,53.2
2571,L49750,L,299.6,309.2,1713,26.5,167,0,0,0,0,0,0,Low,4.7,504,5,51,1.75,5.7,4.85,48.3,85.0
2572,M17431,M,299.5,309.2,1497,40.9,169,0,0,0,0,0,0,Medium,7.3,768,8,141,2.3,6.25,6.91,30.4,41.5
2573,M17432,M,299.4,309.1,1352,44.7,172,0,0,0,0,0,0,Medium,13.7,633,12,39,2.69,7.11,7.1,63.9,51.8
2574,L49753,L,299.5,309.2,1499,41.5,175,0,0,0,0,0,0,Low,8.3,850,14,209,2.21,5.8,6.45,51.4,76.8
2575,L49754,L,299.5,309.3,1972,19.3,177,0,0,0,0,0,0,Low,9.5,942,14,150,2.44,6.72,4.13,70.0,68.6
2576,L49755,L,299.5,309.3,1422,49.2,179,0,0,0,0,0,0,Low,13.6,867,11,8,2.3,5.66,6.54,59.7,83.8
2577,L49756,L,299.5,309.3,1523,41.5,181,0,0,0,0,0,0,Low,11.8,1208,10,31,2.7,5.6,6.86,61.8,71.8
2578,L49757,L,299.5,309.4,1563,41.5,183,0,0,0,0,0,0,Low,13.8,1219,18,31,1.94,6.56,6.43,35.5,92.0
2579,L49758,L,299.4,309.3,1391,46.6,185,0,0,0,0,0,0,Low,12.9,723,18,282,2.9,7.0,7.0,40.7,58.0
2580,L49759,L,299.3,309.1,1795,24.7,187,0,0,0,0,0,0,Low,9.3,720,11,1500,2.65,5.37,4.54,51.0,50.7
2581,L49760,L,299.3,309.1,1293,53.7,189,0,0,0,0,0,0,Low,12.9,1270,14,17,2.85,4.93,7.44,47.6,91.6
2582,L49761,L,299.2,309.1,1345,60.7,191,1,0,0,0,1,0,Low,11.0,818,9,2,4.02,5.87,8.05,50.4,80.0
2583,L49762,L,299.2,309.0,1615,33.7,193,0,0,0,0,0,0,Low,9.1,1068,16,245,2.67,6.76,5.6,39.8,81.1
2584,L49763,L,299.2,308.9,1342,50.8,195,0,0,0,0,0,0,Low,9.8,977,15,424,2.47,6.29,7.41,63.1,70.7
2585,L49764,L,299.1,308.8,1502,46.7,197,0,0,0,0,0,0,Low,13.4,936,14,244,1.91,5.03,7.48,52.1,80.0
2586,M17445,M,299.0,308.7,1620,35.4,199,0,0,0,0,0,0,Medium,8.5,876,6,122,1.58,5.63,5.43,69.9,58.9
2587,L49766,L,299.0,308.7,1537,42.8,202,0,0,0,0,0,0,Low,11.2,1026,10,72,2.75,6.18,6.84,33.4,77.0
2588,L49767,L,299.0,308.7,2248,16.8,204,0,0,0,0,0,0,Low,10.4,808,24,255,3.77,6.6,3.83,76.8,67.2
2589,L49768,L,299.0,308.7,1706,28.6,206,0,0,0,0,0,0,Low,10.4,1023,8,123,3.95,5.8,4.86,53.0,68.7
2590,L49769,L,299.0,308.7,2250,16.6,208,0,0,0,0,0,0,Low,11.8,970,17,164,4.12,6.32,3.77,42.3,48.3
2591,L49770,L,299.0,308.7,1396,48.6,0,0,0,0,0,0,0,Low,2.9,5,4,518,2.16,6.5,7.38,51.0,74.1
2592,L49771,L,298.9,308.6,1522,46.4,2,0,0,0,0,0,0,Low,13.1,27,15,136,1.44,6.11,7.97,42.2,81.6
2593,L49772,L,298.9,308.6,1539,45.4,4,0,0,0,0,0,0,Low,4.7,54,10,293,1.32,5.9,7.54,50.9,82.4
2594,H32007,H,298.9,308.5,1415,54.0,6,0,0,0,0,0,0,High,2.9,5,2,136,2.55,6.49,7.75,70.6,67.0
2595,L49774,L,298.8,308.5,1446,37.0,11,0,0,0,0,0,0,Low,1.0,82,0,106,1.32,5.75,5.62,50.1,60.8
2596,M17455,M,298.8,308.6,1486,41.1,13,0,0,0,0,0,0,Medium,1.6,31,0,133,0.98,5.66,6.41,56.7,83.7
2597,L49776,L,299.0,308.7,1426,38.6,16,0,0,0,0,0,0,Low,1.4,57,2,88,2.32,5.13,6.03,49.1,66.0
2598,L49777,L,299.0,308.7,1449,38.9,18,0,0,0,0,0,0,Low,6.9,68,5,227,1.34,4.54,5.91,51.4,64.4
2599,L49778,L,299.1,308.8,1320,67.5,20,1,0,0,1,0,0,Low,2.2,164,0,237,2.26,5.3,9.62,48.9,73.8
2600,M17459,M,299.2,308.9,1447,39.6,22,0,0,0,0,0,0,Medium,3.2,162,0,105,2.71,5.98,6.02,36.1,61.2
2601,L49780,L,299.3,309.0,1422,47.3,25,0,0,0,0,0,0,Low,4.8,194,7,329,1.39,6.8,7.23,82.0,60.2
2602,L49781,L,299.3,309.1,1399,52.1,27,0,0,0,0,0,0,Low,2.1,64,1,100,1.75,6.3,7.98,60.0,71.9
2603,L49782,L,299.4,309.2,1427,41.5,29,0,0,0,0,0,0,Low,3.2,170,6,144,2.31,6.78,5.87,81.7,87.2
2604,M17463,M,299.3,309.2,1334,46.3,31,0,0,0,0,0,0,Medium,4.3,175,10,322,2.92,5.91,6.42,64.5,60.0
2605,M17464,M,299.3,309.1,1385,45.6,34,0,0,0,0,0,0,Medium,2.3,125,2,124,1.76,6.22,6.53,28.3,68.6
2606,L49785,L,299.4,309.2,1552,37.4,37,0,0,0,0,0,0,Low,4.7,248,6,78,2.59,5.69,6.31,60.5,91.5
2607,H32020,H,299.4,309.3,1534,37.5,39,0,0,0,0,0,0,High,6.4,270,12,74,1.49,4.71,6.02,54.6,74.6
2608,L49787,L,299.4,309.3,1448,48.6,44,0,0,0,0,0,0,Low,3.2,210,8,89,1.3,5.29,7.1,51.3,77.1
2609,L49788,L,299.5,309.3,1409,44.7,46,0,0,0,0,0,0,Low,2.3,171,1,347,1.01,5.66,6.45,50.2,75.7
2610,L49789,L,299.4,309.2,1621,34.5,48,0,0,0,0,0,0,Low,10.2,357,15,146,2.55,6.14,5.9,74.6,65.2
2611,H32024,H,299.4,309.1,1547,40.9,50,0,0,0,0,0,0,High,10.6,402,15,281,1.93,5.13,6.83,38.2,86.0
2612,L49791,L,299.4,309.1,1957,22.1,55,0,0,0,0,0,0,Low,4.1,218,5,54,2.43,6.14,4.37,50.9,80.4
2613,L49792,L,299.4,309.1,2421,14.2,57,0,0,0,0,0,0,Low,5.3,329,7,327,2.54,6.14,3.5,62.1,68.5
2614,M17473,M,299.3,309.1,1571,38.3,59,0,0,0,0,0,0,Medium,5.4,340,6,63,1.39,5.1,6.11,45.3,70.1
2615,L49794,L,299.3,309.1,1634,36.8,62,0,0,0,0,0,0,Low,6.2,541,5,157,1.98,6.39,6.12,57.8,60.6
2616,L49795,L,299.3,309.0,1516,38.7,64,0,0,0,0,0,0,Low,5.5,397,11,128,0.93,5.88,6.01,71.3,72.6
2617,L49796,L,299.4,309.1,1207,66.5,66,0,0,0,0,0,0,Low,3.6,389,2,94,2.0,5.25,8.57,64.2,74.1
2618,L49797,L,299.4,309.1,1670,35.9,68,0,0,0,0,0,0,Low,2.9,266,5,12,1.51,5.97,6.57,26.0,70.2
2619,M17478,M,299.4,309.1,1461,48.6,70,0,0,0,0,0,0,Medium,5.5,452,8,6,1.89,5.32,7.22,43.5,87.0
2620,L49799,L,299.4,309.2,1569,40.8,73,0,0,0,0,0,0,Low,3.5,245,3,397,1.46,6.69,6.12,41.7,67.9
2621,L49800,L,299.4,309.2,1556,35.7,75,0,0,0,0,0,0,Low,4.8,483,7,95,2.56,4.88,5.9,64.6,80.5
2622,M17481,M,299.5,309.3,1506,41.5,77,0,0,0,0,0,0,Medium,6.0,461,9,363,2.5,6.57,6.03,47.4,66.5
2623,M17482,M,299.6,309.4,1642,30.3,80,0,0,0,0,0,0,Medium,6.6,335,11,254,1.91,6.93,5.56,55.6,79.5
2624,M17483,M,299.6,309.4,1283,62.1,83,0,0,0,0,0,0,Medium,4.3,372,3,914,1.93,6.93,8.31,46.6,55.8
2625,H32038,H,299.7,309.5,1375,46.8,86,0,0,0,0,0,0,High,7.6,563,11,39,1.99,6.75,6.8,52.8,80.6
2626,L49805,L,299.7,309.4,1399,39.9,91,0,0,0,0,0,0,Low,6.0,500,9,227,1.25,5.73,6.15,81.9,50.5
2627,L49806,L,299.7,309.4,1650,29.8,93,0,0,0,0,0,0,Low,7.3,363,10,327,0.2,5.93,5.08,89.8,63.6
2628,M17487,M,299.8,309.6,1346,53.2,95,0,0,0,0,0,0,Medium,3.8,380,3,288,3.13,6.14,7.64,59.0,67.9
2629,H32042,H,299.9,309.6,1410,51.2,98,0,0,0,0,0,0,High,6.3,654,7,1500,1.27,5.29,7.71,39.8,53.6
2630,L49809,L,300.0,309.7,1586,37.8,103,0,0,0,0,0,0,Low,6.1,530,10,69,2.85,6.45,6.81,58.3,71.7
2631,L49810,L,300.0,309.8,1372,39.6,105,0,0,0,0,0,0,Low,5.7,555,11,663,1.49,6.38,6.27,77.9,56.1
2632,H32045,H,300.0,309.7,1529,42.4,107,0,0,0,0,0,0,High,11.6,767,13,196,2.35,6.21,6.77,58.9,76.3
2633,M17492,M,300.0,309.7,1652,28.6,112,0,0,0,0,0,0,Medium,5.4,576,5,1316,2.67,5.0,5.32,30.0,45.2
2634,L49813,L,300.1,309.8,1532,39.8,115,0,0,0,0,0,0,Low,7.1,657,12,87,2.11,6.45,5.71,52.5,88.5
2635,L49814,L,300.0,309.7,1554,32.0,117,0,0,0,0,0,0,Low,12.3,473,19,98,1.78,6.21,5.14,35.2,78.2
2636,H32049,H,299.9,309.6,1462,51.0,119,0,0,0,0,0,0,High,4.4,452,3,437,2.06,5.54,8.05,40.7,66.7
2637,L49816,L,299.9,309.6,1254,61.3,124,0,0,0,0,0,0,Low,8.1,686,9,380,2.6,6.11,7.48,53.1,58.3
2638,L49817,L,299.9,309.6,1294,49.7,126,0,0,0,0,0,0,Low,7.6,694,9,163,1.1,6.98,7.46,42.4,57.0
2639,L49818,L,299.8,309.5,1739,27.5,128,0,0,0,0,0,0,Low,7.6,522,5,146,1.48,6.33,5.38,62.2,67.2
2640,M17499,M,299.8,309.4,1412,47.8,130,0,0,0,0,0,0,Medium,9.5,782,5,107,0.64,6.81,6.94,69.3,79.6
2641,M17500,M,299.9,309.5,1372,56.2,133,0,0,0,0,0,0,Medium,7.8,598,14,313,2.02,7.09,8.94,35.9,75.2
2642,H32055,H,299.8,309.5,1420,46.7,136,0,0,0,0,0,0,High,10.4,705,11,675,0.95,5.84,7.22,69.5,67.0
2643,L49822,L,299.8,309.5,1542,40.3,141,0,0,0,0,0,0,Low,12.4,964,10,224,2.1,5.8,6.59,67.7,68.1
2644,M17503,M,299.8,309.4,1401,48.1,143,0,0,0,0,0,0,Medium,9.3,951,7,412,0.69,6.05,7.21,56.3,77.9
2645,L49824,L,299.8,309.4,1510,42.5,146,0,0,0,0,0,0,Low,5.7,519,9,74,1.62,4.73,6.46,59.9,68.5
2646,H32059,H,299.9,309.5,1547,38.5,148,0,0,0,0,0,0,High,10.4,802,11,169,1.98,6.57,6.29,64.1,58.9
2647,M17506,M,299.8,309.5,1453,43.2,153,0,0,0,0,0,0,Medium,7.2,543,7,723,2.07,6.25,6.31,70.6,51.9
2648,L49827,L,299.8,309.4,1408,45.6,156,0,0,0,0,0,0,Low,10.8,935,12,16,1.13,5.56,6.72,29.8,76.8
2649,L49828,L,299.8,309.4,1436,51.6,158,0,0,0,0,0,0,Low,8.7,756,10,449,3.22,5.9,7.8,68.7,66.6
2650,M17509,M,299.9,309.5,1582,38.2,160,0,0,0,0,0,0,Medium,5.5,466,6,395,2.08,5.17,6.4,71.8,83.8
2651,L49830,L,299.9,309.6,1280,59.3,163,0,0,0,0,0,0,Low,12.9,1116,17,280,2.58,6.72,7.94,58.4,81.7
2652,L49831,L,299.9,309.5,2008,20.4,165,0,0,0,0,0,0,Low,12.6,1367,15,1076,2.17,5.93,4.79,67.8,40.4
2653,L49832,L,299.9,309.5,1772,23.5,167,0,0,0,0,0,0,Low,13.7,630,19,98,2.41,6.27,4.01,25.3,66.1
2654,L49833,L,299.9,309.5,1779,26.1,169,0,0,0,0,0,0,Low,17.1,1108,23,116,1.59,5.97,4.42,67.8,72.6
2655,L49834,L,299.9,309.5,1567,35.5,171,0,0,0,0,0,0,Low,17.4,919,15,21,2.28,6.99,5.57,37.0,59.5
2656,M17515,M,299.8,309.4,1751,27.0,173,0,0,0,0,0,0,Medium,11.5,1048,12,400,1.49,5.32,4.95,69.8,61.3
2657,L49836,L,299.9,309.5,1349,51.3,176,0,0,0,0,0,0,Low,9.1,883,10,20,2.32,5.46,7.1,84.7,80.3
2658,M17517,M,300.0,309.5,1425,40.8,178,0,0,0,0,0,0,Medium,15.8,1164,21,214,2.0,5.23,5.66,80.2,76.0
2659,L49838,L,300.0,309.4,1395,44.5,181,0,0,0,0,0,0,Low,10.5,973,8,172,1.93,6.52,7.12,78.7,76.7
2660,H32073,H,299.8,309.3,1595,32.1,183,0,0,0,0,0,0,High,11.4,854,10,152,2.09,4.77,5.51,51.6,72.3
2661,L49840,L,299.8,309.3,1291,56.4,188,0,0,0,0,0,0,Low,15.2,1311,17,318,2.74,4.98,7.5,71.9,85.2
2662,M17521,M,299.9,309.4,1509,42.8,190,0,0,0,0,0,0,Medium,11.2,1195,6,207,2.45,5.62,6.45,51.7,54.8
2663,M17522,M,299.9,309.4,1483,38.1,193,0,0,0,0,0,0,Medium,12.7,1101,15,67,3.05,6.56,5.84,76.7,85.1
2664,L49843,L,299.9,309.3,1620,31.1,196,0,0,0,0,0,0,Low,16.7,1513,14,536,3.52,6.44,5.14,62.4,69.8
2665,M17524,M,299.9,309.4,1487,42.2,198,0,0,0,0,0,0,Medium,11.8,1151,11,227,3.13,5.34,6.7,19.2,72.9
2666,L49845,L,299.8,309.4,2256,15.9,201,0,0,0,0,0,0,Low,9.7,1083,10,153,4.6,4.75,3.51,67.6,72.1
2667,H32080,H,299.7,309.2,1691,27.7,203,0,0,0,0,0,0,High,15.9,1168,17,331,3.55,6.98,4.71,32.1,69.4
2668,M17527,M,299.8,309.3,1663,35.2,208,0,0,0,0,0,0,Medium,17.9,1146,19,250,2.89,5.66,6.39,83.3,46.5
2669,M17528,M,299.8,309.3,1640,31.1,211,0,0,0,0,0,0,Medium,11.8,1112,13,69,2.75,6.47,5.18,67.5,69.9
2670,H32083,H,299.7,309.3,1494,37.8,214,0,0,0,0,0,0,High,12.9,1321,18,708,3.84,6.51,6.1,53.1,69.6
2671,L49850,L,299.8,309.4,1467,46.2,219,0,0,0,0,0,0,Low,8.5,950,9,2,3.06,5.39,7.07,81.7,57.8
2672,M17531,M,299.7,309.3,1399,41.9,221,1,1,0,0,0,0,Medium,10.0,877,8,142,2.2,5.74,6.06,58.6,85.2
2673,L49852,L,299.7,309.3,1445,42.6,0,0,0,0,0,0,0,Low,1.7,8,1,95,1.85,6.51,6.22,41.7,78.6
2674,L49853,L,299.8,309.4,1480,40.9,2,0,0,0,0,0,0,Low,0.7,21,0,63,2.5,5.88,6.36,59.2,94.0
2675,L49854,L,299.7,309.3,1546,37.2,4,0,0,0,0,0,0,Low,4.6,11,4,9,2.09,5.12,5.96,81.1,71.7
2676,L49855,L,299.7,309.3,1574,35.8,6,0,0,0,0,0,0,Low,3.8,14,6,689,1.5,5.92,5.19,62.2,61.4
2677,L49856,L,299.7,309.3,1592,34.2,8,0,0,0,0,0,0,Low,1.9,54,1,522,2.35,5.69,6.02,26.4,61.3
2678,L49857,L,299.8,309.5,1495,39.6,10,0,0,0,0,0,0,Low,7.3,5,8,56,0.87,6.58,6.3,59.7,58.3
2679,L49858,L,299.8,309.6,1447,43.1,12,0,0,0,0,0,0,Low,2.9,70,2,26,1.81,6.45,6.06,62.1,76.9
2680,L49859,L,299.8,309.5,1476,44.4,14,0,0,0,0,0,0,Low,3.1,60,3,1051,1.45,5.4,6.8,57.2,61.5
2681,L49860,L,299.8,309.5,1641,27.1,16,0,0,0,0,0,0,Low,2.9,96,8,19,1.32,6.03,4.58,16.3,99.1
2682,L49861,L,299.8,309.5,1545,32.2,18,0,0,0,0,0,0,Low,5.7,91,6,547,1.11,4.89,4.96,43.4,62.7
2683,M17542,M,299.9,309.6,1364,44.4,20,0,0,0,0,0,0,Medium,4.3,92,4,230,1.74,5.45,6.55,62.7,59.3
2684,L49863,L,299.8,309.5,1590,28.5,23,0,0,0,0,0,0,Low,1.5,145,3,147,1.64,6.92,5.08,78.5,69.1
2685,L49864,L,299.8,309.4,1460,37.4,25,0,0,0,0,0,0,Low,4.3,223,4,101,2.11,6.04,5.59,41.3,68.2
2686,L49865,L,299.8,309.4,1609,32.5,27,0,0,0,0,0,0,Low,5.0,98,7,133,1.07,6.81,5.36,42.9,93.3
2687,L49866,L,299.8,309.4,1633,27.5,29,0,0,0,0,0,0,Low,2.7,255,0,131,3.4,6.14,4.48,41.9,64.4
2688,L49867,L,299.9,309.4,1348,52.8,31,0,0,0,0,0,0,Low,5.6,168,10,356,2.2,6.43,6.62,63.9,79.5
2689,L49868,L,299.9,309.4,1322,53.9,33,0,0,0,0,0,0,Low,4.8,149,8,41,2.32,6.11,7.62,63.9,77.9
2690,L49869,L,300.0,309.5,1641,30.1,35,0,0,0,0,0,0,Low,3.3,276,3,50,2.21,4.75,5.66,64.0,88.0
2691,L49870,L,300.0,309.5,1728,26.0,37,0,0,0,0,0,0,Low,4.2,269,2,472,0.95,6.2,4.67,48.5,61.2
2692,L49871,L,300.0,309.6,1431,47.7,39,0,0,0,0,0,0,Low,2.9,263,3,232,3.02,6.79,7.08,45.6,56.3
2693,L49872,L,300.1,309.7,1641,30.4,41,0,0,0,0,0,0,Low,3.1,194,5,67,1.33,6.45,5.21,63.8,97.2
2694,M17553,M,300.1,309.6,1622,36.1,43,0,0,0,0,0,0,Medium,3.8,216,3,310,2.28,4.78,5.98,76.3,74.7
2695,M17554,M,300.1,309.6,1625,38.0,46,0,0,0,0,0,0,Medium,5.1,156,10,497,2.01,6.51,6.1,58.8,84.9
2696,L49875,L,300.0,309.5,1869,22.7,49,0,0,0,0,0,0,Low,6.1,206,4,514,1.89,5.85,5.01,61.5,85.4
2697,L49876,L,300.0,309.6,1452,46.0,51,0,0,0,0,0,0,Low,4.7,218,3,34,2.16,5.77,7.16,42.4,67.9
2698,L49877,L,300.0,309.6,1618,28.7,53,0,0,0,0,0,0,Low,4.1,261,8,199,1.6,5.75,5.01,38.3,78.2
2699,L49878,L,300.0,309.4,2010,20.0,55,0,0,0,0,0,0,Low,5.9,215,7,50,2.56,5.94,4.69,63.9,83.0
2700,L49879,L,299.9,309.4,1363,60.9,57,0,0,0,0,0,0,Low,5.6,363,7,118,2.86,5.6,8.78,49.0,73.1
2701,L49880,L,299.9,309.3,1473,40.4,59,0,0,0,0,0,0,Low,5.4,276,7,48,1.52,6.0,5.97,55.2,84.6
2702,L49881,L,299.9,309.2,1333,50.8,61,0,0,0,0,0,0,Low,8.2,442,8,10,2.13,6.43,6.71,67.5,89.7
2703,L49882,L,299.8,309.2,1760,25.9,63,0,0,0,0,0,0,Low,6.2,267,10,321,1.58,6.17,5.23,62.6,60.2
2704,M17563,M,299.8,309.2,1372,58.2,65,0,0,0,0,0,0,Medium,5.3,260,3,78,1.77,6.41,8.7,46.6,94.5
2705,M17564,M,299.7,309.2,1608,34.4,68,0,0,0,0,0,0,Medium,6.2,319,7,199,2.22,6.86,5.76,66.1,73.6
2706,L49885,L,299.7,309.2,1326,64.8,71,0,0,0,0,0,0,Low,5.1,431,4,8,2.17,6.11,8.75,69.8,73.8
2707,M17566,M,299.6,309.1,1560,37.1,73,0,0,0,0,0,0,Medium,4.6,399,6,14,2.51,6.34,5.97,76.6,71.2
2708,M17567,M,299.6,309.0,1539,36.1,76,0,0,0,0,0,0,Medium,15.1,822,20,403,1.02,5.7,5.93,51.1,52.4
2709,L49888,L,299.6,309.1,2266,15.3,79,0,0,0,0,0,0,Low,5.0,450,6,63,2.74,6.13,3.96,52.7,92.3
2710,L49889,L,299.6,309.1,1641,35.8,81,0,0,0,0,0,0,Low,8.1,422,6,824,2.11,6.2,6.13,41.2,57.4
2711,L49890,L,299.6,309.1,1574,39.2,83,0,0,0,0,0,0,Low,5.3,411,9,125,2.31,5.44,6.18,67.3,59.1
2712,L49891,L,299.6,309.1,1407,50.6,85,0,0,0,0,0,0,Low,6.8,357,4,158,2.04,5.75,6.98,68.7,82.8
2713,H32126,H,299.7,309.2,1302,55.5,87,0,0,0,0,0,0,High,4.1,461,7,79,3.43,5.45,7.81,57.0,60.6
2714,M17573,M,299.6,309.2,1651,30.8,92,0,0,0,0,0,0,Medium,6.5,702,6,407,0.77,6.05,5.61,79.2,61.8
2715,M17574,M,299.6,309.1,1366,55.2,95,0,0,0,0,0,0,Medium,9.0,511,18,742,0.86,6.02,8.62,60.9,61.5
2716,M17575,M,299.5,309.0,1701,28.6,98,0,0,0,0,0,0,Medium,4.5,486,4,552,0.91,6.6,5.78,43.8,38.1
2717,L49896,L,299.5,309.0,1498,44.6,101,0,0,0,0,0,0,Low,5.6,494,6,120,0.7,6.46,6.47,57.6,81.2
2718,M17577,M,299.5,309.1,1422,45.3,103,0,0,0,0,0,0,Medium,10.8,549,12,115,0.9,6.18,6.76,52.5,76.3
2719,L49898,L,299.5,309.1,1357,47.3,106,0,0,0,0,0,0,Low,8.2,455,7,598,1.43,6.48,6.59,63.1,49.9
2720,L49899,L,299.5,309.2,1690,29.2,108,0,0,0,0,0,0,Low,7.9,734,9,215,1.48,6.29,5.12,94.0,98.1
2721,L49900,L,299.6,309.2,1559,39.1,110,0,0,0,0,0,0,Low,5.5,507,9,97,1.33,6.58,6.12,77.9,64.9
2722,M17581,M,299.6,309.3,1553,32.4,112,0,0,0,0,0,0,Medium,10.2,399,10,56,0.86,6.59,5.36,72.6,48.8
2723,L49902,L,299.6,309.3,1558,34.8,115,0,0,0,0,0,0,Low,9.5,977,8,165,1.59,7.17,5.32,35.0,68.0
2724,L49903,L,299.7,309.4,1362,51.9,117,0,0,0,0,0,0,Low,8.1,606,5,602,2.46,6.59,7.58,76.3,55.6
2725,M17584,M,299.8,309.3,1470,42.7,119,0,0,0,0,0,0,Medium,11.9,727,9,220,1.24,5.38,6.96,66.6,74.4
2726,L49905,L,299.8,309.4,1555,34.8,122,0,0,0,0,0,0,Low,9.7,751,13,56,1.41,6.81,5.52,76.7,65.8
2727,M17586,M,299.8,309.4,1423,42.9,124,0,0,0,0,0,0,Medium,13.1,867,22,131,2.13,5.68,6.76,29.8,71.7
2728,L49907,L,299.7,309.3,1434,38.5,127,0,0,0,0,0,0,Low,7.5,696,7,249,1.99,7.15,5.82,44.6,78.9
2729,L49908,L,299.7,309.3,1779,25.5,129,0,0,0,0,0,0,Low,4.5,428,5,187,1.66,5.79,4.98,65.6,69.6
2730,L49909,L,299.7,309.3,1417,54.6,131,0,0,0,0,0,0,Low,11.7,931,12,2,2.86,7.07,8.23,31.4,64.9
2731,L49910,L,299.6,309.2,1425,45.9,133,0,0,0,0,0,0,Low,13.2,931,15,413,1.55,5.43,6.53,78.2,68.8
2732,M17591,M,299.7,309.2,1597,32.9,135,0,0,0,0,0,0,Medium,11.4,947,16,394,2.1,6.94,5.5,64.6,62.0
2733,L49912,L,299.7,309.2,1346,57.4,138,0,0,0,0,0,0,Low,4.7,434,3,290,1.68,7.18,7.91,57.7,76.3
2734,L49913,L,299.7,309.2,1422,40.4,140,0,0,0,0,0,0,Low,17.2,784,18,156,1.17,7.23,6.27,42.2,59.8
2735,H32148,H,299.7,309.2,1572,32.8,142,0,0,0,0,0,0,High,7.2,779,6,412,1.06,6.91,5.34,45.3,62.4
2736,L49915,L,299.7,309.2,1412,45.4,147,0,0,0,0,0,0,Low,9.6,817,8,204,1.89,6.28,7.07,38.6,75.4
2737,M17596,M,299.7,309.1,1576,36.4,149,0,0,0,0,0,0,Medium,14.6,1042,18,126,1.6,6.1,6.16,51.7,77.3
2738,M17597,M,299.7,309.1,1508,41.2,152,0,0,0,0,0,0,Medium,9.5,830,10,278,1.37,6.24,6.57,68.6,80.8
2739,M17598,M,299.8,309.1,1496,44.4,155,0,0,0,0,0,0,Medium,8.0,485,16,259,2.14,5.47,7.04,50.0,61.8
2740,L49919,L,299.8,309.2,1572,35.4,158,0,0,0,0,0,0,Low,5.3,578,7,260,2.59,5.96,6.11,68.8,54.3
2741,L49920,L,299.6,309.0,1525,42.8,160,0,0,0,0,0,0,Low,12.2,1003,15,262,1.93,6.69,7.06,34.8,90.2
2742,L49921,L,299.6,309.0,1378,51.9,162,0,0,0,0,0,0,Low,7.3,757,8,320,2.6,7.18,7.85,28.0,57.2
2743,L49922,L,299.6,309.1,1369,51.4,164,0,0,0,0,0,0,Low,12.0,1098,15,117,2.43,5.94,6.99,72.7,66.2
2744,L49923,L,299.6,309.1,1476,45.3,166,0,0,0,0,0,0,Low,11.9,1339,10,110,1.62,5.93,6.81,45.1,78.6
2745,L49924,L,299.7,309.2,1620,30.0,168,0,0,0,0,0,0,Low,9.8,677,7,208,1.98,7.02,5.09,52.7,72.8
2746,M17605,M,299.7,309.1,1603,38.5,170,0,0,0,0,0,0,Medium,8.9,647,10,97,3.09,5.98,6.38,42.1,75.7
2747,L49926,L,299.7,309.2,1411,46.1,173,0,0,0,0,0,0,Low,8.6,698,15,1,2.12,5.62,6.49,59.0,63.9
2748,L49927,L,299.7,309.2,1616,31.6,175,0,0,0,0,0,0,Low,13.5,1039,9,208,3.55,6.76,5.68,80.6,62.7
2749,L49928,L,299.7,309.2,1631,35.1,177,0,0,0,0,0,0,Low,11.8,962,15,172,2.12,6.08,5.65,43.4,74.1
2750,M17609,M,299.7,309.2,1685,28.9,179,1,0,0,0,0,0,Medium,6.8,736,7,12,2.1,6.27,5.35,31.4,83.7
2751,H32164,H,299.7,309.2,1456,40.6,182,0,0,0,0,0,0,High,11.9,854,19,347,3.53,5.96,6.74,37.5,58.2
2752,L49931,L,299.7,309.1,1417,50.1,187,0,0,0,0,0,0,Low,13.0,1104,26,85,3.59,6.43,7.25,55.7,70.6
2753,M17612,M,299.7,309.1,1851,24.7,189,0,0,0,0,0,0,Medium,13.6,1486,19,366,2.6,5.32,4.26,37.3,65.8
2754,L49933,L,299.7,309.1,1715,27.8,192,0,0,0,0,0,0,Low,10.6,974,11,211,2.68,5.84,4.87,42.0,66.2
2755,H32168,H,299.6,309.1,1630,32.3,194,0,0,0,0,0,0,High,8.0,756,13,5,1.37,6.06,5.3,23.6,60.9
2756,L49935,L,299.7,309.2,1478,38.8,199,0,0,0,0,0,0,Low,20.6,1398,22,638,2.94,5.73,5.58,59.3,67.3
2757,L49936,L,299.7,309.2,1781,29.6,201,0,0,0,0,0,0,Low,8.7,937,15,313,2.67,6.45,5.64,66.3,57.1
2758,L49937,L,299.8,309.2,1439,36.1,203,0,0,0,0,0,0,Low,9.7,955,8,111,2.53,7.09,5.56,41.8,83.3
2759,M17618,M,299.7,309.2,1412,45.3,205,0,0,0,0,0,0,Medium,10.0,912,17,282,2.07,6.48,6.85,44.6,60.0
2760,L49939,L,299.7,309.1,1483,41.1,208,0,0,0,0,0,0,Low,10.1,881,14,598,3.38,5.98,6.09,57.9,84.8
2761,L49940,L,299.8,309.2,1400,42.6,210,0,0,0,0,0,0,Low,12.8,1321,14,67,2.29,5.78,6.58,63.1,79.1
2762,L49941,L,299.8,309.3,1299,65.1,212,1,0,0,0,1,0,Low,16.4,1653,18,20,4.11,5.01,8.56,56.1,57.8
2763,L49942,L,299.8,309.2,1479,44.4,214,0,0,0,0,0,0,Low,14.2,1278,15,278,2.8,5.55,6.52,56.5,68.6
2764,L49943,L,299.8,309.2,1491,47.5,216,0,0,0,0,0,0,Low,8.9,910,4,124,3.96,5.84,7.01,49.4,70.8
2765,M17624,M,299.9,309.3,1389,52.8,0,0,0,0,0,0,0,Medium,1.8,5,2,76,2.53,6.53,7.39,64.6,71.1
2766,M17625,M,299.9,309.4,1399,54.8,3,0,0,0,0,0,0,Medium,7.9,27,10,356,2.2,5.65,8.07,61.9,87.1
2767,M17626,M,299.9,309.4,1889,26.0,6,0,0,0,0,0,0,Medium,5.4,61,6,183,1.99,6.31,4.87,42.0,91.9
2768,L49947,L,300.0,309.5,1925,21.9,9,0,0,0,0,0,0,Low,5.5,85,8,52,1.52,6.7,4.24,49.4,69.8
2769,L49948,L,300.0,309.5,1675,30.2,11,0,0,0,0,0,0,Low,1.1,54,2,159,0.77,5.63,5.72,63.6,90.1
2770,M17629,M,300.0,309.6,1477,38.1,13,0,0,0,0,0,0,Medium,8.6,9,8,110,0.69,6.19,5.7,63.3,66.1
2771,L49950,L,300.0,309.6,1364,45.9,16,0,0,0,0,0,0,Low,3.1,95,3,222,1.87,6.79,6.84,39.7,57.3
2772,L49951,L,299.9,309.5,1451,39.4,18,0,0,0,0,0,0,Low,5.8,77,4,107,1.98,6.03,6.01,54.2,84.5
2773,L49952,L,299.9,309.4,1467,41.2,20,0,0,0,0,0,0,Low,4.2,162,7,155,2.18,6.02,6.63,48.8,65.8
2774,L49953,L,299.9,309.4,1858,22.5,22,0,0,0,0,0,0,Low,1.7,157,2,1002,2.05,5.7,4.42,26.8,62.3
2775,L49954,L,300.1,309.4,1559,39.7,24,0,0,0,0,0,0,Low,2.9,128,3,74,1.62,5.65,6.49,78.3,78.4
2776,L49955,L,300.1,309.4,1560,47.7,26,0,0,0,0,0,0,Low,5.6,89,10,328,1.59,5.3,7.66,49.5,61.7
2777,L49956,L,300.1,309.4,1453,47.6,28,0,0,0,0,0,0,Low,5.9,113,8,385,1.55,5.67,6.96,42.9,73.4
2778,L49957,L,300.1,309.4,1464,41.7,30,0,0,0,0,0,0,Low,4.4,177,5,68,1.9,5.93,6.47,54.3,92.1
2779,L49958,L,300.0,309.4,1308,50.2,32,0,0,0,0,0,0,Low,2.3,167,1,262,1.47,6.26,6.69,48.1,67.4
2780,L49959,L,300.1,309.5,1353,50.9,34,0,0,0,0,0,0,Low,7.4,258,12,42,2.07,6.76,6.51,75.1,78.7
2781,M17640,M,300.2,309.6,1556,35.8,36,0,0,0,0,0,0,Medium,2.6,152,2,176,1.67,5.23,5.93,72.2,64.0
2782,L49961,L,300.2,309.5,2183,17.8,39,0,0,0,0,0,0,Low,4.8,244,6,221,2.57,5.22,4.05,54.5,79.3
2783,M17642,M,300.2,309.6,1491,41.8,41,0,0,0,0,0,0,Medium,5.8,252,8,147,1.45,6.83,6.65,68.6,58.7
2784,M17643,M,300.2,309.6,1528,35.1,44,0,0,0,0,0,0,Medium,5.4,168,8,128,2.21,5.77,5.62,55.3,76.2
2785,L49964,L,300.2,309.6,1430,52.7,47,0,0,0,0,0,0,Low,5.2,185,5,76,2.35,6.43,8.2,29.8,64.5
2786,L49965,L,300.2,309.5,1495,32.6,49,0,0,0,0,0,0,Low,3.0,217,2,34,1.7,6.58,5.22,55.2,70.0
2787,M17646,M,300.2,309.5,1630,28.3,51,0,0,0,0,0,0,Medium,4.3,305,7,245,2.13,6.27,4.8,46.6,47.9
2788,M17647,M,300.3,309.6,1524,38.4,54,0,0,0,0,0,0,Medium,3.5,286,7,63,1.27,6.01,6.25,44.0,61.4
2789,L49968,L,300.3,309.6,1326,52.4,57,0,0,0,0,0,0,Low,7.1,351,7,860,2.67,6.52,7.76,63.6,39.7
2790,H32203,H,300.3,309.5,1438,44.0,59,0,0,0,0,0,0,High,6.6,334,9,170,2.25,6.12,6.34,86.1,65.1
2791,L49970,L,300.4,309.6,1356,45.9,64,0,0,0,0,0,0,Low,3.2,221,7,332,1.41,5.78,5.87,43.4,72.1
2792,H32205,H,300.4,309.6,1416,43.3,66,0,0,0,0,0,0,High,7.5,337,9,405,1.62,6.03,6.73,58.6,56.1
2793,L49972,L,300.4,309.7,1584,32.6,71,0,0,0,0,0,0,Low,8.5,467,9,73,1.5,5.83,5.57,56.2,59.5
2794,L49973,L,300.3,309.6,1597,31.8,73,0,0,0,0,0,0,Low,9.4,435,14,134,2.06,6.12,6.06,84.2,64.3
2795,L49974,L,300.4,309.6,1553,43.9,75,0,0,0,0,0,0,Low,6.3,311,11,198,1.91,5.46,7.18,48.4,74.2
2796,M17655,M,300.3,309.5,1405,49.4,77,0,0,0,0,0,0,Medium,6.8,351,11,584,1.26,6.7,7.17,80.6,47.0
2797,L49976,L,300.2,309.5,1539,35.3,80,0,0,0,0,0,0,Low,4.8,355,11,133,1.49,5.96,5.82,27.4,67.9
2798,M17657,M,300.3,309.6,1398,53.7,82,0,0,0,0,0,0,Medium,5.8,424,9,674,2.91,5.49,8.2,45.4,78.2
2799,L49978,L,300.3,309.6,1568,39.6,85,0,0,0,0,0,0,Low,8.3,349,10,133,1.43,5.63,6.7,67.8,67.9
2800,L49979,L,300.3,309.6,1404,44.6,87,0,0,0,0,0,0,Low,6.6,613,11,765,2.21,5.53,6.48,23.1,69.3
2801,M17660,M,300.2,309.5,1500,45.7,89,0,0,0,0,0,0,Medium,5.7,537,5,59,2.65,5.42,7.64,50.8,60.4
2802,M17661,M,300.2,309.5,1642,28.8,92,0,0,0,0,0,0,Medium,7.3,413,8,489,1.72,6.92,4.71,34.1,83.3
2803,M17662,M,300.3,309.6,1509,46.6,95,0,0,0,0,0,0,Medium,3.6,385,3,118,2.54,6.78,7.12,34.3,45.7
2804,L49983,L,300.2,309.5,1343,50.2,98,0,0,0,0,0,0,Low,7.0,660,7,48,1.26,5.41,7.62,80.7,44.8
2805,L49984,L,300.1,309.5,1450,40.1,100,0,0,0,0,0,0,Low,11.2,631,12,3,1.63,5.45,6.3,70.0,79.9
2806,L49985,L,300.0,309.4,1460,43.5,102,0,0,0,0,0,0,Low,10.8,490,12,141,1.83,5.46,6.51,57.5,69.0
2807,L49986,L,300.0,309.3,1364,41.2,104,0,0,0,0,0,0,Low,7.8,341,12,87,1.19,6.3,5.93,74.0,73.7
2808,M17667,M,299.9,309.3,1452,41.9,106,0,0,0,0,0,0,Medium,10.5,934,12,1319,1.25,6.13,7.03,62.2,40.1
2809,L49988,L,299.9,309.3,1471,41.8,109,0,0,0,0,0,0,Low,5.9,556,5,203,1.83,6.24,6.37,69.5,78.5
2810,L49989,L,299.9,309.2,1598,34.6,111,0,0,0,0,0,0,Low,7.4,800,8,310,1.76,5.41,5.59,59.3,51.0
2811,L49990,L,299.8,309.1,1772,24.8,113,0,0,0,0,0,0,Low,7.7,689,13,175,2.22,5.25,4.62,49.0,84.1
2812,L49991,L,299.9,309.2,1761,25.6,115,0,0,0,0,0,0,Low,6.4,682,9,116,3.61,5.62,4.93,44.2,97.2
2813,M17672,M,300.0,309.3,1413,40.7,117,0,0,0,0,0,0,Medium,13.9,670,14,162,1.39,6.46,6.14,51.5,48.3
2814,L49993,L,300.0,309.3,1887,22.6,120,0,0,0,0,0,0,Low,7.9,724,7,459,1.35,7.32,4.7,30.4,73.5
2815,L49994,L,300.0,309.3,1395,56.5,122,0,0,0,0,0,0,Low,7.5,651,12,139,1.77,5.33,7.91,56.7,94.6
2816,M17675,M,300.1,309.4,1569,31.6,124,0,0,0,0,0,0,Medium,10.7,756,14,354,1.57,6.71,4.89,77.7,72.1
2817,L49996,L,300.1,309.4,1434,47.3,127,0,0,0,0,0,0,Low,8.7,970,11,443,0.91,6.42,7.5,42.2,60.4
2818,L49997,L,300.2,309.5,1417,41.1,129,0,0,0,0,0,0,Low,6.6,542,10,165,1.64,5.47,5.75,53.2,60.8
2819,L49998,L,300.2,309.5,1729,28.4,131,0,0,0,0,0,0,Low,7.2,557,6,75,2.76,6.24,4.85,22.8,77.5
2820,L49999,L,300.2,309.5,1356,51.1,133,0,0,0,0,0,0,Low,5.2,539,3,438,2.99,6.16,6.99,56.3,73.5
2821,L50000,L,300.2,309.5,1436,48.8,135,0,0,0,0,0,0,Low,9.5,1005,18,154,1.93,6.18,7.0,95.0,59.5
2822,M17681,M,300.3,309.6,1419,42.5,137,0,0,0,0,0,0,Medium,7.1,666,11,706,1.97,6.46,6.12,57.6,71.0
2823,L50002,L,300.3,309.6,1593,38.1,140,0,0,0,0,0,0,Low,10.5,643,11,488,2.38,7.08,5.81,69.8,67.5
2824,M17683,M,300.3,309.5,1320,62.2,142,0,0,0,0,0,0,Medium,14.3,933,16,530,4.36,6.51,9.2,47.7,37.1
2825,M17684,M,300.3,309.5,1448,42.4,145,0,0,0,0,0,0,Medium,10.0,768,7,258,1.79,6.1,5.94,64.0,75.9
2826,L50005,L,300.3,309.4,1470,33.5,148,0,0,0,0,0,0,Low,9.3,822,12,85,1.24,5.64,5.75,45.7,49.4
2827,M17686,M,300.3,309.4,1612,33.1,150,0,0,0,0,0,0,Medium,9.7,452,7,167,1.79,5.93,5.82,58.1,65.5
2828,L50007,L,300.4,309.4,1412,51.6,153,0,0,0,0,0,0,Low,8.8,491,12,409,1.86,6.22,8.68,29.6,81.4
2829,M17688,M,300.4,309.4,1875,23.9,155,0,0,0,0,0,0,Medium,20.6,1278,30,145,2.71,5.77,4.53,71.8,75.5
2830,L50009,L,300.3,309.3,1612,36.0,158,0,0,0,0,0,0,Low,4.3,460,1,350,2.56,6.47,5.96,62.4,58.8
2831,M17690,M,300.4,309.3,1411,41.6,160,0,0,0,0,0,0,Medium,11.0,1012,18,174,1.98,7.07,6.57,65.8,79.5
2832,M17691,M,300.3,309.2,1490,47.9,163,0,0,0,0,0,0,Medium,7.4,688,8,92,1.83,5.14,7.11,48.6,67.3
2833,M17692,M,300.4,309.3,1467,40.3,166,0,0,0,0,0,0,Medium,6.2,667,3,163,1.67,5.66,6.45,62.2,84.0
2834,L50013,L,300.3,309.2,1807,26.4,169,0,0,0,0,0,0,Low,12.3,1158,13,139,3.14,6.99,4.98,77.0,63.6
2835,L50014,L,300.3,309.1,1368,46.0,171,0,0,0,0,0,0,Low,15.8,778,13,19,2.01,6.1,6.91,43.7,68.8
2836,L50015,L,300.3,309.2,1572,32.0,173,0,0,0,0,0,0,Low,8.8,934,11,68,3.8,6.68,5.64,66.4,77.4
2837,M17696,M,300.3,309.1,1458,44.3,175,0,0,0,0,0,0,Medium,19.0,788,27,47,1.71,5.42,6.6,54.8,90.7
2838,L50017,L,300.3,309.1,1699,30.3,178,0,0,0,0,0,0,Low,12.1,884,19,799,1.93,6.23,5.19,78.4,60.2
2839,L50018,L,300.3,309.3,1478,39.5,180,0,0,0,0,0,0,Low,11.8,688,17,1055,1.69,5.85,5.73,44.1,59.0
2840,M17699,M,300.4,309.4,1362,42.1,182,0,0,0,0,0,0,Medium,13.8,934,22,134,3.03,5.99,5.57,47.1,72.0
2841,H32254,H,300.4,309.4,1487,38.9,185,0,0,0,0,0,0,High,11.8,986,16,136,2.16,5.81,5.9,69.7,88.6
2842,L50021,L,300.3,309.4,1705,29.4,190,0,0,0,0,0,0,Low,8.3,773,9,356,2.5,6.94,5.26,52.5,46.9
2843,L50022,L,300.3,309.3,1345,53.5,192,0,0,0,0,0,0,Low,8.0,878,6,765,4.1,5.77,7.33,62.4,41.5
2844,L50023,L,300.3,309.2,1532,40.2,194,0,0,0,0,0,0,Low,7.7,810,9,198,0.96,6.69,6.55,66.4,59.6
2845,L50024,L,300.3,309.2,1650,35.2,196,0,0,0,0,0,0,Low,14.3,1243,19,329,2.92,6.02,6.32,58.2,79.3
2846,L50025,L,300.3,309.2,1398,54.4,198,0,0,0,0,0,0,Low,13.2,1349,12,1071,2.98,7.13,7.76,29.2,58.8
2847,L50026,L,300.3,309.2,1412,44.8,200,0,0,0,0,0,0,Low,11.2,1217,16,27,4.19,6.4,6.49,65.0,87.5
2848,L50027,L,300.4,309.3,1525,39.6,202,0,0,0,0,0,0,Low,13.7,1261,22,160,2.33,5.21,6.72,45.2,76.2
2849,M17708,M,300.3,309.3,1391,57.9,204,0,0,0,0,0,0,Medium,10.8,890,8,45,2.94,6.15,8.61,32.6,86.8
2850,L50029,L,300.4,309.3,1766,28.2,207,0,0,0,0,0,0,Low,11.8,883,20,132,3.49,5.86,5.18,81.1,78.1
2851,L50030,L,300.4,309.3,1671,35.0,209,0,0,0,0,0,0,Low,10.8,1136,19,191,3.16,6.36,5.93,72.4,78.6
2852,L50031,L,300.5,309.3,1373,48.8,211,0,0,0,0,0,0,Low,9.1,802,16,250,3.41,6.15,7.34,36.9,49.6
2853,M17712,M,300.5,309.4,1347,50.1,213,0,0,0,0,0,0,Medium,8.0,799,7,43,2.91,5.14,6.98,19.9,90.4
2854,M17713,M,300.5,309.3,1539,39.1,216,0,0,0,0,0,0,Medium,9.9,1082,10,464,2.49,5.8,5.7,51.4,67.1
2855,L50034,L,300.5,309.3,1470,40.8,219,0,0,0,0,0,0,Low,17.3,1426,25,857,2.28,5.74,5.65,80.1,73.4
2856,L50035,L,300.5,309.3,1528,37.0,221,0,0,0,0,0,0,Low,11.9,816,15,517,3.07,5.99,5.69,40.3,79.7
2857,H32270,H,300.5,309.3,1471,45.2,223,0,0,0,0,0,0,High,10.6,1210,12,15,3.16,6.22,6.62,48.3,77.1
2858,M17717,M,300.4,309.2,1528,37.2,228,0,0,0,0,0,0,Medium,12.3,1152,11,242,3.23,6.43,5.97,38.6,62.9
2859,L50038,L,300.5,309.3,1417,51.5,231,1,0,0,0,1,0,Low,16.8,1307,17,34,4.96,6.39,6.94,59.9,87.5
2860,L50039,L,300.6,309.4,1549,43.4,233,0,0,0,0,0,0,Low,17.3,1531,24,74,4.13,4.57,7.06,53.4,62.6
2861,H32274,H,300.6,309.4,1463,49.2,235,0,0,0,0,0,0,High,15.9,1767,18,264,3.41,6.36,7.18,43.2,73.7
2862,L50041,L,300.7,309.5,1479,43.6,240,0,0,0,0,0,0,Low,15.2,1052,19,583,2.96,6.84,7.11,32.6,38.7
2863,L50042,L,300.6,309.5,1867,23.0,242,0,0,0,0,0,0,Low,18.4,1496,17,299,4.51,6.04,4.33,58.6,73.2
2864,L50043,L,300.6,309.4,1471,44.1,244,0,0,0,0,0,0,Low,8.0,559,11,96,3.77,5.66,7.1,67.9,83.4
2865,H32278,H,300.6,309.4,1380,47.6,246,1,1,0,0,0,0,High,16.7,1748,23,66,3.72,5.51,6.86,46.4,81.9
2866,H32279,H,300.7,309.7,1623,32.7,0,0,0,0,0,0,0,High,1.2,5,0,371,2.11,6.51,5.42,64.6,62.9
2867,L50046,L,300.8,309.7,1997,20.7,5,0,0,0,0,0,0,Low,3.2,71,1,14,1.7,6.13,4.05,54.0,66.8
2868,H32281,H,300.7,309.6,1390,48.5,7,0,0,0,0,0,0,High,7.3,35,5,396,2.32,5.7,6.78,85.1,75.7
2869,L50048,L,300.8,309.7,1418,46.6,12,0,0,0,0,0,0,Low,1.7,61,1,92,1.41,6.13,7.39,75.5,88.1
2870,L50049,L,300.8,309.7,1519,35.8,14,0,0,0,0,0,0,Low,7.7,26,12,560,1.46,5.75,5.67,61.5,40.5
2871,M17730,M,300.8,309.7,1519,39.7,16,0,0,0,0,0,0,Medium,5.5,134,6,36,1.98,5.74,6.04,56.2,71.4
2872,M17731,M,300.7,309.6,1536,37.2,19,0,0,0,0,0,0,Medium,4.0,166,9,20,2.12,6.01,6.08,56.7,75.1
2873,L50052,L,300.8,309.6,1680,28.7,22,0,0,0,0,0,0,Low,7.6,190,9,3,0.54,6.07,4.93,55.1,65.3
2874,H32287,H,300.6,309.4,1555,37.9,24,0,0,0,0,0,0,High,4.3,210,1,102,2.56,5.55,5.95,53.5,86.5
2875,L50054,L,300.6,309.5,1471,49.6,29,0,0,0,0,0,0,Low,3.3,120,4,53,2.46,5.83,7.48,28.3,77.2
2876,M17735,M,300.5,309.4,1877,23.8,31,0,0,0,0,0,0,Medium,7.4,262,8,153,1.62,6.97,4.9,81.1,72.5
2877,M17736,M,300.5,309.3,1578,30.5,34,0,0,0,0,0,0,Medium,4.6,228,5,41,1.39,5.41,5.03,37.3,69.6
2878,M17737,M,300.5,309.4,1655,32.1,37,0,0,0,0,0,0,Medium,4.7,255,6,221,1.89,6.1,5.76,75.0,74.7
2879,H32292,H,300.5,309.4,1502,34.3,40,0,0,0,0,0,0,High,4.1,300,2,61,1.29,6.34,5.28,38.2,69.6
2880,M17739,M,300.6,309.4,1367,63.2,45,1,0,0,1,0,0,Medium,4.0,219,5,17,1.79,5.74,8.76,48.5,64.1
2881,L50060,L,300.7,309.5,1541,37.2,48,0,0,0,0,0,0,Low,9.9,226,14,16,1.05,5.67,6.44,56.4,68.2
2882,M17741,M,300.6,309.6,1588,37.0,50,0,0,0,0,0,0,Medium,2.3,249,2,68,2.06,5.56,5.82,56.5,63.7
2883,L50062,L,300.6,309.6,1684,32.8,53,0,0,0,0,0,0,Low,2.9,207,1,128,1.17,5.37,5.69,32.2,71.3
2884,L50063,L,300.6,309.5,1437,40.0,55,0,0,0,0,0,0,Low,3.2,219,3,217,1.48,6.86,6.35,67.7,81.0
2885,L50064,L,300.6,309.6,1409,42.4,57,0,0,0,0,0,0,Low,5.0,312,5,104,1.8,5.75,6.11,46.5,54.9
2886,M17745,M,300.5,309.5,1320,49.9,59,0,0,0,0,0,0,Medium,4.3,266,6,76,2.07,6.03,7.54,63.5,75.2
2887,H32300,H,300.5,309.5,1635,34.2,62,0,0,0,0,0,0,High,5.3,271,4,116,1.52,5.44,5.59,83.8,99.9
2888,M17747,M,300.5,309.5,1691,27.6,67,0,0,0,0,0,0,Medium,3.0,323,3,242,1.45,6.18,5.04,54.5,75.8
2889,M17748,M,300.6,309.6,1365,50.0,70,0,0,0,0,0,0,Medium,6.7,442,9,224,1.25,5.69,7.76,58.2,73.0
2890,M17749,M,300.7,309.7,1523,38.2,73,0,0,0,0,0,0,Medium,11.9,465,14,395,1.76,6.44,6.15,38.0,86.4
2891,L50070,L,300.6,309.7,1593,32.4,76,0,0,0,0,0,0,Low,6.8,494,5,986,1.12,5.42,5.51,55.5,29.2
2892,L50071,L,300.6,309.6,1682,30.7,78,0,0,0,0,0,0,Low,5.2,363,7,184,3.04,6.93,5.63,37.1,91.2
2893,L50072,L,300.7,309.6,1329,54.3,80,0,0,0,0,0,0,Low,5.9,416,2,467,1.98,5.71,6.59,52.3,55.8
2894,M17753,M,300.7,309.6,1568,35.2,82,0,0,0,0,0,0,Medium,6.2,509,7,292,1.77,6.17,6.19,60.1,73.2
2895,L50074,L,300.7,309.6,1733,24.8,85,0,0,0,0,0,0,Low,8.7,514,11,351,1.48,6.15,4.58,36.3,51.9
2896,M17755,M,300.7,309.6,1473,48.1,87,0,0,0,0,0,0,Medium,8.5,617,13,144,2.2,6.56,7.44,41.3,54.5
2897,M17756,M,300.7,309.5,1633,31.3,90,0,0,0,0,0,0,Medium,6.4,381,5,1187,0.57,5.1,5.39,64.5,47.6
2898,M17757,M,300.6,309.5,1530,40.2,93,0,0,0,0,0,0,Medium,9.9,470,12,231,1.8,5.45,5.78,51.2,71.6
2899,M17758,M,300.6,309.5,1550,40.2,96,0,0,0,0,0,0,Medium,9.6,622,12,115,1.44,5.78,6.82,51.3,75.4
2900,L50079,L,300.6,309.4,1410,40.6,99,0,0,0,0,0,0,Low,3.7,421,4,36,3.16,6.68,6.11,75.2,90.1
2901,L50080,L,300.5,309.3,1574,33.5,101,0,0,0,0,0,0,Low,6.9,604,3,219,1.59,5.86,5.26,37.4,46.7
2902,L50081,L,300.6,309.4,1425,40.3,103,0,0,0,0,0,0,Low,7.1,759,6,53,1.03,7.02,6.14,34.7,70.7
2903,M17762,M,300.6,309.4,1541,35.2,105,0,0,0,0,0,0,Medium,5.1,447,12,529,2.14,7.21,5.84,59.3,44.7
2904,M17763,M,300.7,309.5,1733,26.7,108,0,0,0,0,0,0,Medium,6.7,606,6,54,1.99,5.93,4.71,86.9,74.0
2905,L50084,L,300.6,309.4,2496,13.5,111,0,0,0,0,0,0,Low,7.0,686,6,25,2.25,7.17,3.75,63.4,100.0
2906,L50085,L,300.6,309.4,1552,36.4,113,0,0,0,0,0,0,Low,9.5,592,15,22,2.6,5.78,5.88,53.8,90.5
2907,L50086,L,300.6,309.3,1409,38.7,115,0,0,0,0,0,0,Low,8.0,470,6,179,0.75,6.14,5.63,59.1,58.3
2908,M17767,M,300.6,309.4,1581,35.7,117,0,0,0,0,0,0,Medium,7.2,631,10,131,1.39,6.2,6.11,48.7,74.0
2909,L50088,L,300.7,309.5,1251,59.9,120,0,0,0,0,0,0,Low,10.9,835,12,625,2.59,6.91,7.51,73.0,55.5
2910,L50089,L,300.7,309.6,1500,44.1,122,0,0,0,0,0,0,Low,8.1,538,5,139,1.68,6.67,6.77,42.3,91.7
2911,L50090,L,300.6,309.5,1576,38.8,124,0,0,0,0,0,0,Low,8.8,711,7,61,2.15,5.97,6.04,49.9,81.8
2912,M17771,M,300.7,309.5,1352,44.0,126,0,0,0,0,0,0,Medium,5.7,407,8,79,0.81,5.67,6.18,78.3,58.6
2913,L50092,L,300.7,309.6,1661,30.3,129,0,0,0,0,0,0,Low,10.7,697,13,392,1.65,6.2,5.18,56.8,71.0
2914,L50093,L,300.7,309.6,1541,34.6,131,0,0,0,0,0,0,Low,12.5,1191,15,379,1.09,6.36,5.62,66.2,70.2
2915,H32328,H,300.6,309.6,1888,20.5,133,0,0,0,0,0,0,High,8.6,655,11,260,2.55,6.67,4.26,40.8,73.5
2916,L50095,L,300.5,309.5,1255,62.1,138,0,0,0,0,0,0,Low,6.2,387,8,210,3.2,7.07,8.44,44.9,72.5
2917,L50096,L,300.6,309.6,1411,41.6,140,0,0,0,0,0,0,Low,5.7,487,6,65,1.46,5.85,6.19,55.4,86.6
2918,L50097,L,300.6,309.5,1516,39.0,142,0,0,0,0,0,0,Low,5.8,502,7,359,1.63,5.67,6.59,57.5,76.4
2919,M17778,M,300.6,309.5,1492,34.0,144,0,0,0,0,0,0,Medium,10.3,974,21,23,1.41,6.27,5.15,50.2,77.0
2920,L50099,L,300.6,309.6,1726,30.0,147,0,0,0,0,0,0,Low,9.5,595,15,137,1.48,5.19,5.56,33.5,67.7
2921,L50100,L,300.7,309.7,1598,33.7,149,0,0,0,0,0,0,Low,10.1,923,15,125,2.32,6.91,5.9,60.1,71.8
2922,L50101,L,300.8,309.8,1657,31.1,151,0,0,0,0,0,0,Low,6.0,676,11,163,1.49,5.48,5.91,56.6,66.7
2923,L50102,L,300.8,309.7,1481,38.1,153,0,0,0,0,0,0,Low,12.4,1082,21,342,1.84,6.06,5.95,70.4,58.5
2924,M17783,M,300.7,309.7,1397,51.3,155,0,0,0,0,0,0,Medium,10.0,985,11,57,2.71,5.24,7.36,29.5,59.7
2925,L50104,L,300.8,309.7,1461,44.3,158,0,0,0,0,0,0,Low,9.4,970,16,2,1.14,5.59,6.78,38.3,79.9
2926,M17785,M,300.7,309.6,1388,51.1,160,0,0,0,0,0,0,Medium,9.7,661,22,343,2.5,6.43,7.45,44.2,84.3
2927,L50106,L,300.7,309.7,1507,52.4,163,0,0,0,0,0,0,Low,9.6,644,8,162,1.89,5.47,7.99,21.8,76.7
2928,M17787,M,300.7,309.6,1421,49.8,165,0,0,0,0,0,0,Medium,9.3,770,16,56,2.64,5.81,7.42,62.5,61.7
2929,M17788,M,300.8,309.7,1258,54.9,168,0,0,0,0,0,0,Medium,12.7,1269,16,467,2.76,7.08,7.87,45.7,54.6
2930,M17789,M,300.8,309.7,1482,39.0,171,0,0,0,0,0,0,Medium,10.0,988,8,134,1.69,6.28,5.54,46.3,81.3
2931,H32344,H,300.7,309.6,1403,51.3,174,0,0,0,0,0,0,High,9.7,1071,14,432,2.8,5.82,6.62,54.8,58.7
2932,L50111,L,300.8,309.7,1373,45.4,179,0,0,0,0,0,0,Low,6.4,742,10,638,2.72,5.2,6.03,36.8,61.0
2933,L50112,L,300.9,309.7,1460,42.1,181,0,0,0,0,0,0,Low,7.8,709,9,207,1.54,6.75,6.14,48.6,67.0
2934,M17793,M,300.8,309.7,1751,27.9,183,0,0,0,0,0,0,Medium,7.9,710,10,506,2.77,6.97,4.81,67.7,48.0
2935,M17794,M,300.8,309.6,1546,42.3,186,0,0,0,0,0,0,Medium,10.7,1132,19,167,2.01,4.68,6.57,29.2,77.8
2936,M17795,M,300.8,309.7,1680,28.2,189,0,0,0,0,0,0,Medium,22.4,1969,29,19,3.11,5.12,4.7,41.8,68.3
2937,M17796,M,300.9,309.7,1394,48.8,192,0,0,0,0,0,0,Medium,14.9,1586,20,45,1.41,6.55,7.28,60.2,56.2
2938,L50117,L,300.7,309.6,1810,26.0,195,0,0,0,0,0,0,Low,9.0,734,13,347,3.23,5.54,4.7,81.4,69.5
2939,L50118,L,300.7,309.5,1479,34.5,197,0,0,0,0,0,0,Low,13.0,1168,10,216,1.72,6.55,5.03,67.5,70.8
2940,L50119,L,300.9,309.7,1431,41.4,199,0,0,0,0,0,0,Low,13.9,1225,23,77,2.26,5.67,5.6,56.1,93.3
2941,L50120,L,300.9,309.7,2355,14.4,201,0,0,0,0,0,0,Low,7.4,703,9,228,4.76,6.71,3.73,79.9,69.6
2942,M17801,M,300.7,309.6,1996,19.8,203,1,1,0,0,0,0,Medium,8.5,772,6,427,2.49,5.1,4.42,41.5,41.1
2943,L50122,L,300.7,309.5,1461,49.9,0,0,0,0,0,0,0,Low,2.7,5,5,153,2.03,5.88,7.73,70.3,88.0
2944,H32357,H,300.7,309.5,2007,19.7,2,0,0,0,0,0,0,High,1.6,6,1,197,1.69,5.75,4.17,62.7,78.2
2945,L50124,L,300.7,309.6,1505,34.9,7,0,0,0,0,0,0,Low,5.8,22,6,267,2.31,6.39,5.68,68.9,60.9
2946,H32359,H,300.7,309.6,1925,20.5,9,0,0,0,0,0,0,High,10.4,5,9,27,2.4,5.93,4.3,85.8,100.0
2947,M17806,M,300.7,309.5,1622,30.5,14,0,0,0,0,0,0,Medium,3.9,78,4,73,3.28,5.8,4.88,44.8,68.3
2948,L50127,L,300.7,309.5,1592,29.0,17,0,0,0,0,0,0,Low,4.0,89,4,757,1.74,5.74,4.77,49.9,77.4
2949,L50128,L,300.7,309.5,1850,24.5,19,0,0,0,0,0,0,Low,5.7,46,4,172,2.59,4.78,4.98,53.2,73.9
2950,M17809,M,300.7,309.5,1470,48.7,21,0,0,0,0,0,0,Medium,5.3,94,8,196,1.76,5.77,7.29,72.1,89.0
2951,M17810,M,300.7,309.5,1445,46.4,24,0,0,0,0,0,0,Medium,3.9,158,8,297,2.86,5.54,7.08,33.4,60.5
2952,L50131,L,300.7,309.5,1685,31.1,27,0,0,0,0,0,0,Low,8.6,107,8,308,1.86,6.26,5.82,71.6,66.3
2953,H32366,H,300.7,309.5,1667,30.5,29,0,0,0,0,0,0,High,2.8,145,6,1,2.56,5.58,5.96,21.2,70.5
2954,L50133,L,300.7,309.5,1578,35.4,34,0,0,0,0,0,0,Low,7.2,349,9,360,0.57,6.41,6.14,61.1,53.1
2955,H32368,H,300.6,309.4,1691,28.0,36,0,0,0,0,0,0,High,4.6,303,5,71,1.86,5.66,4.64,39.2,61.0
2956,M17815,M,300.7,309.5,1439,43.8,41,0,0,0,0,0,0,Medium,5.6,251,4,350,1.32,5.91,6.37,50.3,46.0
2957,M17816,M,300.8,309.6,1404,38.7,44,0,0,0,0,0,0,Medium,3.8,231,3,277,1.95,5.99,6.03,48.1,79.0
2958,L50137,L,300.8,309.6,1498,45.8,47,0,0,0,0,0,0,Low,9.5,236,9,194,2.43,5.63,6.92,58.3,82.1
2959,M17818,M,300.8,309.5,1481,44.5,49,0,0,0,0,0,0,Medium,7.5,243,9,341,2.77,6.08,7.2,57.2,81.6
2960,M17819,M,300.7,309.4,1589,35.0,52,0,0,0,0,0,0,Medium,4.9,185,2,280,0.94,5.07,6.33,75.2,62.5
2961,L50140,L,300.7,309.5,1467,44.3,55,0,0,0,0,0,0,Low,7.8,381,8,254,2.33,6.29,7.17,36.1,52.5
2962,L50141,L,300.6,309.4,1654,32.8,57,0,0,0,0,0,0,Low,3.6,290,3,174,1.57,6.06,6.19,55.8,58.4
2963,L50142,L,300.7,309.5,1508,39.9,59,0,0,0,0,0,0,Low,3.1,295,4,265,2.3,6.3,5.94,58.2,74.4
2964,M17823,M,300.7,309.6,1439,43.0,61,0,0,0,0,0,0,Medium,4.4,347,5,51,1.58,6.71,5.85,49.3,68.0
2965,L50144,L,300.7,309.5,1692,30.3,64,0,0,0,0,0,0,Low,10.2,340,5,95,2.76,7.13,5.16,55.8,58.1
2966,M17825,M,300.7,309.5,1838,24.9,66,0,0,0,0,0,0,Medium,6.0,499,4,27,1.65,5.76,4.79,51.0,92.8
2967,L50146,L,300.6,309.3,1601,40.2,69,0,0,0,0,0,0,Low,7.1,277,11,340,2.24,5.55,6.43,78.1,58.8
2968,L50147,L,300.6,309.4,1369,51.6,71,0,0,0,0,0,0,Low,6.0,457,8,56,1.25,5.79,7.11,66.5,91.5
2969,M17828,M,300.6,309.4,1312,45.2,73,0,0,0,0,0,0,Medium,4.3,242,5,122,0.9,6.91,6.17,63.1,65.0
2970,L50149,L,300.6,309.4,1468,44.1,76,0,0,0,0,0,0,Low,4.9,363,6,153,0.9,5.42,6.62,88.5,65.5
2971,M17830,M,300.6,309.4,1452,39.4,78,0,0,0,0,0,0,Medium,4.4,315,5,360,1.4,7.53,6.24,52.2,66.5
2972,M17831,M,300.7,309.5,1393,43.9,81,0,0,0,0,0,0,Medium,7.9,403,4,76,1.47,6.09,6.41,66.4,72.3
2973,M17832,M,300.6,309.4,1432,44.2,84,0,0,0,0,0,0,Medium,5.5,445,2,74,1.9,6.23,6.43,44.7,80.0
2974,M17833,M,300.6,309.3,1510,46.0,87,0,0,0,0,0,0,Medium,5.7,472,9,465,1.89,6.96,7.62,54.2,69.4
2975,M17834,M,300.6,309.4,1521,37.2,90,0,0,0,0,0,0,Medium,6.1,421,6,278,1.43,5.78,6.77,50.0,81.8
2976,H32389,H,300.5,309.4,1360,46.2,93,0,0,0,0,0,0,High,6.1,482,7,1500,1.92,6.26,6.73,55.9,29.6
2977,M17836,M,300.5,309.3,1881,25.5,98,0,0,0,0,0,0,Medium,6.6,637,3,244,1.96,6.68,4.89,66.1,58.4
2978,L50157,L,300.4,309.3,1413,50.3,101,0,0,0,0,0,0,Low,8.7,540,15,391,2.28,5.46,6.82,54.4,78.0
2979,H32392,H,300.5,309.4,1642,36.2,103,0,0,0,0,0,0,High,8.1,609,11,17,1.17,5.01,6.14,59.9,62.6
2980,L50159,L,300.5,309.5,1542,38.5,108,0,0,0,0,0,0,Low,4.2,293,6,416,1.87,6.12,5.84,45.3,64.9
2981,L50160,L,300.4,309.5,1447,39.3,110,0,0,0,0,0,0,Low,6.3,597,7,680,0.53,5.29,6.1,37.6,46.1
2982,H32395,H,300.4,309.4,1530,40.4,112,0,0,0,0,0,0,High,8.6,392,12,198,2.5,6.26,7.01,52.1,81.4
2983,L50162,L,300.5,309.5,1795,27.7,117,0,0,0,0,0,0,Low,6.6,685,7,50,1.34,5.85,4.98,43.5,56.0
2984,L50163,L,300.6,309.6,1290,57.4,119,0,0,0,0,0,0,Low,8.7,582,8,236,1.59,6.68,7.53,70.0,65.3
2985,L50164,L,300.6,309.7,1639,30.4,121,0,0,0,0,0,0,Low,7.8,888,12,5,2.6,6.51,5.4,59.2,62.4
2986,L50165,L,300.7,309.8,1596,31.5,123,0,0,0,0,0,0,Low,8.5,689,10,315,1.34,5.01,5.07,50.1,72.6
2987,L50166,L,300.6,309.8,1455,48.0,125,0,0,0,0,0,0,Low,8.0,615,14,241,2.61,5.79,6.67,57.3,74.6
2988,M17847,M,300.6,309.8,1659,28.9,127,0,0,0,0,0,0,Medium,4.5,454,7,50,1.79,5.25,5.32,54.6,90.0
2989,M17848,M,300.6,309.8,1532,42.5,130,0,0,0,0,0,0,Medium,6.1,638,9,337,0.6,6.25,6.34,36.9,71.5
2990,L50169,L,300.6,309.8,1502,42.4,133,0,0,0,0,0,0,Low,6.9,483,6,280,1.43,5.3,6.64,51.2,60.2
2991,L50170,L,300.6,309.8,1688,28.6,135,0,0,0,0,0,0,Low,5.9,614,4,440,0.48,6.59,5.02,52.5,67.4
2992,M17851,M,300.5,309.7,1341,50.9,137,0,0,0,0,0,0,Medium,10.5,518,14,101,2.32,5.07,6.99,66.6,79.4
2993,M17852,M,300.5,309.7,1685,29.4,140,0,0,0,0,0,0,Medium,8.0,751,11,363,2.47,5.9,5.34,31.2,77.8
2994,M17853,M,300.5,309.8,1370,55.9,143,0,0,0,0,0,0,Medium,10.6,443,11,304,2.74,5.6,7.4,48.5,68.7
2995,L50174,L,300.5,309.8,1461,52.5,146,0,0,0,0,0,0,Low,13.3,883,14,38,1.83,5.78,8.17,71.4,85.6
2996,L50175,L,300.5,309.8,1550,37.4,148,0,0,0,0,0,0,Low,10.5,971,7,77,1.97,5.68,5.81,49.7,72.5
2997,M17856,M,300.5,309.8,1508,37.8,150,0,0,0,0,0,0,Medium,11.8,1053,14,13,1.0,6.0,5.98,67.9,61.6
2998,L50177,L,300.5,309.8,1345,62.7,153,0,0,0,0,0,0,Low,8.9,444,12,100,3.2,5.43,8.46,61.5,61.4
2999,L50178,L,300.5,309.7,1616,34.5,155,0,0,0,0,0,0,Low,6.5,660,8,48,2.42,5.69,5.87,66.9,71.8
3000,L50179,L,300.5,309.7,1395,61.0,157,0,0,0,0,0,0,Low,9.5,912,6,83,2.47,7.12,9.27,51.2,70.7
3001,H32414,H,300.5,309.8,1324,72.8,159,1,0,0,1,0,0,High,12.0,632,18,39,3.01,6.17,10.0,33.2,73.7
3002,L50181,L,300.5,309.8,1445,43.9,164,0,0,0,0,0,0,Low,10.8,730,12,9,1.49,6.98,6.53,52.5,93.8
3003,M17862,M,300.5,309.8,1555,38.9,166,0,0,0,0,0,0,Medium,6.8,556,13,194,3.05,5.95,6.07,62.6,72.5
3004,M17863,M,300.6,309.9,1449,42.4,169,0,0,0,0,0,0,Medium,13.8,1296,11,832,1.66,5.69,6.46,71.9,68.4
3005,M17864,M,300.5,309.9,1466,53.2,172,0,0,0,0,0,0,Medium,9.7,989,16,82,3.41,5.35,8.56,41.9,78.7
3006,L50185,L,300.5,309.9,1503,37.4,175,0,0,0,0,0,0,Low,10.8,1059,18,164,2.08,6.29,5.86,50.1,79.9
3007,L50186,L,300.4,309.7,1488,35.7,177,0,0,0,0,0,0,Low,16.7,1543,22,61,1.35,6.91,5.94,49.3,62.0
3008,L50187,L,300.4,309.7,1314,50.2,179,0,0,0,0,0,0,Low,8.1,726,16,196,2.22,6.69,6.81,79.8,75.5
3009,M17868,M,300.4,309.7,1547,38.0,181,0,0,0,0,0,0,Medium,12.9,1037,13,170,2.22,6.39,6.74,53.0,89.1
3010,M17869,M,300.4,309.7,1466,39.8,184,0,0,0,0,0,0,Medium,7.3,783,5,372,1.93,6.8,5.51,59.5,60.0
3011,L50190,L,300.3,309.6,1537,37.1,187,0,0,0,0,0,0,Low,8.4,551,15,324,2.84,6.44,5.8,58.0,61.6
3012,M17871,M,300.2,309.5,1434,51.5,189,0,0,0,0,0,0,Medium,10.3,1094,11,338,2.56,6.62,7.41,21.7,62.6
3013,L50192,L,300.4,309.6,1432,44.7,192,0,0,0,0,0,0,Low,11.4,1089,19,143,2.61,6.52,6.66,59.3,82.0
3014,L50193,L,300.5,309.6,1390,48.4,194,0,0,0,0,0,0,Low,9.8,1003,12,155,2.59,6.58,7.25,52.9,62.4
3015,L50194,L,300.5,309.7,1580,42.8,196,0,0,0,0,0,0,Low,10.2,775,10,192,2.46,5.39,7.99,39.1,65.6
3016,L50195,L,300.5,309.7,1589,30.5,198,0,0,0,0,0,0,Low,10.8,1190,12,222,2.32,5.63,5.1,87.2,63.7
3017,L50196,L,300.5,309.8,1441,48.8,200,0,0,0,0,0,0,Low,14.5,1233,16,417,2.68,7.14,7.68,77.3,55.5
3018,L50197,L,300.5,309.8,1305,51.7,202,0,0,0,0,0,0,Low,9.2,798,8,62,3.84,5.69,6.78,59.6,57.3
3019,M17878,M,300.5,309.8,1566,35.9,204,0,0,0,0,0,0,Medium,10.3,979,9,77,2.63,5.35,5.8,57.3,72.5
3020,L50199,L,300.5,309.8,1379,54.2,207,1,0,0,0,1,0,Low,16.7,1818,13,125,3.56,6.39,8.09,77.8,83.3
3021,L50200,L,300.4,309.6,1543,38.1,209,0,0,0,0,0,0,Low,14.1,1474,22,813,3.14,5.89,5.69,71.9,40.7
3022,L50201,L,300.5,309.8,1421,49.6,211,0,0,0,0,0,0,Low,12.3,777,20,45,2.48,6.97,6.96,50.6,76.1
3023,L50202,L,300.5,309.6,1760,30.6,213,0,0,0,0,0,0,Low,9.9,995,14,223,2.47,5.13,5.66,57.1,95.3
3024,L50203,L,300.4,309.5,1711,29.2,215,0,0,0,0,0,0,Low,17.7,1426,29,391,2.22,5.25,5.19,64.8,60.6
3025,L50204,L,300.5,309.6,1465,41.6,217,0,0,0,0,0,0,Low,17.0,1189,17,376,2.31,7.18,6.45,44.8,71.9
3026,L50205,L,300.5,309.6,1366,50.2,219,0,0,0,0,0,0,Low,11.5,1120,16,59,3.62,5.5,6.58,93.2,78.2
3027,M17886,M,300.4,309.5,1888,21.9,221,0,0,0,0,0,0,Medium,8.5,943,10,324,2.41,5.58,4.26,67.5,57.5
3028,L50207,L,300.5,309.5,1777,23.6,0,0,0,0,0,0,0,Low,5.1,29,6,162,2.18,5.76,4.34,48.3,72.6
3029,L50208,L,300.5,309.5,1379,55.6,2,0,0,0,0,0,0,Low,4.9,5,10,7,1.63,4.71,8.11,95.0,57.8
3030,L50209,L,300.4,309.5,1525,51.3,4,0,0,0,0,0,0,Low,5.9,5,4,152,2.32,6.35,8.54,47.8,71.3
3031,M17890,M,300.4,309.6,1563,34.0,6,0,0,0,0,0,0,Medium,2.9,54,2,42,1.24,5.17,5.58,70.8,97.6
3032,M17891,M,300.5,309.7,1389,43.3,9,0,0,0,0,0,0,Medium,3.5,31,9,86,1.84,6.37,5.95,47.9,100.0
3033,M17892,M,300.6,309.8,1447,42.9,12,0,0,0,0,0,0,Medium,2.7,102,5,322,1.92,5.09,6.61,48.2,50.9
3034,M17893,M,300.6,309.7,1934,22.8,15,0,0,0,0,0,0,Medium,2.6,96,4,491,1.7,6.36,4.21,61.7,50.2
3035,H32448,H,300.6,309.7,1470,43.8,18,0,0,0,0,0,0,High,3.8,79,3,630,1.34,5.89,6.78,57.1,73.7
3036,M17895,M,300.6,309.7,1428,42.6,23,0,0,0,0,0,0,Medium,6.6,167,9,24,1.16,5.91,6.52,55.9,73.9
3037,L50216,L,300.4,309.6,1319,48.1,26,0,0,0,0,0,0,Low,5.2,89,5,192,1.68,6.4,6.62,58.7,79.6
3038,L50217,L,300.5,309.7,1887,24.3,28,0,0,0,0,0,0,Low,3.7,130,9,410,2.01,6.47,4.96,69.2,70.6
3039,L50218,L,300.4,309.5,1349,50.4,30,0,0,0,0,0,0,Low,7.1,188,7,80,2.21,6.1,6.65,74.0,65.1
3040,M17899,M,300.3,309.5,1665,31.4,32,0,0,0,0,0,0,Medium,2.8,228,1,3,3.11,5.96,6.1,95.0,92.1
3041,L50220,L,300.3,309.5,1474,38.7,35,0,0,0,0,0,0,Low,12.5,179,13,273,2.26,5.69,5.7,72.8,50.5
3042,L50221,L,300.4,309.5,1543,38.9,37,0,0,0,0,0,0,Low,2.9,233,4,123,0.7,6.23,5.47,51.5,69.0
3043,M17902,M,300.2,309.4,1459,43.9,39,0,0,0,0,0,0,Medium,4.5,237,2,69,0.93,6.86,6.28,45.5,71.4
3044,L50223,L,300.3,309.5,1551,37.9,42,0,0,0,0,0,0,Low,5.0,233,9,50,1.87,6.31,7.06,68.7,62.5
3045,L50224,L,300.2,309.4,1981,21.4,44,0,0,0,0,0,0,Low,4.8,200,5,374,1.74,5.25,4.68,51.6,62.5
3046,L50225,L,300.2,309.4,1526,35.3,46,0,0,0,0,0,0,Low,7.2,246,6,196,1.12,5.99,5.28,43.6,73.6
3047,M17906,M,300.2,309.4,1501,40.0,48,0,0,0,0,0,0,Medium,3.5,261,5,427,0.81,5.61,6.66,36.1,69.1
3048,L50227,L,300.2,309.4,1558,38.3,51,0,0,0,0,0,0,Low,5.2,229,6,122,1.48,5.33,6.65,52.1,82.1
3049,L50228,L,300.2,309.3,1532,43.2,53,0,0,0,0,0,0,Low,6.0,221,6,176,0.8,5.85,6.43,32.5,95.2
3050,L50229,L,300.1,309.2,1326,55.9,55,0,0,0,0,0,0,Low,7.5,222,8,474,2.85,6.31,8.24,64.8,67.4
3051,L50230,L,300.2,309.2,1431,51.3,57,0,0,0,0,0,0,Low,3.7,192,3,434,2.42,6.44,7.53,36.9,64.3
3052,L50231,L,300.2,309.3,1366,49.3,59,0,0,0,0,0,0,Low,6.2,394,13,408,0.88,6.33,7.3,68.1,65.0
3053,L50232,L,300.1,309.2,1421,42.5,61,0,0,0,0,0,0,Low,5.7,375,12,510,1.89,5.59,6.63,75.5,48.5
3054,H32467,H,300.2,309.3,1506,35.6,63,0,0,0,0,0,0,High,6.8,331,12,806,1.83,5.43,5.88,52.5,66.6
3055,H32468,H,300.2,309.3,1342,48.7,68,0,0,0,0,0,0,High,7.3,386,15,422,2.08,5.26,6.78,25.4,60.2
3056,L50235,L,300.1,309.2,1427,37.6,73,0,0,0,0,0,0,Low,6.2,495,4,602,1.58,5.91,5.39,82.6,81.2
3057,L50236,L,300.2,309.2,1667,29.9,75,0,0,0,0,0,0,Low,6.3,446,10,231,1.78,6.3,5.36,55.7,61.6
3058,L50237,L,300.1,309.1,1400,46.7,77,0,0,0,0,0,0,Low,6.6,462,9,251,1.97,6.31,7.13,67.8,72.1
3059,L50238,L,300.0,309.0,1709,32.1,79,0,0,0,0,0,0,Low,5.2,486,3,107,1.18,5.41,5.88,36.1,86.7
3060,M17919,M,300.0,309.0,1368,45.8,81,0,0,0,0,0,0,Medium,7.4,471,6,481,1.37,7.0,6.54,78.5,67.2
3061,L50240,L,300.0,309.1,1882,23.8,84,0,0,0,0,0,0,Low,5.9,308,9,662,2.98,6.07,4.85,22.3,66.9
3062,L50241,L,300.1,309.1,1353,58.7,86,0,0,0,0,0,0,Low,4.9,448,5,276,2.35,6.52,7.64,32.5,78.4
3063,L50242,L,299.9,309.0,1553,40.0,88,0,0,0,0,0,0,Low,5.7,245,8,361,1.75,6.32,6.74,75.8,60.2
3064,L50243,L,300.0,309.1,1431,45.4,90,0,0,0,0,0,0,Low,15.8,442,20,431,2.66,5.17,6.73,38.2,90.1
3065,M17924,M,300.1,309.1,1731,30.4,92,0,0,0,0,0,0,Medium,5.6,501,3,193,2.33,6.4,5.82,68.6,50.3
3066,M17925,M,300.1,309.2,1687,27.7,95,0,0,0,0,0,1,Medium,5.2,493,9,1183,3.08,6.84,4.93,64.3,49.8
3067,M17926,M,300.1,309.2,1457,44.3,98,0,0,0,0,0,0,Medium,8.6,531,17,214,1.48,5.44,6.96,66.6,69.1
3068,L50247,L,300.1,309.2,1533,37.0,101,0,0,0,0,0,0,Low,6.0,475,9,297,1.36,5.42,6.11,73.9,81.5
3069,H32482,H,300.0,309.0,1622,31.8,103,0,0,0,0,0,0,High,7.6,294,8,753,1.58,6.22,5.3,39.0,56.9
3070,L50249,L,300.0,309.1,1791,28.2,108,0,0,0,0,0,0,Low,8.5,725,7,280,2.23,6.0,5.09,81.8,53.2
3071,L50250,L,300.0,309.1,1631,28.3,110,0,0,0,0,0,0,Low,5.5,455,6,411,2.28,6.26,5.06,53.3,67.3
3072,L50251,L,300.0,309.0,2174,16.9,112,0,0,0,0,0,0,Low,7.2,567,12,520,2.87,5.29,3.91,66.7,70.0
3073,L50252,L,300.1,309.0,1314,58.2,114,0,0,0,0,0,0,Low,11.4,874,21,350,2.78,6.49,8.12,82.8,59.7
3074,L50253,L,300.1,309.1,1478,46.9,116,0,0,0,0,0,0,Low,8.4,536,6,7,1.2,5.09,7.59,57.1,64.5
3075,L50254,L,300.1,309.2,1783,27.3,118,0,0,0,0,0,0,Low,4.5,438,4,133,1.86,5.75,5.26,93.6,71.2
3076,M17935,M,300.1,309.2,1385,46.1,120,0,0,0,0,0,0,Medium,10.9,817,12,115,2.3,6.21,7.14,25.0,57.5
3077,L50256,L,300.0,309.2,1444,43.6,123,0,0,0,0,0,0,Low,8.0,623,9,38,1.5,5.58,6.48,83.1,78.9
3078,L50257,L,300.1,309.3,1841,23.0,125,0,0,0,0,0,0,Low,11.3,1005,19,617,1.26,5.97,4.55,48.4,59.4
3079,M17938,M,300.1,309.4,1349,56.2,127,0,0,0,0,0,0,Medium,11.4,951,17,111,2.95,6.7,8.47,37.1,66.5
3080,L50259,L,300.1,309.3,1340,56.0,130,0,0,0,0,0,0,Low,5.5,531,5,237,1.67,5.58,7.62,95.0,83.6
3081,M17940,M,299.9,309.2,1539,43.2,132,0,0,0,0,0,0,Medium,7.7,837,5,6,1.57,5.79,6.63,36.1,84.2
3082,M17941,M,300.0,309.3,1932,21.8,135,0,0,0,0,0,0,Medium,8.6,931,9,108,2.3,4.54,4.39,40.4,59.0
3083,M17942,M,300.0,309.3,1407,43.9,138,0,0,0,0,0,0,Medium,10.7,692,12,125,0.64,6.11,6.48,70.5,69.0
3084,L50263,L,300.1,309.3,1712,28.5,141,0,0,0,0,0,0,Low,12.3,893,13,45,1.39,6.73,5.17,69.2,71.3
3085,H32498,H,300.1,309.4,1329,55.2,143,0,0,0,0,0,0,High,7.0,809,12,634,2.07,5.45,7.99,51.8,74.0
3086,L50265,L,300.1,309.2,1441,42.9,148,0,0,0,0,0,0,Low,7.6,607,9,112,2.37,5.72,6.65,36.5,73.0
3087,L50266,L,300.0,309.2,1610,32.1,150,0,0,0,0,0,0,Low,10.4,1036,15,579,2.12,6.58,6.12,51.0,65.2
3088,M17947,M,300.0,309.1,1474,45.2,152,0,0,0,0,0,0,Medium,9.8,1024,11,106,3.57,6.89,7.42,50.4,72.4
3089,M17948,M,300.0,309.1,1624,30.8,155,0,0,0,0,0,0,Medium,11.8,745,14,454,3.24,5.93,5.08,37.8,72.7
3090,H32503,H,300.1,309.3,1520,38.2,158,0,0,0,0,0,0,High,11.9,668,13,542,1.81,5.44,6.35,46.9,44.8
3091,H32504,H,300.1,309.3,1448,45.8,163,0,0,0,0,0,0,High,8.4,643,12,242,2.3,5.76,6.93,74.3,84.8
3092,L50271,L,300.0,309.3,1558,29.7,168,0,0,0,0,0,0,Low,10.8,1095,10,21,1.61,6.28,5.0,65.1,76.8
3093,M17952,M,300.0,309.3,2293,16.3,170,0,0,0,0,0,0,Medium,8.1,734,9,334,2.91,5.5,3.98,67.1,53.4
3094,L50273,L,300.0,309.3,1397,51.2,173,0,0,0,0,0,0,Low,10.4,1117,12,290,2.07,5.76,6.83,48.1,52.0
3095,L50274,L,300.0,309.3,1972,22.0,175,0,0,0,0,0,0,Low,7.1,617,13,373,1.87,5.49,4.38,40.7,68.7
3096,M17955,M,299.9,309.2,1574,36.5,177,0,0,0,0,0,0,Medium,11.8,1250,18,88,1.68,6.55,6.06,80.3,70.3
3097,L50276,L,299.9,309.2,1560,38.9,180,0,0,0,0,0,0,Low,11.6,668,12,63,3.23,6.09,6.59,44.9,70.3
3098,M17957,M,299.9,309.2,1353,49.8,182,0,0,0,0,0,0,Medium,9.7,1100,12,116,3.02,5.71,6.67,36.7,74.3
3099,M17958,M,299.9,309.2,1389,51.2,185,0,0,0,0,0,0,Medium,9.3,574,14,494,1.59,6.1,7.96,60.2,74.4
3100,M17959,M,299.9,309.1,1513,43.8,188,0,0,0,0,0,0,Medium,8.4,852,12,6,2.2,6.29,7.25,54.7,66.2
3101,L50280,L,299.8,309.1,1578,42.1,191,0,0,0,0,0,0,Low,14.9,1300,18,197,3.0,5.04,6.62,44.9,46.1
3102,H32515,H,299.8,309.0,1467,37.3,193,0,0,0,0,0,0,High,11.6,1104,13,360,2.03,6.25,5.73,38.7,68.3
3103,L50282,L,299.9,309.1,1412,48.3,198,0,0,0,0,0,0,Low,11.7,852,10,89,3.02,6.8,7.46,37.9,73.6
3104,L50283,L,299.8,309.1,1668,30.3,200,0,0,0,0,0,0,Low,7.6,810,7,95,1.39,5.52,5.61,60.7,74.8
3105,M17964,M,299.8,309.2,1678,29.8,202,0,0,0,0,0,0,Medium,10.8,1096,11,131,1.85,5.52,4.88,41.9,65.3
3106,L50285,L,299.8,309.1,1612,35.4,205,0,0,0,0,0,0,Low,11.3,1108,8,135,2.42,6.64,5.78,76.0,73.2
3107,L50286,L,299.8,309.1,1485,39.9,207,0,0,0,0,0,0,Low,10.3,906,15,67,2.7,4.87,6.53,69.2,89.5
3108,M17967,M,299.8,309.1,1456,39.4,209,0,0,0,0,0,0,Medium,11.4,1042,14,247,2.87,7.35,5.67,58.1,64.1
3109,L50288,L,299.8,309.2,1504,38.7,212,0,0,0,0,0,0,Low,13.5,1496,22,103,1.59,5.36,6.28,56.5,66.8
3110,L50289,L,299.9,309.2,1491,44.3,214,0,0,0,0,0,0,Low,12.4,1397,11,338,2.83,5.73,6.91,77.9,69.5
3111,H32524,H,299.9,309.2,1525,33.2,0,0,0,0,0,0,0,High,2.2,5,3,90,2.09,5.4,5.25,76.5,85.6
3112,L50291,L,300.0,309.2,1759,27.9,5,0,0,0,0,0,0,Low,2.8,41,3,253,1.14,5.24,4.54,76.3,60.1
3113,M17972,M,299.8,309.1,1355,56.7,7,0,0,0,0,0,0,Medium,2.6,60,1,91,2.21,6.28,8.47,71.6,75.9
3114,M17973,M,299.9,309.1,1345,56.8,10,0,0,0,0,0,0,Medium,0.6,5,0,83,2.31,6.36,7.71,51.0,59.7
3115,M17974,M,299.9,309.2,1683,30.5,13,0,0,0,0,0,0,Medium,3.2,78,1,160,2.22,5.55,5.22,85.5,86.1
3116,L50295,L,299.9,309.2,1658,34.8,16,0,0,0,0,0,0,Low,4.4,102,5,295,1.94,5.12,6.19,56.9,55.5
3117,L50296,L,300.0,309.2,1566,34.4,18,0,0,0,0,0,0,Low,4.2,137,7,35,1.58,5.69,5.64,56.1,63.1
3118,M17977,M,300.1,309.3,1469,43.9,20,0,0,0,0,0,0,Medium,2.8,57,3,1,1.38,6.3,6.75,49.4,66.4
3119,M17978,M,300.2,309.5,1458,46.9,23,0,0,0,0,0,0,Medium,3.9,127,7,105,1.72,6.02,7.11,45.0,71.1
3120,L50299,L,300.1,309.4,1858,23.6,26,0,0,0,0,0,0,Low,2.7,155,2,474,3.14,6.09,4.46,57.3,47.5
3121,H32534,H,300.1,309.4,1563,40.8,28,0,0,0,0,0,0,High,6.8,149,8,687,0.89,5.8,6.47,44.2,76.2
3122,L50301,L,300.1,309.4,2141,17.9,33,0,0,0,0,0,0,Low,3.2,176,5,346,1.88,4.55,4.13,47.6,66.7
3123,L50302,L,300.0,309.3,1473,46.0,35,0,0,0,0,0,0,Low,4.4,88,7,47,1.83,5.06,6.76,75.4,68.9
3124,H32537,H,300.0,309.4,1498,38.5,37,0,0,0,0,0,0,High,3.6,162,3,39,0.69,6.63,5.84,64.5,75.6
3125,L50304,L,300.1,309.4,1568,39.7,42,0,0,0,0,0,0,Low,6.6,228,7,242,0.74,6.14,6.53,63.7,77.6
3126,L50305,L,300.1,309.4,1694,27.4,44,0,0,0,0,0,0,Low,3.4,205,4,130,3.26,5.31,5.01,33.4,63.4
3127,L50306,L,300.0,309.4,1499,35.7,46,0,0,0,0,0,0,Low,6.8,248,9,192,1.58,5.92,5.39,91.4,86.0
3128,L50307,L,300.0,309.5,1717,28.3,48,0,0,0,0,0,0,Low,7.9,219,13,102,2.15,7.02,4.88,44.5,71.7
3129,M17988,M,300.1,309.5,1462,42.8,50,0,0,0,0,0,0,Medium,3.7,289,3,655,1.46,5.65,6.46,53.3,50.3
3130,L50309,L,300.1,309.6,1642,34.5,53,0,0,0,0,0,0,Low,6.5,254,9,412,2.26,5.98,5.67,56.6,47.9
3131,L50310,L,300.1,309.6,1760,25.4,55,0,0,0,0,0,0,Low,9.0,246,7,368,2.08,6.32,4.65,60.4,60.2
3132,L50311,L,300.1,309.5,1660,32.7,57,0,0,0,0,0,0,Low,6.3,370,2,396,1.15,5.59,5.05,57.0,47.2
3133,L50312,L,300.1,309.5,1557,40.6,59,0,0,0,0,0,0,Low,8.0,324,16,955,1.83,7.54,7.12,48.4,38.8
3134,H32547,H,300.2,309.6,1442,49.2,61,0,0,0,0,0,0,High,9.3,377,9,266,1.46,5.95,7.4,43.2,58.1
3135,L50314,L,300.2,309.6,1359,51.5,66,0,0,0,0,0,0,Low,8.4,424,6,50,1.76,6.75,6.67,47.7,91.1
3136,L50315,L,300.4,309.8,1342,52.5,68,0,0,0,0,0,0,Low,5.3,465,8,139,1.65,6.52,7.16,15.8,87.8
3137,L50316,L,300.4,309.9,1435,54.8,70,0,0,0,0,0,0,Low,5.4,232,5,13,1.18,6.54,8.26,78.9,75.7
3138,L50317,L,300.4,309.9,1567,36.5,72,0,0,0,0,0,0,Low,6.3,302,8,216,2.02,6.39,5.95,92.7,62.7
3139,L50318,L,300.4,309.9,1376,43.5,74,0,0,0,0,0,0,Low,3.3,344,3,200,0.71,5.07,5.85,82.9,80.7
3140,H32553,H,300.4,309.9,1513,38.7,76,0,0,0,0,0,0,High,4.5,257,11,251,1.54,5.17,6.51,67.9,73.6
3141,H32554,H,300.4,309.9,2563,12.8,81,1,0,0,1,0,0,High,6.3,415,6,21,1.79,6.83,3.58,66.6,78.6
3142,L50321,L,300.5,310.0,1521,45.1,86,0,0,0,0,0,0,Low,5.8,257,4,107,2.29,5.45,6.71,60.2,75.8
3143,L50322,L,300.6,310.0,1658,34.7,88,0,0,0,0,0,0,Low,5.4,508,7,113,1.81,7.09,6.12,59.5,84.8
3144,H32557,H,300.6,310.0,1419,42.4,90,0,0,0,0,0,0,High,5.9,437,7,32,1.37,5.18,6.01,50.9,68.0
3145,M18004,M,300.6,310.0,1478,36.3,95,0,0,0,0,0,0,Medium,7.4,529,9,131,1.47,5.76,5.23,46.7,74.0
3146,M18005,M,300.5,310.0,1415,43.5,98,0,0,0,0,0,0,Medium,6.0,497,9,52,1.75,6.12,6.14,22.8,79.4
3147,M18006,M,300.5,309.9,1780,26.5,101,0,0,0,0,0,0,Medium,3.8,404,3,483,2.27,5.73,5.12,55.6,54.2
3148,M18007,M,300.4,309.7,1440,42.8,104,0,0,0,0,0,0,Medium,10.9,620,12,69,2.02,6.48,6.12,53.0,91.2
3149,H32562,H,300.4,309.8,1448,39.7,107,0,0,0,0,0,0,High,11.5,346,11,41,2.18,7.18,6.09,57.4,64.7
3150,H32563,H,300.4,309.7,1500,35.2,112,0,0,0,0,0,0,High,8.3,598,10,430,2.65,5.54,5.13,63.4,63.7
3151,L50330,L,300.4,309.8,1513,32.9,117,0,0,0,0,0,0,Low,8.1,571,10,164,1.64,5.39,5.38,58.9,73.2
3152,L50331,L,300.5,309.8,1428,43.8,119,0,0,0,0,0,0,Low,9.4,826,15,801,1.15,6.27,6.44,58.4,57.3
3153,M18012,M,300.5,309.8,1473,42.3,121,0,0,0,0,0,0,Medium,5.4,555,8,41,1.56,6.3,6.65,46.1,60.8
3154,M18013,M,300.5,309.9,1483,49.3,124,0,0,0,0,0,0,Medium,6.2,675,5,509,0.5,5.45,7.17,56.3,69.3
3155,L50334,L,300.4,309.7,1534,42.5,127,0,0,0,0,0,0,Low,12.1,798,12,107,0.82,7.04,7.55,60.1,58.5
3156,L50335,L,300.5,309.8,1367,54.0,129,0,0,0,0,0,0,Low,15.0,841,25,366,2.23,5.58,8.46,46.1,75.2
3157,L50336,L,300.4,309.7,1467,36.9,131,0,0,0,0,0,0,Low,6.7,381,11,79,1.19,6.43,4.94,50.8,94.9
3158,M18017,M,300.4,309.7,1488,42.2,133,0,0,0,0,0,0,Medium,8.0,735,11,53,1.89,6.03,6.99,27.3,80.9
3159,L50338,L,300.4,309.7,1679,30.1,136,0,0,0,0,0,0,Low,10.8,1032,14,230,1.77,6.59,5.33,85.9,65.4
3160,H32573,H,300.4,309.8,1409,47.5,138,0,0,0,0,0,0,High,11.4,896,7,403,1.96,5.43,7.17,36.3,84.9
3161,M18020,M,300.4,309.7,1367,51.2,143,0,0,0,0,0,0,Medium,11.5,745,16,298,1.93,6.42,7.48,66.6,54.9
3162,L50341,L,300.4,309.8,1314,63.1,146,0,0,0,0,0,0,Low,8.2,685,16,55,3.05,4.89,9.07,65.1,67.3
3163,L50342,L,300.5,309.9,1480,40.0,148,0,0,0,0,0,0,Low,7.6,673,10,84,1.42,5.93,6.01,43.1,84.4
3164,L50343,L,300.4,309.8,1549,38.9,150,0,0,0,0,0,0,Low,6.7,672,6,626,1.07,5.62,5.83,69.6,65.5
3165,L50344,L,300.4,309.7,1685,31.3,152,0,0,0,0,0,0,Low,9.6,942,15,137,2.74,6.22,5.34,62.8,79.7
3166,L50345,L,300.4,309.6,1536,34.5,154,0,0,0,0,0,0,Low,9.8,725,7,266,2.24,7.1,5.33,37.4,60.0
3167,M18026,M,300.4,309.7,1539,37.7,156,0,0,0,0,0,0,Medium,11.6,1016,14,114,2.28,5.51,6.08,49.3,57.1
3168,L50347,L,300.4,309.7,1384,45.1,159,0,0,0,0,0,0,Low,11.2,981,17,640,3.16,6.19,6.53,48.5,59.4
3169,M18028,M,300.4,309.6,1614,30.3,161,0,0,0,0,0,0,Medium,10.0,1063,12,28,1.46,5.67,4.99,63.3,69.6
3170,M18029,M,300.4,309.6,1675,35.5,164,0,0,0,0,0,0,Medium,12.2,1201,23,395,2.84,6.83,6.01,64.9,69.0
3171,M18030,M,300.4,309.7,1685,32.3,167,0,0,0,0,0,0,Medium,10.3,699,9,567,2.47,6.21,5.89,46.6,74.5
3172,L50351,L,300.4,309.6,1386,56.9,170,0,0,0,0,0,0,Low,12.9,760,13,666,1.89,5.84,7.82,63.2,53.9
3173,M18032,M,300.3,309.6,1488,41.3,172,0,0,0,0,0,0,Medium,10.1,690,15,570,2.27,6.48,6.68,51.6,60.3
3174,L50353,L,300.3,309.6,1624,32.6,175,0,0,0,0,0,0,Low,12.7,891,21,61,2.76,5.33,5.53,59.1,78.3
3175,L50354,L,300.3,309.6,1600,34.6,177,0,0,0,0,0,0,Low,7.3,816,7,227,1.73,6.14,5.63,63.4,45.7
3176,L50355,L,300.3,309.6,1468,44.7,179,0,0,0,0,0,0,Low,17.9,1438,19,378,2.03,5.9,6.53,66.2,76.5
3177,L50356,L,300.3,309.6,1435,45.4,181,0,0,0,0,0,0,Low,9.9,771,11,79,2.19,6.44,7.3,48.1,50.8
3178,M18037,M,300.2,309.5,1564,33.4,183,0,0,0,0,0,0,Medium,10.8,930,17,141,1.82,4.81,4.99,32.9,59.8
3179,M18038,M,300.2,309.4,1329,53.6,186,0,0,0,0,0,0,Medium,10.1,829,11,304,3.42,5.59,7.62,52.7,88.4
3180,L50359,L,300.1,309.3,1570,36.8,189,0,0,0,0,0,0,Low,14.8,880,22,287,3.45,5.82,6.01,56.5,74.7
3181,M18040,M,300.2,309.4,1433,48.8,191,0,0,0,0,0,0,Medium,12.4,1267,13,592,2.45,5.1,7.23,25.1,72.6
3182,L50361,L,300.2,309.4,1527,37.0,194,0,0,0,0,0,0,Low,15.5,1471,18,175,2.4,4.92,5.53,50.3,60.8
3183,M18042,M,300.1,309.3,1443,50.3,196,0,0,0,0,0,0,Medium,12.5,1215,13,127,3.07,6.73,7.31,44.9,65.7
3184,L50363,L,300.1,309.3,1616,32.0,199,0,0,0,0,0,0,Low,9.1,943,14,5,3.38,5.87,6.04,44.6,70.5
3185,L50364,L,300.1,309.3,1654,31.0,201,0,0,0,0,0,0,Low,8.1,890,12,138,1.89,6.79,5.66,41.4,77.1
3186,L50365,L,300.1,309.3,1685,27.1,203,0,0,0,0,0,0,Low,13.6,1491,18,148,3.01,5.94,5.02,63.4,80.4
3187,M18046,M,300.2,309.4,1456,48.8,205,0,0,0,0,0,0,Medium,13.0,1382,20,341,2.55,6.75,7.7,35.8,75.0
3188,M18047,M,300.2,309.4,1752,27.8,208,0,0,0,0,0,0,Medium,13.5,1328,12,139,3.06,5.28,5.17,63.4,73.8
3189,M18048,M,300.1,309.2,1438,51.0,211,0,0,0,0,0,0,Medium,15.3,1206,17,64,3.07,6.45,8.24,69.8,74.4
3190,L50369,L,300.1,309.1,1551,33.7,214,0,0,0,0,0,0,Low,14.6,1606,19,56,3.29,5.11,5.53,74.7,72.7
3191,L50370,L,300.1,309.2,1599,30.1,216,0,0,0,0,0,0,Low,14.7,1590,16,54,3.13,6.21,5.64,58.2,68.8
3192,M18051,M,300.1,309.2,1732,33.7,218,0,0,0,0,0,0,Medium,19.3,1438,19,813,2.91,7.34,6.51,74.0,40.9
3193,M18052,M,300.1,309.2,1418,39.8,221,0,0,0,0,0,0,Medium,11.4,1138,8,900,2.71,5.8,6.02,50.1,51.1
3194,L50373,L,300.0,309.1,1401,44.5,0,0,0,0,0,0,0,Low,1.7,5,2,62,1.88,6.21,6.75,54.5,93.7
3195,L50374,L,300.0,309.0,1454,51.7,2,0,0,0,0,0,0,Low,1.7,5,3,590,1.4,5.89,7.85,67.8,59.7
3196,M18055,M,300.0,309.2,1635,32.4,4,0,0,0,0,0,0,Medium,2.9,5,2,301,2.21,6.2,6.04,56.5,64.9
3197,L50376,L,300.0,309.1,1489,40.3,7,0,0,0,0,0,0,Low,2.5,9,3,402,0.51,5.96,6.11,44.5,63.8
3198,L50377,L,300.0,309.1,1465,40.6,9,0,0,0,0,0,0,Low,1.8,31,5,736,2.89,7.44,6.44,38.3,54.3
3199,M18058,M,300.0,309.1,1463,45.7,11,0,0,0,0,0,0,Medium,2.5,60,2,242,2.56,6.25,7.05,66.5,66.7
3200,H32613,H,300.1,309.1,1560,35.4,14,0,0,0,0,0,0,High,5.0,58,3,50,1.65,5.46,5.56,57.2,63.6
3201,M18060,M,300.1,309.2,1454,44.4,19,0,0,0,0,0,0,Medium,3.7,77,2,678,1.92,5.65,6.91,55.2,62.9
3202,L50381,L,300.2,309.1,1479,47.0,22,0,0,0,0,0,0,Low,6.7,64,8,285,1.53,6.86,6.29,63.0,77.2
3203,L50382,L,300.2,309.2,1430,43.4,24,0,0,0,0,0,0,Low,3.2,127,1,439,1.47,5.84,6.8,39.6,54.8
3204,M18063,M,300.1,309.1,1533,38.0,26,0,0,0,0,0,0,Medium,5.3,95,3,11,1.79,6.75,6.58,61.0,84.0
3205,L50384,L,300.1,309.0,1404,54.8,29,0,0,0,0,0,0,Low,5.8,134,1,278,2.04,6.64,7.85,53.9,73.6
3206,M18065,M,300.1,308.9,1548,38.4,31,0,0,0,0,0,0,Medium,3.1,204,7,98,1.3,5.78,6.12,38.9,58.0
3207,M18066,M,300.1,309.0,1612,33.0,34,0,0,0,0,0,0,Medium,5.0,190,8,202,2.17,5.61,5.52,47.6,81.7
3208,M18067,M,300.2,309.0,1642,31.2,37,0,0,0,0,0,0,Medium,4.6,230,8,270,1.56,6.28,5.64,74.6,73.1
3209,M18068,M,300.2,309.1,1406,42.2,40,0,0,0,0,0,0,Medium,1.5,122,2,21,1.54,5.37,6.69,46.3,62.6
3210,L50389,L,300.3,309.2,1587,31.4,43,0,0,0,0,0,0,Low,2.7,238,2,128,1.52,6.68,5.56,58.7,69.1
3211,M18070,M,300.3,309.2,1364,47.6,45,0,0,0,0,0,0,Medium,5.0,252,7,104,1.8,5.66,7.21,67.3,84.6
3212,L50391,L,300.3,309.2,1462,51.4,48,0,0,0,0,0,0,Low,2.6,245,5,278,1.98,5.96,8.03,47.4,70.9
3213,L50392,L,300.3,309.2,1649,32.4,50,0,0,0,0,0,0,Low,2.4,242,2,86,1.04,6.19,5.04,86.7,67.1
3214,L50393,L,300.4,309.2,1752,29.0,52,0,0,0,0,0,0,Low,5.6,359,9,27,0.55,6.2,5.27,68.7,77.0
3215,H32628,H,300.4,309.3,1396,51.2,54,0,0,0,0,0,0,High,2.4,260,1,307,1.71,5.46,7.84,48.1,61.5
3216,M18075,M,300.5,309.4,2179,16.3,59,0,0,0,0,0,0,Medium,3.6,302,6,630,3.02,4.72,3.89,56.6,59.1
3217,L50396,L,300.5,309.5,1653,27.6,62,0,0,0,0,0,0,Low,6.6,480,7,196,2.2,5.58,4.73,15.0,70.5
3218,L50397,L,300.6,309.5,2025,21.4,64,0,0,0,0,0,0,Low,4.3,239,7,116,2.4,6.11,4.12,60.8,91.9
3219,L50398,L,300.6,309.6,1426,53.6,66,0,0,0,0,0,0,Low,3.9,196,4,328,1.47,6.64,8.36,92.6,59.3
3220,M18079,M,300.6,309.6,1503,38.4,68,0,0,0,0,0,0,Medium,6.1,271,4,330,0.51,5.14,5.78,57.1,82.5
3221,M18080,M,300.7,309.6,1525,36.5,71,0,0,0,0,0,0,Medium,6.9,224,4,76,1.81,5.95,5.58,47.4,41.0
3222,L50401,L,300.6,309.6,1423,49.1,74,0,0,0,0,0,0,Low,8.8,418,13,216,2.61,5.04,7.7,61.2,68.7
3223,M18082,M,300.7,309.7,1435,44.7,76,0,0,0,0,0,0,Medium,13.0,625,18,84,1.68,4.59,6.78,28.9,77.0
3224,H32637,H,300.6,309.5,1495,36.5,79,0,0,0,0,0,0,High,5.7,651,7,280,2.48,7.3,5.98,74.0,79.3
3225,M18084,M,300.6,309.5,1557,33.8,84,0,0,0,0,0,0,Medium,5.1,447,4,127,2.03,5.67,5.13,52.2,78.4
3226,L50405,L,300.6,309.4,1474,40.7,87,0,0,0,0,0,0,Low,5.3,515,8,207,1.36,6.1,6.26,43.1,37.9
3227,L50406,L,300.5,309.3,1465,46.0,89,0,0,0,0,0,0,Low,12.5,543,16,11,0.99,6.49,6.48,45.1,89.6
3228,M18087,M,300.5,309.3,1589,34.9,91,0,0,0,0,0,0,Medium,6.9,512,8,17,1.25,7.05,6.11,60.8,62.6
3229,L50408,L,300.5,309.3,1475,46.8,94,0,0,0,0,0,0,Low,5.7,392,5,971,0.39,5.9,7.53,68.1,45.1
3230,L50409,L,300.6,309.4,1442,43.2,96,0,0,0,0,0,0,Low,7.8,722,10,72,1.78,5.58,6.21,54.2,54.7
3231,L50410,L,300.6,309.4,1556,36.0,98,0,0,0,0,0,0,Low,6.6,582,12,115,1.74,5.62,5.8,65.4,79.2
3232,L50411,L,300.7,309.3,1425,45.3,100,0,0,0,0,0,0,Low,4.8,370,8,3,2.17,5.87,6.97,61.9,80.3
3233,L50412,L,300.7,309.3,1580,38.3,102,0,0,0,0,0,0,Low,7.9,724,9,175,1.5,5.99,6.02,36.6,66.8
3234,H32647,H,300.8,309.4,1474,40.7,104,0,0,0,0,0,0,High,5.5,455,2,56,1.14,6.0,5.74,66.7,60.7
3235,L50414,L,300.8,309.4,1489,38.4,109,0,0,0,0,0,0,Low,12.3,661,13,1431,1.53,5.62,5.98,61.0,49.0
3236,L50415,L,300.8,309.4,1946,20.5,111,0,0,0,0,0,0,Low,13.8,490,18,396,2.0,5.26,4.34,52.2,46.3
3237,M18096,M,300.8,309.4,1342,62.4,113,1,0,1,0,0,0,Medium,13.2,459,12,188,2.97,7.08,8.33,72.5,100.0
3238,M18097,M,300.9,309.5,1758,26.8,116,0,0,0,0,0,0,Medium,4.4,470,4,812,2.71,5.92,5.27,54.1,59.9
3239,M18098,M,300.9,309.4,1724,25.6,119,0,0,0,0,0,0,Medium,6.0,538,11,150,1.5,5.41,4.72,64.8,88.5
3240,L50419,L,301.0,309.5,1430,48.5,122,0,0,0,0,0,0,Low,7.2,821,6,2,2.7,4.87,7.73,34.9,83.4
3241,L50420,L,300.9,309.5,1612,35.2,124,0,0,0,0,0,0,Low,13.6,485,23,378,2.41,6.1,5.63,75.0,64.9
3242,H32655,H,300.9,309.5,1469,43.4,126,0,0,0,0,0,0,High,9.9,788,16,378,1.35,5.86,6.34,77.9,58.9
3243,L50422,L,300.9,309.6,1384,42.4,131,0,0,0,0,0,0,Low,9.7,628,17,55,1.66,5.47,5.94,36.6,85.5
3244,L50423,L,301.0,309.6,1724,28.1,133,0,0,0,0,0,0,Low,7.7,657,11,408,1.66,6.41,5.44,37.7,67.1
3245,M18104,M,301.0,309.6,1397,48.0,135,0,0,0,0,0,0,Medium,7.5,616,9,142,1.7,5.3,7.05,57.8,84.5
3246,M18105,M,301.0,309.6,1588,32.7,138,0,0,0,0,0,0,Medium,11.6,696,10,294,1.2,6.03,5.39,80.1,67.9
3247,L50426,L,301.0,309.7,1468,42.0,141,0,0,0,0,0,0,Low,10.3,922,10,327,1.07,6.3,6.9,71.3,89.4
3248,M18107,M,301.0,309.8,1594,31.1,143,0,0,0,0,0,0,Medium,11.4,1043,9,156,1.96,5.31,4.88,55.3,77.3
3249,M18108,M,301.0,309.7,1511,39.3,146,0,0,0,0,0,0,Medium,9.3,615,12,267,1.22,6.06,6.3,56.2,60.4
3250,L50429,L,301.1,309.8,1493,38.9,149,0,0,0,0,0,0,Low,10.3,779,8,256,1.22,5.83,6.05,42.6,81.7
3251,H32664,H,301.2,309.8,1709,27.0,151,0,0,0,0,0,0,High,7.7,619,6,184,2.75,6.29,5.22,65.1,75.0
3252,L50431,L,301.1,309.6,1501,36.1,156,0,0,0,0,0,0,Low,8.4,802,8,303,2.46,6.42,5.94,40.2,62.4
3253,L50432,L,301.1,309.7,1668,30.8,158,0,0,0,0,0,0,Low,11.4,1165,15,954,2.27,4.47,5.25,76.2,52.0
3254,L50433,L,301.1,309.6,1502,48.9,160,0,0,0,0,0,0,Low,11.0,673,18,246,2.06,6.3,8.35,61.3,60.7
3255,M18114,M,301.0,309.7,1288,58.4,162,0,0,0,0,0,0,Medium,10.7,944,6,422,3.63,6.34,7.95,33.6,57.4
3256,L50435,L,301.0,309.7,1491,42.9,165,0,0,0,0,0,0,Low,7.8,771,8,23,1.37,7.07,6.89,60.1,82.5
3257,L50436,L,301.1,309.8,1519,39.6,167,0,0,0,0,0,0,Low,13.6,1052,15,77,2.21,6.42,6.42,54.8,91.0
3258,L50437,L,301.2,309.9,1984,19.7,169,0,0,0,0,0,0,Low,7.3,567,7,23,1.96,6.03,4.44,34.3,79.6
3259,L50438,L,301.2,309.9,1643,32.9,171,0,0,0,0,0,0,Low,10.1,1153,14,37,1.9,5.73,4.98,48.4,72.5
3260,M18119,M,301.2,310.0,1625,31.6,173,0,0,0,0,0,0,Medium,9.8,1004,15,234,1.95,5.27,5.52,67.3,67.8
3261,M18120,M,301.3,310.0,2068,17.8,176,0,0,0,0,0,0,Medium,9.8,873,12,11,3.46,6.15,4.29,61.8,77.7
3262,H32675,H,301.3,310.1,1469,39.7,179,0,0,0,0,0,0,High,10.8,1225,9,450,1.84,5.63,5.72,55.7,70.8
3263,L50442,L,301.3,310.1,1558,36.3,184,0,0,0,0,0,0,Low,10.5,878,8,558,2.21,5.56,5.63,52.7,51.4
3264,L50443,L,301.3,310.0,1344,54.8,186,0,0,0,0,0,0,Low,9.1,658,8,78,2.69,5.96,7.8,38.4,70.5
3265,H32678,H,301.3,310.1,1455,44.1,188,0,0,0,0,0,0,High,14.4,1113,20,88,2.37,6.23,7.14,51.5,77.8
3266,L50445,L,301.3,310.1,1355,53.6,193,0,0,0,0,0,0,Low,10.4,892,11,143,3.11,6.67,7.73,61.3,60.9
3267,L50446,L,301.3,310.1,1269,56.8,195,1,0,0,0,1,0,Low,18.2,2006,26,320,3.06,6.2,7.47,49.5,86.7
3268,L50447,L,301.3,310.0,1550,41.5,197,0,0,0,0,0,0,Low,9.3,1061,9,1135,2.95,6.17,6.73,67.9,84.5
3269,M18128,M,301.3,310.1,1525,37.8,199,0,0,0,0,0,0,Medium,9.9,1140,13,350,3.55,5.77,5.93,39.5,80.9
3270,M18129,M,301.3,310.0,1696,32.4,202,0,0,0,0,0,0,Medium,13.1,1307,16,80,3.65,5.69,5.62,56.6,62.5
3271,L50450,L,301.4,310.1,1937,21.8,205,0,0,0,0,0,0,Low,9.1,830,12,104,4.5,5.77,4.12,58.5,79.8
3272,M18131,M,301.4,310.0,1689,32.1,207,0,0,0,0,0,0,Medium,10.3,1167,19,173,2.68,6.09,6.28,69.6,79.1
3273,M18132,M,301.3,310.0,1593,30.8,210,0,0,0,0,0,0,Medium,12.8,1160,14,212,3.19,5.24,5.18,64.1,62.1
3274,M18133,M,301.3,309.9,1565,36.0,213,0,0,0,0,0,0,Medium,12.6,1295,12,301,2.9,5.4,5.6,43.1,61.5
3275,L50454,L,301.3,310.0,1665,31.4,0,0,0,0,0,0,0,Low,1.3,29,2,74,2.92,6.55,5.78,69.6,63.7
3276,H32689,H,301.3,310.0,1532,36.3,2,0,0,0,0,0,0,High,0.9,7,1,390,1.93,6.02,5.14,48.5,62.4
3277,L50456,L,301.3,310.0,1438,40.9,7,0,0,0,0,0,0,Low,6.9,16,12,76,1.86,4.34,5.76,45.5,59.1
3278,L50457,L,301.3,310.1,1531,41.6,9,0,0,0,0,0,0,Low,0.5,9,2,82,1.74,6.3,6.77,50.6,67.1
3279,L50458,L,301.3,310.0,1506,40.8,11,0,0,0,0,0,0,Low,8.9,97,8,147,1.37,6.03,6.42,55.8,79.9
3280,L50459,L,301.2,309.9,1382,52.4,13,0,0,0,0,0,0,Low,1.9,95,3,190,3.38,6.16,7.8,73.6,61.2
3281,M18140,M,301.2,309.9,1456,50.8,15,0,0,0,0,0,0,Medium,8.9,37,13,1490,1.23,6.03,7.39,62.2,56.6
3282,M18141,M,301.2,310.0,1445,45.6,18,0,0,0,0,0,0,Medium,0.8,42,1,25,1.6,7.03,6.75,72.2,61.9
3283,L50462,L,301.2,309.9,1515,40.9,21,0,0,0,0,0,0,Low,4.2,98,7,858,2.07,5.99,6.42,66.6,66.0
3284,L50463,L,301.2,309.9,1449,45.5,23,0,0,0,0,0,0,Low,6.7,98,7,594,1.27,4.62,6.62,72.2,69.7
3285,H32698,H,301.2,309.9,1362,50.7,25,0,0,0,0,0,0,High,7.3,156,9,7,1.78,6.89,6.83,52.4,74.6
3286,L50465,L,301.2,309.9,1687,29.7,30,0,0,0,0,0,0,Low,4.5,140,4,172,2.4,6.58,5.66,15.4,67.9
3287,L50466,L,301.2,310.0,1618,37.6,32,0,0,0,0,0,0,Low,5.0,239,9,54,1.57,5.59,6.04,79.5,74.8
3288,M18147,M,301.2,310.1,1558,32.6,34,0,0,0,0,0,0,Medium,2.0,161,3,329,0.91,5.65,5.25,61.2,78.1
3289,L50468,L,301.3,310.1,1662,31.0,37,0,0,0,0,0,0,Low,6.7,225,4,235,2.84,6.53,5.13,72.2,58.7
3290,M18149,M,301.2,310.1,1295,56.6,39,0,0,0,0,0,0,Medium,7.9,286,11,292,2.24,7.68,7.44,18.2,69.3
3291,L50470,L,301.2,310.2,1385,42.3,42,0,0,0,0,0,0,Low,4.1,181,3,141,1.3,6.33,5.69,76.5,67.0
3292,M18151,M,301.2,310.1,1479,45.5,44,0,0,0,0,0,0,Medium,4.5,185,5,12,2.42,5.59,6.59,82.8,75.9
3293,L50472,L,301.3,310.3,1400,44.3,47,0,0,0,0,0,0,Low,15.2,271,10,319,1.07,6.41,6.38,85.0,64.6
3294,M18153,M,301.2,310.3,1357,54.5,49,0,0,0,0,0,0,Medium,2.8,252,3,57,1.3,5.63,7.61,37.4,83.8
3295,L50474,L,301.1,310.2,1657,34.1,52,0,0,0,0,0,0,Low,6.5,364,11,784,1.64,5.51,6.0,24.7,42.5
3296,L50475,L,301.1,310.2,1496,43.4,54,0,0,0,0,0,0,Low,6.8,239,5,153,1.69,5.91,7.51,40.5,69.1
3297,M18156,M,301.2,310.3,1379,43.2,56,0,0,0,0,0,0,Medium,2.5,249,3,224,0.63,6.49,6.31,56.5,71.0
3298,L50477,L,301.2,310.3,1548,38.6,59,0,0,0,0,0,0,Low,2.7,266,7,259,1.28,6.61,6.1,65.0,58.9
3299,L50478,L,301.2,310.3,1499,38.1,61,0,0,0,0,0,0,Low,4.5,380,7,52,1.57,5.18,5.27,47.0,55.2
3300,L50479,L,301.3,310.5,1390,45.8,63,0,0,0,0,0,0,Low,4.0,305,6,312,1.42,5.63,6.23,66.5,79.6
3301,H32714,H,301.3,310.4,1538,38.4,65,0,0,0,0,0,0,High,4.3,372,8,162,1.08,4.99,6.73,49.7,67.0
3302,L50481,L,301.3,310.5,1365,47.7,70,0,0,0,0,0,0,Low,3.2,202,3,3,1.23,6.67,7.06,52.8,64.3
3303,L50482,L,301.3,310.5,1503,48.6,72,0,0,0,0,0,0,Low,4.4,352,9,508,1.74,6.26,7.77,54.0,66.4
3304,L50483,L,301.2,310.4,1390,49.9,74,0,0,0,0,0,0,Low,5.3,324,10,234,2.14,6.27,7.46,34.9,62.8
3305,L50484,L,301.2,310.3,1497,45.7,76,0,0,0,0,0,0,Low,2.4,159,6,30,1.56,6.03,6.74,49.5,66.2
3306,M18165,M,301.3,310.4,1577,48.3,78,0,0,0,0,0,0,Medium,5.1,367,8,753,1.15,6.19,8.11,53.8,57.8
3307,L50486,L,301.4,310.5,1432,54.3,81,0,0,0,0,0,0,Low,5.8,397,11,298,1.76,6.23,8.04,46.5,64.5
3308,M18167,M,301.4,310.5,1563,39.9,83,0,0,0,0,0,0,Medium,4.8,361,7,6,1.96,6.2,6.89,45.8,90.3
3309,L50488,L,301.4,310.4,1433,43.4,86,0,0,0,0,0,0,Low,8.4,603,9,1401,1.58,5.51,6.46,58.2,51.3
3310,L50489,L,301.3,310.4,1384,50.1,88,0,0,0,0,0,0,Low,11.0,538,13,18,0.95,6.57,6.97,29.8,64.4
3311,L50490,L,301.3,310.4,1346,46.7,90,0,0,0,0,0,0,Low,5.3,552,6,168,2.94,6.76,6.68,71.1,87.2
3312,L50491,L,301.3,310.4,1459,44.7,92,0,0,0,0,0,0,Low,4.4,411,6,67,2.08,6.17,6.68,76.4,70.3
3313,L50492,L,301.4,310.4,1639,28.9,94,0,0,0,0,0,0,Low,8.4,487,17,38,2.19,5.82,5.1,50.6,93.8
3314,L50493,L,301.4,310.4,1737,31.9,96,0,0,0,0,0,0,Low,7.2,486,9,149,1.59,7.11,5.81,61.9,60.6
3315,L50494,L,301.4,310.5,1489,43.5,98,0,0,0,0,0,0,Low,7.9,397,17,201,1.66,6.46,7.11,65.7,63.9
3316,M18175,M,301.5,310.6,1492,43.0,100,0,0,0,0,0,0,Medium,7.3,377,6,332,1.26,5.04,6.4,71.6,50.0
3317,M18176,M,301.4,310.5,1217,60.6,103,0,0,0,0,0,0,Medium,6.2,569,5,172,2.76,6.48,8.32,54.9,64.5
3318,L50497,L,301.5,310.5,1636,28.7,106,0,0,0,0,0,0,Low,12.3,657,11,162,2.03,6.64,5.01,69.4,100.0
3319,L50498,L,301.4,310.4,1436,49.7,108,0,0,0,0,0,0,Low,10.3,396,16,355,0.72,5.94,7.48,65.1,65.0
3320,L50499,L,301.4,310.4,1689,30.6,110,0,0,0,0,0,0,Low,5.0,469,5,131,2.57,5.19,5.68,46.2,79.0
3321,L50500,L,301.5,310.5,2289,16.4,112,0,0,0,0,0,0,Low,13.5,873,18,266,3.21,6.65,4.07,41.3,61.8
3322,L50501,L,301.5,310.6,1522,41.0,114,0,0,0,0,0,0,Low,12.5,697,16,496,1.95,6.19,6.75,39.0,63.1
3323,L50502,L,301.5,310.5,1351,52.9,116,0,0,0,0,0,0,Low,13.3,591,14,66,1.63,6.79,7.65,32.9,74.9
3324,L50503,L,301.5,310.5,1589,36.7,118,0,0,0,0,0,0,Low,8.7,537,13,321,1.84,6.12,6.32,50.0,78.8
3325,L50504,L,301.5,310.6,1578,34.1,120,0,0,0,0,0,0,Low,6.1,500,6,139,0.55,4.96,5.57,57.6,68.5
3326,L50505,L,301.5,310.6,1587,33.7,122,0,0,0,0,0,0,Low,6.0,551,7,18,1.98,6.42,5.77,43.6,87.2
3327,L50506,L,301.5,310.6,1962,20.2,124,0,0,0,0,0,0,Low,6.8,581,3,531,2.17,6.34,4.04,45.7,55.6
3328,M18187,M,301.5,310.6,2432,14.2,126,0,0,0,0,0,0,Medium,6.1,636,8,69,3.38,5.32,3.47,38.6,72.1
3329,L50508,L,301.6,310.6,1418,43.9,129,0,0,0,0,0,0,Low,10.1,795,8,19,0.81,7.54,6.35,67.8,70.2
3330,L50509,L,301.6,310.7,1683,29.7,131,0,0,0,0,0,0,Low,8.1,710,6,10,1.37,5.41,4.78,58.3,79.4
3331,L50510,L,301.7,310.8,1385,50.7,133,0,0,0,0,0,0,Low,6.5,699,10,11,1.78,5.61,6.9,62.4,78.4
3332,L50511,L,301.7,310.8,1559,44.5,135,0,0,0,0,0,0,Low,7.6,743,7,179,1.86,6.96,7.15,49.8,90.5
3333,M18192,M,301.7,310.8,1671,31.6,137,0,0,0,0,0,0,Medium,15.7,1179,18,161,2.09,5.17,5.08,50.0,83.2
3334,M18193,M,301.6,310.8,1343,49.5,140,0,0,0,0,0,0,Medium,10.6,853,17,225,2.93,5.98,6.82,55.2,71.2
3335,M18194,M,301.6,310.8,1548,34.2,143,0,0,0,0,0,0,Medium,7.8,785,7,148,1.57,5.57,5.77,34.3,66.0
3336,L50515,L,301.7,310.9,1705,31.2,146,0,0,0,0,0,0,Low,14.7,773,25,362,1.71,5.96,5.48,55.1,64.1
3337,L50516,L,301.6,310.8,1535,35.4,148,0,0,0,0,0,0,Low,9.8,799,11,583,2.63,5.38,5.58,50.6,56.2
3338,L50517,L,301.6,310.8,1564,34.1,150,0,0,0,0,0,0,Low,6.3,654,8,147,1.55,7.18,5.54,34.3,71.1
3339,M18198,M,301.6,310.9,1510,40.9,152,0,0,0,0,0,0,Medium,10.8,1063,19,73,2.25,5.47,5.62,47.0,89.2
3340,L50519,L,301.6,310.9,1492,45.2,155,0,0,0,0,0,0,Low,10.7,1208,8,333,1.45,6.47,7.1,48.6,81.7
3341,M18200,M,301.5,310.8,1452,44.1,157,0,0,0,0,0,0,Medium,14.3,889,18,27,1.56,5.15,6.94,43.2,92.0
3342,H32755,H,301.4,310.7,1329,52.0,160,0,0,0,0,0,0,High,10.4,690,13,463,3.42,5.94,7.58,75.3,53.4
3343,L50522,L,301.5,310.8,1382,52.4,165,0,0,0,0,0,0,Low,6.1,579,3,12,3.06,6.85,7.4,70.7,85.9
3344,M18203,M,301.5,310.8,1628,36.4,167,0,0,0,0,0,0,Medium,6.0,686,13,24,2.56,6.08,6.66,51.9,64.4
3345,L50524,L,301.4,310.7,1706,27.9,170,0,0,0,0,0,0,Low,15.1,1260,20,214,3.12,6.75,5.04,60.4,75.7
3346,L50525,L,301.3,310.7,1594,34.1,172,0,0,0,0,0,0,Low,11.1,959,12,82,2.44,5.86,5.97,50.1,70.0
3347,L50526,L,301.3,310.7,1761,24.3,174,0,0,0,0,0,0,Low,13.6,889,18,194,2.38,6.33,4.41,54.1,77.0
3348,L50527,L,301.3,310.6,1529,41.8,176,0,0,0,0,0,0,Low,7.6,885,7,558,1.97,6.13,7.18,66.0,79.1
3349,M18208,M,301.3,310.7,1532,40.7,178,0,0,0,0,0,0,Medium,11.0,799,9,55,2.53,5.43,6.37,39.9,71.4
3350,L50529,L,301.4,310.7,1673,27.8,181,0,0,0,0,0,0,Low,11.9,1144,13,194,2.46,6.65,4.96,48.0,63.1
3351,L50530,L,301.4,310.8,1285,62.6,183,1,0,0,0,1,0,Low,18.7,971,12,6,3.13,5.6,8.43,56.0,67.9
3352,L50531,L,301.4,310.8,1680,31.4,185,0,0,0,0,0,0,Low,7.9,858,15,35,3.63,6.25,5.18,39.3,88.6
3353,L50532,L,301.4,310.8,1610,34.6,187,0,0,0,0,0,0,Low,11.4,772,14,577,2.92,5.88,6.28,59.9,67.6
3354,L50533,L,301.6,310.9,1632,31.6,189,0,0,0,0,0,0,Low,14.2,1174,17,916,2.06,6.16,5.31,72.3,45.3
3355,L50534,L,301.6,310.9,1559,40.2,191,0,0,0,0,0,0,Low,9.5,1060,9,2,3.44,6.03,6.16,65.9,79.6
3356,L50535,L,301.5,310.8,1367,49.0,193,0,0,0,0,0,0,Low,18.4,1973,19,4,2.36,7.28,6.72,66.4,84.4
3357,L50536,L,301.6,310.8,1355,57.8,195,1,0,0,0,1,0,Low,13.9,1193,13,78,3.2,6.5,8.53,43.2,100.0
3358,H32771,H,301.6,310.7,1414,51.7,197,0,0,0,0,0,0,High,10.9,1152,11,479,3.01,5.83,8.27,54.5,52.2
3359,L50538,L,301.5,310.6,1522,36.6,202,0,0,0,0,0,0,Low,12.8,1376,19,838,3.13,5.87,5.57,70.5,59.6
3360,L50539,L,301.5,310.6,1525,41.9,204,0,0,0,0,0,0,Low,13.9,1024,19,128,3.16,6.01,6.84,39.0,64.0
3361,L50540,L,301.5,310.6,1394,46.5,206,0,0,0,0,0,0,Low,18.6,1155,22,858,2.19,5.78,6.62,35.8,72.8
3362,L50541,L,301.5,310.6,1519,40.7,208,0,0,0,0,0,0,Low,20.8,1883,33,169,3.08,5.24,5.71,55.3,64.6
3363,L50542,L,301.4,310.6,1445,43.9,210,0,0,0,0,0,0,Low,9.4,1051,10,376,2.38,7.26,6.88,52.4,60.9
3364,L50543,L,301.4,310.6,1555,43.3,212,0,0,0,0,0,0,Low,11.8,1412,18,192,3.06,6.57,6.68,73.1,75.7
3365,L50544,L,301.4,310.5,1633,39.5,0,0,0,0,0,0,0,Low,1.0,5,0,154,0.98,5.61,6.99,71.2,66.6
3366,M18225,M,301.4,310.6,1630,30.3,2,0,0,0,0,0,0,Medium,4.4,17,4,214,2.16,6.09,5.31,55.7,87.0
3367,M18226,M,301.4,310.7,1692,32.3,5,0,0,0,0,0,0,Medium,5.0,45,10,99,1.32,6.73,5.6,51.6,97.7
3368,H32781,H,301.5,310.7,1790,26.2,8,0,0,0,0,0,0,High,2.2,48,2,355,2.32,5.68,5.0,50.4,54.3
3369,L50548,L,301.5,310.8,1350,58.5,13,0,0,0,0,0,0,Low,1.7,98,4,64,2.27,4.99,8.62,39.4,83.3
3370,L50549,L,301.5,310.9,2760,8.0,15,1,0,0,1,0,0,Low,2.2,22,2,123,4.04,5.38,2.11,46.3,86.2
3371,L50550,L,301.4,310.7,1584,32.2,17,0,0,0,0,0,0,Low,1.0,74,2,92,1.7,5.26,5.42,36.0,66.6
3372,L50551,L,301.4,310.7,1989,21.8,19,0,0,0,0,0,0,Low,4.8,184,5,22,2.47,5.9,4.65,51.8,83.0
3373,L50552,L,301.4,310.8,1431,44.3,21,0,0,0,0,0,0,Low,4.5,183,7,234,1.22,5.24,6.57,46.7,85.1
3374,L50553,L,301.4,310.7,1568,35.2,23,0,0,0,0,0,0,Low,2.1,154,5,298,1.7,6.49,6.24,62.3,60.5
3375,L50554,L,301.4,310.7,1376,50.6,25,0,0,0,0,0,0,Low,6.5,163,7,274,0.84,6.16,7.37,69.6,61.0
3376,M18235,M,301.4,310.6,1459,46.9,27,0,0,0,0,0,0,Medium,3.6,118,2,14,2.23,6.44,7.96,61.9,72.0
3377,M18236,M,301.5,310.8,1385,47.5,30,0,0,0,0,0,0,Medium,2.5,155,2,50,3.05,6.39,7.4,61.5,73.8
3378,H32791,H,301.5,310.8,1591,29.6,33,0,0,0,0,0,0,High,5.1,213,5,321,1.74,5.3,5.39,67.7,62.6
3379,L50558,L,301.5,310.7,1568,33.1,38,0,0,0,0,0,0,Low,12.4,238,8,62,2.19,4.64,5.64,55.6,97.7
3380,M18239,M,301.4,310.7,1459,37.7,40,0,0,0,0,0,0,Medium,2.9,291,6,32,1.03,6.5,6.1,88.0,77.0
3381,L50560,L,301.4,310.7,1590,36.3,43,0,0,0,0,0,0,Low,12.8,219,17,104,2.06,5.56,5.97,65.1,66.4
3382,L50561,L,301.3,310.6,1376,47.6,45,0,0,0,0,0,0,Low,4.0,164,4,66,2.02,6.45,7.59,47.5,81.4
3383,L50562,L,301.3,310.6,1510,38.5,47,0,0,0,0,0,0,Low,5.4,164,11,36,1.88,5.92,5.76,47.3,67.5
3384,H32797,H,301.4,310.6,1674,33.6,49,0,0,0,0,0,0,High,6.6,287,4,5,2.04,6.09,6.43,43.0,65.4
3385,L50564,L,301.3,310.6,1426,40.7,54,0,0,0,0,0,0,Low,3.9,319,3,741,1.52,6.57,6.04,55.3,64.4
3386,L50565,L,301.5,310.7,1466,43.6,56,0,0,0,0,0,0,Low,4.1,279,4,627,1.45,5.55,6.24,34.5,44.6
3387,H32800,H,301.5,310.8,1474,38.7,58,0,0,0,0,0,0,High,9.0,292,8,139,1.2,5.56,6.16,51.8,69.8
3388,M18247,M,301.6,310.8,1290,65.3,63,0,0,0,0,0,0,Medium,10.9,413,13,34,3.61,6.91,8.79,15.7,61.8
3389,M18248,M,301.7,310.9,1435,48.0,66,0,0,0,0,0,0,Medium,6.7,535,10,250,1.91,6.59,7.45,74.0,75.5
3390,M18249,M,301.5,310.7,1416,53.2,69,0,0,0,0,0,0,Medium,12.5,392,23,251,1.93,6.3,8.67,53.6,67.8
3391,H32804,H,301.5,310.7,1599,40.4,72,0,0,0,0,0,0,High,6.5,492,10,972,2.44,5.19,6.38,92.3,53.5
3392,L50571,L,301.5,310.7,1466,47.3,77,0,0,0,0,0,0,Low,10.1,637,11,120,2.16,5.9,7.83,54.8,55.8
3393,L50572,L,301.5,310.7,1408,47.3,79,0,0,0,0,0,0,Low,5.5,498,5,18,2.18,5.41,7.25,52.9,88.1
3394,L50573,L,301.5,310.6,1490,48.1,81,0,0,0,0,0,0,Low,9.1,546,14,265,1.98,5.65,7.84,38.9,66.2
3395,L50574,L,301.5,310.6,1405,42.3,83,0,0,0,0,0,0,Low,5.2,378,3,468,2.47,5.52,5.67,52.1,62.0
3396,L50575,L,301.4,310.5,1647,33.3,85,0,0,0,0,0,0,Low,15.5,358,12,525,1.49,5.34,5.9,83.7,44.0
3397,M18256,M,301.4,310.6,1459,35.0,87,0,0,0,0,0,0,Medium,7.8,518,12,193,1.15,5.97,5.65,58.5,86.2
3398,L50577,L,301.4,310.6,1648,30.7,90,0,0,0,0,0,0,Low,12.8,512,11,550,1.21,5.43,5.84,71.6,60.4
3399,L50578,L,301.4,310.7,1675,30.7,92,0,0,0,0,0,0,Low,9.1,721,11,138,1.91,5.68,4.97,55.6,68.3
3400,L50579,L,301.4,310.7,1605,34.2,94,0,0,0,0,0,0,Low,7.1,535,8,234,1.99,5.47,5.67,77.8,89.1
3401,H32814,H,301.4,310.7,1536,44.4,96,0,0,0,0,0,0,High,6.4,413,8,53,1.17,6.8,8.14,67.3,63.9
3402,M18261,M,301.4,310.7,1617,34.3,101,0,0,0,0,0,0,Medium,13.3,391,17,358,2.12,6.12,5.21,43.8,68.7
3403,L50582,L,301.4,310.6,1347,53.3,104,0,0,0,0,0,0,Low,7.3,665,10,454,2.27,6.35,7.97,63.9,77.3
3404,L50583,L,301.3,310.5,1337,52.7,106,0,0,0,0,0,0,Low,15.7,423,18,14,2.85,5.97,7.5,71.5,76.6
3405,L50584,L,301.3,310.4,1695,30.9,108,0,0,0,0,0,0,Low,12.2,824,14,125,2.86,5.94,5.32,23.7,72.3
3406,M18265,M,301.3,310.4,1635,32.5,110,0,0,0,0,0,0,Medium,16.0,758,20,286,1.35,6.11,5.47,44.9,74.5
3407,L50586,L,301.2,310.4,1470,44.0,113,0,0,0,0,0,0,Low,4.9,482,5,144,1.29,6.93,7.65,30.2,77.2
3408,L50587,L,301.2,310.4,1381,49.8,115,0,0,0,0,0,0,Low,8.1,408,9,27,1.22,6.7,7.54,68.8,72.0
3409,M18268,M,301.2,310.4,1382,41.6,117,0,0,0,0,0,0,Medium,11.3,543,14,166,1.39,6.07,5.99,64.5,78.7
3410,M18269,M,301.2,310.4,1697,30.0,120,0,0,0,0,0,0,Medium,12.4,659,11,422,0.64,5.4,5.14,52.8,78.6
3411,L50590,L,301.2,310.3,1451,39.7,123,0,0,0,0,0,0,Low,14.2,1145,13,123,0.87,6.41,6.32,53.6,69.6
3412,L50591,L,301.3,310.3,1419,55.7,125,0,0,0,0,0,0,Low,11.0,1084,12,557,2.68,5.78,8.17,58.6,72.8
3413,L50592,L,301.3,310.3,1313,55.6,127,0,0,0,0,0,0,Low,6.8,601,5,37,2.62,5.8,7.32,59.9,100.0
3414,L50593,L,301.3,310.3,1560,36.3,129,0,0,0,0,0,0,Low,7.8,724,15,386,2.11,5.87,5.88,91.0,77.4
3415,L50594,L,301.3,310.3,1555,41.2,131,0,0,0,0,0,0,Low,10.9,907,14,16,1.77,6.09,6.87,51.7,74.1
3416,L50595,L,301.4,310.4,1579,36.9,133,0,0,0,0,0,0,Low,8.5,669,10,68,1.97,6.57,6.06,56.9,62.3
3417,L50596,L,301.5,310.5,1435,44.6,135,0,0,0,0,0,0,Low,7.5,664,7,6,2.28,5.42,7.32,64.3,69.2
3418,L50597,L,301.6,310.6,1621,33.7,137,0,0,0,0,0,0,Low,7.0,571,11,316,1.56,6.3,5.97,69.2,59.2
3419,H32832,H,301.6,310.6,1555,40.4,139,0,0,0,0,0,0,High,9.1,768,8,679,2.08,5.82,6.5,57.1,57.0
3420,L50599,L,301.5,310.5,1611,33.8,144,0,0,0,0,0,0,Low,4.8,545,6,208,2.44,7.81,5.94,60.1,86.6
3421,L50600,L,301.6,310.6,1834,23.5,146,0,0,0,0,0,0,Low,8.5,767,12,3,2.48,5.85,4.45,54.7,89.9
3422,M18281,M,301.5,310.5,1612,29.8,148,0,0,0,0,0,0,Medium,8.0,769,13,338,1.92,6.6,5.0,51.1,91.0
3423,L50602,L,301.5,310.4,1629,34.1,151,0,0,0,0,0,0,Low,6.2,640,11,110,2.68,7.02,5.83,95.0,63.8
3424,L50603,L,301.4,310.4,1496,35.2,153,0,0,0,0,0,0,Low,9.7,1050,16,212,0.49,5.38,5.39,57.1,68.8
3425,L50604,L,301.5,310.5,1593,32.9,155,0,0,0,0,0,0,Low,5.6,424,10,784,0.4,5.96,5.81,79.1,38.8
3426,M18285,M,301.5,310.5,1623,33.5,157,0,0,0,0,0,0,Medium,10.0,786,7,676,1.91,6.28,6.01,51.0,73.4
3427,L50606,L,301.5,310.5,1380,48.7,160,0,0,0,0,0,0,Low,9.9,755,14,32,1.35,5.5,6.71,39.8,96.4
3428,L50607,L,301.6,310.6,1562,34.4,162,0,0,0,0,0,0,Low,10.2,740,7,153,3.13,5.74,6.12,34.4,59.8
3429,L50608,L,301.6,310.6,1391,49.4,164,0,0,0,0,0,0,Low,8.5,583,12,238,3.47,5.87,7.39,50.3,95.2
3430,H32843,H,301.5,310.5,1551,34.3,166,0,0,0,0,0,0,High,7.9,732,6,107,2.24,6.46,4.99,25.0,76.5
3431,H32844,H,301.6,310.6,1821,26.2,171,0,0,0,0,0,0,High,11.7,1289,14,500,1.53,6.92,5.06,75.1,75.2
3432,L50611,L,301.6,310.7,1429,43.6,176,0,0,0,0,0,0,Low,6.7,664,6,277,1.58,5.9,6.74,52.4,55.8
3433,M18292,M,301.6,310.7,2012,20.7,178,0,0,0,0,0,0,Medium,10.8,1006,11,169,2.53,5.35,4.21,57.6,79.5
3434,M18293,M,301.6,310.6,1924,23.6,181,0,0,0,0,0,0,Medium,10.9,950,9,129,2.83,7.24,5.33,40.8,87.5
3435,M18294,M,301.5,310.5,1412,44.1,184,0,0,0,0,0,0,Medium,16.2,1344,22,194,1.17,6.36,6.23,33.9,62.9
3436,L50615,L,301.5,310.5,1389,54.9,187,0,0,0,0,0,0,Low,13.8,819,21,119,3.92,6.54,8.21,39.1,78.2
3437,L50616,L,301.5,310.5,1466,48.1,189,0,0,0,0,0,0,Low,11.7,1177,11,404,2.52,5.03,7.13,72.7,70.8
3438,L50617,L,301.5,310.5,2297,15.8,191,0,0,0,0,0,0,Low,11.3,986,19,161,3.42,4.94,3.68,69.1,72.6
3439,L50618,L,301.4,310.4,1471,37.5,193,0,0,0,0,0,0,Low,13.3,1100,14,70,2.68,5.77,5.81,53.5,90.9
3440,L50619,L,301.4,310.3,1492,41.4,195,0,0,0,0,0,0,Low,8.1,649,8,178,2.37,6.36,6.21,36.7,71.9
3441,L50620,L,301.3,310.3,1460,41.5,197,0,0,0,0,0,0,Low,6.8,669,9,223,1.58,6.02,6.24,56.5,80.5
3442,L50621,L,301.4,310.4,1559,39.4,199,0,0,0,0,0,0,Low,10.1,1046,14,918,3.43,5.63,6.22,73.1,70.3
3443,M18302,M,301.4,310.5,1495,52.5,201,0,0,0,0,0,0,Medium,13.9,1042,22,196,2.65,5.38,7.56,83.6,49.5
3444,L50623,L,301.5,310.5,1535,39.0,204,0,0,0,0,0,0,Low,12.1,1207,18,573,2.42,6.51,6.17,89.5,63.2
3445,L50624,L,301.5,310.6,1381,50.7,206,0,0,0,0,0,0,Low,9.5,878,8,545,3.75,6.35,8.1,60.4,57.9
3446,M18305,M,301.6,310.6,1599,36.1,208,0,0,0,0,0,0,Medium,10.3,1211,10,168,1.96,5.6,5.87,43.6,67.2
3447,H32860,H,301.6,310.6,1400,49.5,211,0,0,0,0,0,0,High,16.5,1239,19,293,2.81,5.99,7.24,59.1,61.0
3448,L50627,L,301.7,310.6,1624,34.5,216,0,0,0,0,0,0,Low,11.8,901,20,143,3.71,5.48,5.9,44.2,66.5
3449,L50628,L,301.6,310.6,1478,36.6,218,0,0,0,0,0,0,Low,11.6,1319,14,68,2.86,5.48,6.16,73.6,51.9
3450,L50629,L,301.7,310.7,1605,33.3,220,0,0,0,0,0,0,Low,13.6,1169,15,633,2.38,6.1,5.72,76.3,55.0
3451,L50630,L,301.6,310.6,1506,43.4,222,0,0,0,0,0,0,Low,19.0,1789,17,323,2.72,7.23,6.54,52.4,54.9
3452,L50631,L,301.6,310.6,1455,43.9,0,0,0,0,0,0,0,Low,8.5,5,11,56,1.16,6.2,6.12,66.2,64.6
3453,H32866,H,301.6,310.5,1602,32.3,2,0,0,0,0,0,1,High,1.6,35,2,57,0.68,6.32,5.17,73.0,82.4
3454,L50633,L,301.5,310.4,1425,54.4,7,0,0,0,0,0,0,Low,4.0,28,4,9,1.18,5.9,8.17,37.3,90.7
3455,L50634,L,301.5,310.4,1918,21.8,9,0,0,0,0,0,0,Low,1.7,5,2,168,2.04,5.79,4.12,71.6,77.1
3456,H32869,H,301.4,310.3,1611,41.5,11,0,0,0,0,0,0,High,2.1,67,3,287,0.46,6.37,7.47,58.1,75.2
3457,H32870,H,301.4,310.4,1610,38.6,16,0,0,0,0,0,0,High,8.0,66,6,118,1.1,6.14,6.4,47.9,63.0
3458,M18317,M,301.5,310.4,2639,12.0,21,1,0,0,1,0,0,Medium,6.6,154,9,406,2.47,6.21,3.54,35.0,57.7
3459,L50638,L,301.5,310.4,1329,46.6,24,0,0,0,0,0,0,Low,1.8,136,6,20,1.52,5.32,6.36,60.8,74.1
3460,L50639,L,301.5,310.4,1270,54.2,26,0,0,0,0,0,0,Low,1.3,87,3,219,2.38,5.99,6.91,65.3,70.2
3461,L50640,L,301.5,310.3,1415,41.6,28,0,0,0,0,0,0,Low,5.5,180,8,358,1.14,6.0,5.86,88.1,75.2
3462,H32875,H,301.6,310.4,1330,49.5,30,0,0,0,0,0,0,High,4.4,252,5,157,1.77,6.4,7.07,42.6,77.2
3463,H32876,H,301.6,310.5,1786,27.1,35,0,0,0,0,0,0,High,3.6,296,4,35,2.53,6.17,5.39,73.0,79.4
3464,L50643,L,301.6,310.5,1809,25.5,40,0,0,0,0,0,0,Low,6.6,303,8,575,1.36,5.52,4.94,75.5,85.8
3465,L50644,L,301.7,310.6,1303,59.7,42,0,0,0,0,0,0,Low,5.3,195,4,79,2.36,6.76,7.66,49.5,73.7
3466,M18325,M,301.8,310.7,1383,45.7,44,0,0,0,0,0,0,Medium,4.0,156,9,441,2.37,6.84,6.65,70.3,74.1
3467,L50646,L,301.7,310.6,1447,56.9,47,0,0,0,0,0,0,Low,4.2,162,5,232,3.2,5.72,8.55,34.5,89.0
3468,L50647,L,301.8,310.7,1461,44.2,49,0,0,0,0,0,0,Low,4.7,418,2,79,2.31,5.43,6.03,85.1,76.9
3469,L50648,L,301.8,310.7,2092,18.6,51,0,0,0,0,0,0,Low,5.2,184,7,157,1.94,5.5,4.08,52.5,70.2
3470,M18329,M,301.8,310.7,1429,47.9,53,0,0,0,0,0,0,Medium,10.9,184,9,663,1.32,5.63,7.49,43.6,47.8
3471,L50650,L,301.8,310.8,1736,26.5,56,0,0,0,0,0,0,Low,4.5,437,8,337,2.28,5.94,5.21,54.1,53.6
3472,L50651,L,301.8,310.7,1441,49.3,58,0,0,0,0,0,0,Low,7.8,318,18,797,2.4,6.67,7.74,56.9,68.7
3473,L50652,L,301.8,310.7,1523,43.3,60,0,0,0,0,0,0,Low,2.9,234,4,655,2.1,5.96,6.36,42.2,64.8
3474,M18333,M,301.8,310.8,1691,33.4,62,0,0,0,0,0,0,Medium,6.9,293,14,211,0.57,6.69,5.66,74.5,80.3
3475,M18334,M,301.9,310.8,1557,35.3,65,0,0,0,0,0,0,Medium,6.5,506,10,99,0.59,6.98,6.03,60.7,71.0
3476,L50655,L,301.8,310.7,1644,33.4,68,0,0,0,0,0,0,Low,7.0,286,11,1,2.41,6.59,5.42,57.1,67.1
3477,L50656,L,301.8,310.6,1522,43.8,70,0,0,0,0,0,0,Low,6.0,620,5,45,1.78,6.6,7.19,39.0,61.6
3478,L50657,L,301.8,310.7,1547,41.7,72,0,0,0,0,0,0,Low,6.1,382,10,43,1.66,6.55,6.59,66.8,76.7
3479,L50658,L,301.8,310.7,1597,30.8,74,0,0,0,0,0,0,Low,7.2,272,16,210,1.39,6.0,5.13,69.5,64.9
3480,M18339,M,301.8,310.8,1619,31.0,76,0,0,0,0,0,0,Medium,6.2,383,9,269,1.15,5.31,4.96,63.1,63.2
3481,L50660,L,301.9,310.8,1400,58.2,79,0,0,0,0,0,0,Low,8.1,466,12,48,2.22,6.76,8.68,54.2,98.1
3482,L50661,L,302.0,310.9,1663,31.5,81,0,0,0,0,0,0,Low,4.8,356,3,268,1.28,6.48,5.37,49.0,84.5
3483,L50662,L,301.9,310.8,1540,37.6,83,0,0,0,0,0,0,Low,7.2,350,8,1073,1.4,5.15,6.6,59.0,47.6
3484,H32897,H,301.9,310.8,1455,42.7,85,0,0,0,0,0,0,High,9.8,296,11,28,2.88,5.89,6.36,58.1,86.9
3485,L50664,L,301.9,310.8,1519,39.0,90,0,0,0,0,0,0,Low,5.2,413,8,171,1.66,5.99,6.93,68.6,66.2
3486,L50665,L,301.9,310.8,1427,47.7,92,0,0,0,0,0,0,Low,7.5,393,8,218,1.37,5.79,7.31,61.8,80.1
3487,L50666,L,301.9,310.8,1650,29.8,94,0,0,0,0,0,0,Low,4.6,389,5,62,1.37,6.54,5.1,29.1,83.2
3488,M18347,M,301.8,310.8,1508,38.8,96,0,0,0,0,0,0,Medium,12.1,503,10,22,1.43,6.48,5.92,61.8,47.4
3489,L50668,L,301.9,310.9,1379,54.8,99,0,0,0,0,0,0,Low,5.0,518,5,637,1.03,6.49,7.84,48.6,60.4
3490,L50669,L,301.9,310.9,1542,36.7,101,0,0,0,0,0,0,Low,8.2,560,9,545,1.89,5.87,5.8,38.5,67.0
3491,M18350,M,301.9,310.9,1763,28.4,103,0,0,0,0,0,0,Medium,8.9,743,13,1500,2.95,5.51,5.24,34.6,38.2
3492,H32905,H,301.9,310.9,1590,34.3,106,0,0,0,0,0,0,High,7.7,708,10,249,1.93,6.73,5.64,44.1,64.8
3493,H32906,H,301.9,311.0,1336,63.6,111,0,0,0,0,0,0,High,7.1,641,11,51,2.19,5.56,9.6,28.1,71.4
3494,M18353,M,301.9,311.0,1638,35.4,116,0,0,0,0,0,0,Medium,7.4,579,13,126,1.35,5.12,6.29,50.7,70.0
3495,L50674,L,301.9,311.0,1356,45.7,119,0,0,0,0,0,0,Low,10.7,428,10,82,1.57,5.91,6.81,72.9,61.2
3496,M18355,M,301.9,311.0,1384,47.4,121,0,0,0,0,0,0,Medium,8.1,593,6,9,1.83,5.94,7.28,55.1,72.6
3497,L50676,L,301.9,310.9,1309,48.0,124,0,0,0,0,0,0,Low,4.7,521,3,29,1.75,6.17,6.44,35.0,62.3
3498,L50677,L,301.9,311.0,1642,33.1,126,0,0,0,0,0,0,Low,4.7,497,4,159,1.91,6.47,5.34,39.4,75.2
3499,L50678,L,301.9,311.0,1289,54.9,128,0,0,0,0,0,0,Low,9.3,733,13,134,1.99,6.62,7.56,90.1,56.5
3500,L50679,L,301.9,311.0,1353,43.8,130,0,0,0,0,0,0,Low,10.6,602,10,54,2.2,6.42,6.21,58.2,58.8
3501,H32914,H,301.9,311.0,1871,26.0,132,0,0,0,0,0,0,High,7.3,730,9,24,0.91,5.63,5.06,58.8,94.0
3502,H32915,H,301.9,311.0,1291,63.6,137,0,0,0,0,0,0,High,7.6,544,10,75,1.94,6.15,9.62,56.0,88.9
3503,M18362,M,301.8,310.9,1346,44.6,142,0,0,0,0,0,0,Medium,11.0,643,11,211,2.42,6.0,6.48,27.9,86.8
3504,L50683,L,301.7,310.8,1493,47.6,145,0,0,0,0,0,0,Low,12.0,1032,13,308,1.76,6.96,7.06,29.2,74.7
3505,M18364,M,301.7,310.8,1524,41.3,147,0,0,0,0,0,0,Medium,9.0,740,10,119,1.8,5.42,6.69,38.4,81.8
3506,L50685,L,301.6,310.8,1726,26.7,150,0,0,0,0,0,0,Low,6.7,565,4,131,1.88,5.64,4.94,44.7,100.0
3507,H32920,H,301.6,310.8,1435,47.2,152,0,0,0,0,0,0,High,9.1,819,8,40,1.22,7.16,6.84,40.5,51.6
3508,M18367,M,301.7,310.8,1502,34.4,157,0,0,0,0,0,0,Medium,10.4,731,14,182,2.08,6.8,5.63,53.1,76.9
3509,L50688,L,301.7,310.9,1608,33.0,160,0,0,0,0,0,0,Low,10.6,704,10,23,2.18,6.0,5.24,70.2,92.1
3510,L50689,L,301.8,311.0,1771,27.2,162,0,0,0,0,0,0,Low,14.0,1123,16,365,4.1,5.84,4.84,74.5,54.4
3511,L50690,L,301.7,311.0,1474,42.6,164,0,0,0,0,0,0,Low,7.6,745,8,8,2.1,6.57,6.48,47.3,69.9
3512,L50691,L,301.8,311.0,1322,53.0,166,0,0,0,0,0,0,Low,10.3,1226,12,232,3.38,6.7,7.19,51.8,59.0
3513,M18372,M,301.8,311.0,1393,49.5,168,0,0,0,0,0,0,Medium,10.3,1021,18,556,2.4,6.04,7.26,60.6,50.4
3514,M18373,M,301.9,311.1,1417,52.5,171,0,0,0,0,0,0,Medium,10.8,689,12,406,3.44,7.22,7.5,58.4,46.4
3515,H32928,H,301.9,311.0,1430,49.8,174,0,0,0,0,0,0,High,15.0,806,12,328,2.12,5.96,7.61,56.1,72.5
3516,M18375,M,301.9,311.1,1605,40.0,179,0,0,0,0,0,0,Medium,9.1,961,7,254,1.7,6.12,6.84,64.7,82.4
3517,L50696,L,302.0,311.1,1402,47.8,182,0,0,0,0,0,0,Low,11.4,868,12,272,1.82,6.94,5.89,66.8,74.3
3518,L50697,L,302.0,311.0,1550,35.2,184,0,0,0,0,0,0,Low,9.3,930,11,442,1.99,5.9,6.1,68.8,62.7
3519,L50698,L,301.9,311.0,1376,44.9,186,0,0,0,0,0,0,Low,15.1,997,19,471,2.21,7.11,6.63,55.8,65.5
3520,M18379,M,301.9,310.9,1569,32.5,188,0,0,0,0,0,0,Medium,12.3,879,9,558,1.82,6.44,5.29,67.8,62.4
3521,L50700,L,301.9,311.0,1669,32.2,191,0,0,0,0,0,0,Low,13.4,1202,14,1156,3.19,5.61,5.39,15.0,69.4
3522,L50701,L,301.9,311.0,1541,38.9,193,0,0,0,0,0,0,Low,12.2,1038,17,203,0.66,6.89,6.5,57.2,65.6
3523,L50702,L,301.8,311.0,1651,32.5,195,0,0,0,0,0,0,Low,15.5,1109,16,304,3.05,5.68,5.44,65.0,78.2
3524,L50703,L,301.8,310.9,1521,39.3,197,0,0,0,0,0,0,Low,13.6,1581,15,438,2.35,5.31,6.12,38.9,100.0
3525,M18384,M,301.8,310.8,1365,48.2,199,0,0,0,0,0,0,Medium,13.3,1307,21,43,3.8,6.05,6.79,72.4,76.4
3526,L50705,L,301.8,310.9,1609,31.7,202,0,0,0,0,0,0,Low,6.4,659,12,98,2.66,5.61,5.24,22.8,53.8
3527,H32940,H,301.8,310.8,1470,37.6,204,0,0,0,0,0,0,High,11.6,973,11,40,2.51,5.84,5.71,27.6,100.0
3528,M18387,M,301.9,310.9,1573,38.9,209,0,0,0,0,0,0,Medium,16.1,1574,19,64,3.44,5.73,5.88,55.9,60.3
3529,L50708,L,302.0,310.9,1378,53.1,212,1,0,0,0,1,0,Low,17.1,1653,27,532,2.65,5.54,7.82,16.8,77.7
3530,L50709,L,301.9,310.9,1567,39.0,214,1,1,0,0,0,0,Low,10.3,1145,17,283,2.83,5.02,6.14,55.5,79.6
3531,M18390,M,301.9,310.9,1441,43.7,0,0,0,0,0,0,0,Medium,5.7,8,8,30,2.1,6.5,6.54,74.6,70.0
3532,M18391,M,301.9,310.9,1641,33.2,3,0,0,0,0,0,0,Medium,4.8,41,8,75,1.81,6.35,5.56,54.8,61.8
3533,L50712,L,301.9,310.9,1486,40.3,6,0,0,0,0,0,0,Low,2.0,21,3,282,2.17,6.37,6.26,44.2,87.9
3534,L50713,L,302.0,311.0,1563,36.2,8,0,0,0,0,0,0,Low,5.6,104,5,98,1.22,6.15,5.87,70.0,70.3
3535,M18394,M,302.0,311.1,1769,26.0,10,0,0,0,0,0,0,Medium,0.5,34,0,263,1.55,5.42,4.71,21.8,53.7
3536,H32949,H,301.9,311.0,1672,29.9,13,0,0,0,0,0,0,High,2.0,121,3,163,2.21,6.21,5.27,61.5,83.1
3537,L50716,L,302.0,311.0,1632,34.2,18,0,0,0,0,0,0,Low,3.3,94,6,127,1.22,5.62,6.1,54.6,78.4
3538,M18397,M,302.0,311.0,1980,21.5,20,0,0,0,0,0,0,Medium,2.8,97,3,119,1.83,5.49,4.53,31.9,51.6
3539,L50718,L,302.0,311.1,1635,36.0,23,0,0,0,0,0,0,Low,7.3,87,10,655,1.7,4.81,6.49,48.6,72.7
3540,L50719,L,302.0,311.0,1686,32.5,25,0,0,0,0,0,0,Low,5.8,187,15,19,2.07,6.57,6.09,55.3,77.9
3541,L50720,L,301.9,310.9,1574,31.4,27,0,0,0,0,0,0,Low,8.7,140,6,28,2.18,5.51,5.06,59.0,84.2
3542,L50721,L,301.8,310.8,1546,43.4,29,0,0,0,0,0,0,Low,1.9,148,3,59,1.61,6.38,7.6,82.1,100.0
3543,L50722,L,301.8,310.9,1899,24.7,31,0,0,0,0,0,0,Low,3.1,129,1,2,2.47,5.14,4.81,51.3,63.1
3544,L50723,L,301.8,310.9,1449,36.5,33,0,0,0,0,0,0,Low,2.3,173,3,1036,2.41,5.55,5.18,50.2,57.3
3545,M18404,M,301.9,310.9,1483,37.0,35,0,0,0,0,0,0,Medium,5.1,204,8,152,2.07,6.68,5.81,45.8,71.5
3546,L50725,L,301.8,310.8,1576,38.6,38,0,0,0,0,0,0,Low,2.6,234,3,428,1.49,6.52,6.55,44.5,75.9
3547,M18406,M,301.9,310.9,1317,51.9,40,0,0,0,0,0,0,Medium,4.3,150,5,99,2.27,6.8,7.86,82.8,65.8
3548,M18407,M,301.9,311.0,1467,48.1,43,0,0,0,0,0,0,Medium,2.7,164,0,620,2.91,5.76,7.71,70.8,67.5
3549,L50728,L,301.9,310.9,1616,34.5,46,0,0,0,0,0,0,Low,7.1,278,7,109,2.1,5.35,6.21,32.9,89.8
3550,M18409,M,301.8,310.9,1299,60.4,48,0,0,0,0,0,0,Medium,4.3,213,6,83,2.31,6.35,8.73,58.5,96.7
3551,M18410,M,301.9,311.0,1432,41.5,51,0,0,0,0,0,0,Medium,3.1,312,3,572,2.73,5.07,6.04,47.8,69.7
3552,L50731,L,301.9,310.9,1799,24.2,54,0,0,0,0,0,0,Low,9.0,437,8,177,2.8,5.57,4.68,57.6,57.3
3553,M18412,M,301.8,310.9,1358,52.3,56,0,0,0,0,0,0,Medium,7.5,250,7,264,2.75,5.6,7.21,17.1,83.2
3554,M18413,M,301.8,310.8,1618,37.8,59,0,0,0,0,0,0,Medium,8.4,451,9,215,1.47,6.9,6.44,30.1,51.2
3555,L50734,L,301.9,310.8,1525,43.2,62,0,0,0,0,0,0,Low,4.3,310,7,343,1.12,5.62,6.92,52.4,44.5
3556,L50735,L,301.8,310.7,1551,37.7,64,0,0,0,0,0,0,Low,6.9,348,9,344,2.32,6.09,6.23,65.6,59.2
3557,L50736,L,301.9,310.8,1735,31.5,66,0,0,0,0,0,0,Low,8.8,367,11,585,1.41,5.18,6.19,53.2,51.7
3558,M18417,M,301.8,310.7,1309,43.3,68,0,0,0,0,0,0,Medium,5.2,345,8,368,0.64,6.65,6.34,36.6,70.5
3559,L50738,L,301.7,310.6,1743,26.2,71,0,0,0,0,0,0,Low,4.7,274,5,253,2.27,6.38,4.78,62.1,82.5
3560,M18419,M,301.7,310.7,1659,29.9,73,0,0,0,0,0,0,Medium,6.7,466,8,210,2.73,5.71,5.1,50.9,76.6
3561,L50740,L,301.8,310.7,1680,32.4,76,0,0,0,0,0,0,Low,7.3,320,7,343,0.95,6.57,6.05,50.7,46.5
3562,L50741,L,301.7,310.6,1486,38.5,78,0,0,0,0,0,0,Low,6.5,404,4,705,2.48,6.84,6.06,41.9,43.3
3563,L50742,L,301.7,310.6,1471,43.8,80,0,0,0,0,0,0,Low,9.0,586,15,30,1.14,5.75,7.2,77.3,72.4
3564,M18423,M,301.8,310.7,1465,35.8,82,0,0,0,0,0,0,Medium,6.0,448,7,167,1.77,6.66,4.85,50.9,71.1
3565,M18424,M,301.7,310.6,1492,42.2,85,0,0,0,0,0,0,Medium,4.8,314,3,235,2.22,6.0,6.61,71.2,80.5
3566,M18425,M,301.8,310.7,1420,52.0,88,0,0,0,0,0,0,Medium,7.0,331,7,214,1.98,5.24,8.23,50.7,80.4
3567,L50746,L,301.8,310.6,1295,62.3,91,0,0,0,0,0,0,Low,4.9,408,8,226,2.93,6.31,7.94,28.9,76.7
3568,L50747,L,301.8,310.5,1548,34.1,93,0,0,0,0,0,0,Low,6.6,660,7,370,1.39,5.67,5.12,60.5,56.4
3569,L50748,L,301.8,310.6,1372,54.7,95,0,0,0,0,0,0,Low,5.2,446,6,586,2.74,5.29,7.3,63.4,29.5
3570,M18429,M,301.8,310.6,1552,35.9,97,0,0,0,0,0,0,Medium,5.9,459,5,475,2.48,6.12,5.87,33.0,50.6
3571,H32984,H,301.8,310.6,1441,46.3,100,0,0,0,0,0,0,High,6.4,443,5,238,1.58,6.26,6.75,70.7,85.7
3572,M18431,M,301.7,310.6,1691,27.7,105,0,0,0,0,0,0,Medium,5.4,441,4,498,1.45,7.14,5.0,48.5,96.3
3573,L50752,L,301.8,310.6,1451,50.7,108,0,0,0,0,0,0,Low,5.8,471,10,79,1.66,5.96,8.08,73.6,51.6
3574,L50753,L,301.8,310.6,1452,48.4,110,0,0,0,0,0,0,Low,8.1,554,10,251,2.11,5.29,7.12,58.7,53.1
3575,L50754,L,301.7,310.6,1406,46.0,112,0,0,0,0,0,0,Low,7.0,675,7,77,1.03,5.75,6.95,44.5,92.5
3576,L50755,L,301.7,310.5,1567,39.1,114,0,0,0,0,0,0,Low,12.6,962,19,56,1.96,6.63,6.44,47.5,74.7
3577,L50756,L,301.6,310.4,1599,41.7,116,0,0,0,0,0,0,Low,5.8,547,4,91,1.76,7.15,6.28,80.5,84.0
3578,M18437,M,301.6,310.4,1455,39.0,118,0,0,0,0,0,0,Medium,7.6,602,10,59,1.74,6.53,5.66,66.8,58.9
3579,M18438,M,301.7,310.5,1625,35.9,121,0,0,0,0,0,0,Medium,7.0,540,8,389,1.71,6.24,6.27,59.3,66.4
3580,L50759,L,301.8,310.6,2672,11.8,124,1,0,0,1,0,0,Low,13.9,889,17,895,3.8,5.63,3.4,68.5,79.3
3581,L50760,L,301.8,310.6,1650,31.9,126,0,0,0,0,0,0,Low,7.1,580,8,115,1.22,5.67,5.13,69.0,70.8
3582,M18441,M,301.8,310.6,1459,40.2,128,0,0,0,0,0,0,Medium,8.7,437,11,137,0.2,6.31,6.1,72.2,71.6
3583,L50762,L,301.8,310.6,1395,50.5,131,0,0,0,0,0,0,Low,9.7,648,12,139,2.35,6.17,6.58,79.5,81.6
3584,L50763,L,301.8,310.7,1751,29.3,133,0,0,0,0,0,0,Low,7.6,717,13,44,1.17,5.02,5.37,75.9,92.9
3585,L50764,L,301.8,310.6,1192,68.9,135,0,0,0,0,0,0,Low,11.2,610,21,1,3.05,5.37,8.86,85.9,81.5
3586,L50765,L,301.9,310.7,1947,25.0,137,0,0,0,0,0,0,Low,5.0,397,12,460,1.66,5.8,4.7,48.7,71.2
3587,L50766,L,301.8,310.5,1593,34.9,139,0,0,0,0,0,0,Low,9.8,930,9,111,2.33,6.01,5.53,46.5,64.7
3588,H33001,H,301.8,310.5,1478,38.6,141,0,0,0,0,0,0,High,9.8,734,17,70,1.24,5.62,5.57,85.6,82.9
3589,M18448,M,301.7,310.6,1505,44.5,146,0,0,0,0,0,0,Medium,9.6,919,12,40,1.44,6.23,7.08,60.4,81.5
3590,L50769,L,301.7,310.5,2465,13.7,149,0,0,0,0,0,0,Low,8.0,879,6,1064,3.82,6.05,3.67,50.6,63.5
3591,L50770,L,301.8,310.6,1403,46.8,151,0,0,0,0,0,0,Low,8.8,806,5,18,2.41,6.26,7.45,47.3,87.2
3592,M18451,M,301.7,310.5,1458,41.4,153,0,0,0,0,0,0,Medium,6.9,576,4,10,2.27,6.53,5.84,62.2,87.8
3593,H33006,H,301.6,310.4,1369,45.4,156,0,0,0,0,0,0,High,5.3,504,8,44,1.45,5.36,6.5,44.9,80.5
3594,M18453,M,301.6,310.4,1377,44.9,161,0,0,0,0,0,0,Medium,9.3,807,11,53,1.47,6.09,6.8,42.0,65.7
3595,M18454,M,301.6,310.4,1452,45.7,164,0,0,0,0,0,0,Medium,10.5,942,11,66,2.58,6.15,7.05,57.7,83.9
3596,L50775,L,301.6,310.4,1517,41.1,167,0,0,0,0,0,0,Low,7.4,474,10,101,1.9,6.42,6.08,58.8,86.9
3597,L50776,L,301.7,310.5,1354,50.0,169,0,0,0,0,0,0,Low,9.1,980,14,165,1.76,6.04,7.02,60.3,76.0
3598,M18457,M,301.7,310.5,1724,33.0,171,0,0,0,0,0,0,Medium,9.7,1049,13,730,2.56,5.46,6.26,41.7,56.3
3599,L50778,L,301.7,310.5,1399,53.2,174,0,0,0,0,0,0,Low,16.8,1458,23,801,4.19,6.02,7.8,44.5,64.8
3600,H33013,H,301.7,310.5,1388,50.5,176,0,0,0,0,0,0,High,7.0,695,11,1500,2.37,6.03,7.59,68.8,38.3
3601,L50780,L,301.7,310.5,1523,34.7,181,0,0,0,0,0,0,Low,9.3,729,17,68,1.8,6.02,5.8,55.6,64.5
3602,L50781,L,301.7,310.5,1377,43.1,183,0,0,0,0,0,0,Low,6.8,554,6,83,2.03,6.88,5.78,81.9,75.0
3603,M18462,M,301.7,310.6,1417,45.2,185,0,0,0,0,0,0,Medium,13.0,1392,15,54,2.02,5.68,6.43,57.4,75.3
3604,L50783,L,301.7,310.7,1542,40.0,188,0,0,0,0,0,0,Low,12.4,712,20,55,3.06,6.16,6.23,51.8,64.5
3605,L50784,L,301.8,310.8,1557,33.3,190,0,0,0,0,0,0,Low,10.8,980,10,54,3.53,4.86,5.4,31.0,81.7
3606,L50785,L,301.7,310.7,1641,31.9,192,0,0,0,0,0,0,Low,8.4,821,9,101,2.96,5.47,5.46,41.4,78.2
3607,L50786,L,301.7,310.7,1318,55.0,194,0,0,0,0,0,0,Low,13.6,1565,19,302,3.31,5.75,7.93,41.3,57.4
3608,L50787,L,301.6,310.7,1638,33.8,196,0,0,0,0,0,0,Low,10.2,739,10,306,2.7,5.76,5.57,58.7,76.5
3609,M18468,M,301.7,310.8,1954,21.6,198,0,0,0,0,0,0,Medium,8.6,895,14,202,4.36,6.54,4.75,32.0,66.2
3610,M18469,M,301.7,310.9,1644,32.5,201,0,0,0,0,0,0,Medium,15.0,1073,21,13,3.4,6.58,5.99,56.3,89.3
3611,M18470,M,301.7,310.8,1594,32.4,204,0,0,0,0,0,0,Medium,10.0,911,12,89,3.76,4.78,5.65,57.7,60.7
3612,L50791,L,301.7,310.9,1405,46.4,207,1,1,0,0,0,1,Low,22.7,1258,27,275,1.99,5.89,7.41,34.7,69.0
3613,L50792,L,301.7,310.8,1622,37.8,0,0,0,0,0,0,0,Low,2.1,5,1,665,2.57,6.59,6.36,51.6,63.1
3614,L50793,L,301.7,310.9,1557,39.4,2,0,0,0,0,0,0,Low,1.2,5,5,16,2.01,6.15,5.95,42.1,76.0
3615,L50794,L,301.8,311.0,1606,33.3,4,0,0,0,0,0,0,Low,2.8,6,2,10,2.43,5.89,5.24,57.8,97.9
3616,M18475,M,301.8,311.1,1647,31.6,6,0,0,0,0,0,0,Medium,1.9,46,1,366,2.76,5.69,5.5,49.3,78.8
3617,M18476,M,301.8,311.1,1413,42.2,9,0,0,0,0,0,0,Medium,0.3,5,0,722,1.02,4.24,6.12,73.2,64.8
3618,L50797,L,301.8,311.0,1529,41.6,12,0,0,0,0,0,0,Low,5.3,63,7,135,1.75,6.02,6.42,24.0,73.6
3619,L50798,L,301.9,311.1,1448,46.3,14,0,0,0,0,0,0,Low,3.7,56,1,962,1.08,5.0,7.3,73.9,68.0
3620,L50799,L,301.9,311.2,1435,44.2,16,0,0,0,0,0,0,Low,2.3,120,5,407,2.54,5.88,6.6,32.3,51.6
3621,H33034,H,301.9,311.2,1474,41.8,18,0,0,0,0,0,0,High,1.5,72,1,122,0.96,6.77,6.03,67.0,83.8
3622,L50801,L,301.9,311.2,1657,29.1,23,0,0,0,0,0,0,Low,2.3,153,4,823,0.72,6.32,4.75,34.5,54.1
3623,L50802,L,302.0,311.3,1509,39.9,25,0,0,0,0,0,0,Low,4.0,169,7,32,0.9,5.45,6.62,61.5,61.3
3624,M18483,M,302.0,311.3,1530,36.4,27,0,0,0,0,0,0,Medium,10.1,132,13,43,1.16,6.05,5.41,69.0,76.6
3625,M18484,M,302.0,311.4,1587,35.9,30,0,0,0,0,0,0,Medium,3.7,182,2,92,1.12,6.76,5.57,48.5,69.3
3626,M18485,M,302.1,311.4,1467,43.4,33,0,0,0,0,0,0,Medium,1.4,104,0,90,1.66,5.85,7.05,62.4,84.3
3627,M18486,M,302.2,311.5,1360,53.0,36,0,0,0,0,0,0,Medium,2.4,145,2,577,2.57,6.31,7.83,43.8,61.2
3628,L50807,L,302.2,311.5,1588,30.6,39,0,0,0,0,0,0,Low,4.9,253,3,368,0.85,6.21,5.46,71.6,79.0
3629,L50808,L,302.2,311.4,1609,32.1,41,0,0,0,0,0,0,Low,2.7,158,1,532,2.42,6.05,5.63,41.3,71.6
3630,L50809,L,302.1,311.3,1415,44.1,43,0,0,0,0,0,0,Low,2.5,200,2,67,1.8,5.81,6.73,42.4,68.4
3631,L50810,L,302.0,311.2,1845,27.3,45,0,0,0,0,0,0,Low,3.7,179,4,33,2.77,7.3,5.34,55.7,65.8
3632,M18491,M,302.1,311.4,1419,36.2,47,0,0,0,0,0,0,Medium,2.9,212,1,299,1.64,6.91,5.45,66.9,78.7
3633,L50812,L,302.1,311.3,1634,30.6,50,0,0,0,0,0,0,Low,5.5,310,4,46,2.39,6.03,5.52,43.9,79.9
3634,M18493,M,302.2,311.3,1521,40.6,52,0,0,0,0,0,0,Medium,5.2,260,6,49,0.86,5.81,6.19,52.1,70.6
3635,L50814,L,302.2,311.4,1499,37.7,55,0,0,0,0,0,0,Low,6.2,291,8,35,1.55,6.28,5.84,49.7,84.6
3636,M18495,M,302.1,311.2,1616,35.1,57,0,0,0,0,0,0,Medium,8.1,462,13,237,1.25,7.17,5.62,71.4,62.7
3637,L50816,L,302.2,311.4,1449,46.5,60,0,0,0,0,0,0,Low,4.2,354,6,302,2.11,6.23,7.13,68.5,69.6
3638,M18497,M,302.2,311.4,1626,31.6,62,0,0,0,0,0,0,Medium,6.9,260,9,186,2.04,6.61,5.56,40.8,62.0
3639,M18498,M,302.3,311.5,1445,44.8,65,0,0,0,0,0,0,Medium,4.3,296,2,9,2.15,5.53,6.94,15.0,71.8
3640,L50819,L,302.4,311.6,1622,35.0,68,0,0,0,0,0,0,Low,4.4,484,5,159,2.11,6.29,5.65,29.4,76.8
3641,H33054,H,302.4,311.6,1544,39.1,70,0,0,0,0,0,0,High,8.8,527,10,160,2.07,6.95,6.68,75.7,56.2
3642,L50821,L,302.3,311.6,1488,41.8,75,0,0,0,0,0,0,Low,8.6,265,13,166,1.65,6.63,6.31,79.6,79.1
3643,L50822,L,302.3,311.6,1309,57.6,77,0,0,0,0,0,0,Low,5.5,410,5,12,2.03,6.87,7.79,49.0,81.5
3644,L50823,L,302.3,311.6,1784,26.4,79,0,0,0,0,0,0,Low,8.9,477,6,127,2.61,5.84,5.17,50.9,85.5
3645,L50824,L,302.2,311.5,1548,32.4,81,0,0,0,0,0,0,Low,6.0,447,9,241,1.12,5.68,5.27,55.6,85.8
3646,L50825,L,302.2,311.5,1413,43.5,83,0,0,0,0,0,0,Low,6.7,612,10,63,1.32,6.65,6.36,55.0,82.8
3647,M18506,M,302.2,311.5,1863,25.7,85,0,0,0,0,0,0,Medium,4.9,309,8,789,2.51,5.53,5.64,73.6,68.8
3648,L50827,L,302.2,311.5,1427,43.8,88,0,0,0,0,0,0,Low,7.0,539,13,348,1.52,6.93,6.65,72.9,54.1
3649,M18508,M,302.2,311.5,1443,47.0,90,0,0,0,0,0,0,Medium,5.3,299,5,470,1.54,6.65,7.12,36.5,74.2
3650,L50829,L,302.2,311.5,1481,40.4,93,0,0,0,0,0,0,Low,6.1,492,7,688,2.31,7.18,6.19,42.3,77.6
3651,L50830,L,302.1,311.4,1446,39.7,95,0,0,0,0,0,0,Low,7.4,384,8,62,0.2,5.73,5.9,56.9,89.5
3652,L50831,L,302.1,311.5,1444,44.9,97,0,0,0,0,0,0,Low,7.5,474,3,100,2.18,5.46,6.81,84.4,79.4
3653,M18512,M,302.1,311.5,1341,50.8,99,0,0,0,0,0,0,Medium,4.4,408,4,6,0.68,6.47,6.86,61.6,89.1
3654,L50833,L,302.1,311.4,1518,37.4,102,0,0,0,0,0,0,Low,5.6,472,10,349,1.52,6.16,5.7,58.4,92.6
3655,L50834,L,302.1,311.4,1603,35.9,104,0,0,0,0,0,0,Low,7.8,444,7,540,2.23,5.43,5.91,49.2,60.2
3656,L50835,L,302.1,311.4,1686,30.9,106,0,0,0,0,0,0,Low,6.5,511,9,109,2.13,6.46,5.65,39.5,87.2
3657,M18516,M,302.1,311.5,1383,53.6,108,0,0,0,0,0,0,Medium,6.1,576,5,165,1.69,7.12,8.16,42.0,83.0
3658,L50837,L,302.1,311.5,1477,45.4,111,0,0,0,0,0,0,Low,4.8,315,3,49,1.95,7.1,6.4,43.1,65.1
3659,M18518,M,302.2,311.5,1449,44.5,113,0,0,0,0,0,0,Medium,6.8,742,13,83,1.16,5.98,6.85,71.9,79.9
3660,M18519,M,302.2,311.5,1734,25.0,116,0,0,0,0,0,0,Medium,10.6,578,12,26,1.09,5.2,4.5,73.5,83.4
3661,L50840,L,302.3,311.6,1398,49.1,119,0,0,0,0,0,0,Low,7.7,624,7,112,1.29,5.67,8.11,69.7,66.6
3662,M18521,M,302.3,311.7,1639,36.6,121,0,0,0,0,0,0,Medium,6.6,604,9,21,1.16,5.44,6.2,46.6,63.7
3663,M18522,M,302.3,311.7,1517,37.6,124,0,0,0,0,0,0,Medium,7.1,773,9,265,1.92,5.53,5.63,54.0,78.6
3664,M18523,M,302.3,311.7,1442,41.7,127,0,0,0,0,0,0,Medium,13.0,620,15,198,3.12,6.15,6.54,95.0,72.9
3665,M18524,M,302.3,311.7,1685,30.8,130,0,0,0,0,0,0,Medium,6.7,739,8,41,2.01,5.48,5.64,65.5,69.1
3666,M18525,M,302.4,311.8,1358,50.6,133,0,0,0,0,0,0,Medium,12.1,1050,19,93,1.67,5.04,7.12,49.9,55.6
3667,M18526,M,302.3,311.6,1608,39.9,136,0,0,0,0,0,0,Medium,7.8,705,10,85,0.98,5.43,6.87,39.3,76.1
3668,L50847,L,302.3,311.6,1665,34.3,139,0,0,0,0,0,0,Low,9.8,915,9,162,1.49,6.87,6.32,66.2,67.4
3669,L50848,L,302.3,311.7,1510,38.7,141,0,0,0,0,0,0,Low,12.2,1186,16,16,0.99,6.44,6.52,59.9,60.8
3670,L50849,L,302.4,311.8,1465,40.2,143,0,0,0,0,0,0,Low,7.4,701,8,47,1.06,5.38,6.34,43.3,80.8
3671,L50850,L,302.3,311.7,1701,27.5,145,0,0,0,0,0,0,Low,8.4,710,14,20,1.65,6.27,4.74,64.2,80.3
3672,M18531,M,302.3,311.7,1486,39.6,147,0,0,0,0,0,0,Medium,8.5,692,7,23,1.67,6.01,5.77,39.6,63.7
3673,L50852,L,302.3,311.6,1658,32.3,150,0,0,0,0,0,0,Low,9.4,661,12,514,1.49,5.81,5.42,80.9,53.7
3674,H33087,H,302.3,311.7,1449,44.5,152,0,0,0,0,0,0,High,14.5,1305,18,247,2.66,5.84,7.08,50.1,58.8
3675,L50854,L,302.2,311.5,1346,52.4,157,0,0,0,0,0,0,Low,11.2,1215,22,163,3.18,6.87,7.59,67.0,77.3
3676,M18535,M,302.1,311.5,1866,23.1,159,0,0,0,0,0,0,Medium,5.8,549,5,199,2.46,5.4,4.1,75.3,81.0
3677,M18536,M,302.2,311.5,1562,38.0,162,0,0,0,0,0,0,Medium,13.9,1095,17,394,0.89,6.11,5.61,44.8,41.8
3678,M18537,M,302.3,311.7,1368,53.6,165,0,0,0,0,0,0,Medium,7.8,728,10,156,2.79,5.78,6.69,61.9,67.3
3679,L50858,L,302.2,311.5,1567,33.1,168,0,0,0,0,0,0,Low,12.0,1052,15,448,2.63,5.22,5.56,87.5,65.3
3680,L50859,L,302.2,311.5,1725,34.0,170,0,0,0,0,0,0,Low,12.7,873,16,651,1.86,6.6,6.03,78.7,100.0
3681,L50860,L,302.2,311.5,1744,31.2,172,0,0,0,0,0,0,Low,11.7,1091,16,36,1.7,6.73,5.59,23.8,74.5
3682,M18541,M,302.1,311.3,1453,45.1,174,0,0,0,0,0,0,Medium,7.8,814,6,541,3.27,6.08,6.84,62.6,57.5
3683,L50862,L,302.1,311.2,1550,34.8,177,0,0,0,0,0,0,Low,8.2,858,10,364,1.83,6.52,5.53,76.9,81.8
3684,M18543,M,302.0,311.2,1558,39.1,179,0,0,0,0,0,0,Medium,10.8,1065,9,320,1.96,5.7,6.2,71.2,54.1
3685,L50864,L,302.0,311.2,1270,65.3,182,1,0,0,0,1,0,Low,12.3,1241,21,214,2.92,6.55,9.3,63.4,53.1
3686,M18545,M,301.9,311.1,1380,51.6,184,0,0,0,0,0,0,Medium,8.4,907,7,199,2.35,6.03,7.76,78.0,79.7
3687,L50866,L,302.0,311.1,1406,50.5,187,0,0,0,0,0,0,Low,12.4,1339,13,947,2.46,5.61,7.79,57.2,62.2
3688,M18547,M,302.0,311.2,1625,30.7,189,0,0,0,0,0,0,Medium,11.3,924,10,25,2.5,5.89,5.63,95.0,64.3
3689,L50868,L,302.0,311.2,1420,45.8,192,0,0,0,0,0,0,Low,9.4,549,14,140,1.9,6.02,7.19,42.6,79.1
3690,L50869,L,302.1,311.4,1889,22.7,194,0,0,0,0,0,0,Low,7.7,710,7,183,1.59,6.22,4.27,60.6,68.1
3691,L50870,L,302.1,311.3,1477,43.6,196,0,0,0,0,0,0,Low,7.2,861,11,806,2.74,4.59,6.94,47.2,47.5
3692,L50871,L,302.1,311.2,1460,46.9,198,0,0,0,0,0,0,Low,12.2,1053,13,167,2.36,5.78,6.51,75.4,87.8
3693,L50872,L,302.1,311.3,1758,24.4,200,0,0,0,0,0,0,Low,14.4,1667,23,318,2.14,6.67,4.32,57.0,61.3
3694,L50873,L,302.1,311.3,1521,31.5,202,0,0,0,0,0,0,Low,13.0,1477,12,66,2.62,5.9,5.26,28.7,76.8
3695,M18554,M,302.1,311.3,1511,45.0,204,0,0,0,0,0,0,Medium,9.0,825,10,125,2.73,5.26,6.9,28.1,90.8
3696,L50875,L,302.2,311.3,1530,37.3,207,1,1,0,0,0,0,Low,16.3,1284,23,554,3.31,6.6,6.11,30.4,75.0
3697,L50876,L,302.1,311.2,1454,46.8,0,0,0,0,0,0,0,Low,4.1,5,6,230,0.2,6.38,7.71,27.4,62.2
3698,L50877,L,302.2,311.2,1928,23.1,2,0,0,0,0,0,0,Low,3.8,10,6,372,2.12,5.46,4.65,66.8,84.9
3699,H33112,H,302.2,311.3,1758,26.4,4,0,0,0,0,0,0,High,2.4,35,2,604,1.61,5.14,4.8,47.6,59.6
3700,L50879,L,302.2,311.2,1649,33.2,9,0,0,0,0,0,0,Low,1.1,40,1,272,1.11,6.4,5.65,57.9,59.3
3701,L50880,L,302.1,311.2,1447,50.3,11,0,0,0,0,0,0,Low,5.3,23,7,111,2.4,5.82,7.48,64.5,73.2
3702,L50881,L,302.1,311.2,1417,48.0,13,0,0,0,0,0,0,Low,1.3,51,1,93,1.95,4.27,6.96,31.7,63.5
3703,L50882,L,302.0,311.2,1434,44.9,15,0,0,0,0,0,0,Low,4.2,128,4,50,1.59,5.29,6.7,48.1,62.5
3704,M18563,M,302.0,311.2,1418,49.5,17,0,0,0,0,0,0,Medium,3.4,84,8,48,1.35,5.81,7.48,88.9,64.5
3705,M18564,M,302.0,311.2,1400,49.5,20,0,0,0,0,0,0,Medium,1.4,80,0,339,2.4,7.12,7.16,74.0,99.4
3706,M18565,M,302.0,311.3,1725,27.7,23,0,0,0,0,0,0,Medium,2.0,181,2,225,0.74,6.38,4.94,64.3,79.9
3707,L50886,L,302.0,311.3,1567,41.1,26,0,0,0,0,0,0,Low,4.8,125,6,73,2.19,5.07,6.77,62.4,54.0
3708,M18567,M,302.1,311.3,1497,38.4,28,0,0,0,0,0,0,Medium,3.6,135,3,1,0.97,5.56,5.68,54.6,85.8
3709,L50888,L,302.1,311.4,1549,44.6,31,0,0,0,0,0,0,Low,6.7,196,9,280,1.49,6.88,7.16,40.0,81.6
3710,L50889,L,302.2,311.4,1754,26.9,33,0,0,0,0,0,0,Low,4.8,212,7,24,2.69,5.26,5.11,81.4,62.7
3711,L50890,L,302.2,311.5,1489,38.3,35,0,0,0,0,0,0,Low,3.8,130,6,107,2.25,6.42,5.62,28.6,68.4
3712,L50891,L,302.2,311.5,1543,38.5,37,0,0,0,0,0,0,Low,1.5,147,2,132,1.75,5.48,6.38,32.5,47.3
3713,L50892,L,302.3,311.5,1543,33.1,39,0,0,0,0,0,0,Low,4.5,221,8,430,1.76,5.74,5.54,56.8,62.2
3714,L50893,L,302.3,311.5,1565,35.6,41,0,0,0,0,0,0,Low,4.4,260,5,22,1.43,4.9,6.36,56.6,52.3
3715,M18574,M,302.3,311.4,1855,23.9,43,0,0,0,0,0,0,Medium,5.2,256,6,9,2.63,5.76,4.72,78.7,77.2
3716,M18575,M,302.4,311.4,1475,45.2,46,0,0,0,0,0,0,Medium,4.7,288,6,794,1.97,5.84,6.72,24.3,77.7
3717,L50896,L,302.3,311.4,1609,32.3,49,0,0,0,0,0,0,Low,4.1,223,4,265,2.08,5.74,5.43,61.9,80.6
3718,H33131,H,302.3,311.4,1443,44.1,51,0,0,0,0,0,0,High,4.2,256,2,54,0.99,7.21,6.49,58.3,80.3
3719,L50898,L,302.4,311.4,1450,44.1,56,0,0,0,0,0,0,Low,3.7,280,7,427,1.7,6.52,6.63,54.2,71.1
3720,L50899,L,302.4,311.5,1590,39.9,58,0,0,0,0,0,0,Low,5.9,263,7,502,1.56,5.48,6.21,34.0,85.6
3721,M18580,M,302.4,311.4,1508,41.2,60,0,0,0,0,0,0,Medium,14.2,299,9,501,1.03,5.42,6.48,48.3,78.5
3722,M18581,M,302.2,311.2,1544,43.6,63,0,0,0,0,0,0,Medium,3.2,284,2,286,1.64,6.51,7.5,51.0,47.5
3723,L50902,L,302.2,311.2,1451,41.8,66,0,0,0,0,0,0,Low,3.6,307,5,105,2.37,5.34,6.77,91.3,72.2
3724,L50903,L,302.3,311.2,1758,24.4,68,0,0,0,0,0,0,Low,6.0,279,7,162,2.22,5.66,4.64,64.5,59.1
3725,M18584,M,302.3,311.2,1507,47.7,70,0,0,0,0,0,0,Medium,5.1,377,7,452,1.72,6.65,7.23,37.2,80.3
3726,H33139,H,302.3,311.1,1543,37.5,73,0,0,0,0,0,0,High,3.7,246,8,446,1.33,5.73,6.22,79.7,73.2
3727,M18586,M,302.3,311.2,1505,36.7,78,0,0,0,0,0,0,Medium,4.1,434,7,21,1.26,5.57,5.73,66.4,65.1
3728,L50907,L,302.3,311.2,1786,24.3,81,0,0,0,0,0,0,Low,4.2,368,4,205,2.05,5.52,4.48,53.3,88.9
3729,L50908,L,302.3,311.3,1457,44.5,83,0,0,0,0,0,0,Low,4.6,434,4,787,1.6,5.49,7.2,53.9,66.4
3730,M18589,M,302.4,311.3,1312,61.5,85,0,0,0,0,0,0,Medium,4.0,421,6,21,3.14,6.72,8.32,47.1,100.0
3731,M18590,M,302.3,311.2,1405,47.7,88,0,0,0,0,0,0,Medium,9.3,559,11,65,1.52,6.14,6.9,57.6,65.2
3732,M18591,M,302.2,311.2,1377,43.0,91,0,0,0,0,0,0,Medium,5.6,364,6,10,2.17,5.84,6.35,63.0,72.6
3733,M18592,M,302.2,311.2,1347,49.8,94,0,0,0,0,0,0,Medium,12.6,189,18,92,1.61,5.94,6.55,56.3,57.1
3734,L50913,L,302.2,311.1,1470,39.6,97,0,0,0,0,0,0,Low,7.8,592,5,140,2.14,6.42,6.04,52.0,66.4
3735,M18594,M,302.2,311.2,1873,24.0,99,0,0,0,0,0,0,Medium,5.1,514,6,179,3.43,5.63,5.01,58.9,64.0
3736,M18595,M,302.2,311.1,1434,58.6,102,0,0,0,0,0,0,Medium,8.1,605,10,18,3.69,6.07,9.46,65.1,79.5
3737,H33150,H,302.2,311.1,1628,30.6,105,0,0,0,0,0,0,High,8.4,593,13,568,2.44,5.4,4.99,60.7,56.0
3738,L50917,L,302.2,311.1,1351,48.6,110,0,0,0,0,0,0,Low,4.6,371,11,348,3.13,6.97,6.54,65.4,64.3
3739,M18598,M,302.3,311.2,1454,43.8,112,0,0,0,0,0,0,Medium,9.4,724,11,60,1.01,6.27,6.48,42.1,67.9
3740,M18599,M,302.2,311.2,1663,29.6,115,0,0,0,0,0,0,Medium,9.4,725,16,210,1.22,5.18,4.32,64.7,68.2
3741,L50920,L,302.3,311.2,1401,49.7,118,0,0,0,0,0,0,Low,8.8,908,8,165,1.98,5.69,7.92,36.9,78.8
3742,L50921,L,302.4,311.3,1503,38.2,120,0,0,0,0,0,0,Low,10.4,780,10,144,1.88,5.6,6.23,68.3,45.6
3743,L50922,L,302.4,311.4,1564,35.0,122,0,0,0,0,0,0,Low,11.2,989,13,162,1.57,5.86,5.42,31.1,79.3
3744,L50923,L,302.5,311.4,1759,24.6,124,0,0,0,0,0,0,Low,7.0,554,7,63,2.0,7.04,4.22,72.3,74.2
3745,L50924,L,302.5,311.4,1409,53.1,126,0,0,0,0,0,0,Low,5.7,376,8,94,2.63,5.77,7.84,71.6,66.7
3746,L50925,L,302.6,311.4,1738,25.8,128,0,0,0,0,0,0,Low,6.9,727,12,78,1.78,5.82,4.78,60.3,72.8
3747,H33160,H,302.5,311.3,1393,47.5,130,0,0,0,0,0,0,High,14.9,1069,18,515,1.44,5.58,7.65,44.8,69.7
3748,L50927,L,302.5,311.1,1499,38.8,135,0,0,0,0,0,0,Low,6.7,577,8,216,1.89,6.07,5.95,53.7,82.5
3749,L50928,L,302.5,311.1,1493,39.0,137,0,0,0,0,0,0,Low,8.9,864,14,54,1.81,5.57,6.17,69.0,70.9
3750,L50929,L,302.4,311.1,1652,33.9,139,0,0,0,0,0,0,Low,7.8,563,8,332,1.62,5.51,5.73,65.2,85.5
3751,L50930,L,302.3,311.1,1589,29.9,141,0,0,0,0,0,0,Low,16.6,804,15,349,1.55,5.65,4.93,45.8,88.1
3752,L50931,L,302.4,311.1,1520,42.2,143,0,0,0,0,0,0,Low,11.3,879,17,156,2.11,6.05,7.35,48.9,73.4
3753,H33166,H,302.3,311.1,1455,40.3,145,0,0,0,0,0,0,High,8.8,832,11,104,1.32,5.88,6.99,93.0,96.2
3754,L50933,L,302.2,311.0,1463,46.8,150,0,0,0,0,0,0,Low,8.8,684,11,331,1.19,5.98,7.43,35.8,52.4
3755,L50934,L,302.3,311.0,1442,43.7,152,0,0,0,0,0,0,Low,10.4,877,11,436,1.11,6.51,6.17,21.3,54.2
3756,L50935,L,302.3,311.0,1329,51.5,154,0,0,0,0,0,0,Low,9.2,820,9,220,1.61,5.28,7.51,24.2,83.1
3757,L50936,L,302.3,311.1,1546,33.1,156,0,0,0,0,0,0,Low,8.2,874,9,930,1.25,6.06,5.37,54.7,78.0
3758,M18617,M,302.2,311.1,1516,33.7,158,0,0,0,0,0,0,Medium,13.6,1148,17,78,2.2,6.66,5.43,44.3,61.3
3759,M18618,M,302.2,311.0,1476,47.4,161,0,0,0,0,0,0,Medium,8.0,766,12,48,2.04,6.68,7.28,52.4,84.8
3760,L50939,L,302.3,311.0,1412,47.0,164,0,0,0,0,0,0,Low,12.7,1364,13,4,2.63,6.11,6.76,68.9,93.4
3761,L50940,L,302.3,310.9,1377,46.8,166,1,0,1,0,0,0,Low,10.0,983,8,268,2.37,6.4,6.93,83.5,61.7
3762,M18621,M,302.4,311.0,1490,37.1,168,0,0,0,0,0,0,Medium,11.1,748,15,95,2.05,6.72,5.63,57.6,60.8
3763,M18622,M,302.3,311.0,1526,37.7,171,0,0,0,0,0,0,Medium,8.5,828,7,45,2.27,5.52,5.95,57.2,76.5
3764,L50943,L,302.3,311.0,1428,47.9,174,0,0,0,0,0,0,Low,9.1,828,16,237,2.9,5.8,7.18,81.7,61.2
3765,L50944,L,302.4,311.0,1329,54.6,176,0,0,0,0,0,0,Low,16.3,961,13,267,2.39,5.7,7.72,64.2,42.8
3766,M18625,M,302.4,311.1,1443,51.8,178,0,0,0,0,0,0,Medium,7.6,713,7,54,3.02,5.9,7.26,62.8,84.6
3767,L50946,L,302.3,311.1,1373,53.0,181,0,0,0,0,0,0,Low,8.6,768,9,88,3.03,5.54,7.77,75.6,73.4
3768,L50947,L,302.3,311.1,1630,35.6,183,0,0,0,0,0,0,Low,9.8,890,8,177,3.11,5.71,5.94,52.4,65.2
3769,L50948,L,302.2,311.0,1555,34.2,185,0,0,0,0,0,0,Low,8.3,798,6,225,1.2,6.28,5.72,33.0,79.9
3770,M18629,M,302.2,311.0,1436,47.0,187,0,0,0,0,0,0,Medium,8.9,813,10,182,2.97,5.78,7.85,55.4,70.8
3771,L50950,L,302.3,311.0,1609,31.0,190,0,0,0,0,0,0,Low,12.1,1141,18,522,2.87,6.04,5.0,42.0,78.2
3772,M18631,M,302.3,311.0,1384,49.7,192,0,0,0,0,0,0,Medium,13.4,1418,12,162,2.39,5.57,7.18,49.1,78.7
3773,L50952,L,302.4,311.1,1448,44.8,195,0,0,0,0,0,0,Low,8.5,972,11,61,2.3,6.49,6.67,45.0,61.3
3774,M18633,M,302.4,311.1,1887,22.4,197,0,0,0,0,0,0,Medium,8.4,932,11,296,2.68,5.0,4.31,55.0,82.0
3775,M18634,M,302.4,311.1,1480,45.7,200,0,0,0,0,0,0,Medium,8.9,786,11,214,2.52,5.88,6.67,58.1,83.8
3776,H33189,H,302.5,311.1,1850,23.3,203,0,0,0,0,0,0,High,18.3,1408,26,99,3.59,6.5,4.55,33.7,71.7
3777,L50956,L,302.5,311.1,1538,36.8,208,0,0,0,0,0,0,Low,12.9,1321,18,259,2.42,5.78,5.66,76.1,90.8
3778,M18637,M,302.4,311.1,1721,30.1,210,0,0,0,0,0,0,Medium,11.2,1001,16,431,4.0,5.44,5.88,68.1,70.1
3779,M18638,M,302.4,311.1,1366,54.4,0,0,0,0,0,0,0,Medium,5.1,5,9,237,1.5,6.72,7.91,38.8,78.1
3780,L50959,L,302.3,311.0,1657,31.1,3,0,0,0,0,0,0,Low,4.0,72,6,382,0.6,5.52,5.06,59.4,67.4
3781,L50960,L,302.4,311.1,1446,42.9,5,0,0,0,0,0,0,Low,2.6,30,3,350,0.91,5.83,6.62,91.1,47.2
3782,L50961,L,302.3,310.8,1465,43.8,7,0,0,0,0,0,0,Low,2.5,39,1,28,1.48,5.81,6.76,57.6,86.5
3783,L50962,L,302.2,310.8,1827,23.8,9,0,0,0,0,0,0,Low,1.8,53,1,55,2.17,5.64,4.3,55.4,75.3
3784,H33197,H,302.2,310.8,1397,47.6,11,0,0,0,0,0,0,High,4.2,23,8,221,1.99,6.7,6.95,33.7,55.9
3785,L50964,L,302.2,310.8,1744,29.7,16,0,0,0,0,0,0,Low,5.3,46,7,572,1.19,5.05,5.48,43.4,69.8
3786,L50965,L,302.3,310.9,1545,36.7,18,0,0,0,0,0,0,Low,1.0,120,2,331,1.51,5.57,6.58,57.1,74.1
3787,L50966,L,302.3,310.9,1587,36.6,20,0,0,0,0,0,0,Low,4.8,96,4,113,1.41,5.91,5.75,64.3,75.0
3788,L50967,L,302.3,310.8,1377,47.3,22,1,0,1,0,0,0,Low,4.5,121,6,764,2.54,6.33,6.95,46.7,58.2
3789,L50968,L,302.3,310.8,1511,48.1,24,0,0,0,0,0,0,Low,2.5,91,3,406,1.52,5.34,7.17,56.8,68.3
3790,L50969,L,302.3,310.8,1650,32.4,26,0,0,0,0,0,0,Low,2.5,130,1,181,2.0,6.34,5.5,78.8,67.2
3791,L50970,L,302.3,310.9,1412,48.9,28,0,0,0,0,0,0,Low,4.3,125,7,253,1.96,6.28,6.87,57.3,72.5
3792,L50971,L,302.3,311.0,1528,43.1,30,0,0,0,0,0,0,Low,1.6,115,2,25,2.42,5.2,7.4,72.1,69.1
3793,L50972,L,302.3,310.9,1459,35.0,32,0,0,0,0,0,0,Low,3.5,198,3,26,1.8,5.62,5.69,53.0,67.1
3794,L50973,L,302.3,310.9,1379,49.3,34,1,0,1,0,0,0,Low,4.3,168,5,444,1.23,5.88,7.52,71.2,61.0
3795,M18654,M,302.2,310.8,1356,48.3,36,0,0,0,0,0,0,Medium,8.0,288,11,160,3.05,6.71,6.65,62.9,83.5
3796,M18655,M,302.1,310.8,1409,41.3,39,0,0,0,0,0,0,Medium,9.1,254,15,222,1.63,6.77,5.84,42.9,66.2
3797,M18656,M,302.1,310.8,1504,37.5,42,0,0,0,0,0,0,Medium,4.0,360,4,106,2.36,6.45,5.91,39.6,74.0
3798,L50977,L,302.1,310.8,1622,36.8,45,0,0,0,0,0,0,Low,6.2,375,4,808,1.92,5.66,6.84,74.7,41.1
3799,L50978,L,302.1,310.8,1786,25.7,47,0,0,0,0,0,0,Low,4.7,278,6,225,1.99,6.09,5.05,64.3,74.1
3800,L50979,L,302.2,310.9,1506,34.0,49,0,0,0,0,0,0,Low,5.5,217,7,22,1.63,6.14,6.02,40.3,85.3
3801,M18660,M,302.1,310.9,1916,23.1,51,0,0,0,0,0,0,Medium,4.1,236,4,273,1.07,5.23,4.56,54.5,76.0
3802,M18661,M,302.2,310.9,1771,27.6,54,0,0,0,0,0,0,Medium,6.7,343,6,30,1.29,5.84,5.12,64.1,66.5
3803,M18662,M,302.2,310.9,1488,44.2,57,0,0,0,0,0,0,Medium,5.6,330,9,225,1.83,6.92,7.14,25.2,73.9
3804,L50983,L,302.2,310.9,1531,37.5,60,0,0,0,0,0,0,Low,3.9,291,4,629,2.59,5.32,6.0,58.5,56.1
3805,L50984,L,302.3,310.9,1529,33.4,62,0,0,0,0,0,0,Low,6.1,273,8,367,0.96,6.17,5.33,65.4,72.0
3806,M18665,M,302.4,311.0,1580,36.5,64,0,0,0,0,0,0,Medium,7.5,643,7,154,2.02,6.0,5.73,55.9,62.2
3807,M18666,M,302.3,310.9,1360,44.0,67,1,0,1,0,0,0,Medium,6.0,417,8,68,2.21,5.47,6.0,66.4,87.3
3808,M18667,M,302.3,311.0,1546,35.5,70,0,0,0,0,0,0,Medium,4.0,340,6,166,1.93,6.42,6.41,39.9,87.3
3809,M18668,M,302.3,310.9,1762,24.5,73,0,0,0,0,0,0,Medium,5.2,389,5,157,1.61,5.61,4.4,83.2,70.0
3810,L50989,L,302.2,310.8,1350,56.6,76,0,0,0,0,0,0,Low,8.7,383,9,647,2.4,6.79,8.45,15.0,54.7
3811,M18670,M,302.2,310.8,1562,38.1,78,0,0,0,0,0,0,Medium,4.6,372,6,212,0.48,7.38,5.72,31.5,53.0
3812,M18671,M,302.1,310.7,1608,30.3,81,0,0,0,0,0,0,Medium,10.8,453,16,7,2.89,6.0,5.12,66.9,100.0
3813,L50992,L,302.0,310.6,1392,50.0,84,0,0,0,0,0,0,Low,6.9,519,9,536,3.29,7.13,6.91,57.7,69.8
3814,L50993,L,302.0,310.6,1467,44.9,86,0,0,0,0,0,0,Low,6.9,476,6,76,1.77,6.09,6.82,29.0,70.5
3815,M18674,M,302.1,310.6,1326,59.1,88,1,0,1,0,0,0,Medium,4.4,375,7,354,2.28,4.78,8.59,72.6,62.4
3816,L50995,L,302.2,310.7,1769,24.9,91,0,0,0,0,0,0,Low,8.6,552,6,74,2.13,5.76,4.55,38.0,60.9
3817,L50996,L,302.1,310.6,1459,47.6,93,0,0,0,0,0,0,Low,4.5,469,1,97,2.74,6.0,7.97,64.3,83.5
3818,M18677,M,302.1,310.6,1421,52.0,95,0,0,0,0,0,0,Medium,6.0,485,8,349,2.1,7.1,7.87,15.0,73.4
3819,L50998,L,302.1,310.7,1491,42.8,98,0,0,0,0,0,0,Low,4.3,359,6,367,1.11,6.08,6.75,31.7,61.7
3820,L50999,L,302.2,310.7,1567,36.4,100,0,0,0,0,0,0,Low,5.3,546,6,187,1.96,4.68,5.87,69.0,76.3
3821,L51000,L,302.3,310.8,1421,41.4,102,0,0,0,0,0,0,Low,7.5,456,9,308,1.65,6.27,5.89,84.2,76.5
3822,L51001,L,302.3,310.9,1596,33.5,104,0,0,0,0,0,0,Low,5.8,450,8,83,1.76,6.04,5.4,57.6,77.2
3823,M18682,M,302.4,311.0,1464,44.2,106,0,0,0,0,0,0,Medium,7.1,551,10,91,1.86,5.91,6.94,56.9,95.1
3824,M18683,M,302.3,310.9,1581,36.1,109,0,0,0,0,0,0,Medium,6.7,642,6,628,1.21,5.98,5.75,32.7,58.7
3825,L51004,L,302.3,310.9,1620,30.3,112,0,0,0,0,0,0,Low,9.0,580,10,69,1.24,6.65,5.07,44.5,56.2
3826,H33239,H,302.2,310.7,1413,48.9,114,0,0,0,0,0,0,High,8.4,667,13,457,0.7,6.13,7.12,40.3,71.0
3827,H33240,H,302.3,310.8,1438,43.8,119,0,0,0,0,0,0,High,10.2,484,16,260,1.39,6.13,7.15,43.8,66.7
3828,M18687,M,302.4,310.9,1469,41.6,124,0,0,0,0,0,0,Medium,6.8,640,10,369,1.24,5.71,6.45,32.1,67.7
3829,M18688,M,302.3,310.8,1762,27.8,127,0,0,0,0,0,0,Medium,6.5,606,9,354,1.59,5.19,5.2,66.3,75.0
3830,H33243,H,302.3,310.9,1366,48.4,130,1,0,1,0,0,0,High,11.0,905,13,153,2.36,6.15,6.63,47.7,59.5
3831,L51010,L,302.3,310.9,1891,22.7,135,0,0,0,0,0,0,Low,14.0,885,16,402,3.22,5.59,4.3,76.6,49.3
3832,M18691,M,302.3,310.9,1742,29.7,137,0,0,0,0,0,0,Medium,5.1,417,3,207,1.24,6.05,5.14,40.9,80.8
3833,M18692,M,302.2,310.9,1465,43.5,140,0,0,0,0,0,0,Medium,7.0,816,10,367,2.42,4.8,6.64,51.7,70.2
3834,M18693,M,302.3,311.0,1541,36.6,143,0,0,0,0,0,0,Medium,8.4,911,16,140,1.39,6.05,5.42,56.7,91.2
3835,M18694,M,302.3,311.1,1295,57.1,146,0,0,0,0,0,0,Medium,10.4,590,12,51,2.36,6.03,8.03,47.4,84.7
3836,M18695,M,302.3,311.1,1435,43.1,149,0,0,0,0,0,0,Medium,7.9,721,8,252,1.47,6.05,6.62,32.1,73.0
3837,L51016,L,302.4,311.2,1466,43.9,152,0,0,0,0,0,0,Low,13.6,730,15,309,1.44,6.16,6.33,59.0,54.1
3838,L51017,L,302.4,311.2,1450,47.9,154,0,0,0,0,0,0,Low,7.6,798,11,269,2.91,6.32,7.19,67.1,93.0
3839,L51018,L,302.4,311.1,1880,24.5,156,0,0,0,0,0,0,Low,10.8,882,18,511,2.02,6.27,5.1,59.7,40.7
3840,M18699,M,302.3,311.0,1578,33.5,158,0,0,0,0,0,0,Medium,10.6,854,10,799,2.87,5.86,5.52,71.1,58.4
3841,L51020,L,302.4,311.0,1610,33.1,161,0,0,0,0,0,0,Low,10.9,1236,11,68,2.49,6.54,5.23,43.6,60.8
3842,L51021,L,302.4,311.1,1565,42.8,163,0,0,0,0,0,0,Low,8.0,882,16,89,2.45,5.96,7.44,88.4,73.7
3843,L51022,L,302.5,311.2,1545,40.1,165,0,0,0,0,0,0,Low,8.3,754,14,473,1.62,5.19,6.82,52.3,67.9
3844,L51023,L,302.5,311.2,1227,60.1,167,0,0,0,0,0,0,Low,8.0,521,14,46,4.28,6.5,8.19,52.5,64.4
3845,L51024,L,302.4,311.1,1484,45.9,169,0,0,0,0,0,0,Low,10.2,845,12,123,2.29,5.91,6.78,63.6,59.7
3846,L51025,L,302.3,311.0,1591,32.7,171,0,0,0,0,0,0,Low,15.7,1636,16,5,1.73,5.75,6.3,84.3,70.1
3847,L51026,L,302.3,310.9,1403,47.2,173,0,0,0,0,0,0,Low,10.0,952,14,80,2.24,6.91,7.06,50.4,74.1
3848,M18707,M,302.3,311.0,1450,45.7,175,0,0,0,0,0,0,Medium,4.1,457,4,44,2.19,5.89,6.91,74.7,80.7
3849,L51028,L,302.3,310.9,1720,28.1,178,0,0,0,0,0,0,Low,7.3,741,10,44,2.5,6.13,5.14,57.6,79.8
3850,L51029,L,302.3,311.0,1561,37.2,180,0,0,0,0,0,0,Low,10.3,1178,19,14,2.48,6.61,6.34,29.0,69.0
3851,M18710,M,302.3,311.0,1421,41.3,182,0,0,0,0,0,0,Medium,9.7,798,11,183,2.12,5.69,6.62,58.9,62.5
3852,H33265,H,302.2,310.9,1415,48.4,185,0,0,0,0,0,0,High,10.7,1184,12,49,2.01,6.48,6.87,52.7,91.1
3853,L51032,L,302.3,310.9,2034,19.7,190,0,0,0,0,0,0,Low,17.2,1412,22,13,2.52,6.02,4.13,78.7,57.1
3854,L51033,L,302.4,311.0,1486,40.4,192,0,0,0,0,0,0,Low,11.6,1096,19,295,2.48,6.79,6.04,39.9,78.0
3855,L51034,L,302.4,311.0,1338,67.6,194,1,0,0,1,1,0,Low,9.5,1008,21,211,2.36,5.77,8.69,46.3,62.1
3856,H33269,H,302.4,311.1,1578,32.3,196,0,0,0,0,0,0,High,18.6,1650,18,256,3.73,5.59,5.41,37.5,73.0
3857,M18716,M,302.4,311.2,1330,58.6,201,0,0,0,0,0,0,Medium,12.6,1422,20,1,3.23,6.25,8.55,67.6,91.0
3858,H33271,H,302.4,311.2,1506,40.8,204,0,0,0,0,0,0,High,9.4,1038,9,282,3.1,5.42,6.18,54.6,69.2
3859,L51038,L,302.5,311.4,1559,37.6,209,0,0,0,0,0,0,Low,11.4,1234,13,275,2.64,6.74,5.94,61.1,76.4
3860,L51039,L,302.6,311.5,1599,37.0,211,0,0,0,0,0,0,Low,13.5,1032,17,873,3.68,5.82,5.99,62.9,59.5
3861,L51040,L,302.6,311.5,1427,38.9,213,0,0,0,0,0,0,Low,20.3,1527,21,484,2.26,7.03,6.1,21.6,68.4
3862,M18721,M,302.5,311.5,1481,41.1,215,0,0,0,0,0,0,Medium,8.5,962,5,73,3.96,5.41,6.21,19.3,74.4
3863,H33276,H,302.5,311.5,1496,43.8,218,0,0,0,0,0,0,High,25.0,1540,28,95,2.92,6.64,6.1,72.3,78.5
3864,L51043,L,302.5,311.4,1674,27.0,223,0,0,0,0,0,0,Low,10.4,801,18,368,2.29,5.8,4.75,44.6,61.4
3865,M18724,M,302.5,311.4,1629,31.7,225,0,0,0,0,0,0,Medium,16.8,1820,18,213,2.69,5.61,5.29,64.5,65.8
3866,H33279,H,302.6,311.5,1629,34.4,228,1,1,0,0,0,0,High,16.4,1548,23,375,3.3,6.24,5.56,55.7,59.0
3867,L51046,L,302.6,311.6,1311,53.2,0,0,0,0,0,0,0,Low,5.1,21,5,103,1.74,6.14,7.31,82.3,83.2
3868,M18727,M,302.7,311.6,2709,9.7,2,1,0,0,1,0,0,Medium,1.2,5,1,41,4.11,6.22,2.78,53.2,100.0
3869,M18728,M,302.7,311.7,1759,29.9,5,0,0,0,0,0,0,Medium,5.2,31,8,96,1.23,5.54,5.42,67.6,86.1
3870,L51049,L,302.7,311.7,1480,45.2,8,0,0,0,0,0,0,Low,2.6,27,6,380,1.04,5.09,6.94,55.8,76.8
3871,L51050,L,302.7,311.8,1461,46.1,10,0,0,0,0,0,0,Low,0.9,41,0,36,1.15,6.41,6.45,58.3,66.8
3872,M18731,M,302.7,311.8,1728,30.0,12,0,0,0,0,0,0,Medium,4.4,86,5,491,1.97,5.56,5.16,49.3,43.1
3873,L51052,L,302.7,311.9,1389,46.5,15,0,0,0,0,0,0,Low,6.9,72,10,207,2.03,6.06,6.86,56.8,44.0
3874,L51053,L,302.6,311.8,1638,35.1,17,0,0,0,0,0,0,Low,4.3,134,8,68,1.0,6.35,6.24,48.3,41.5
3875,L51054,L,302.6,311.7,1254,54.1,19,0,0,0,0,0,0,Low,2.1,139,5,99,2.55,6.15,6.83,39.0,73.4
3876,L51055,L,302.6,311.8,1427,50.1,21,0,0,0,0,0,0,Low,4.0,85,8,232,2.33,5.92,8.18,48.0,61.4
3877,L51056,L,302.6,311.8,1627,31.8,23,0,0,0,0,0,0,Low,4.5,194,2,76,1.7,5.63,5.36,50.2,77.0
3878,H33291,H,302.6,311.7,1471,48.3,25,0,0,0,0,0,0,High,4.5,127,7,264,1.24,6.69,7.17,62.8,77.0
3879,L51058,L,302.6,311.7,1773,27.1,30,0,0,0,0,0,0,Low,2.4,234,4,646,2.11,6.41,5.07,36.1,57.1
3880,M18739,M,302.6,311.7,1430,51.7,32,0,0,0,0,0,0,Medium,2.2,192,5,78,1.58,6.74,7.87,33.4,64.5
3881,L51060,L,302.5,311.6,1595,29.5,35,0,0,0,0,0,0,Low,3.5,243,6,52,1.85,5.29,4.94,63.3,89.6
3882,L51061,L,302.5,311.5,1521,44.1,37,0,0,0,0,0,0,Low,5.6,151,7,247,1.23,5.63,7.01,53.6,76.7
3883,L51062,L,302.5,311.6,1419,43.7,39,0,0,0,0,0,0,Low,5.4,182,3,342,1.21,5.78,6.67,78.9,69.3
3884,M18743,M,302.4,311.4,1534,40.1,41,0,0,0,0,0,0,Medium,5.7,123,9,186,0.73,6.21,6.87,33.7,73.7
3885,H33298,H,302.5,311.5,1626,36.0,44,0,0,0,0,0,0,High,5.9,285,4,731,1.93,6.99,5.83,47.8,71.5
3886,L51065,L,302.5,311.5,1677,29.2,49,0,0,0,0,0,0,Low,6.5,282,3,292,1.64,5.99,4.92,77.6,63.8
3887,L51066,L,302.4,311.3,1392,50.5,51,0,0,0,0,0,0,Low,5.8,352,9,88,2.4,5.78,7.39,29.1,85.6
3888,L51067,L,302.4,311.2,1448,50.5,53,0,0,0,0,0,0,Low,4.0,223,6,42,2.87,6.19,7.98,62.7,82.3
3889,L51068,L,302.3,311.2,1903,22.9,55,0,0,0,0,0,0,Low,6.5,331,5,401,1.8,5.11,4.14,55.7,85.6
3890,L51069,L,302.4,311.2,1404,52.0,57,0,0,0,0,0,0,Low,4.0,383,2,193,1.24,4.78,7.7,66.9,90.5
3891,L51070,L,302.3,311.2,1386,53.5,59,0,0,0,0,0,0,Low,4.5,413,10,440,2.34,5.34,8.41,67.5,74.9
3892,L51071,L,302.2,311.1,1418,47.0,61,0,0,0,0,0,0,Low,4.8,482,3,147,2.56,5.78,7.07,39.9,86.5
3893,M18752,M,302.3,311.1,1338,53.3,63,0,0,0,0,0,0,Medium,7.8,611,11,257,1.5,6.31,7.68,77.3,70.5
3894,L51073,L,302.3,311.2,1549,40.6,66,0,0,0,0,0,0,Low,4.5,435,2,420,1.06,6.67,6.62,57.0,76.4
3895,M18754,M,302.3,311.2,1432,42.7,68,0,0,0,0,0,0,Medium,3.0,338,1,43,1.33,6.81,6.5,59.0,58.9
3896,M18755,M,302.3,311.2,1546,40.0,71,0,0,0,0,0,0,Medium,5.0,526,5,38,2.52,6.54,6.7,62.0,90.4
3897,M18756,M,302.2,311.2,1627,33.2,74,0,0,0,0,0,0,Medium,10.9,547,13,49,1.28,5.19,5.43,65.2,76.6
3898,M18757,M,302.2,311.1,1640,32.8,77,0,0,0,0,0,0,Medium,4.9,255,5,173,2.06,5.84,5.26,36.7,59.0
3899,M18758,M,302.1,311.1,1423,36.8,80,0,0,0,0,0,0,Medium,8.8,473,10,5,1.41,6.84,5.64,59.5,85.7
3900,M18759,M,302.1,311.0,1711,28.7,83,0,0,0,0,0,0,Medium,4.0,411,6,473,2.6,5.11,5.15,60.0,80.1
3901,M18760,M,302.1,311.1,1450,51.6,86,0,0,0,0,0,0,Medium,6.9,418,7,312,2.22,6.05,8.57,44.8,71.9
3902,H33315,H,302.2,311.1,1553,34.1,89,0,0,0,0,0,0,High,4.3,428,8,505,2.02,5.99,5.16,61.6,62.4
3903,L51082,L,302.2,311.1,1630,34.6,94,0,0,0,0,0,0,Low,9.5,742,8,70,1.6,6.46,6.18,57.3,50.7
3904,H33317,H,302.2,311.1,1476,39.6,96,0,0,0,0,0,0,High,8.8,493,10,276,0.96,4.31,5.82,35.0,69.3
3905,H33318,H,302.2,311.1,1426,50.6,101,0,0,0,0,0,0,High,10.1,763,15,410,2.27,6.41,7.63,61.8,86.7
3906,M18765,M,302.2,311.2,1561,34.9,106,0,0,0,0,0,0,Medium,5.1,307,7,618,1.99,5.25,5.89,45.9,56.6
3907,L51086,L,302.3,311.2,1297,62.5,109,0,0,0,0,0,0,Low,13.2,854,19,42,2.15,6.61,8.49,76.6,68.3
3908,M18767,M,302.3,311.2,1842,23.9,111,0,0,0,0,0,0,Medium,10.5,747,9,541,1.92,5.18,4.63,56.2,78.3
3909,L51088,L,302.3,311.2,1633,36.4,114,0,0,0,0,0,0,Low,8.1,826,12,361,2.02,6.05,6.18,39.1,50.5
3910,H33323,H,302.3,311.3,1744,30.3,116,0,0,0,0,0,0,High,8.2,890,14,83,0.81,4.78,5.54,67.5,67.3
3911,L51090,L,302.4,311.4,1831,26.9,121,0,0,0,0,0,0,Low,14.3,468,13,60,1.78,5.33,4.84,38.4,82.8
3912,M18771,M,302.3,311.3,1339,50.8,123,0,0,0,0,0,0,Medium,4.5,378,13,106,1.98,6.33,6.79,63.0,82.8
3913,L51092,L,302.4,311.4,1475,40.4,126,0,0,0,0,0,0,Low,8.4,748,14,142,1.42,5.59,6.23,43.9,58.5
3914,M18773,M,302.4,311.4,1675,29.6,128,0,0,0,0,0,0,Medium,9.4,1002,10,73,2.06,6.32,5.21,60.1,84.3
3915,L51094,L,302.5,311.5,1493,35.1,131,0,0,0,0,0,0,Low,14.0,1183,16,18,0.33,6.16,5.46,27.4,85.1
3916,L51095,L,302.5,311.5,1700,29.5,133,0,0,0,0,0,0,Low,7.2,729,8,262,1.88,5.86,4.97,29.1,62.4
3917,L51096,L,302.6,311.6,1453,37.0,135,0,0,0,0,0,0,Low,8.6,745,11,144,0.69,4.69,5.9,72.5,72.8
3918,L51097,L,302.6,311.7,1542,34.1,137,0,0,0,0,0,0,Low,10.6,888,20,858,2.12,6.07,5.59,69.5,69.4
3919,M18778,M,302.5,311.5,1358,52.7,139,0,0,0,0,0,0,Medium,7.4,712,4,120,1.99,6.47,7.6,64.3,70.2
3920,H33333,H,302.5,311.5,1655,32.3,142,0,0,0,0,0,0,High,8.7,663,10,650,1.35,6.27,5.61,71.0,43.6
3921,L51100,L,302.6,311.5,1885,27.5,147,0,0,0,0,0,0,Low,12.9,692,19,147,1.6,5.44,5.15,47.9,81.3
3922,L51101,L,302.7,311.5,1494,41.4,149,0,0,0,0,0,0,Low,10.2,883,8,12,2.14,6.14,5.95,43.2,90.3
3923,M18782,M,302.6,311.4,1757,29.5,151,0,0,0,0,0,0,Medium,12.7,1056,24,161,2.21,5.83,5.44,44.0,75.7
3924,M18783,M,302.6,311.4,1718,31.2,154,0,0,0,0,0,0,Medium,7.8,721,11,95,2.54,6.05,5.43,48.1,68.7
3925,M18784,M,302.5,311.4,1636,35.0,157,0,0,0,0,0,0,Medium,8.5,822,7,338,1.95,6.7,5.82,72.8,68.9
3926,L51105,L,302.6,311.6,1638,29.6,160,0,0,0,0,0,0,Low,6.5,687,10,48,1.02,6.12,5.25,49.7,63.3
3927,L51106,L,302.6,311.5,1609,36.0,162,0,0,0,0,0,0,Low,8.6,707,8,25,2.98,5.66,6.01,42.0,52.4
3928,H33341,H,302.7,311.5,1556,35.0,164,0,0,0,0,0,0,High,15.0,1216,14,672,2.4,6.29,5.89,62.6,71.9
3929,L51108,L,302.6,311.5,1442,59.8,169,1,0,0,1,0,0,Low,14.3,1269,17,151,3.52,6.13,8.73,46.0,84.1
3930,M18789,M,302.7,311.6,1501,38.8,171,0,0,0,0,0,0,Medium,10.5,1058,10,130,1.17,6.59,6.0,56.0,82.9
3931,M18790,M,302.6,311.6,2041,19.2,174,0,0,0,0,0,0,Medium,12.0,1205,12,71,4.65,5.24,4.08,69.5,75.0
3932,M18791,M,302.7,311.7,1784,25.1,177,0,0,0,0,0,0,Medium,13.8,790,17,84,3.14,5.23,4.27,53.6,91.0
3933,L51112,L,302.6,311.6,1953,22.4,180,0,0,0,0,0,0,Low,10.9,892,14,76,4.44,5.78,4.4,58.6,75.0
3934,L51113,L,302.6,311.6,1576,34.7,182,0,0,0,0,0,0,Low,10.4,744,6,242,2.43,4.93,6.11,67.0,71.8
3935,M18794,M,302.6,311.6,1518,39.0,184,0,0,0,0,0,0,Medium,11.9,874,15,809,2.55,5.74,5.99,66.2,20.2
3936,M18795,M,302.6,311.6,1227,68.2,187,1,0,0,0,1,0,Medium,9.8,973,10,5,3.92,6.22,8.83,44.4,71.8
3937,L51116,L,302.5,311.5,1985,18.8,190,0,0,0,0,0,0,Low,7.9,763,11,11,2.39,6.57,3.76,43.4,51.0
3938,L51117,L,302.5,311.5,1802,26.4,192,0,0,0,0,0,0,Low,9.5,933,11,295,3.16,5.72,4.8,40.8,85.8
3939,L51118,L,302.5,311.5,1603,32.4,194,0,0,0,0,0,0,Low,10.2,1040,9,13,2.77,6.48,5.5,58.0,75.6
3940,L51119,L,302.5,311.6,1400,54.0,196,0,0,0,0,0,0,Low,12.2,709,9,184,3.15,6.18,7.44,52.1,87.5
3941,L51120,L,302.3,311.5,1395,54.2,198,0,0,0,0,0,0,Low,10.6,1022,13,78,3.02,5.97,8.23,62.0,59.9
3942,L51121,L,302.2,311.4,1987,19.9,200,0,0,0,0,0,0,Low,15.3,1155,19,53,3.29,5.32,4.29,35.2,74.4
3943,M18802,M,302.2,311.4,1398,47.2,202,0,0,0,0,0,0,Medium,12.8,1282,10,49,3.78,5.67,7.11,44.2,69.1
3944,L51123,L,302.3,311.4,1333,66.7,205,1,0,0,1,1,0,Low,9.6,877,10,224,3.6,5.77,8.32,69.1,43.4
3945,L51124,L,302.2,311.2,1381,49.4,207,0,0,0,0,0,0,Low,6.8,767,9,11,2.88,5.84,7.15,51.3,90.8
3946,L51125,L,302.2,311.3,1570,36.1,0,0,0,0,0,0,0,Low,1.6,5,2,70,2.01,5.65,6.49,52.3,85.4
3947,M18806,M,302.2,311.3,1658,31.0,2,0,0,0,0,0,0,Medium,6.4,5,5,241,2.0,6.46,4.88,35.5,73.4
3948,H33361,H,302.2,311.3,1749,29.2,5,0,0,0,0,0,0,High,6.3,7,12,71,2.12,5.86,5.78,68.0,82.0
3949,M18808,M,302.2,311.3,1510,37.1,10,0,0,0,0,0,0,Medium,2.0,57,3,136,1.46,6.96,5.13,67.5,62.9
3950,L51129,L,302.3,311.5,1384,50.8,13,0,0,0,0,0,0,Low,0.8,67,1,126,1.27,5.49,7.57,59.8,58.0
3951,L51130,L,302.3,311.4,1570,37.2,15,0,0,0,0,0,0,Low,2.1,124,5,843,0.88,6.46,5.61,37.5,49.2
3952,M18811,M,302.3,311.4,1571,32.7,17,0,0,0,0,0,0,Medium,2.4,100,0,344,1.79,5.28,5.43,68.2,58.5
3953,L51132,L,302.3,311.4,1476,37.3,20,0,0,0,0,0,0,Low,2.5,118,7,14,1.16,5.83,6.09,26.1,71.5
3954,M18813,M,302.3,311.4,1484,39.5,22,0,0,0,0,0,0,Medium,2.5,111,1,702,1.66,5.84,5.74,54.2,63.9
3955,M18814,M,302.3,311.4,1909,23.2,25,0,0,0,0,0,0,Medium,3.7,147,0,371,2.19,5.79,5.13,50.7,64.7
3956,L51135,L,302.3,311.5,1448,49.6,28,0,0,0,0,0,0,Low,3.0,243,2,74,2.77,6.67,7.1,75.6,93.8
3957,M18816,M,302.3,311.4,1500,40.2,30,0,0,0,0,0,0,Medium,3.7,185,4,351,1.28,6.05,6.42,70.4,48.6
3958,L51137,L,302.2,311.4,1510,44.9,33,0,0,0,0,0,0,Low,3.9,114,5,25,2.06,7.01,6.73,88.3,82.8
3959,L51138,L,302.2,311.3,1378,55.5,35,0,0,0,0,0,0,Low,3.4,204,2,69,1.46,6.8,8.5,37.1,64.2
3960,M18819,M,302.2,311.4,1538,37.4,37,0,0,0,0,0,0,Medium,4.5,235,4,174,1.9,5.93,6.54,67.8,67.2
3961,L51140,L,302.2,311.4,1390,48.1,40,0,0,0,0,0,0,Low,8.5,172,6,387,2.27,6.61,6.86,60.6,87.3
3962,M18821,M,302.2,311.4,1642,32.1,42,0,0,0,0,0,0,Medium,5.3,171,4,101,2.37,5.24,5.95,47.1,66.7
3963,L51142,L,302.4,311.5,1785,24.8,45,0,0,0,0,0,0,Low,5.6,254,3,134,1.7,5.88,4.7,49.4,65.1
3964,H33377,H,302.3,311.5,1526,38.2,47,0,0,0,0,0,0,High,4.2,294,3,325,2.06,5.88,6.01,77.3,62.0
3965,M18824,M,302.3,311.6,1668,33.2,52,0,0,0,0,0,0,Medium,4.0,301,3,262,2.67,6.21,5.48,53.8,67.0
3966,L51145,L,302.3,311.5,1507,37.5,55,0,0,0,0,0,0,Low,5.2,346,8,123,1.23,6.34,5.69,39.8,72.9
3967,L51146,L,302.3,311.5,1530,37.8,57,0,0,0,0,0,0,Low,6.4,359,6,415,1.7,5.47,6.33,72.4,64.9
3968,M18827,M,302.3,311.4,1479,45.6,59,0,0,0,0,0,0,Medium,6.1,389,4,832,1.97,6.24,6.79,67.3,36.5
3969,M18828,M,302.3,311.4,1418,41.3,62,0,0,0,0,0,0,Medium,5.7,363,11,279,1.2,6.73,6.34,58.8,58.2
3970,L51149,L,302.3,311.4,1504,38.7,65,0,0,0,0,0,0,Low,7.5,379,13,48,1.36,6.39,6.0,37.5,86.2
3971,M18830,M,302.3,311.4,1345,47.6,67,0,0,0,0,0,0,Medium,7.4,496,6,58,1.46,6.24,7.23,23.1,84.6
3972,H33385,H,302.2,311.4,1625,35.4,70,0,0,0,0,0,0,High,7.4,389,12,90,1.85,6.48,5.82,89.3,76.0
3973,L51152,L,302.3,311.4,1511,34.7,75,0,0,0,0,0,0,Low,4.3,381,6,560,1.12,4.63,5.04,50.5,58.3
3974,L51153,L,302.3,311.4,1535,41.8,77,0,0,0,0,0,0,Low,2.9,255,3,83,0.97,4.93,6.29,85.9,73.9
3975,L51154,L,302.4,311.5,1505,37.9,79,0,0,0,0,0,0,Low,10.8,501,12,2,2.65,6.92,6.12,61.3,65.6
3976,H33389,H,302.4,311.5,1540,43.7,81,0,0,0,0,0,0,High,3.1,347,0,231,1.97,6.36,7.03,65.7,85.2
3977,H33390,H,302.3,311.4,1372,46.0,86,0,0,0,0,0,0,High,4.5,426,5,181,1.08,6.18,6.61,35.5,84.1
3978,M18837,M,302.2,311.3,1510,36.6,91,0,0,0,0,0,0,Medium,6.3,542,6,351,0.8,6.04,5.98,84.8,70.2
3979,L51158,L,302.2,311.3,1382,46.4,94,0,0,0,0,0,0,Low,9.0,408,10,386,0.33,5.99,6.31,54.4,59.8
3980,L51159,L,302.3,311.3,1439,41.8,96,0,0,0,0,0,0,Low,3.9,372,2,20,0.92,6.24,6.09,56.1,79.6
3981,M18840,M,302.2,311.3,1375,47.0,98,0,0,0,0,0,0,Medium,4.3,465,3,148,1.0,6.17,6.62,67.4,79.3
3982,M18841,M,302.2,311.3,1931,21.9,101,0,0,0,0,0,0,Medium,6.2,599,7,325,2.17,5.69,4.46,38.7,69.7
3983,L51162,L,302.2,311.3,1475,48.6,104,0,0,0,0,0,0,Low,6.6,605,6,264,1.69,6.16,7.18,79.3,59.1
3984,L51163,L,302.2,311.3,1389,46.9,106,0,0,0,0,0,0,Low,8.8,750,14,20,0.93,6.14,6.66,38.0,86.9
3985,L51164,L,302.3,311.3,1652,32.8,108,0,0,0,0,0,0,Low,9.8,754,11,83,2.23,5.62,5.52,59.3,80.8
3986,L51165,L,302.3,311.2,1386,50.3,110,0,0,0,0,0,0,Low,9.8,645,11,329,1.11,6.66,6.73,57.4,55.9
3987,M18846,M,302.2,311.3,1577,29.8,112,0,0,0,0,0,0,Medium,7.1,775,4,51,2.08,5.6,4.79,76.8,75.3
3988,M18847,M,302.3,311.3,1444,43.1,115,0,0,0,0,0,0,Medium,4.5,516,7,748,0.98,5.59,6.65,31.5,49.5
3989,L51168,L,302.2,311.3,1554,40.2,118,0,0,0,0,0,0,Low,6.1,435,7,180,2.14,5.74,6.16,39.2,67.9
3990,L51169,L,302.2,311.3,1602,32.8,120,0,0,0,0,0,0,Low,7.3,781,6,833,1.22,5.14,5.1,59.7,55.3
3991,H33404,H,302.2,311.2,1692,28.2,122,0,0,0,0,0,0,High,6.6,614,6,187,1.37,5.87,4.91,24.7,56.8
3992,L51171,L,302.3,311.3,1682,34.4,127,0,0,0,0,0,0,Low,9.3,898,15,275,2.55,5.73,5.85,25.0,58.9
3993,L51172,L,302.3,311.3,1614,34.1,129,0,0,0,0,0,0,Low,7.6,723,5,286,0.98,6.31,5.21,41.0,83.8
3994,L51173,L,302.3,311.3,1324,47.8,131,0,0,0,0,0,0,Low,7.0,794,8,72,2.5,5.96,5.99,53.7,51.9
3995,L51174,L,302.3,311.4,1434,40.3,133,0,0,0,0,0,0,Low,7.8,614,10,687,1.35,5.06,6.34,31.7,68.6
3996,L51175,L,302.3,311.3,1621,31.6,135,0,0,0,0,0,0,Low,15.5,855,13,324,1.27,5.7,5.15,60.8,70.9
3997,M18856,M,302.3,311.3,1625,33.1,137,0,0,0,0,0,0,Medium,6.9,566,9,122,1.87,5.17,5.87,66.7,84.5
3998,L51177,L,302.2,311.1,1394,53.7,140,0,0,0,0,0,0,Low,15.8,790,20,122,2.49,6.61,8.07,30.8,56.7
3999,L51178,L,302.1,311.0,1586,35.1,142,0,0,0,0,0,0,Low,7.5,876,8,93,1.15,6.57,6.31,67.2,78.2
4000,L51179,L,302.0,311.0,1420,45.9,144,0,0,0,0,0,0,Low,9.8,1039,11,516,1.88,6.23,6.91,64.4,77.9
4001,L51180,L,302.1,311.2,1422,50.3,146,0,0,0,0,0,0,Low,13.4,717,16,854,2.33,6.43,7.24,58.4,90.4
4002,H33415,H,302.1,311.2,1598,37.9,148,0,0,0,0,0,0,High,6.5,650,6,433,1.27,6.04,6.54,77.0,71.0
4003,L51182,L,302.1,311.2,1454,59.2,153,1,0,0,1,0,0,Low,9.6,808,8,26,3.17,6.22,8.03,67.3,78.9
4004,L51183,L,302.1,311.2,1519,39.3,155,0,0,0,0,0,0,Low,6.2,471,7,825,2.35,5.64,6.54,57.7,54.7
4005,L51184,L,302.0,311.1,1373,55.7,157,0,0,0,0,0,0,Low,6.6,578,9,4,2.76,5.85,8.73,55.1,92.0
4006,M18865,M,302.0,311.1,1406,48.8,159,0,0,0,0,0,0,Medium,12.1,910,14,305,2.45,6.45,6.75,64.7,59.9
4007,L51186,L,302.1,311.2,1492,45.0,162,0,0,0,0,0,0,Low,9.9,907,14,1377,2.2,5.51,6.94,54.3,45.2
4008,L51187,L,302.1,311.2,1369,50.8,164,0,0,0,0,0,0,Low,10.5,787,14,510,2.08,6.12,7.31,67.7,44.2
4009,M18868,M,302.2,311.2,1471,41.9,166,0,0,0,0,0,0,Medium,16.6,1088,21,276,2.12,5.66,6.33,72.1,48.9
4010,L51189,L,302.2,311.2,1630,36.0,169,0,0,0,0,0,0,Low,10.0,654,11,139,3.29,5.61,6.11,60.0,64.8
4011,M18870,M,302.1,311.1,1605,37.6,171,0,0,0,0,0,0,Medium,7.9,845,8,615,0.53,6.6,6.06,50.4,60.8
4012,L51191,L,302.2,311.1,1447,52.1,174,0,0,0,0,0,0,Low,17.7,859,19,106,2.06,6.34,7.64,41.7,73.8
4013,M18872,M,302.2,311.2,1360,52.8,176,0,0,0,0,0,0,Medium,9.8,756,10,233,2.26,6.2,8.61,61.1,42.2
4014,M18873,M,302.2,311.1,1728,34.0,179,0,0,0,0,0,0,Medium,7.1,621,15,350,2.02,5.42,6.19,76.7,77.8
4015,L51194,L,302.1,311.0,1740,30.8,182,0,0,0,0,0,0,Low,8.5,924,14,71,1.97,5.96,4.89,66.6,49.7
4016,L51195,L,302.1,310.9,1477,41.4,184,0,0,0,0,0,0,Low,10.9,1020,11,54,2.39,5.83,6.22,26.2,60.4
4017,L51196,L,302.1,310.9,1658,30.3,186,0,0,0,0,0,0,Low,7.0,692,9,398,3.32,5.27,5.14,71.3,64.0
4018,L51197,L,302.0,310.8,1902,23.4,188,0,0,0,0,0,0,Low,7.0,774,14,353,2.79,6.23,5.04,47.2,71.2
4019,M18878,M,302.0,310.8,1783,23.1,190,0,0,0,0,0,0,Medium,9.8,1072,9,220,3.82,6.19,4.63,60.4,66.7
4020,M18879,M,302.0,310.9,1558,45.3,193,0,0,0,0,0,0,Medium,8.9,1015,10,637,3.82,4.9,7.43,42.2,60.8
4021,L51200,L,302.1,311.0,1351,49.5,196,0,0,0,0,0,0,Low,10.0,991,13,286,3.36,5.93,6.6,51.7,42.0
4022,H33435,H,302.1,310.9,1452,42.5,198,0,0,0,0,0,0,High,10.1,964,14,102,2.29,6.94,6.53,20.9,81.7
4023,L51202,L,302.1,310.9,1666,30.7,203,0,0,0,0,0,0,Low,15.7,1507,13,455,2.04,6.09,5.12,49.9,51.7
4024,L51203,L,302.1,311.0,1364,50.0,205,0,0,0,0,0,0,Low,16.6,1584,14,35,3.14,6.97,7.25,39.2,78.1
4025,M18884,M,302.1,311.0,1351,60.3,207,1,0,0,0,1,0,Medium,13.0,1385,15,650,3.98,6.28,8.95,28.8,75.0
4026,H33439,H,302.1,311.0,1729,26.1,210,0,0,0,0,0,0,High,13.2,1390,22,28,3.34,6.25,4.58,81.6,65.6
4027,M18886,M,302.1,311.0,1574,34.1,215,0,0,0,0,0,0,Medium,14.3,1391,19,275,3.87,5.86,5.67,50.1,62.5
4028,L51207,L,302.0,311.0,1566,37.8,218,0,0,0,0,0,0,Low,9.2,998,17,484,4.32,5.51,6.43,82.2,75.9
4029,L51208,L,302.0,310.9,1455,43.2,220,0,0,0,0,0,0,Low,13.6,1180,16,50,3.56,5.49,6.75,52.0,75.2
4030,H33443,H,302.0,310.9,1679,29.0,222,0,0,0,0,0,0,High,11.1,1117,7,8,3.2,6.55,4.68,60.8,82.2
4031,L51210,L,302.0,310.8,2143,17.3,227,0,0,0,0,0,0,Low,18.0,1642,29,206,3.61,5.78,3.87,59.8,75.9
4032,L51211,L,302.0,310.8,1447,42.7,229,0,0,0,0,0,0,Low,13.7,1344,14,52,2.51,5.73,5.51,45.3,74.8
4033,L51212,L,302.0,310.8,1383,50.3,231,1,0,0,0,1,0,Low,10.4,1012,18,1131,4.09,7.05,7.4,62.6,49.4
4034,L51213,L,302.1,310.8,1772,27.1,233,0,0,0,0,0,0,Low,13.7,1031,23,84,3.17,7.1,5.24,83.8,74.1
4035,L51214,L,302.0,310.8,1615,29.0,235,1,1,0,0,0,0,Low,13.0,1496,16,477,2.98,6.07,5.01,61.6,79.2
4036,L51215,L,302.0,310.8,1454,36.6,0,0,0,0,0,0,0,Low,3.1,5,2,41,1.2,5.06,5.66,50.0,81.1
4037,L51216,L,302.0,310.8,1445,49.1,2,0,0,0,0,0,0,Low,6.7,5,12,233,2.05,5.98,7.54,59.0,56.0
4038,M18897,M,302.0,310.8,1609,35.2,4,0,0,0,0,0,0,Medium,2.9,35,5,18,1.27,5.42,6.1,65.9,56.7
4039,L51218,L,302.0,310.9,1546,34.4,7,0,0,0,0,0,0,Low,2.5,38,1,136,2.45,5.32,5.32,50.1,78.5
4040,L51219,L,301.9,310.8,1567,39.3,9,0,0,0,0,0,0,Low,4.6,32,7,782,0.82,6.75,6.24,50.3,27.2
4041,L51220,L,302.0,310.8,1767,27.4,11,0,0,0,0,0,0,Low,1.8,44,0,204,2.78,5.27,5.1,49.7,52.9
4042,L51221,L,302.0,310.9,1539,34.2,13,0,0,0,0,0,0,Low,2.1,34,1,165,1.04,5.6,5.86,60.2,59.6
4043,L51222,L,302.0,310.9,1564,39.0,15,0,0,0,0,0,0,Low,1.5,92,2,41,0.82,5.89,6.55,73.6,81.7
4044,M18903,M,302.0,310.8,1445,46.3,17,0,0,0,0,0,0,Medium,2.3,108,1,229,1.94,5.39,7.26,56.7,82.8
4045,M18904,M,301.9,310.9,1419,47.7,20,1,0,0,0,0,0,Medium,4.6,121,1,257,2.16,5.7,6.98,63.8,68.1
4046,M18905,M,301.8,310.9,1881,20.9,23,0,0,0,0,0,0,Medium,3.0,134,1,645,2.25,5.31,4.14,61.0,53.4
4047,M18906,M,301.9,310.9,1421,46.2,26,0,0,0,0,0,0,Medium,2.2,136,3,7,1.85,5.32,6.85,21.7,72.7
4048,L51227,L,301.9,311.0,1455,46.0,29,0,0,0,0,0,0,Low,6.6,158,9,505,1.96,5.95,6.57,51.0,100.0
4049,L51228,L,301.9,311.0,2691,12.1,31,1,0,0,1,0,0,Low,5.8,121,10,280,3.37,5.86,3.46,23.1,79.6
4050,L51229,L,301.8,310.8,1505,41.2,33,0,0,0,0,0,0,Low,2.7,180,1,81,1.02,5.24,6.44,39.7,63.9
4051,L51230,L,301.8,310.8,1456,46.6,35,0,0,0,0,0,0,Low,6.0,149,1,4,1.09,5.3,7.42,28.6,71.7
4052,L51231,L,301.8,310.8,1383,46.4,37,0,0,0,0,0,0,Low,5.1,187,6,343,1.95,5.31,6.21,52.6,50.2
4053,M18912,M,301.9,310.8,1563,39.2,39,0,0,0,0,0,0,Medium,4.0,160,6,9,1.91,5.27,6.26,44.2,74.9
4054,M18913,M,301.9,310.9,2305,16.1,42,0,0,0,0,0,0,Medium,9.1,253,7,466,3.3,5.82,3.53,57.4,59.0
4055,M18914,M,301.9,310.9,1456,43.6,45,0,0,0,0,0,0,Medium,4.8,217,3,329,1.18,6.16,6.78,64.3,66.5
4056,L51235,L,302.0,311.0,1865,22.7,48,0,0,0,0,0,0,Low,3.2,232,6,130,2.74,5.66,4.61,48.3,55.5
4057,L51236,L,301.9,310.9,1597,36.9,50,0,0,0,0,0,0,Low,3.8,253,7,416,2.78,6.69,6.29,44.9,71.4
4058,L51237,L,302.0,310.9,1495,38.6,52,0,0,0,0,0,0,Low,2.6,247,4,286,1.47,6.75,6.64,54.8,72.7
4059,M18918,M,302.0,310.9,1456,47.2,54,0,0,0,0,0,0,Medium,5.5,243,12,120,0.86,5.0,7.39,61.6,86.0
4060,L51239,L,301.9,310.8,1465,44.3,57,0,0,0,0,0,0,Low,9.6,326,8,111,0.92,6.07,6.5,40.2,57.9
4061,M18920,M,302.0,310.9,1352,55.5,59,0,0,0,0,0,0,Medium,5.5,293,4,30,1.83,5.04,8.34,41.3,66.0
4062,L51241,L,301.9,310.8,1906,21.7,62,0,0,0,0,0,0,Low,4.8,251,6,242,0.94,5.98,4.78,68.9,81.3
4063,L51242,L,302.0,310.9,1446,44.0,64,0,0,0,0,0,0,Low,7.8,429,7,466,1.66,6.58,6.89,66.4,71.7
4064,L51243,L,302.0,310.8,1948,19.7,66,0,0,0,0,0,0,Low,7.0,384,11,988,2.46,6.11,3.87,70.3,60.1
4065,L51244,L,301.9,310.7,1480,47.1,68,0,0,0,0,0,0,Low,8.3,343,9,405,1.95,5.54,7.06,63.7,73.0
4066,M18925,M,301.9,310.7,1511,37.6,70,0,0,0,0,0,0,Medium,5.3,362,8,81,0.66,6.63,6.05,48.8,82.3
4067,M18926,M,301.9,310.7,1472,47.0,73,0,0,0,0,0,0,Medium,7.2,480,13,2,0.57,5.58,7.1,25.9,97.3
4068,L51247,L,301.9,310.7,1429,51.0,76,0,0,0,0,0,0,Low,5.5,398,4,2,2.36,6.16,8.05,55.6,95.8
4069,L51248,L,301.9,310.7,1405,48.8,78,0,0,0,0,0,0,Low,3.9,378,6,1,3.15,5.49,7.1,80.0,69.7
4070,M18929,M,301.9,310.7,1405,47.9,80,0,0,0,0,0,0,Medium,6.5,676,10,83,2.65,6.2,7.35,58.6,82.6
4071,L51250,L,302.0,310.7,1348,58.1,83,0,0,0,0,0,0,Low,5.6,513,8,63,2.29,5.9,8.49,47.2,53.0
4072,L51251,L,301.9,310.6,1331,68.6,85,1,0,0,1,0,0,Low,4.7,473,3,232,2.31,5.09,8.9,28.6,75.5
4073,L51252,L,301.9,310.6,1610,33.4,87,0,0,0,0,0,0,Low,6.5,462,9,814,1.33,5.74,5.61,30.4,63.0
4074,M18933,M,301.9,310.6,1412,46.5,89,0,0,0,0,0,0,Medium,7.3,338,11,321,2.03,6.42,7.23,50.0,72.7
4075,L51254,L,302.0,310.7,1453,42.7,92,0,0,0,0,0,0,Low,6.8,633,9,431,1.19,6.71,6.45,52.5,97.8
4076,L51255,L,302.0,310.6,1583,38.9,94,0,0,0,0,0,0,Low,5.4,600,3,131,1.42,5.76,6.56,44.8,83.8
4077,M18936,M,302.0,310.6,1539,37.4,96,0,0,0,0,0,0,Medium,9.1,947,11,26,1.53,6.6,6.08,65.3,75.4
4078,L51257,L,302.0,310.5,1635,39.8,99,0,0,0,0,0,0,Low,6.5,552,8,11,2.42,5.68,6.53,46.4,52.8
4079,H33492,H,302.1,310.7,1294,62.4,101,1,0,1,0,0,0,High,8.7,534,14,118,3.31,7.32,9.19,37.7,76.7
4080,L51259,L,302.0,310.5,1978,22.0,106,0,0,0,0,0,0,Low,7.4,594,11,27,3.14,5.5,4.39,70.2,96.1
4081,L51260,L,302.0,310.4,1357,58.0,108,1,0,1,0,0,0,Low,6.3,456,8,1233,1.53,6.11,7.86,56.7,22.5
4082,L51261,L,302.0,310.4,1336,58.2,110,1,0,1,0,0,0,Low,7.0,442,8,350,2.14,5.35,8.57,52.1,75.7
4083,L51262,L,302.0,310.4,1568,39.2,112,0,0,0,0,0,0,Low,9.7,591,9,430,1.85,5.87,6.26,42.1,61.9
4084,M18943,M,302.0,310.4,1567,36.4,114,0,0,0,0,0,0,Medium,12.4,682,17,309,1.28,6.34,6.0,37.5,79.2
4085,L51264,L,302.0,310.4,1611,35.6,117,0,0,0,0,0,0,Low,5.5,477,5,84,1.32,7.67,6.13,35.3,64.5
4086,H33499,H,302.0,310.5,1841,23.6,119,0,0,0,0,0,0,High,7.5,622,7,82,2.98,5.53,4.78,56.1,68.1
4087,L51266,L,302.0,310.5,1567,36.1,124,0,0,0,0,0,0,Low,8.2,804,13,113,3.03,4.68,5.3,59.8,82.9
4088,L51267,L,301.9,310.4,1376,54.9,126,1,0,1,0,0,0,Low,11.6,1008,16,40,1.6,6.76,7.85,40.4,75.3
4089,L51268,L,301.9,310.5,1477,42.4,128,0,0,0,0,0,0,Low,6.9,782,10,199,1.02,6.04,6.46,45.9,79.7
4090,M18949,M,301.9,310.5,1590,40.3,130,0,0,0,0,0,0,Medium,13.1,613,17,226,0.98,6.8,6.7,48.6,79.9
4091,L51270,L,302.0,310.5,2197,15.8,133,0,0,0,0,0,0,Low,7.1,432,8,36,2.48,5.23,3.78,45.8,74.9
4092,M18951,M,302.0,310.4,1595,32.9,135,0,0,0,0,0,0,Medium,8.5,646,9,143,2.76,7.18,5.9,42.2,100.0
4093,H33506,H,302.0,310.5,1812,24.4,138,0,0,0,0,0,0,High,8.5,869,13,351,1.71,5.58,4.68,60.1,61.4
4094,M18953,M,302.0,310.5,1573,32.1,143,0,0,0,0,0,0,Medium,10.1,1012,9,6,1.93,5.85,5.08,45.5,81.2
4095,L51274,L,302.0,310.5,1651,30.9,146,0,0,0,0,0,0,Low,6.4,681,11,189,3.44,6.03,5.4,57.5,95.6
4096,H33509,H,302.0,310.5,1459,43.2,148,0,0,0,0,0,0,High,10.9,1168,20,202,2.07,5.33,6.79,51.2,58.6
4097,L51276,L,301.9,310.4,1370,51.7,153,1,0,1,0,0,0,Low,10.2,658,14,482,2.91,5.84,7.52,52.2,64.6
4098,L51277,L,301.9,310.4,1518,34.1,155,0,0,0,0,0,0,Low,6.3,698,14,364,1.58,4.95,5.71,45.2,74.5
4099,L51278,L,302.0,310.3,1648,29.6,157,0,0,0,0,0,0,Low,15.1,727,14,202,1.99,6.33,4.94,29.3,45.7
4100,L51279,L,302.0,310.4,1464,47.2,159,0,0,0,0,0,0,Low,12.4,847,10,116,2.58,5.76,7.01,46.0,66.6
4101,L51280,L,302.0,310.4,1895,23.2,161,0,0,0,0,0,0,Low,9.0,708,8,64,3.23,4.34,4.64,50.7,81.8
4102,L51281,L,301.9,310.4,1884,23.4,163,0,0,0,0,0,0,Low,8.0,832,9,265,1.72,5.7,4.88,50.8,82.7
4103,L51282,L,302.0,310.4,1450,46.6,165,0,0,0,0,0,0,Low,12.5,1034,21,1,2.42,6.2,7.69,39.8,75.7
4104,L51283,L,302.0,310.4,1448,43.4,167,0,0,0,0,0,0,Low,8.3,559,15,549,1.9,6.2,6.76,41.5,75.2
4105,L51284,L,302.1,310.5,1389,49.6,169,0,0,0,0,0,0,Low,9.4,947,9,215,1.49,7.07,7.33,65.4,71.5
4106,L51285,L,302.0,310.6,1583,35.2,171,0,0,0,0,0,0,Low,9.2,698,10,773,1.96,6.09,5.56,33.6,50.7
4107,L51286,L,301.9,310.5,1425,51.1,173,0,0,0,0,0,0,Low,16.1,1702,21,43,2.84,5.89,7.9,67.3,70.6
4108,L51287,L,302.0,310.5,1809,27.1,175,0,0,0,0,0,0,Low,6.0,679,6,206,2.76,5.87,4.84,37.4,67.9
4109,L51288,L,301.9,310.5,1892,21.8,177,0,0,0,0,0,0,Low,6.1,637,8,326,3.42,6.91,4.55,61.7,72.9
4110,M18969,M,301.9,310.6,1475,47.8,179,0,0,0,0,0,0,Medium,12.9,922,12,350,2.85,5.47,7.45,56.2,71.1
4111,L51290,L,302.0,310.6,1361,46.7,182,0,0,0,0,0,0,Low,8.9,870,14,608,1.97,5.77,6.7,15.0,57.7
4112,M18971,M,302.0,310.6,1563,41.0,184,0,0,0,0,0,0,Medium,8.4,857,9,122,1.98,6.44,7.15,84.7,56.3
4113,H33526,H,301.9,310.5,1472,39.7,187,0,0,0,0,0,0,High,12.5,1184,19,311,2.97,6.12,6.16,79.1,87.8
4114,L51293,L,302.0,310.6,1325,55.3,192,0,0,0,0,0,0,Low,7.5,867,8,286,3.51,5.41,7.54,31.5,77.9
4115,L51294,L,302.0,310.6,1358,53.1,194,0,0,0,0,0,0,Low,12.8,1251,20,185,3.55,6.2,7.66,64.5,73.5
4116,H33529,H,302.0,310.6,1346,54.7,196,0,0,0,0,0,0,High,12.9,1211,15,135,2.95,7.12,7.38,45.3,82.7
4117,M18976,M,302.0,310.5,1381,58.4,201,0,0,0,0,0,0,Medium,10.4,784,12,68,4.36,6.02,8.55,33.1,85.0
4118,L51297,L,301.9,310.5,1340,55.7,204,1,0,0,0,1,0,Low,7.9,839,8,607,3.3,5.8,7.75,38.1,67.3
4119,L51298,L,302.0,310.6,1366,47.7,206,0,0,0,0,0,0,Low,12.1,1279,19,44,4.56,6.03,6.59,55.0,64.4
4120,L51299,L,302.1,310.7,1325,45.1,208,1,0,1,0,0,0,Low,13.8,1325,18,109,2.93,5.9,7.01,52.0,66.6
4121,M18980,M,302.1,310.7,1376,46.3,210,1,0,1,0,0,0,Medium,11.5,1266,8,108,3.15,7.34,6.61,63.6,89.5
4122,M18981,M,302.1,310.7,1364,47.8,213,1,0,1,0,0,0,Medium,10.8,948,20,246,3.89,6.56,6.63,61.7,55.6
4123,L51302,L,302.2,310.6,1462,43.6,0,0,0,0,0,0,0,Low,2.7,8,1,180,1.06,4.76,6.11,62.0,67.6
4124,M18983,M,302.1,310.6,1517,38.9,2,0,0,0,0,0,0,Medium,0.3,5,0,554,1.56,6.79,5.95,72.5,75.8
4125,L51304,L,302.1,310.6,1385,53.6,5,0,0,0,0,0,0,Low,4.9,33,7,25,1.56,5.77,8.07,56.5,65.7
4126,L51305,L,302.1,310.6,1439,40.0,7,0,0,0,0,0,0,Low,1.3,29,3,288,1.58,6.14,5.56,49.1,69.1
4127,M18986,M,302.0,310.6,1623,34.3,9,0,0,0,0,0,0,Medium,2.6,20,2,8,0.82,6.56,5.5,56.7,67.9
4128,H33541,H,302.0,310.6,1438,43.2,12,0,0,0,0,0,0,High,8.7,82,9,73,2.4,6.89,6.82,83.0,78.8
4129,L51308,L,301.9,310.4,1708,24.8,17,0,0,0,0,0,0,Low,2.0,109,3,110,2.33,6.19,4.35,56.0,57.7
4130,M18989,M,301.8,310.3,1666,32.7,19,0,0,0,0,0,0,Medium,4.3,115,6,146,1.61,6.0,5.57,39.3,82.2
4131,L51310,L,301.9,310.4,1286,62.8,22,1,0,1,0,0,0,Low,10.0,75,11,36,2.86,5.87,8.49,48.6,77.8
4132,L51311,L,301.9,310.3,1485,46.3,24,0,0,0,0,0,0,Low,5.0,148,3,144,2.01,6.03,7.63,46.7,61.5
4133,M18992,M,301.8,310.3,1409,52.5,26,0,0,0,0,0,0,Medium,6.3,112,5,834,2.47,7.16,7.38,67.8,41.6
4134,L51313,L,301.8,310.3,1765,27.3,29,0,0,0,0,0,0,Low,2.4,194,2,268,1.38,5.08,5.54,42.1,82.0
4135,L51314,L,301.8,310.3,1688,28.8,31,0,0,0,0,0,0,Low,8.5,220,6,183,2.15,5.85,5.11,56.7,69.2
4136,M18995,M,301.7,310.3,1787,26.7,33,0,0,0,0,0,0,Medium,2.1,203,0,64,1.4,6.39,4.98,63.1,46.7
4137,L51316,L,301.7,310.1,1487,48.0,36,0,0,0,0,0,0,Low,4.5,111,7,72,2.42,7.33,7.71,74.2,66.9
4138,L51317,L,301.7,310.1,1384,50.5,38,0,0,0,0,0,0,Low,4.1,209,3,72,2.21,7.19,6.53,50.2,96.7
4139,L51318,L,301.7,310.2,1311,57.4,40,1,0,1,0,0,0,Low,4.0,256,2,63,1.99,6.28,7.99,67.5,57.6
4140,H33553,H,301.7,310.2,1620,30.8,42,0,0,0,0,0,0,High,3.1,188,4,455,2.57,6.45,5.27,66.2,66.4
4141,L51320,L,301.7,310.2,1331,61.2,47,1,0,1,0,0,0,Low,6.1,276,7,468,3.31,6.69,9.31,36.0,75.5
4142,H33555,H,301.7,310.1,1462,38.3,49,0,0,0,0,0,0,High,2.2,118,5,450,1.12,5.84,6.54,54.4,59.0
4143,L51322,L,301.7,310.1,1424,50.2,54,0,0,0,0,0,0,Low,3.3,202,3,323,1.3,6.58,7.55,55.2,51.8
4144,L51323,L,301.7,310.1,1500,39.6,56,0,0,0,0,0,0,Low,6.2,320,8,763,0.96,5.73,6.26,94.3,61.0
4145,L51324,L,301.8,310.1,1738,28.0,58,0,0,0,0,0,0,Low,7.0,217,7,344,1.99,5.2,5.05,68.6,64.8
4146,M19005,M,301.8,310.3,1465,46.5,60,0,0,0,0,0,0,Medium,6.3,492,7,249,1.39,6.46,7.12,64.8,62.4
4147,L51326,L,301.8,310.3,1482,41.4,63,0,0,0,0,0,0,Low,9.6,328,19,71,1.62,6.03,6.3,33.0,78.2
4148,L51327,L,301.9,310.3,1398,44.0,65,0,0,0,0,0,0,Low,4.1,163,8,184,2.26,6.61,6.76,48.7,90.3
4149,L51328,L,301.9,310.3,1972,21.3,67,0,0,0,0,0,0,Low,5.0,292,10,115,3.31,6.16,4.7,24.7,62.1
4150,L51329,L,301.9,310.4,1603,37.6,69,0,0,0,0,0,0,Low,17.1,536,20,1256,0.77,5.56,6.7,25.3,50.3
4151,L51330,L,301.9,310.4,1610,34.8,71,0,0,0,0,0,0,Low,6.7,420,6,416,0.25,6.83,6.25,54.0,73.0
4152,M19011,M,301.9,310.4,1373,48.0,73,1,0,1,0,0,0,Medium,10.2,186,13,391,1.64,6.49,7.07,40.7,69.0
4153,M19012,M,302.0,310.5,1425,44.7,76,0,0,0,0,0,0,Medium,14.8,343,21,189,0.91,6.53,6.93,50.8,52.9
4154,M19013,M,302.0,310.4,1212,55.6,79,1,0,1,0,0,0,Medium,4.7,465,7,163,1.79,5.44,7.31,65.0,64.5
4155,M19014,M,302.0,310.4,1828,26.3,82,0,0,0,0,0,0,Medium,5.5,506,8,401,1.92,5.58,4.66,38.4,62.9
4156,L51335,L,302.0,310.5,1370,44.4,85,1,0,1,0,0,0,Low,5.2,564,5,128,2.11,5.76,6.28,59.8,69.1
4157,M19016,M,302.0,310.5,1823,25.1,87,0,0,0,0,0,0,Medium,7.5,413,7,121,2.07,5.98,4.65,61.9,91.8
4158,L51337,L,302.0,310.5,1263,60.6,90,1,0,1,0,0,0,Low,6.9,336,9,404,2.08,7.38,7.97,61.5,42.9
4159,L51338,L,301.9,310.4,1889,21.5,92,0,0,0,0,0,0,Low,4.8,393,9,354,2.26,5.16,4.22,65.4,87.3
4160,M19019,M,302.0,310.5,1639,32.9,94,0,0,0,0,0,0,Medium,3.9,442,2,7,1.69,6.05,5.82,61.7,62.1
4161,M19020,M,302.0,310.4,1608,33.1,97,0,0,0,0,0,0,Medium,9.2,707,10,142,1.48,5.43,5.45,57.0,59.2
4162,H33575,H,301.9,310.3,1653,32.4,100,0,0,0,0,0,0,High,6.8,757,9,148,1.15,5.47,4.96,43.4,64.2
4163,L51342,L,302.0,310.4,1591,29.8,105,0,0,0,0,0,0,Low,6.2,495,4,230,1.41,5.8,5.04,44.3,82.3
4164,L51343,L,302.1,310.5,1696,30.9,107,0,0,0,0,0,0,Low,10.8,796,13,1,2.16,6.28,5.42,16.2,85.8
4165,L51344,L,302.2,310.6,1346,47.5,109,1,0,1,0,0,0,Low,7.7,603,13,510,2.13,4.59,6.85,77.6,61.0
4166,M19025,M,302.2,310.5,1507,40.4,111,0,0,0,0,0,0,Medium,9.6,533,13,47,0.88,5.14,6.0,90.4,69.5
4167,H33580,H,302.3,310.6,1525,48.7,114,0,0,0,0,0,0,High,8.8,820,9,34,1.67,5.74,7.95,48.9,72.1
4168,M19027,M,302.3,310.7,1559,33.9,119,0,0,0,0,0,0,Medium,8.0,801,14,233,1.03,5.86,5.3,55.0,69.3
4169,L51348,L,302.2,310.6,1632,30.5,122,0,0,0,0,0,0,Low,6.8,688,10,326,2.22,5.42,4.78,67.9,67.3
4170,L51349,L,302.1,310.5,1559,36.0,124,0,0,0,0,0,0,Low,8.7,549,11,173,1.63,5.78,5.78,58.6,84.9
4171,M19030,M,302.2,310.6,1355,51.5,126,1,0,1,0,0,0,Medium,6.8,544,9,8,1.45,5.82,6.67,53.3,78.4
4172,M19031,M,302.2,310.5,1832,23.7,129,0,0,0,0,0,0,Medium,6.2,595,7,97,1.77,6.28,4.39,60.4,82.9
4173,L51352,L,302.2,310.6,1386,50.0,132,0,0,0,0,0,0,Low,8.7,658,15,69,0.55,6.22,7.3,83.7,63.6
4174,M19033,M,302.2,310.6,1346,49.2,134,1,0,1,0,0,0,Medium,7.6,863,5,73,1.67,6.0,6.46,54.1,55.9
4175,L51354,L,302.3,310.7,1499,37.8,137,0,0,0,0,0,0,Low,10.2,926,9,126,1.84,6.72,6.02,60.6,71.3
4176,L51355,L,302.3,310.7,1612,33.4,139,0,0,0,0,0,0,Low,9.9,832,15,120,2.08,6.5,5.25,48.2,83.9
4177,M19036,M,302.3,310.7,1544,39.7,141,0,0,0,0,0,0,Medium,8.8,658,9,619,1.38,5.85,6.11,55.2,64.6
4178,L51357,L,302.5,310.9,1477,39.2,144,0,0,0,0,0,0,Low,12.7,693,15,398,1.66,5.22,5.74,68.8,68.6
4179,L51358,L,302.5,310.9,1624,34.4,146,0,0,0,0,0,0,Low,12.9,1322,17,314,2.23,5.87,6.03,54.3,69.1
4180,L51359,L,302.4,310.9,1349,46.1,148,1,0,1,0,0,0,Low,11.0,961,9,165,2.54,5.16,6.57,42.0,65.3
4181,L51360,L,302.4,310.8,1686,28.8,150,0,0,0,0,0,0,Low,8.0,556,10,142,1.95,6.31,4.96,30.2,86.3
4182,M19041,M,302.4,310.7,1521,40.4,152,0,0,0,0,0,0,Medium,8.6,758,10,60,2.31,7.17,5.73,41.3,79.8
4183,L51362,L,302.4,310.7,1362,54.8,155,1,0,1,0,0,0,Low,10.5,1169,14,170,1.92,6.31,7.78,77.2,65.7
4184,L51363,L,302.3,310.7,1402,50.9,157,0,0,0,0,0,0,Low,8.3,467,9,248,2.63,6.6,7.02,52.2,83.2
4185,L51364,L,302.2,310.6,1334,53.2,159,1,0,1,0,0,0,Low,7.1,826,6,13,2.65,5.49,6.95,28.4,66.8
4186,L51365,L,302.2,310.6,1348,48.4,161,1,0,1,0,0,0,Low,7.6,810,9,325,1.21,6.15,7.04,27.6,66.4
4187,M19046,M,302.2,310.6,1570,34.6,163,0,0,0,0,0,0,Medium,8.5,797,10,53,2.04,5.88,5.44,61.8,53.8
4188,M19047,M,302.2,310.7,1601,33.0,166,0,0,0,0,0,0,Medium,8.7,942,7,629,2.97,5.46,5.54,28.5,68.9
4189,M19048,M,302.3,310.8,1611,31.8,169,0,0,0,0,0,0,Medium,11.3,1049,13,337,1.58,5.88,5.11,33.9,67.5
4190,L51369,L,302.4,310.9,1560,31.8,172,0,0,0,0,0,0,Low,9.9,527,15,28,2.38,5.29,5.42,60.4,64.4
4191,H33604,H,302.4,310.9,1444,40.7,174,0,0,0,0,0,0,High,14.7,704,13,477,2.6,6.53,6.31,75.8,97.9
4192,L51371,L,302.4,311.0,1317,59.4,179,0,0,0,0,0,0,Low,9.0,799,9,316,3.68,5.8,8.6,66.3,75.9
4193,M19052,M,302.5,311.0,1463,43.1,181,0,0,0,0,0,0,Medium,10.3,849,12,615,2.49,5.5,6.99,34.0,83.7
4194,L51373,L,302.4,311.1,1634,34.2,184,0,0,0,0,0,0,Low,12.9,1245,16,206,2.26,6.1,5.41,64.7,77.3
4195,L51374,L,302.4,311.0,1423,46.2,186,0,0,0,0,0,0,Low,8.3,728,14,386,3.07,6.45,7.56,73.7,65.8
4196,L51375,L,302.5,311.0,1548,38.4,188,0,0,0,0,0,0,Low,12.6,1242,13,327,2.42,6.6,5.45,40.1,53.6
4197,M19056,M,302.5,311.0,1563,35.6,190,0,0,0,0,0,0,Medium,15.5,933,29,178,1.75,5.57,5.65,61.0,69.6
4198,L51377,L,302.4,311.0,1573,36.5,193,0,0,0,0,0,0,Low,13.1,1540,10,686,2.47,5.99,5.88,72.1,84.6
4199,M19058,M,302.4,311.1,1432,44.5,195,0,0,0,0,0,0,Medium,19.0,1724,21,355,1.54,6.66,6.09,66.7,66.8
4200,M19059,M,302.5,311.1,1638,32.0,198,0,0,0,0,0,0,Medium,9.2,975,9,207,2.82,5.35,5.35,26.9,70.7
4201,L51380,L,302.5,311.1,1571,34.2,201,0,0,0,0,0,0,Low,12.6,1276,15,82,2.62,6.03,5.89,43.6,75.3
4202,L51381,L,302.4,311.0,2211,15.4,203,0,0,0,0,0,0,Low,15.3,1740,18,376,3.03,5.95,3.59,50.4,94.3
4203,L51382,L,302.4,311.0,1555,40.6,205,0,0,0,0,0,0,Low,8.5,935,11,266,4.12,5.41,6.08,52.3,57.2
4204,M19063,M,302.3,310.9,1558,31.9,207,0,0,0,0,0,0,Medium,10.4,624,10,531,2.07,6.65,5.12,50.7,63.1
4205,M19064,M,302.3,310.9,1523,43.2,210,0,0,0,0,0,0,Medium,7.6,744,9,27,3.0,5.84,7.2,34.5,80.4
4206,L51385,L,302.3,310.8,1723,26.3,213,0,0,0,0,0,0,Low,12.5,1212,13,85,3.05,6.73,4.55,43.9,84.6
4207,M19066,M,302.3,310.8,1721,28.4,215,0,0,0,0,0,0,Medium,13.0,1138,13,408,2.79,5.32,5.01,44.2,67.8
4208,M19067,M,302.3,310.9,1710,30.4,218,1,1,0,0,0,0,Medium,14.3,886,15,96,2.93,4.5,5.56,57.5,53.9
4209,M19068,M,302.3,310.9,1627,32.3,0,0,0,0,0,0,0,Medium,0.8,5,1,6,1.26,5.64,5.71,47.2,87.4
4210,M19069,M,302.2,310.8,1422,47.0,3,0,0,0,0,0,0,Medium,7.3,13,9,248,1.97,6.28,7.22,51.9,72.6
4211,L51390,L,302.1,310.8,1565,35.3,6,0,0,0,0,0,0,Low,3.2,36,4,55,2.53,5.68,5.68,24.4,83.1
4212,L51391,L,302.1,310.7,1314,52.8,8,1,0,1,0,0,0,Low,2.9,12,5,69,3.15,6.11,6.66,65.2,67.5
4213,M19072,M,302.0,310.6,1392,60.5,10,0,0,0,0,0,0,Medium,1.9,12,3,99,2.8,6.07,8.93,54.9,90.8
4214,L51393,L,302.1,310.7,1465,40.7,13,0,0,0,0,0,0,Low,2.3,84,4,580,1.07,5.47,5.77,62.2,65.0
4215,L51394,L,301.9,310.6,1573,36.6,15,0,0,0,0,0,0,Low,0.8,43,0,89,1.89,7.67,5.98,43.2,65.6
4216,M19075,M,302.0,310.7,2157,17.8,17,0,0,0,0,0,0,Medium,6.3,58,4,703,2.63,5.85,3.85,53.8,83.8
4217,L51396,L,301.9,310.7,1370,50.3,20,0,0,0,0,0,0,Low,1.3,70,0,75,2.16,5.66,7.14,56.6,69.7
4218,L51397,L,301.9,310.6,1462,38.8,22,0,0,0,0,0,0,Low,2.3,100,1,15,0.68,7.6,6.3,49.7,78.3
4219,M19078,M,302.0,310.6,1479,40.5,24,0,0,0,0,0,0,Medium,6.0,89,14,8,0.51,5.45,6.36,54.5,80.7
4220,L51399,L,301.9,310.7,1717,26.8,27,0,0,0,0,0,0,Low,3.8,196,5,293,2.59,6.03,5.08,67.1,77.7
4221,M19080,M,301.9,310.6,1260,65.9,29,0,0,0,0,0,0,Medium,1.4,62,3,20,2.64,5.77,8.36,53.9,59.6
4222,L51401,L,301.9,310.6,1467,39.3,32,0,0,0,0,0,0,Low,5.9,169,6,244,1.27,5.28,6.13,67.0,100.0
4223,M19082,M,302.0,310.6,1535,38.6,34,0,0,0,0,0,0,Medium,1.8,16,6,515,1.67,6.57,5.87,65.0,72.8
4224,L51403,L,302.0,310.7,1657,31.9,37,0,0,0,0,0,0,Low,3.9,297,11,26,0.87,6.0,5.47,30.9,92.5
4225,L51404,L,302.0,310.7,1698,28.1,39,0,0,0,0,0,0,Low,2.3,193,2,53,2.74,5.21,5.12,70.7,61.7
4226,L51405,L,302.1,310.7,1359,49.3,41,1,0,1,0,0,0,Low,3.7,255,2,11,1.11,7.25,6.33,51.5,73.6
4227,L51406,L,302.1,310.8,1596,37.1,43,0,0,0,0,0,0,Low,3.4,195,3,308,0.66,6.03,6.15,65.4,69.7
4228,L51407,L,302.2,310.8,1383,46.9,45,0,0,0,0,0,0,Low,4.9,178,5,135,2.52,6.84,6.96,57.5,75.3
4229,L51408,L,302.2,310.8,2203,16.6,47,0,0,0,0,0,0,Low,3.9,319,3,740,4.32,6.76,3.74,42.6,83.2
4230,M19089,M,302.2,310.8,1408,46.8,49,0,0,0,0,0,0,Medium,7.6,195,7,24,1.08,5.12,7.18,15.0,89.4
4231,L51410,L,302.2,310.8,1673,32.9,52,0,0,0,0,0,0,Low,6.9,196,8,234,2.04,6.45,5.73,93.6,60.2
4232,L51411,L,302.2,310.8,1340,47.8,54,0,0,0,0,0,0,Low,7.1,217,12,7,3.63,6.7,6.23,42.9,97.8
4233,L51412,L,302.2,310.9,1452,42.3,56,0,0,0,0,0,0,Low,6.0,394,8,16,0.5,6.13,6.53,49.2,59.3
4234,M19093,M,302.2,310.9,1302,53.4,58,0,0,0,0,0,0,Medium,5.9,204,3,179,2.14,6.72,7.3,34.9,72.0
4235,H33648,H,302.2,310.9,1522,35.9,61,0,0,0,0,0,0,High,5.8,216,6,171,2.17,5.74,5.67,38.7,58.5
4236,L51415,L,302.2,310.8,1438,41.4,66,0,0,0,0,0,0,Low,7.5,312,8,161,1.18,7.0,6.21,51.4,85.6
4237,L51416,L,302.2,310.9,1604,40.5,68,0,0,0,0,0,0,Low,7.9,318,9,35,2.46,5.74,7.05,40.7,68.7
4238,L51417,L,302.2,311.0,1832,23.2,70,0,0,0,0,0,0,Low,6.9,340,11,128,2.41,6.92,4.44,45.7,64.6
4239,M19098,M,302.3,311.0,1521,34.8,72,0,0,0,0,0,0,Medium,7.4,389,12,394,0.89,6.3,5.71,51.3,77.1
4240,L51419,L,302.3,311.0,1446,37.6,75,0,0,0,0,0,0,Low,6.5,320,8,4,0.73,6.28,6.11,67.3,81.3
4241,L51420,L,302.4,311.1,1905,20.9,77,0,0,0,0,0,0,Low,7.4,390,10,206,1.76,5.19,4.32,59.3,65.7
4242,L51421,L,302.4,311.0,1475,47.9,79,0,0,0,0,0,0,Low,7.2,552,9,289,1.52,6.98,7.4,34.0,73.1
4243,L51422,L,302.4,311.0,1462,48.5,81,0,0,0,0,0,0,Low,6.0,549,4,213,1.86,5.53,7.4,71.6,70.6
4244,M19103,M,302.4,310.9,1435,42.3,83,0,0,0,0,0,0,Medium,5.2,518,8,62,2.68,7.09,6.26,43.2,81.4
4245,L51424,L,302.4,310.9,1469,39.6,86,0,0,0,0,0,0,Low,4.2,424,3,503,1.18,6.26,6.11,28.9,59.6
4246,M19105,M,302.6,311.1,1520,43.0,88,0,0,0,0,0,0,Medium,5.0,478,7,601,1.65,6.32,6.88,56.8,70.9
4247,L51426,L,302.6,311.0,1537,35.5,91,0,0,0,0,0,0,Low,8.6,428,10,160,2.64,5.72,5.51,46.2,68.6
4248,L51427,L,302.6,311.0,1369,60.0,93,1,0,1,0,0,0,Low,10.3,443,10,483,2.99,5.89,8.38,15.0,72.8
4249,L51428,L,302.6,311.0,1506,37.2,95,0,0,0,0,0,0,Low,8.9,591,13,1084,1.54,5.02,5.6,47.5,30.7
4250,L51429,L,302.5,310.9,1330,56.9,97,1,0,1,0,0,0,Low,5.5,309,5,110,2.1,6.61,8.21,69.3,67.1
4251,L51430,L,302.6,311.0,1660,38.0,99,0,0,0,0,0,0,Low,5.5,602,5,60,0.8,6.27,6.68,55.5,59.8
4252,H33665,H,302.5,310.9,1356,55.5,101,1,0,1,0,0,0,High,7.5,629,4,45,2.03,7.08,7.87,34.3,58.2
4253,H33666,H,302.6,311.0,1438,51.0,106,0,0,0,0,0,0,High,5.3,474,9,4,3.34,5.93,7.42,61.8,76.6
4254,M19113,M,302.6,311.0,1329,48.6,111,1,0,1,0,0,0,Medium,8.9,897,11,956,1.41,7.32,6.96,63.2,61.6
4255,L51434,L,302.6,311.0,1284,68.0,114,1,0,1,1,0,0,Low,8.8,737,11,221,3.44,5.54,8.84,56.9,83.6
4256,M19115,M,302.5,311.0,1387,52.1,116,0,0,0,0,0,0,Medium,7.7,442,11,387,1.59,6.28,7.3,79.2,76.4
4257,M19116,M,302.6,311.0,1591,33.9,119,0,0,0,0,0,0,Medium,10.8,1001,6,145,2.14,6.45,5.85,74.3,60.1
4258,M19117,M,302.6,311.0,1589,39.0,122,0,0,0,0,0,0,Medium,13.9,474,11,370,2.26,6.36,6.36,65.6,70.0
4259,M19118,M,302.7,311.1,1297,60.7,125,1,0,1,0,0,0,Medium,7.0,491,5,391,2.11,5.9,8.35,37.4,67.2
4260,L51439,L,302.7,311.2,1545,35.1,128,0,0,0,0,0,0,Low,6.4,718,14,548,1.19,5.21,5.53,60.9,53.4
4261,H33674,H,302.7,311.1,1418,43.4,130,0,0,0,0,0,0,High,13.1,633,16,117,1.95,6.08,6.36,54.7,67.9
4262,L51441,L,302.7,311.1,1730,28.1,135,0,0,0,0,0,0,Low,7.1,569,5,4,2.38,5.68,5.08,48.6,85.2
4263,L51442,L,302.6,311.0,2001,20.7,137,0,0,0,0,0,0,Low,13.2,802,20,325,2.93,7.12,4.56,50.5,73.3
4264,L51443,L,302.6,311.0,1620,36.2,139,0,0,0,0,0,0,Low,5.6,596,13,307,1.84,6.36,6.25,15.0,56.3
4265,M19124,M,302.6,311.0,1542,39.7,141,0,0,0,0,0,0,Medium,8.7,905,13,305,1.09,6.13,6.56,57.4,61.0
4266,L51445,L,302.6,311.0,1424,38.0,144,0,0,0,0,0,0,Low,8.0,840,7,867,1.65,6.92,5.8,51.6,59.5
4267,L51446,L,302.7,311.1,1440,39.5,146,0,0,0,0,0,0,Low,12.5,907,14,31,1.08,6.51,6.26,28.5,49.3
4268,L51447,L,302.6,311.0,1520,42.8,148,0,0,0,0,0,0,Low,11.5,679,18,12,2.18,4.92,7.37,41.8,66.8
4269,L51448,L,302.7,311.0,1694,29.8,150,0,0,0,0,0,0,Low,8.7,606,8,216,1.46,6.61,5.43,18.2,75.1
4270,L51449,L,302.6,311.0,1610,39.2,152,0,0,0,0,0,0,Low,10.1,847,12,327,1.53,6.33,6.31,71.5,59.6
4271,L51450,L,302.6,310.9,1331,52.0,154,1,0,1,0,0,0,Low,9.9,1140,8,335,2.25,6.35,7.35,86.0,72.4
4272,L51451,L,302.6,310.8,1470,41.2,156,0,0,0,0,0,0,Low,10.2,1069,9,669,2.71,6.05,6.76,56.1,34.8
4273,L51452,L,302.5,310.8,1577,36.9,158,0,0,0,0,0,0,Low,7.5,718,16,172,1.31,5.73,5.71,55.3,79.2
4274,L51453,L,302.6,310.8,1486,36.4,160,0,0,0,0,0,0,Low,4.5,472,7,73,1.54,5.4,6.13,34.7,63.0
4275,L51454,L,302.4,310.6,1445,40.3,162,0,0,0,0,0,0,Low,9.3,844,12,17,1.68,6.54,6.31,66.9,81.5
4276,M19135,M,302.4,310.5,1500,36.7,164,0,0,0,0,0,0,Medium,11.7,964,14,303,2.27,5.74,5.86,38.0,83.8
4277,M19136,M,302.2,310.4,1456,47.5,167,0,0,0,0,0,0,Medium,10.6,729,12,413,1.78,5.67,7.14,43.4,71.1
4278,L51457,L,302.2,310.4,1743,28.1,170,0,0,0,0,0,0,Low,11.9,957,20,4,1.74,7.84,4.99,23.4,68.5
4279,L51458,L,302.0,310.1,1409,50.4,172,0,0,0,0,0,0,Low,9.9,959,15,25,2.07,5.8,7.81,55.0,90.4
4280,L51459,L,302.0,310.1,1361,45.4,174,1,0,1,0,0,0,Low,11.1,1144,13,115,2.54,5.68,6.05,40.0,68.1
4281,L51460,L,302.1,310.1,1753,28.9,176,0,0,0,0,0,0,Low,7.8,695,8,244,1.62,6.37,5.89,22.2,64.9
4282,L51461,L,302.0,310.0,1832,22.9,178,0,0,0,0,0,0,Low,17.1,1784,23,120,3.38,5.78,4.59,33.5,66.5
4283,L51462,L,301.9,309.9,1374,48.5,180,1,0,1,0,0,0,Low,7.2,757,10,36,3.01,6.96,7.17,81.5,69.5
4284,M19143,M,301.8,309.9,1334,61.0,182,1,0,1,0,0,0,Medium,10.4,1045,7,59,3.63,6.44,8.69,67.7,59.8
4285,L51464,L,301.8,310.0,1493,40.3,185,0,0,0,0,0,0,Low,10.3,1066,8,559,2.58,6.13,6.09,66.9,52.5
4286,L51465,L,301.7,309.9,1317,49.0,187,1,0,1,0,0,0,Low,12.5,637,15,360,2.76,6.54,6.83,23.2,83.3
4287,M19146,M,301.7,309.9,1434,47.9,189,0,0,0,0,0,0,Medium,15.2,1240,24,252,2.19,6.31,6.67,57.9,89.7
4288,M19147,M,301.7,309.9,1457,39.2,192,0,0,0,0,0,0,Medium,13.6,1193,16,1031,2.16,5.56,5.67,63.1,47.6
4289,M19148,M,301.7,310.0,1391,50.6,195,0,0,0,0,0,0,Medium,9.7,1031,11,483,2.61,6.29,6.79,67.6,74.1
4290,M19149,M,301.8,310.0,1781,23.9,198,0,0,0,0,0,0,Medium,12.0,938,14,187,2.09,5.25,4.48,52.6,71.8
4291,L51470,L,301.8,310.0,1642,32.6,201,0,0,0,0,0,0,Low,11.2,1188,11,561,3.65,5.25,5.48,56.2,55.8
4292,L51471,L,301.8,310.0,2032,19.0,203,0,0,0,0,0,0,Low,17.2,1552,19,222,2.7,5.57,4.0,58.3,80.7
4293,M19152,M,301.8,310.1,2372,13.9,205,1,0,0,1,0,0,Medium,13.2,1350,19,31,3.73,5.77,3.49,71.1,70.0
4294,L51473,L,301.8,310.0,1393,44.9,208,0,0,0,0,0,0,Low,12.3,825,8,126,2.62,6.1,6.96,45.7,85.4
4295,M19154,M,301.7,310.1,1743,27.3,210,0,0,0,0,0,0,Medium,9.7,1088,12,421,3.28,4.3,4.61,57.2,63.2
4296,L51475,L,301.8,310.2,1457,40.4,213,0,0,0,0,0,0,Low,12.3,982,15,770,2.48,5.76,6.6,84.8,67.1
4297,L51476,L,301.8,310.2,2825,5.8,215,1,0,0,1,0,0,Low,15.7,1195,11,90,4.46,4.95,1.73,57.4,70.2
4298,M19157,M,301.8,310.2,1609,34.2,217,0,0,0,0,0,0,Medium,13.0,1305,9,134,3.56,6.34,5.63,53.7,80.0
4299,M19158,M,301.8,310.2,1437,42.3,0,0,0,0,0,0,0,Medium,2.0,5,3,557,3.48,5.74,6.45,83.1,49.5
4300,L51479,L,301.7,310.1,1402,50.1,3,0,0,0,0,0,0,Low,2.7,24,2,717,3.18,5.91,7.5,55.0,45.9
4301,M19160,M,301.7,310.1,1644,34.6,5,0,0,0,0,0,0,Medium,3.7,7,7,338,1.78,5.35,6.3,71.7,77.9
4302,L51481,L,301.7,310.2,1471,51.1,8,0,0,0,0,0,0,Low,2.2,81,1,44,0.94,6.4,7.8,76.1,76.0
4303,L51482,L,301.7,310.1,2695,12.6,10,0,0,0,0,0,0,Low,2.0,83,2,145,2.37,5.03,3.33,48.5,67.4
4304,L51483,L,301.7,310.2,1435,48.1,12,0,0,0,0,0,0,Low,8.1,28,5,720,2.38,5.85,6.73,61.0,64.3
4305,L51484,L,301.6,310.1,1694,26.3,14,0,0,0,0,0,0,Low,2.1,29,1,107,1.84,5.63,4.83,53.5,57.9
4306,L51485,L,301.6,310.1,1687,26.6,16,0,0,0,0,0,0,Low,2.8,60,1,137,1.89,6.98,4.82,37.9,85.1
4307,L51486,L,301.6,310.0,1869,22.9,18,0,0,0,0,0,0,Low,2.8,128,7,306,2.27,4.79,4.89,38.5,59.0
4308,L51487,L,301.4,309.9,1259,63.9,20,1,0,1,0,0,0,Low,4.6,85,4,4,2.18,7.04,7.83,64.6,73.9
4309,H33722,H,301.4,309.9,1460,47.2,22,0,0,0,0,0,0,High,2.6,147,4,77,1.75,5.84,7.38,64.3,70.9
4310,M19169,M,301.3,309.9,1501,39.5,27,0,0,0,0,0,0,Medium,4.3,258,2,168,1.82,5.86,6.48,63.2,89.2
4311,L51490,L,301.4,310.0,1776,25.6,30,0,0,0,0,0,0,Low,6.2,140,10,75,2.91,6.68,4.84,53.1,52.1
4312,M19171,M,301.5,310.1,1468,40.8,32,0,0,0,0,0,0,Medium,5.7,136,6,363,2.5,6.55,6.22,39.3,48.9
4313,L51492,L,301.5,310.1,1430,46.5,35,0,0,0,0,0,0,Low,3.4,191,2,153,2.16,6.15,6.86,85.5,48.9
4314,L51493,L,301.4,310.1,1502,46.6,37,0,0,0,0,0,0,Low,4.0,178,5,235,1.45,6.37,7.22,42.2,72.9
4315,H33728,H,301.4,310.1,1623,32.3,39,0,0,0,0,0,0,High,2.8,201,6,148,1.82,4.92,5.56,60.9,67.8
4316,M19175,M,301.4,310.0,1651,29.8,44,0,0,0,0,0,0,Medium,4.8,275,7,156,2.48,5.3,5.46,43.8,91.8
4317,L51496,L,301.5,310.1,1639,33.4,47,0,0,0,0,0,0,Low,10.6,209,12,281,2.85,6.3,5.37,47.3,75.2
4318,M19177,M,301.5,310.0,1417,44.6,49,0,0,0,0,0,0,Medium,7.1,329,7,354,2.41,5.4,6.49,46.5,50.3
4319,L51498,L,301.5,310.1,1541,42.2,52,0,0,0,0,0,0,Low,3.7,307,7,119,1.26,6.04,7.32,54.9,69.8
4320,M19179,M,301.6,310.2,1411,45.1,54,0,0,0,0,0,0,Medium,2.2,201,4,129,2.36,5.8,6.23,61.8,80.6
4321,L51500,L,301.7,310.3,1397,44.6,57,0,0,0,0,0,0,Low,4.1,349,0,24,1.28,5.23,6.67,66.1,73.7
4322,L51501,L,301.7,310.2,1686,28.9,59,0,0,0,0,0,0,Low,3.5,321,2,450,2.45,6.6,4.41,32.1,62.1
4323,M19182,M,301.7,310.1,1431,44.0,61,0,0,0,0,0,0,Medium,6.3,488,11,39,2.38,6.46,6.44,32.5,67.8
4324,L51503,L,301.8,310.3,1341,50.5,64,1,0,1,0,0,0,Low,8.0,315,7,11,2.42,5.96,6.77,47.3,74.2
4325,L51504,L,301.7,310.2,1486,43.0,66,0,0,0,0,0,0,Low,6.1,459,5,833,1.21,7.01,7.07,53.3,45.6
4326,L51505,L,301.6,310.2,1384,57.1,68,0,0,0,0,0,0,Low,5.0,422,6,724,1.62,5.18,7.79,42.4,60.9
4327,L51506,L,301.6,310.1,1362,55.8,70,1,0,1,0,0,0,Low,4.1,266,1,223,2.0,5.54,7.52,58.8,75.2
4328,H33741,H,301.7,310.1,1660,29.3,72,0,0,0,0,0,0,High,6.2,319,7,142,2.12,5.52,4.87,52.3,68.3
4329,L51508,L,301.6,310.1,1326,48.2,77,1,0,1,0,0,0,Low,5.7,353,8,188,1.32,5.87,6.52,41.7,72.4
4330,L51509,L,301.6,310.0,1566,30.3,79,0,0,0,0,0,0,Low,6.5,645,7,45,0.54,5.86,4.86,67.4,74.6
4331,L51510,L,301.5,309.8,1549,38.5,81,0,0,0,0,0,0,Low,6.9,304,5,16,2.45,6.53,6.06,61.1,70.4
4332,M19191,M,301.6,309.9,1746,31.1,83,0,0,0,0,0,0,Medium,6.0,606,7,74,1.13,7.33,5.77,58.9,86.2
4333,M19192,M,301.7,309.9,1452,41.5,86,0,0,0,0,0,0,Medium,5.2,307,5,134,1.63,6.39,5.96,49.2,45.7
4334,L51513,L,301.6,309.8,1588,33.9,89,0,0,0,0,0,0,Low,4.8,378,4,238,1.87,6.01,5.76,43.9,52.7
4335,L51514,L,301.6,309.8,1472,42.5,91,0,0,0,0,0,0,Low,5.1,363,6,251,1.05,6.91,6.3,71.1,76.2
4336,L51515,L,301.7,309.9,1607,37.7,93,0,0,0,0,0,0,Low,5.9,591,7,24,1.56,6.12,5.68,55.2,84.6
4337,H33750,H,301.6,309.9,1423,53.6,95,0,0,0,0,0,0,High,6.6,489,11,223,3.02,6.11,7.92,36.0,65.8
4338,L51517,L,301.6,309.9,1440,43.4,100,0,0,0,0,0,0,Low,6.1,620,11,174,0.54,6.22,6.69,66.0,82.2
4339,L51518,L,301.6,309.9,1397,43.7,102,0,0,0,0,0,0,Low,6.1,538,7,174,2.24,6.23,6.09,85.8,63.7
4340,L51519,L,301.7,309.9,1524,46.6,104,0,0,0,0,0,0,Low,7.1,619,12,32,1.79,6.6,7.47,42.9,66.1
4341,M19200,M,301.7,309.9,1533,40.9,106,0,0,0,0,0,0,Medium,9.1,950,14,58,1.07,4.74,6.41,55.2,78.1
4342,L51521,L,301.7,309.8,1398,46.0,109,0,0,0,0,0,0,Low,9.5,421,11,165,1.93,6.36,6.54,52.9,79.2
4343,M19202,M,301.7,309.8,1284,68.2,111,1,0,1,1,0,0,Medium,6.5,593,5,182,2.55,6.25,9.44,65.0,71.3
4344,L51523,L,301.7,309.8,1491,39.3,114,0,0,0,0,0,0,Low,7.6,688,14,20,1.58,5.89,6.33,54.1,94.2
4345,H33758,H,301.8,309.9,1418,51.3,116,0,0,0,0,0,0,High,8.2,691,14,178,2.44,6.63,7.18,46.1,79.3
4346,M19205,M,301.8,309.8,1546,39.8,121,0,0,0,0,0,0,Medium,5.9,621,9,662,2.09,6.49,6.12,64.8,30.6
4347,L51526,L,301.8,309.7,1598,30.4,124,0,0,0,0,0,0,Low,7.0,788,4,153,1.4,5.64,5.27,60.9,72.7
4348,H33761,H,301.9,309.8,1724,27.5,126,0,0,0,0,0,0,High,11.8,1173,16,196,2.33,6.0,4.7,74.8,78.0
4349,L51528,L,301.9,309.8,1507,44.7,131,0,0,0,0,0,0,Low,5.9,641,7,853,2.87,6.39,6.73,74.6,70.7
4350,L51529,L,301.9,309.7,1595,31.4,133,0,0,0,0,0,0,Low,8.2,607,9,374,0.98,5.89,5.17,51.7,83.4
4351,M19210,M,301.9,309.7,1568,37.5,135,0,0,0,0,0,0,Medium,9.3,733,15,69,1.19,5.48,5.97,67.8,79.7
4352,L51531,L,301.8,309.6,1432,43.7,138,0,0,0,0,0,0,Low,11.2,966,10,193,0.82,6.11,6.38,67.1,72.8
4353,L51532,L,301.9,309.7,1424,42.8,140,0,0,0,0,0,0,Low,10.3,741,11,32,2.75,6.89,6.29,72.1,78.8
4354,M19213,M,302.0,309.7,1386,62.7,142,1,0,0,1,0,0,Medium,10.9,1065,13,28,2.73,5.97,8.99,56.8,77.5
4355,L51534,L,302.0,309.8,1456,58.1,145,0,0,0,0,0,0,Low,14.1,960,21,5,2.42,6.4,8.95,31.4,43.4
4356,H33769,H,302.0,309.8,1280,57.3,147,1,0,1,0,0,0,High,10.9,962,11,1500,2.87,7.52,7.71,38.2,51.8
4357,L51536,L,302.0,309.8,1649,31.0,152,0,0,0,0,0,0,Low,11.3,658,15,123,2.62,4.66,5.81,46.9,55.4
4358,L51537,L,302.0,309.9,1407,52.8,154,0,0,0,0,0,0,Low,11.6,913,12,165,2.52,6.57,8.02,45.9,97.1
4359,H33772,H,302.0,309.9,1606,34.5,156,0,0,0,0,0,0,High,9.8,937,8,47,2.89,5.5,5.78,65.7,70.7
4360,M19219,M,302.1,310.0,1531,38.0,161,0,0,0,0,0,0,Medium,7.7,574,7,11,1.94,5.61,6.59,60.7,80.8
4361,L51540,L,302.1,310.1,1543,35.8,164,0,0,0,0,0,0,Low,10.4,818,10,241,1.36,5.82,5.53,58.7,79.0
4362,M19221,M,302.1,310.1,1379,48.2,166,1,0,1,0,0,0,Medium,6.9,785,8,269,3.25,5.59,7.63,57.4,80.2
4363,L51542,L,302.1,310.1,1447,46.6,169,0,0,0,0,0,0,Low,8.9,987,10,33,2.2,6.4,7.96,45.7,80.5
4364,H33777,H,302.1,310.1,1844,24.6,171,0,0,0,0,0,0,High,15.5,1031,12,82,1.66,5.2,4.96,81.6,75.5
4365,H33778,H,302.1,310.1,1615,29.9,176,0,0,0,0,0,0,High,16.8,1589,16,398,0.58,6.45,5.02,58.7,96.8
4366,L51545,L,302.0,310.0,1449,48.8,181,0,0,0,0,0,0,Low,10.9,712,6,28,1.7,6.68,7.76,56.9,89.6
4367,L51546,L,302.0,309.9,1388,51.4,183,0,0,0,0,0,0,Low,9.1,854,7,206,2.37,5.09,7.93,54.0,59.4
4368,H33781,H,302.0,309.9,1447,42.8,185,0,0,0,0,0,0,High,14.5,1032,19,5,2.37,5.12,6.18,35.1,71.8
4369,L51548,L,302.0,310.0,1664,28.6,190,0,0,0,0,0,0,Low,10.7,1033,13,349,2.84,5.63,5.18,72.9,99.8
4370,H33783,H,302.0,309.9,1735,27.2,192,0,0,0,0,0,0,High,10.3,813,18,325,1.89,6.6,4.89,64.9,40.3
4371,L51550,L,302.0,309.9,1308,57.6,197,1,0,1,0,1,0,Low,18.9,1491,14,191,3.08,5.63,7.57,86.3,67.0
4372,L51551,L,302.0,309.8,1480,40.0,199,0,0,0,0,0,0,Low,14.4,1267,18,495,2.13,6.12,6.3,66.0,52.0
4373,M19232,M,301.9,309.6,1439,41.7,201,0,0,0,0,0,0,Medium,12.8,1414,13,54,2.8,5.12,6.31,66.2,63.6
4374,M19233,M,301.9,309.7,1533,35.9,204,0,0,0,0,0,0,Medium,7.7,669,15,545,3.15,5.49,5.38,47.1,43.6
4375,L51554,L,302.0,309.7,1551,34.8,207,0,0,0,0,0,0,Low,10.3,887,11,85,3.68,5.35,6.05,59.9,80.8
4376,L51555,L,302.0,309.7,1414,36.3,209,0,0,0,0,0,0,Low,20.0,1963,17,79,3.5,5.51,5.43,64.0,85.1
4377,M19236,M,301.9,309.6,1551,34.6,211,0,0,0,0,0,0,Medium,19.0,1637,13,124,1.97,5.92,5.85,26.0,74.6
4378,M19237,M,301.8,309.6,1436,49.0,214,0,0,0,0,0,0,Medium,12.8,1095,14,104,3.21,6.14,7.71,82.3,72.7
4379,M19238,M,301.9,309.6,1385,45.8,217,0,0,0,0,0,0,Medium,13.5,1352,24,1358,2.83,6.21,6.41,62.5,40.8
4380,M19239,M,301.8,309.5,1732,30.1,220,0,0,0,0,0,0,Medium,14.9,1566,28,65,3.12,5.23,6.06,73.2,86.5
4381,L51560,L,301.9,309.6,1410,49.0,223,0,0,0,0,0,0,Low,7.9,717,13,255,3.19,6.88,8.0,71.9,83.2
4382,L51561,L,301.9,309.6,1446,43.2,225,0,0,0,0,0,0,Low,10.5,1067,16,1324,3.94,5.84,6.23,40.5,67.6
4383,L51562,L,301.8,309.5,1525,39.6,227,0,0,0,0,0,0,Low,10.2,1043,11,279,3.41,6.71,6.34,43.8,54.3
4384,L51563,L,301.7,309.5,1298,65.5,229,1,0,1,0,1,0,Low,16.9,1440,16,103,4.19,6.57,9.0,52.8,66.1
4385,L51564,L,301.8,309.6,1443,42.7,231,0,0,0,0,0,0,Low,10.7,963,14,28,3.13,6.39,6.25,50.4,73.6
4386,L51565,L,301.8,309.7,1442,45.3,233,1,1,0,0,0,0,Low,12.8,1346,13,663,2.47,6.86,6.72,59.7,71.2
4387,L51566,L,301.9,309.7,1719,31.9,0,0,0,0,0,0,0,Low,2.7,29,2,103,2.23,5.52,6.44,69.8,69.4
4388,L51567,L,302.0,309.8,1532,39.4,2,0,0,0,0,0,0,Low,1.8,5,0,29,1.39,6.33,6.17,29.8,82.7
4389,L51568,L,302.0,309.8,1701,27.2,4,0,0,0,0,0,0,Low,0.5,5,0,1,1.34,4.44,5.32,50.5,54.0
4390,M19249,M,302.1,310.0,1355,45.1,6,1,0,1,0,0,0,Medium,3.9,18,3,367,0.87,6.2,6.8,69.2,75.5
4391,M19250,M,302.2,310.1,1421,45.4,9,0,0,0,0,0,0,Medium,5.4,37,9,42,2.82,6.32,6.92,31.0,66.2
4392,M19251,M,302.2,310.1,1368,51.6,12,1,0,1,0,0,0,Medium,4.7,31,7,9,1.68,5.57,7.89,64.1,60.6
4393,L51572,L,302.2,310.1,1458,45.1,15,0,0,0,0,0,0,Low,4.9,74,6,60,2.18,6.1,7.21,71.3,73.4
4394,M19253,M,302.2,310.1,1572,34.6,17,0,0,0,0,0,0,Medium,2.0,126,2,42,1.81,4.93,5.88,40.3,81.4
4395,L51574,L,302.2,310.0,1483,48.7,20,0,0,0,0,0,0,Low,7.2,156,8,68,2.58,5.38,7.97,59.6,59.0
4396,L51575,L,302.3,310.1,1513,40.4,22,0,0,0,0,0,0,Low,2.2,82,2,130,0.55,5.99,6.25,65.6,90.2
4397,H33810,H,302.3,310.1,1383,42.9,24,0,0,0,0,0,0,High,1.6,101,4,415,2.33,5.25,6.17,62.3,58.1
4398,L51577,L,302.4,310.2,1539,37.7,29,0,0,0,0,0,0,Low,1.7,175,2,97,2.47,7.18,5.66,66.3,100.0
4399,M19258,M,302.3,310.1,1563,37.8,31,0,0,0,0,0,0,Medium,4.5,186,2,42,1.02,6.32,6.43,60.7,61.2
4400,L51579,L,302.3,310.1,1653,29.7,34,0,0,0,0,0,0,Low,8.0,250,16,747,2.21,5.91,4.99,59.6,49.3
4401,L51580,L,302.3,310.1,1353,50.9,36,1,0,1,0,0,0,Low,7.3,228,7,4,1.37,6.18,6.69,59.2,63.2
4402,H33815,H,302.2,310.0,1468,43.6,38,0,0,0,0,0,0,High,4.3,223,10,352,1.38,6.26,6.92,70.4,67.3
4403,H33816,H,302.3,310.2,1506,33.8,43,0,0,0,0,0,0,High,6.7,238,10,35,0.9,5.28,5.27,46.6,88.6
4404,L51583,L,302.3,310.1,1388,49.9,48,0,0,0,0,0,0,Low,10.6,181,15,138,2.22,6.35,7.87,66.4,65.0
4405,M19264,M,302.4,310.2,1485,45.9,50,0,0,0,0,0,0,Medium,4.0,264,3,1256,1.5,6.27,7.47,35.8,48.1
4406,L51585,L,302.4,310.2,1331,45.5,53,1,0,1,0,0,0,Low,5.1,199,7,398,1.66,5.67,6.8,34.4,60.5
4407,L51586,L,302.5,310.3,1326,58.5,55,1,0,1,0,0,0,Low,8.9,343,15,425,1.7,6.37,8.11,16.7,73.4
4408,L51587,L,302.3,310.2,1394,55.4,57,0,0,0,0,0,0,Low,3.3,299,5,664,2.71,5.91,8.23,46.7,64.7
4409,L51588,L,302.4,310.1,2009,18.9,59,0,0,0,0,0,0,Low,3.5,316,5,209,2.16,6.23,4.18,41.2,100.0
4410,M19269,M,302.4,310.1,1358,54.6,61,1,0,1,0,0,0,Medium,10.8,489,11,5,2.19,6.79,6.82,52.1,78.9
4411,L51590,L,302.5,310.2,1586,32.2,64,0,0,0,0,0,0,Low,7.3,287,5,368,1.3,5.96,4.94,57.0,73.6
4412,L51591,L,302.5,310.3,1688,31.6,66,0,0,0,0,0,0,Low,4.6,389,9,478,0.76,7.09,5.58,43.9,75.0
4413,L51592,L,302.6,310.5,1450,43.2,68,0,0,0,0,0,0,Low,3.7,318,3,65,0.99,5.76,6.02,66.9,52.4
4414,M19273,M,302.7,310.5,1398,47.3,70,0,0,0,0,0,0,Medium,4.6,448,7,10,1.62,5.4,6.66,62.5,64.0
4415,L51594,L,302.7,310.5,1520,39.3,73,0,0,0,0,0,0,Low,6.0,375,11,111,1.42,6.13,6.45,37.5,77.7
4416,L51595,L,302.6,310.4,1514,42.7,75,0,0,0,0,0,0,Low,5.7,518,10,13,2.45,5.39,6.91,24.1,92.5
4417,M19276,M,302.6,310.4,1532,36.1,77,0,0,0,0,0,0,Medium,3.9,301,1,2,2.47,6.24,6.0,53.9,70.7
4418,L51597,L,302.6,310.4,1365,66.8,80,1,0,1,1,0,0,Low,4.0,375,4,828,3.14,5.42,9.04,39.8,56.1
4419,L51598,L,302.6,310.3,1642,33.2,82,0,0,0,0,0,0,Low,5.8,388,7,528,2.91,6.41,5.98,70.3,58.9
4420,M19279,M,302.6,310.2,2676,10.8,84,1,0,0,1,0,0,Medium,3.2,291,9,340,3.09,5.75,2.91,63.4,71.7
4421,H33834,H,302.6,310.2,1873,21.3,87,0,0,0,0,0,0,High,6.9,369,10,167,2.5,6.99,4.31,46.7,91.2
4422,L51601,L,302.6,310.2,1325,62.4,92,1,0,1,0,0,0,Low,9.0,417,13,115,2.73,7.04,8.99,60.6,67.6
4423,M19282,M,302.6,310.2,2157,17.2,94,0,0,0,0,0,0,Medium,8.8,710,9,57,2.81,6.56,4.31,57.4,90.0
4424,M19283,M,302.6,310.2,1563,39.0,97,0,0,0,0,0,0,Medium,9.9,606,7,196,1.04,5.4,6.95,70.5,45.8
4425,M19284,M,302.6,310.2,1631,31.0,100,0,0,0,0,0,0,Medium,7.7,659,8,45,1.76,5.47,5.5,44.0,85.7
4426,L51605,L,302.5,310.2,1547,36.9,103,0,0,0,0,0,0,Low,4.6,399,6,132,1.32,6.06,5.9,94.9,75.6
4427,L51606,L,302.6,310.3,1479,40.4,105,0,0,0,0,0,0,Low,5.9,494,7,18,0.85,6.36,6.32,63.4,72.4
4428,M19287,M,302.4,310.1,1379,48.9,107,1,0,1,0,0,0,Medium,7.0,779,8,670,2.15,6.03,7.21,57.6,72.0
4429,L51608,L,302.4,310.1,1906,21.2,110,0,0,0,0,0,0,Low,6.4,585,8,212,1.12,5.81,4.11,63.1,70.7
4430,M19289,M,302.3,310.1,1731,33.4,112,0,0,0,0,0,0,Medium,9.3,864,13,493,2.62,6.31,6.27,48.4,41.3
4431,H33844,H,302.3,310.1,1688,30.4,115,0,0,0,0,0,0,High,7.7,634,11,259,1.84,6.83,5.59,52.8,67.7
4432,H33845,H,302.3,310.2,1443,54.6,120,0,0,0,0,0,0,High,12.9,952,13,419,1.44,7.17,8.59,40.6,66.6
4433,L51612,L,302.4,310.2,1445,46.4,125,0,0,0,0,0,0,Low,11.3,612,14,372,1.52,7.08,6.65,70.0,64.4
4434,H33847,H,302.4,310.2,1435,44.9,127,0,0,0,0,0,0,High,7.8,589,8,293,1.63,4.96,6.75,52.0,64.7
4435,L51614,L,302.4,310.1,1556,32.9,132,0,0,0,0,0,0,Low,4.5,428,4,94,2.26,4.18,5.63,54.1,68.0
4436,L51615,L,302.3,310.1,1321,52.7,134,1,0,1,0,0,0,Low,5.7,569,6,288,2.91,6.44,7.58,50.9,65.1
4437,M19296,M,302.4,310.1,1577,35.8,136,0,0,0,0,0,0,Medium,8.4,823,9,47,1.6,6.62,5.88,51.4,65.4
4438,L51617,L,302.4,310.2,1578,31.2,139,0,0,0,0,0,0,Low,6.3,599,10,128,1.71,6.57,5.15,44.0,68.8
4439,L51618,L,302.4,310.1,1418,52.3,141,0,0,0,0,0,0,Low,11.7,1056,10,110,3.31,6.63,7.62,52.1,78.7
4440,M19299,M,302.4,310.2,1392,55.8,143,0,0,0,0,0,0,Medium,8.7,916,9,537,1.43,6.7,8.39,16.0,39.8
4441,L51620,L,302.5,310.3,1446,44.0,146,0,0,0,0,0,0,Low,12.0,685,17,440,0.96,6.03,6.13,73.4,62.6
4442,L51621,L,302.5,310.2,1329,50.6,148,1,0,1,0,0,0,Low,15.8,1363,15,108,3.07,6.28,6.71,50.9,72.2
4443,L51622,L,302.5,310.2,1563,34.8,150,0,0,0,0,0,0,Low,11.3,745,21,552,1.77,6.4,5.54,46.1,64.3
4444,L51623,L,302.5,310.3,1405,57.4,152,0,0,0,0,0,0,Low,10.3,1066,10,273,3.01,6.52,8.69,70.5,55.7
4445,L51624,L,302.4,310.2,2224,16.0,154,0,0,0,0,0,0,Low,7.7,803,7,94,3.87,5.74,4.0,82.0,77.0
4446,L51625,L,302.5,310.2,1716,29.9,156,0,0,0,0,0,0,Low,10.2,1056,9,267,1.09,5.35,5.48,35.0,69.3
4447,L51626,L,302.5,310.3,1584,35.5,158,0,0,0,0,0,0,Low,8.7,727,9,158,2.83,5.07,5.55,74.3,64.7
4448,M19307,M,302.5,310.3,1488,41.8,160,0,0,0,0,0,0,Medium,9.8,885,7,59,2.4,5.78,6.45,36.4,64.2
4449,L51628,L,302.4,310.3,1374,51.2,163,1,0,1,0,0,0,Low,11.2,640,9,92,1.57,5.31,7.03,56.8,77.3
4450,M19309,M,302.4,310.3,1378,54.3,165,1,0,1,0,0,0,Medium,13.8,864,18,177,2.33,6.05,7.74,77.0,52.9
4451,L51630,L,302.5,310.3,1551,37.3,168,0,0,0,0,0,0,Low,11.7,1075,13,318,2.17,6.49,5.78,40.1,72.4
4452,L51631,L,302.5,310.3,1549,40.9,170,0,0,0,0,0,0,Low,8.5,936,12,295,2.57,6.2,6.52,42.0,73.0
4453,M19312,M,302.5,310.3,1447,39.2,172,0,0,0,0,0,0,Medium,12.5,1270,21,704,1.51,5.97,5.7,74.3,40.1
4454,L51633,L,302.4,310.2,1400,53.7,175,0,0,0,0,0,0,Low,18.7,815,24,194,3.23,6.39,8.68,15.0,71.6
4455,L51634,L,302.4,310.1,1401,48.8,177,0,0,0,0,0,0,Low,7.4,802,11,178,2.6,5.46,7.31,76.4,58.0
4456,H33869,H,302.4,310.1,1597,28.9,179,0,0,0,0,0,0,High,7.6,553,17,82,1.88,6.44,4.63,35.1,94.4
4457,L51636,L,302.3,310.1,1487,46.0,184,0,0,0,0,0,0,Low,10.8,1129,16,3,2.19,6.17,7.15,60.0,60.1
4458,M19317,M,302.5,310.3,1710,27.3,186,0,0,0,0,0,0,Medium,17.0,1021,16,5,2.97,5.61,5.32,34.7,92.7
4459,L51638,L,302.6,310.4,1478,47.7,189,0,0,0,0,0,0,Low,12.5,1115,18,24,2.3,6.53,7.71,53.6,71.3
4460,L51639,L,302.6,310.4,1743,26.3,191,0,0,0,0,0,0,Low,9.4,957,13,275,2.6,4.1,4.76,45.4,73.1
4461,L51640,L,302.6,310.5,1596,32.8,193,0,0,0,0,0,0,Low,9.2,904,7,83,2.38,5.99,5.33,47.7,77.0
4462,L51641,L,302.7,310.5,1642,30.8,195,0,0,0,0,0,0,Low,9.1,1046,13,40,1.72,5.71,5.39,41.7,55.3
4463,L51642,L,302.7,310.5,1263,67.8,197,1,0,1,0,1,0,Low,9.2,750,16,50,3.48,5.68,8.74,59.3,67.3
4464,L51643,L,302.8,310.6,2016,19.9,199,0,0,0,0,0,0,Low,13.3,1239,20,1110,3.22,5.61,4.45,47.8,47.7
4465,L51644,L,302.8,310.6,1671,30.5,201,0,0,0,0,0,0,Low,7.4,800,6,46,2.84,6.28,6.02,63.9,54.8
4466,L51645,L,302.8,310.6,1404,43.2,203,0,0,0,0,0,0,Low,11.5,935,11,281,3.07,5.8,6.42,58.8,66.6
4467,L51646,L,302.8,310.6,1470,41.1,205,0,0,0,0,0,0,Low,15.5,1074,23,4,2.07,6.76,6.36,54.0,75.3
4468,L51647,L,302.8,310.6,1617,37.9,207,0,0,0,0,0,0,Low,11.1,1222,18,511,3.4,5.19,6.04,62.1,49.3
4469,L51648,L,302.7,310.5,1725,29.0,209,0,0,0,0,0,0,Low,8.7,604,7,118,2.81,6.04,5.65,56.2,89.0
4470,L51649,L,302.7,310.5,1446,40.9,211,1,1,0,0,0,0,Low,15.5,1411,12,233,2.67,5.39,6.37,25.5,59.9
4471,L51650,L,302.7,310.6,1564,34.3,0,0,0,0,0,0,0,Low,2.8,14,6,518,0.63,6.84,5.14,60.5,47.7
4472,L51651,L,302.8,310.6,1670,29.1,2,0,0,0,0,0,0,Low,3.3,48,1,407,1.14,6.31,5.19,47.1,79.2
4473,L51652,L,302.7,310.6,1501,48.7,4,0,0,0,0,0,0,Low,1.7,8,0,12,2.39,5.41,7.66,40.0,61.3
4474,L51653,L,302.7,310.5,1551,35.9,6,0,0,0,0,0,0,Low,0.6,34,1,235,1.01,6.38,5.88,36.7,61.1
4475,L51654,L,302.7,310.5,1563,35.0,8,0,0,0,0,0,0,Low,3.8,80,3,251,0.98,6.72,5.62,42.1,80.8
4476,L51655,L,302.7,310.5,1351,41.8,10,1,0,1,0,0,0,Low,4.9,69,5,789,1.53,5.9,5.95,63.7,50.5
4477,L51656,L,302.6,310.4,1415,52.1,12,0,0,0,0,0,0,Low,1.7,72,4,7,2.41,6.04,7.32,24.8,87.5
4478,L51657,L,302.6,310.3,1647,34.2,14,0,0,0,0,0,0,Low,2.0,76,0,3,1.65,6.2,5.94,63.5,74.7
4479,L51658,L,302.5,310.2,1477,41.6,16,0,0,0,0,0,0,Low,1.8,66,3,53,0.33,6.0,6.7,34.2,66.1
4480,L51659,L,302.6,310.2,1923,21.5,18,0,0,0,0,0,0,Low,4.2,114,4,414,1.34,6.66,4.29,54.7,71.2
4481,H33894,H,302.7,310.4,1305,55.2,20,1,0,1,0,0,0,High,4.1,133,11,282,2.96,6.21,7.29,82.5,61.1
4482,M19341,M,302.6,310.4,1544,35.1,25,0,0,0,0,0,0,Medium,2.1,118,2,794,1.95,6.26,6.09,60.3,72.7
4483,H33896,H,302.7,310.5,1568,36.9,28,0,0,0,0,0,0,High,3.3,114,9,83,0.64,6.36,6.41,46.8,72.9
4484,L51663,L,302.7,310.4,1489,42.7,33,0,0,0,0,0,0,Low,3.6,141,1,110,1.37,6.21,6.32,29.2,80.6
4485,M19344,M,302.6,310.4,1451,43.1,35,0,0,0,0,0,0,Medium,4.8,202,5,38,2.63,6.07,6.42,59.0,56.6
4486,L51665,L,302.7,310.4,1542,35.7,38,0,0,0,0,0,0,Low,3.6,212,7,415,1.56,5.8,5.78,42.8,57.2
4487,M19346,M,302.6,310.5,1965,20.2,40,0,0,0,0,0,0,Medium,6.6,158,9,431,1.81,6.13,4.22,43.9,49.3
4488,L51667,L,302.5,310.5,1436,36.5,43,0,0,0,0,0,0,Low,5.8,308,9,22,0.63,6.23,5.67,87.2,91.2
4489,M19348,M,302.5,310.4,1509,37.6,45,0,0,0,0,0,0,Medium,6.8,199,8,187,1.25,6.24,5.86,53.5,66.9
4490,L51669,L,302.5,310.4,1487,40.2,48,0,0,0,0,0,0,Low,5.7,313,7,1217,1.97,4.96,5.97,40.4,38.4
4491,L51670,L,302.5,310.4,1967,20.3,50,0,0,0,0,0,0,Low,4.4,133,8,50,3.49,6.25,4.24,50.5,67.1
4492,H33905,H,302.6,310.4,1409,53.3,52,0,0,0,0,0,0,High,3.8,385,4,13,2.85,6.26,7.59,41.3,65.1
4493,M19352,M,302.6,310.5,1420,56.4,57,0,0,0,0,0,0,Medium,6.0,369,10,175,2.49,6.47,8.65,50.4,92.2
4494,L51673,L,302.7,310.5,1511,37.7,60,0,0,0,0,0,0,Low,5.2,351,5,64,1.45,5.24,6.14,46.5,79.2
4495,H33908,H,302.6,310.4,1649,30.1,62,0,0,0,0,0,0,High,8.4,341,10,26,1.07,5.92,5.67,58.4,59.1
4496,L51675,L,302.6,310.4,1359,57.2,67,1,0,1,0,0,0,Low,9.4,521,6,72,2.11,6.3,8.7,48.7,67.3
4497,M19356,M,302.5,310.4,1605,36.0,69,0,0,0,0,0,0,Medium,9.3,399,10,129,0.6,6.09,6.27,76.7,74.1
4498,L51677,L,302.5,310.3,1523,36.0,72,0,0,0,0,0,0,Low,6.6,625,8,34,2.05,6.42,5.65,71.0,78.5
4499,H33912,H,302.6,310.4,1614,36.0,74,0,0,0,0,0,0,High,5.2,328,5,44,1.79,5.95,5.84,42.2,73.9
4500,H33913,H,302.6,310.3,1721,27.4,79,0,0,0,0,0,0,High,10.8,532,15,92,1.78,5.08,5.21,46.4,60.3
4501,L51680,L,302.6,310.4,1638,36.2,84,0,0,0,0,0,0,Low,6.5,618,8,588,0.87,4.38,6.35,41.4,69.9
4502,L51681,L,302.5,310.2,1307,54.0,86,1,0,1,0,0,0,Low,8.2,313,10,76,2.29,5.45,7.11,56.4,73.3
4503,L51682,L,302.4,310.2,1642,28.3,88,0,0,0,0,0,0,Low,10.6,649,8,411,1.57,5.4,4.91,66.8,71.9
4504,M19363,M,302.5,310.2,1751,30.5,90,0,0,0,0,0,0,Medium,5.3,347,8,1029,2.17,6.61,5.56,51.6,28.1
4505,L51684,L,302.4,310.1,1645,31.6,93,0,0,0,0,0,0,Low,12.1,559,10,21,1.71,6.65,5.37,75.2,76.8
4506,L51685,L,302.4,310.1,1426,46.8,95,0,0,0,0,0,0,Low,8.3,360,13,115,2.35,6.59,7.05,65.5,87.0
4507,M19366,M,302.4,310.1,1520,36.6,97,0,0,0,0,0,0,Medium,4.4,435,6,21,0.2,5.95,5.65,65.3,73.5
4508,L51687,L,302.4,310.1,1709,31.8,100,0,0,0,0,0,0,Low,12.2,668,18,219,1.98,5.0,5.36,75.7,67.3
4509,L51688,L,302.4,310.0,1426,46.6,102,0,0,0,0,0,0,Low,8.0,676,11,6,2.25,5.73,7.62,58.4,64.4
4510,L51689,L,302.4,310.1,1429,43.7,104,0,0,0,0,0,0,Low,7.1,459,8,7,1.71,7.04,6.48,61.6,49.4
4511,L51690,L,302.4,310.2,1346,62.4,106,1,0,1,0,0,0,Low,8.2,594,11,434,2.5,5.49,9.07,60.3,65.4
4512,L51691,L,302.5,310.2,1454,43.0,108,0,0,0,0,0,0,Low,8.7,574,18,265,2.37,6.35,6.05,53.7,62.3
4513,M19372,M,302.5,310.3,1411,49.5,110,0,0,0,0,0,0,Medium,9.8,407,12,284,1.17,6.03,6.83,44.6,83.9
4514,L51693,L,302.4,310.3,1900,24.4,113,0,0,0,0,0,0,Low,9.1,702,8,68,1.4,5.73,4.64,69.7,58.5
4515,L51694,L,302.4,310.3,1479,36.2,115,0,0,0,0,0,0,Low,7.0,573,11,22,1.5,5.86,5.35,46.0,74.8
4516,L51695,L,302.5,310.4,1415,48.2,117,0,0,0,0,0,0,Low,5.4,511,6,604,2.28,6.59,6.79,53.0,66.8
4517,L51696,L,302.5,310.3,1539,39.0,119,0,0,0,0,0,0,Low,6.1,531,10,245,1.74,5.02,6.0,72.2,73.4
4518,L51697,L,302.4,310.3,1520,31.6,121,0,0,0,0,0,0,Low,10.4,639,10,49,2.28,6.09,5.23,83.4,63.2
4519,L51698,L,302.4,310.3,1480,45.8,123,0,0,0,0,0,0,Low,11.4,666,12,86,2.69,4.77,6.84,82.1,68.1
4520,L51699,L,302.4,310.4,1666,29.7,125,0,0,0,0,0,0,Low,10.3,1012,8,64,1.49,5.79,4.62,65.2,77.5
4521,L51700,L,302.4,310.4,1456,47.6,127,0,0,0,0,0,0,Low,12.1,924,21,86,2.16,6.4,7.31,58.8,70.1
4522,L51701,L,302.4,310.4,1865,23.9,129,0,0,0,0,0,0,Low,6.6,601,8,2,2.5,6.38,4.56,69.7,78.0
4523,M19382,M,302.5,310.5,1918,21.6,131,0,0,0,0,0,0,Medium,6.4,710,6,585,2.56,6.17,4.67,45.9,43.3
4524,L51703,L,302.5,310.4,1488,48.4,134,0,0,0,0,0,0,Low,6.5,694,6,173,1.58,5.92,7.52,55.5,67.2
4525,M19384,M,302.5,310.5,1527,38.8,136,0,0,0,0,0,0,Medium,10.0,549,13,55,1.35,6.33,6.6,81.3,81.1
4526,M19385,M,302.4,310.4,1463,42.2,139,0,0,0,0,0,0,Medium,8.6,973,8,49,1.58,7.08,6.39,57.4,71.1
4527,L51706,L,302.4,310.4,1521,38.5,142,0,0,0,0,0,0,Low,11.0,822,10,225,2.32,6.31,5.95,56.1,44.8
4528,M19387,M,302.4,310.5,1372,45.7,144,1,0,1,0,0,0,Medium,9.2,734,9,5,0.93,4.64,6.76,54.3,76.1
4529,L51708,L,302.5,310.5,1507,39.5,147,0,0,0,0,0,0,Low,13.5,944,12,236,2.09,6.21,5.85,77.4,67.2
4530,M19389,M,302.4,310.4,1586,34.3,149,0,0,0,0,0,0,Medium,7.5,563,17,105,1.37,6.64,6.02,59.3,62.0
4531,L51710,L,302.5,310.4,1487,42.0,152,0,0,0,0,0,0,Low,9.1,660,11,870,2.2,6.11,6.41,42.9,68.4
4532,L51711,L,302.5,310.5,1520,41.2,154,0,0,0,0,0,0,Low,9.6,793,17,213,1.66,5.58,6.05,48.9,80.2
4533,H33946,H,302.5,310.4,1422,41.9,156,0,0,0,0,0,0,High,8.0,558,11,313,2.29,6.76,6.4,57.6,61.5
4534,M19393,M,302.4,310.3,1375,52.5,161,1,0,1,0,0,0,Medium,13.3,1291,21,364,3.15,5.98,7.48,37.9,69.9
4535,L51714,L,302.4,310.2,1633,28.0,164,0,0,0,0,0,0,Low,11.1,895,20,402,0.61,5.2,4.5,53.8,66.0
4536,L51715,L,302.4,310.2,1503,36.2,166,0,0,0,0,0,0,Low,8.5,780,13,865,1.56,5.98,5.81,46.7,48.6
4537,L51716,L,302.4,310.2,1351,45.1,168,1,0,1,0,0,0,Low,14.3,1133,18,469,2.22,6.57,6.22,34.5,79.8
4538,L51717,L,302.3,310.2,1548,35.3,170,0,0,0,0,0,0,Low,9.9,848,8,57,1.86,6.0,5.93,59.4,66.7
4539,L51718,L,302.4,310.3,1923,23.3,172,0,0,0,0,0,0,Low,14.9,1242,21,42,1.8,5.56,4.66,66.3,71.6
4540,L51719,L,302.5,310.3,1592,32.6,174,0,0,0,0,0,0,Low,7.6,746,5,43,2.37,6.33,5.56,71.9,69.4
4541,M19400,M,302.5,310.4,1580,35.6,176,0,0,0,0,0,0,Medium,8.0,725,12,501,1.49,6.38,5.8,54.8,67.7
4542,L51721,L,302.5,310.4,1427,46.8,179,0,0,0,0,0,0,Low,7.9,863,11,556,3.23,5.46,6.46,48.9,83.0
4543,M19402,M,302.5,310.4,1581,32.7,181,0,0,0,0,0,0,Medium,16.1,1527,17,486,2.1,5.76,5.65,51.9,77.4
4544,M19403,M,302.6,310.5,1542,39.9,184,0,0,0,0,0,0,Medium,13.5,1228,16,26,2.09,5.52,6.2,80.4,98.1
4545,L51724,L,302.5,310.4,1349,55.1,187,1,0,1,0,0,0,Low,8.9,867,13,111,3.68,6.18,7.0,41.4,82.8
4546,L51725,L,302.5,310.5,1463,43.0,189,0,0,0,0,0,0,Low,10.5,954,15,497,1.68,7.02,6.45,54.0,71.3
4547,M19406,M,302.5,310.4,1429,43.2,191,0,0,0,0,0,0,Medium,17.7,1991,27,567,1.74,6.88,6.24,44.2,32.8
4548,M19407,M,302.5,310.4,1451,53.6,194,0,0,0,0,0,0,Medium,11.4,754,16,151,2.98,6.09,8.51,69.3,76.7
4549,L51728,L,302.6,310.5,1511,37.2,197,0,0,0,0,0,0,Low,13.4,1006,21,447,2.78,5.05,5.69,47.1,59.6
4550,L51729,L,302.6,310.6,1549,37.5,199,0,0,0,0,0,0,Low,13.6,1334,21,230,2.16,6.02,6.05,30.6,57.9
4551,M19410,M,302.5,310.5,1507,40.2,201,0,0,0,0,0,0,Medium,9.0,815,6,67,1.45,5.86,6.52,48.1,68.0
4552,M19411,M,302.6,310.5,1524,33.7,204,0,0,0,0,0,0,Medium,11.2,1280,14,17,2.58,5.38,5.39,57.8,69.9
4553,M19412,M,302.7,310.5,1880,22.7,207,0,0,0,0,0,0,Medium,15.3,1297,23,331,3.18,6.52,4.7,68.1,53.8
4554,L51733,L,302.6,310.5,1461,45.4,0,0,0,0,0,0,0,Low,1.3,5,0,34,1.42,6.59,7.31,71.1,69.9
4555,L51734,L,302.6,310.5,1748,28.2,2,0,0,0,0,0,0,Low,5.3,62,8,21,1.9,5.98,4.92,41.6,100.0
4556,L51735,L,302.7,310.6,1690,26.7,4,0,0,0,0,0,0,Low,0.8,16,0,250,2.35,5.83,4.81,48.5,52.3
4557,M19416,M,302.7,310.6,1349,51.2,6,1,0,1,0,0,0,Medium,1.2,15,0,356,1.93,5.48,7.82,53.4,71.7
4558,L51737,L,302.7,310.6,1686,26.3,9,0,0,0,0,0,0,Low,1.6,89,2,313,2.0,6.15,4.44,53.3,72.7
4559,L51738,L,302.7,310.7,1369,47.5,11,1,0,1,0,0,0,Low,1.6,40,3,247,1.98,6.45,6.42,30.9,74.6
4560,L51739,L,302.7,310.7,1433,43.7,13,0,0,0,0,0,0,Low,10.9,54,8,187,1.71,6.37,6.78,53.0,71.3
4561,L51740,L,302.7,310.7,1597,41.9,15,0,0,0,0,0,0,Low,2.7,49,6,61,1.41,6.13,6.74,43.4,79.5
4562,L51741,L,302.9,310.8,1610,32.2,17,0,0,0,0,0,0,Low,4.7,76,9,1182,1.79,7.03,5.97,64.8,34.7
4563,L51742,L,302.7,310.7,1398,57.7,19,0,0,0,0,0,0,Low,1.4,47,2,66,2.92,6.32,8.3,79.7,67.8
4564,L51743,L,302.7,310.7,1977,20.0,21,0,0,0,0,0,0,Low,2.3,108,2,553,1.84,5.75,3.95,63.6,61.3
4565,L51744,L,302.8,310.8,1516,39.5,23,0,0,0,0,0,0,Low,8.8,105,7,271,0.67,5.65,6.1,48.8,93.2
4566,H33979,H,302.7,310.8,1275,55.0,25,1,0,1,0,0,0,High,3.7,157,3,47,2.53,5.42,7.87,53.0,69.1
4567,L51746,L,302.8,310.8,1402,50.5,30,0,0,0,0,0,0,Low,5.8,356,6,756,1.5,7.33,6.94,79.1,48.3
4568,M19427,M,302.8,310.8,1451,44.7,32,0,0,0,0,0,0,Medium,5.0,176,8,407,1.96,6.51,6.67,30.0,76.0
4569,M19428,M,302.7,310.8,1555,36.1,35,0,0,0,0,0,0,Medium,8.4,135,5,267,0.66,6.77,5.8,58.0,81.7
4570,L51749,L,302.8,310.9,1636,35.0,38,0,0,0,0,0,0,Low,1.9,201,4,33,1.29,6.08,5.23,65.9,74.7
4571,L51750,L,302.8,310.9,1312,52.2,40,1,0,1,0,0,0,Low,7.5,251,11,571,2.17,6.21,7.0,73.4,42.3
4572,L51751,L,302.8,310.9,1708,29.8,42,0,0,0,0,0,0,Low,7.4,156,3,192,1.6,5.43,5.28,26.0,71.5
4573,M19432,M,302.9,311.0,1556,36.5,44,0,0,0,0,0,0,Medium,5.6,225,6,62,1.83,5.82,5.69,42.1,66.0
4574,H33987,H,302.8,311.0,1436,43.5,47,0,0,0,0,0,0,High,3.6,190,1,21,2.02,5.83,6.78,48.2,76.6
4575,M19434,M,302.9,311.0,1402,40.7,52,0,0,0,0,0,0,Medium,5.1,237,5,730,1.37,5.4,6.21,51.3,51.4
4576,M19435,M,302.9,311.0,1437,49.9,55,0,0,0,0,0,0,Medium,3.5,309,4,3,1.76,6.35,7.56,46.6,73.9
4577,M19436,M,302.9,311.1,1926,21.8,58,0,0,0,0,0,0,Medium,3.6,390,6,421,1.98,8.11,4.14,50.1,58.9
4578,L51757,L,303.0,311.2,1800,23.7,61,0,0,0,0,0,0,Low,7.7,576,7,203,1.77,5.17,4.27,52.0,47.4
4579,L51758,L,303.0,311.2,1641,32.6,63,0,0,0,0,0,0,Low,3.2,370,3,292,2.22,6.3,5.9,53.3,81.8
4580,L51759,L,303.0,311.2,1374,48.2,65,1,0,1,0,0,0,Low,3.9,272,4,75,2.06,5.72,7.74,51.9,61.0
4581,L51760,L,303.0,311.2,1494,37.0,67,0,0,0,0,0,0,Low,4.2,376,5,602,1.17,6.16,6.06,62.8,64.1
4582,L51761,L,303.0,311.2,1601,32.9,69,0,0,0,0,0,0,Low,4.6,313,8,9,2.49,6.98,5.64,72.5,94.2
4583,L51762,L,302.9,311.2,1634,36.9,71,0,0,0,0,0,0,Low,5.2,367,4,563,2.65,4.96,6.01,79.5,54.1
4584,M19443,M,302.9,311.2,1467,37.7,73,0,0,0,0,0,0,Medium,3.4,304,6,32,1.48,5.31,5.82,52.3,80.5
4585,L51764,L,302.8,311.1,1550,32.3,76,0,0,0,0,0,0,Low,7.3,440,12,229,0.91,5.78,4.9,72.5,58.3
4586,L51765,L,302.8,311.1,1563,32.2,78,0,0,0,0,0,0,Low,8.7,344,15,163,1.27,5.99,5.42,58.0,77.8
4587,L51766,L,302.7,310.9,1395,48.3,80,0,0,0,0,0,0,Low,3.9,359,5,230,1.67,5.64,6.92,38.3,64.0
4588,M19447,M,302.8,311.0,1507,33.4,82,0,0,0,0,0,0,Medium,3.2,282,6,317,1.66,5.81,4.96,43.0,44.3
4589,L51768,L,302.8,311.0,1564,38.5,85,0,0,0,0,0,0,Low,8.1,681,18,125,2.54,6.54,6.16,69.7,80.3
4590,L51769,L,302.8,311.1,1721,30.0,87,0,0,0,0,0,0,Low,5.0,558,9,31,2.75,5.27,5.51,67.3,71.7
4591,L51770,L,302.8,311.1,1456,36.1,89,0,0,0,0,0,0,Low,6.0,428,4,234,1.67,5.62,5.56,73.2,74.3
4592,H34005,H,302.9,311.2,2102,17.8,91,0,0,0,0,0,0,High,8.3,346,10,263,0.79,5.48,3.93,58.6,70.6
4593,L51772,L,302.9,311.1,1555,33.9,96,0,0,0,0,0,0,Low,4.9,479,3,393,0.83,6.68,5.61,36.7,57.7
4594,L51773,L,303.0,311.2,1409,41.9,98,0,0,0,0,0,0,Low,11.3,521,7,104,0.68,5.79,5.84,82.3,84.7
4595,M19454,M,303.0,311.2,1387,41.4,100,0,0,0,0,0,0,Medium,5.5,441,4,11,2.24,5.67,5.71,55.8,78.4
4596,M19455,M,303.0,311.2,1460,43.9,103,0,0,0,0,0,0,Medium,5.5,417,11,100,0.93,5.86,6.41,48.5,64.8
4597,L51776,L,303.0,311.2,1361,47.6,106,1,0,1,0,0,0,Low,6.9,651,8,12,0.67,6.05,6.33,37.4,73.9
4598,M19457,M,303.0,311.1,1490,43.0,108,0,0,0,0,0,0,Medium,8.4,483,10,839,2.62,6.78,6.7,42.9,76.4
4599,L51778,L,303.1,311.2,1399,49.2,111,0,0,0,0,0,0,Low,6.4,445,12,365,1.57,6.3,6.67,64.5,64.5
4600,L51779,L,303.1,311.1,1420,55.8,113,0,0,0,0,0,0,Low,4.8,349,5,120,2.27,7.22,8.39,53.4,69.7
4601,L51780,L,303.0,311.0,1359,44.2,115,1,0,1,0,0,0,Low,5.5,502,10,131,1.79,5.71,5.79,26.7,88.9
4602,M19461,M,303.0,311.1,1372,54.3,117,1,0,1,0,0,0,Medium,8.3,626,9,187,2.52,6.59,8.08,45.0,99.6
4603,M19462,M,303.0,311.0,1409,41.7,120,0,0,0,0,0,0,Medium,11.7,666,13,160,0.51,6.86,6.23,41.5,60.7
4604,H34017,H,302.9,311.0,1452,58.3,123,0,0,0,0,0,0,High,6.7,562,6,207,1.51,5.32,8.19,44.5,69.4
4605,L51784,L,302.9,311.0,1820,24.6,128,0,0,0,0,0,0,Low,8.6,712,17,66,2.87,5.1,4.8,57.1,72.3
4606,H34019,H,302.9,311.0,1469,48.7,130,0,0,0,0,0,0,High,5.9,636,7,118,1.19,5.78,7.45,29.1,84.2
4607,L51786,L,302.9,311.1,1556,45.3,135,0,0,0,0,0,0,Low,10.4,932,11,246,1.73,7.11,7.8,56.0,90.0
4608,L51787,L,303.0,311.1,1980,20.2,137,0,0,0,0,0,0,Low,15.1,546,18,130,3.42,6.03,4.16,90.8,69.5
4609,M19468,M,303.0,311.2,1519,38.0,139,0,0,0,0,0,0,Medium,9.0,981,14,91,2.64,6.17,5.54,43.7,51.3
4610,L51789,L,303.0,311.2,1456,44.0,142,0,0,0,0,0,0,Low,10.1,819,10,706,2.09,5.87,6.56,74.4,60.3
4611,L51790,L,303.1,311.2,1394,45.3,144,0,0,0,0,0,0,Low,7.7,733,9,27,1.51,6.31,6.55,46.8,73.3
4612,L51791,L,303.0,311.3,1365,56.2,146,1,0,1,0,0,0,Low,4.7,493,5,93,2.65,6.15,7.82,35.2,84.9
4613,L51792,L,303.0,311.3,2194,16.5,148,0,0,0,0,0,0,Low,8.8,838,14,614,2.24,5.09,3.89,18.6,47.2
4614,L51793,L,303.1,311.3,1403,55.6,150,0,0,0,0,0,0,Low,16.6,909,23,589,2.89,4.7,8.58,71.0,57.0
4615,H34028,H,303.0,311.2,1503,37.0,152,0,0,0,0,0,0,High,11.0,933,11,192,2.23,6.75,5.96,59.5,84.6
4616,L51795,L,303.0,311.3,1793,29.3,157,0,0,0,0,0,0,Low,7.4,535,10,79,1.62,4.51,5.22,15.4,78.4
4617,L51796,L,303.1,311.4,1829,24.5,159,0,0,0,0,0,0,Low,14.7,1654,18,23,4.23,5.64,4.77,55.3,76.2
4618,M19477,M,303.1,311.4,1831,23.3,161,0,0,0,0,0,0,Medium,14.4,1123,16,269,2.9,5.58,4.45,31.6,74.8
4619,M19478,M,303.0,311.3,1335,53.6,164,1,0,1,0,0,0,Medium,9.9,409,14,77,2.19,5.92,7.2,88.0,71.8
4620,H34033,H,303.1,311.3,2056,19.7,167,0,0,0,0,0,0,High,12.6,753,19,73,3.86,5.88,4.55,54.6,59.5
4621,L51800,L,303.1,311.3,1336,52.6,172,1,0,1,0,0,0,Low,14.6,1178,24,189,2.69,6.87,7.39,48.9,70.8
4622,L51801,L,303.0,311.2,1341,51.0,174,1,0,1,0,0,0,Low,8.8,918,13,14,2.55,6.25,6.87,48.7,75.8
4623,M19482,M,303.0,311.1,1526,37.3,176,0,0,0,0,0,0,Medium,8.3,889,8,124,1.86,6.78,5.92,60.2,95.8
4624,L51803,L,303.0,311.1,1525,40.7,179,0,0,0,0,0,0,Low,6.8,780,7,445,2.83,5.75,6.57,48.9,62.5
4625,M19484,M,303.0,311.1,1428,39.8,181,0,0,0,0,0,0,Medium,6.1,604,9,81,3.17,5.89,6.45,38.1,79.7
4626,L51805,L,303.0,311.2,1511,45.7,184,0,0,0,0,0,0,Low,10.7,903,15,263,2.41,5.31,7.42,62.7,74.0
4627,L51806,L,303.0,311.2,1664,29.8,186,0,0,0,0,0,0,Low,10.2,1105,13,137,2.7,5.7,5.02,41.1,85.0
4628,M19487,M,303.0,311.2,1592,38.9,188,0,0,0,0,0,0,Medium,12.5,866,18,201,2.06,6.26,6.7,68.5,70.6
4629,M19488,M,303.0,311.1,1597,36.7,191,0,0,0,0,0,0,Medium,15.4,1149,16,152,2.38,4.76,6.18,73.9,61.5
4630,L51809,L,303.0,311.2,1735,26.1,194,0,0,0,0,0,0,Low,16.3,1282,24,354,3.24,6.14,4.37,49.4,100.0
4631,L51810,L,302.9,311.2,1751,23.8,196,0,0,0,0,0,0,Low,14.2,1646,16,18,3.49,5.15,4.07,29.4,55.9
4632,L51811,L,303.0,311.2,1383,44.6,198,0,0,0,0,0,0,Low,15.9,1553,20,304,2.56,5.58,6.2,50.3,60.5
4633,M19492,M,302.9,311.2,1330,53.7,200,1,0,1,0,0,0,Medium,13.8,1326,15,281,3.02,6.67,7.11,54.3,66.5
4634,L51813,L,303.0,311.2,1382,50.5,203,0,0,0,0,0,0,Low,17.5,1445,23,191,3.0,5.44,6.91,33.6,92.8
4635,L51814,L,303.0,311.2,1755,30.4,205,0,0,0,0,0,0,Low,9.0,1012,8,66,2.67,5.46,5.71,23.9,66.9
4636,M19495,M,303.0,311.2,1614,35.7,207,0,0,0,0,0,0,Medium,15.0,1478,16,46,3.32,6.44,6.32,24.4,61.1
4637,L51816,L,303.0,311.3,1466,43.0,210,0,0,0,0,0,0,Low,20.6,2401,27,421,2.93,6.08,6.17,72.3,70.8
4638,M19497,M,303.1,311.3,1847,24.7,212,0,0,0,0,0,0,Medium,17.2,1469,32,272,3.58,4.95,4.74,67.0,84.6
4639,L51818,L,303.1,311.3,1474,34.8,215,0,0,0,0,0,0,Low,10.9,1290,10,127,2.15,5.77,5.69,34.7,56.4
4640,L51819,L,303.1,311.3,1657,31.8,217,0,0,0,0,0,0,Low,20.2,1364,16,137,3.65,5.72,5.76,70.6,78.6
4641,L51820,L,303.1,311.2,1435,40.1,219,0,0,0,0,0,0,Low,10.6,832,10,115,2.43,5.99,5.93,57.8,76.7
4642,H34055,H,303.1,311.3,1494,42.7,221,0,0,0,0,0,0,High,13.8,1364,17,338,2.67,6.08,6.52,60.3,57.4
4643,L51822,L,303.2,311.4,1238,54.6,226,1,0,1,0,1,0,Low,9.1,924,9,442,3.05,5.67,7.62,15.0,51.3
4644,L51823,L,303.2,311.4,1324,54.2,228,1,0,1,0,1,0,Low,16.1,1250,22,64,3.22,7.88,8.03,43.5,76.2
4645,L51824,L,303.2,311.4,1514,41.2,230,0,0,0,0,0,0,Low,10.6,1198,10,868,2.93,5.79,7.02,71.0,47.0
4646,L51825,L,303.3,311.4,1732,25.6,232,0,0,0,0,0,0,Low,12.8,1513,13,55,3.24,6.18,4.59,20.8,70.8
4647,L51826,L,303.3,311.4,1497,46.0,234,1,1,0,0,0,0,Low,13.9,1243,18,181,2.92,4.85,7.13,79.4,86.5
4648,L51827,L,303.3,311.4,1958,21.5,0,0,0,0,0,0,0,Low,2.3,5,2,34,3.08,5.55,4.16,65.1,76.8
4649,L51828,L,303.3,311.4,1630,32.5,2,0,0,0,0,0,0,Low,3.4,29,1,123,2.21,5.99,5.62,51.1,68.4
4650,M19509,M,303.3,311.4,1395,59.1,4,0,0,0,0,0,0,Medium,3.0,28,4,22,2.72,5.31,8.45,39.3,99.7
4651,L51830,L,303.3,311.4,1658,30.5,7,0,0,0,0,0,0,Low,4.4,59,5,540,2.46,5.71,5.3,66.4,69.0
4652,L51831,L,303.2,311.4,1349,51.1,9,1,0,1,0,0,0,Low,2.6,17,2,392,1.72,6.17,6.39,59.2,59.5
4653,L51832,L,303.1,311.2,1452,52.9,11,0,0,0,0,0,0,Low,2.2,48,4,73,2.2,5.22,7.88,49.6,80.3
4654,M19513,M,303.1,311.1,1594,35.5,13,0,0,0,0,0,0,Medium,3.0,57,6,388,1.66,5.58,6.32,63.0,79.6
4655,M19514,M,303.1,311.0,1510,47.6,16,0,0,0,0,0,0,Medium,5.0,76,2,103,0.66,6.04,7.59,38.0,80.4
4656,L51835,L,303.1,311.1,1854,22.6,19,0,0,0,0,0,0,Low,5.4,99,6,209,2.51,6.32,3.78,45.5,82.3
4657,L51836,L,303.1,311.2,1626,32.3,21,0,0,0,0,0,0,Low,4.8,183,8,512,1.49,6.35,5.69,49.3,78.8
4658,L51837,L,303.1,311.2,1628,35.2,23,0,0,0,0,0,0,Low,1.2,112,3,22,1.77,5.98,6.38,45.4,72.5
4659,L51838,L,303.1,311.2,1679,34.8,25,0,0,0,0,0,0,Low,3.8,101,3,239,1.39,5.88,5.65,55.8,86.2
4660,M19519,M,303.1,311.2,1489,44.5,27,0,0,0,0,0,0,Medium,2.3,215,2,209,1.59,6.85,7.02,52.0,89.3
4661,L51840,L,303.2,311.2,1439,43.9,30,0,0,0,0,0,0,Low,6.8,248,2,35,3.1,7.06,6.52,63.7,76.7
4662,L51841,L,303.3,311.3,1350,48.1,32,1,0,1,0,0,0,Low,5.8,181,9,382,0.31,7.08,6.96,60.1,94.2
4663,H34076,H,303.3,311.2,1607,31.7,34,0,0,0,0,0,0,High,2.3,144,6,174,2.22,6.09,5.52,71.0,66.5
4664,L51843,L,303.3,311.3,1389,53.9,39,0,0,0,0,0,0,Low,5.7,221,9,1500,3.32,5.91,7.77,30.3,40.9
4665,M19524,M,303.3,311.3,1566,46.1,41,0,0,0,0,0,0,Medium,4.0,163,2,63,0.67,6.07,7.59,70.9,58.1
4666,M19525,M,303.4,311.4,1307,54.0,44,1,0,1,0,0,0,Medium,2.9,187,1,273,1.7,5.4,8.06,46.6,70.5
4667,M19526,M,303.3,311.5,1569,36.6,47,0,0,0,0,0,0,Medium,4.9,135,5,351,1.95,5.61,7.23,42.9,61.7
4668,H34081,H,303.3,311.4,1651,30.6,50,0,0,0,0,0,0,High,8.7,224,17,356,1.5,5.78,5.5,42.7,61.9
4669,H34082,H,303.3,311.4,1692,27.9,55,0,0,0,0,0,0,High,3.5,212,6,55,1.44,6.16,5.02,40.7,80.8
4670,M19529,M,303.3,311.5,1373,47.3,60,1,0,1,0,0,0,Medium,6.5,388,9,388,2.18,6.49,6.61,44.4,59.5
4671,L51850,L,303.2,311.4,1610,35.5,63,0,0,0,0,0,0,Low,6.1,606,12,24,0.21,6.84,5.97,59.5,69.2
4672,L51851,L,303.3,311.4,1511,43.4,65,0,0,0,0,0,0,Low,4.4,358,7,3,2.04,7.01,6.9,76.6,90.7
4673,L51852,L,303.3,311.5,1412,55.6,67,0,0,0,0,0,0,Low,4.9,284,5,432,2.66,5.84,8.3,60.2,52.6
4674,L51853,L,303.4,311.5,1501,36.2,69,0,0,0,0,0,0,Low,4.5,388,2,502,2.17,6.08,5.08,42.1,78.1
4675,L51854,L,303.4,311.5,1414,44.8,71,0,0,0,0,0,0,Low,4.1,347,6,634,1.95,6.78,6.45,34.0,87.9
4676,H34089,H,303.5,311.5,1629,33.5,73,0,0,0,0,0,0,High,2.8,234,1,257,2.23,6.08,5.65,48.4,88.3
4677,L51856,L,303.4,311.5,1879,21.3,78,0,0,0,0,0,0,Low,9.0,383,7,132,2.11,5.27,4.12,52.2,63.9
4678,H34091,H,303.5,311.6,1466,47.0,80,0,0,0,0,0,0,High,7.3,348,5,405,0.69,6.63,7.36,42.9,47.1
4679,H34092,H,303.6,311.7,1476,40.1,85,0,0,0,0,0,0,High,7.1,555,1,18,1.21,5.68,6.76,51.5,70.2
4680,L51859,L,303.6,311.8,1695,30.7,90,0,0,0,0,0,0,Low,9.6,597,9,450,1.68,5.13,5.62,50.2,59.9
4681,L51860,L,303.6,311.7,1491,39.8,92,0,0,0,0,0,0,Low,7.4,297,11,37,1.35,5.52,6.37,75.6,51.6
4682,M19541,M,303.6,311.8,1659,34.7,94,0,0,0,0,0,0,Medium,6.4,510,14,283,1.32,6.27,6.27,30.5,58.0
4683,L51862,L,303.6,311.8,1567,31.7,97,0,0,0,0,0,0,Low,6.0,603,7,152,1.31,6.11,5.58,55.4,68.4
4684,L51863,L,303.6,311.8,1736,32.9,99,0,0,0,0,0,0,Low,8.5,621,8,742,2.27,5.68,6.85,51.7,68.2
4685,M19544,M,303.6,311.8,1421,44.8,101,1,0,0,0,0,0,Medium,11.1,631,22,648,1.79,7.49,6.78,60.9,65.3
4686,M19545,M,303.6,311.8,1627,30.8,104,0,0,0,0,0,0,Medium,9.7,662,12,106,1.18,5.27,5.33,61.3,71.7
4687,M19546,M,303.5,311.6,1562,34.2,107,0,0,0,0,0,0,Medium,13.0,764,18,73,1.98,5.62,5.71,74.2,80.9
4688,L51867,L,303.5,311.6,2183,17.0,110,0,0,0,0,0,0,Low,11.8,837,15,205,2.7,5.74,3.97,53.7,72.2
4689,L51868,L,303.5,311.6,1577,38.1,112,0,0,0,0,0,0,Low,15.0,648,19,120,0.72,5.18,6.09,48.1,70.6
4690,M19549,M,303.4,311.5,1560,36.4,114,0,0,0,0,0,0,Medium,9.5,731,15,19,1.67,5.76,5.99,59.9,51.8
4691,M19550,M,303.4,311.5,1483,43.0,117,0,0,0,0,0,0,Medium,5.6,436,11,437,1.88,5.06,6.46,24.9,57.0
4692,L51871,L,303.5,311.5,1535,33.3,120,0,0,0,0,0,0,Low,9.2,582,14,693,1.03,6.35,5.64,55.0,63.3
4693,M19552,M,303.4,311.4,1606,29.6,122,0,0,0,0,0,0,Medium,11.2,622,15,360,1.75,6.09,5.78,59.1,49.2
4694,M19553,M,303.4,311.5,1817,24.7,125,0,0,0,0,0,0,Medium,10.0,839,12,57,1.39,6.06,4.79,56.0,87.1
4695,L51874,L,303.4,311.5,1424,50.8,128,0,0,0,0,0,0,Low,11.1,739,12,296,1.53,6.81,7.93,47.7,70.3
4696,L51875,L,303.3,311.6,1514,34.7,130,0,0,0,0,0,0,Low,6.8,605,7,377,1.71,5.96,5.86,59.2,90.4
4697,L51876,L,303.4,311.6,1449,41.7,132,0,0,0,0,0,0,Low,10.0,613,12,58,2.38,5.02,6.02,57.8,76.0
4698,M19557,M,303.5,311.6,1573,34.0,134,0,0,0,0,0,0,Medium,18.6,723,21,655,1.97,5.74,5.84,63.6,67.1
4699,L51878,L,303.4,311.6,1564,41.9,137,0,0,0,0,0,0,Low,6.6,577,7,53,1.23,6.47,7.03,62.0,61.0
4700,L51879,L,303.5,311.6,1428,46.2,139,0,0,0,0,0,0,Low,9.4,750,15,205,2.18,5.54,6.41,58.3,88.5
4701,L51880,L,303.5,311.7,1620,31.0,141,0,0,0,0,0,0,Low,8.8,577,13,556,1.77,6.05,5.23,56.2,70.4
4702,H34115,H,303.5,311.7,1584,32.7,143,0,0,0,0,0,0,High,9.6,864,10,362,2.46,5.5,4.73,48.3,67.9
4703,L51882,L,303.6,311.8,1222,66.8,148,1,0,1,0,0,0,Low,12.3,1251,11,49,3.16,5.6,7.83,62.3,81.5
4704,M19563,M,303.6,311.8,1432,42.5,150,0,0,0,0,0,0,Medium,8.8,738,14,194,1.14,6.04,5.98,84.0,70.6
4705,L51884,L,303.7,311.9,1561,33.3,153,0,0,0,0,0,0,Low,11.0,666,14,95,1.94,6.6,5.05,69.8,62.6
4706,L51885,L,303.6,311.8,1614,33.2,155,0,0,0,0,0,0,Low,6.2,667,11,331,2.03,5.63,6.01,48.3,61.3
4707,L51886,L,303.5,311.7,1959,22.3,157,0,0,0,0,0,0,Low,7.6,761,12,1,1.51,6.7,4.3,39.2,78.3
4708,L51887,L,303.5,311.8,1944,23.5,159,0,0,0,0,0,0,Low,9.9,918,12,475,2.84,5.85,4.85,60.0,85.8
4709,L51888,L,303.4,311.7,1793,25.8,161,0,0,0,0,0,0,Low,13.5,1014,18,605,3.86,5.66,4.82,68.8,56.7
4710,M19569,M,303.4,311.6,1446,50.0,163,0,0,0,0,0,0,Medium,8.8,739,10,584,2.07,5.5,7.52,50.6,71.8
4711,L51890,L,303.4,311.7,1673,32.2,166,0,0,0,0,0,0,Low,8.1,789,12,320,0.6,6.01,5.51,52.1,56.7
4712,M19571,M,303.4,311.7,1515,44.2,168,0,0,0,0,0,0,Medium,15.4,1003,15,70,1.92,6.04,6.76,48.9,80.2
4713,L51892,L,303.4,311.8,1564,35.9,171,0,0,0,0,0,0,Low,8.7,682,11,194,3.63,5.74,6.1,86.6,76.9
4714,L51893,L,303.5,311.8,1451,45.2,173,0,0,0,0,0,0,Low,11.0,1092,13,75,1.67,5.41,6.02,57.5,64.5
4715,H34128,H,303.4,311.8,1693,28.3,175,0,0,0,0,0,0,High,13.1,1099,15,446,3.21,4.63,5.28,66.2,72.9
4716,L51895,L,303.4,311.7,1476,42.3,180,0,0,0,0,0,0,Low,9.1,630,11,82,1.82,5.81,6.4,39.2,57.4
4717,L51896,L,303.4,311.6,1712,30.1,182,0,0,0,0,0,0,Low,9.3,743,9,643,2.8,5.94,5.45,50.5,62.0
4718,M19577,M,303.4,311.6,1425,45.4,184,0,0,0,0,0,0,Medium,9.8,998,13,13,2.44,6.88,7.0,86.9,71.4
4719,L51898,L,303.3,311.6,1337,56.8,187,1,0,1,0,0,0,Low,12.8,942,19,37,2.53,6.08,8.47,54.1,89.7
4720,M19579,M,303.4,311.7,1690,34.9,189,0,0,0,0,0,0,Medium,16.0,971,19,126,2.11,6.62,5.95,65.7,69.0
4721,M19580,M,303.4,311.7,1353,44.1,192,1,0,1,0,0,0,Medium,20.3,2013,27,299,3.2,5.64,6.11,36.9,84.1
4722,L51901,L,303.5,311.8,1927,21.9,195,0,0,0,0,0,0,Low,11.6,1309,13,370,3.96,5.35,4.07,55.2,82.4
4723,M19582,M,303.4,311.8,1391,42.7,197,0,0,0,0,0,0,Medium,19.5,1072,23,184,2.74,4.14,6.34,24.8,95.8
4724,L51903,L,303.4,311.8,1366,50.9,200,1,0,1,0,0,0,Low,13.5,1156,13,19,2.46,5.85,8.02,47.3,44.7
4725,L51904,L,303.4,311.9,1771,31.6,202,0,0,0,0,0,0,Low,9.4,993,9,96,2.95,6.59,5.7,54.6,76.6
4726,M19585,M,303.4,311.8,1515,42.6,204,0,0,0,0,0,0,Medium,11.5,799,18,128,2.54,4.73,6.68,70.1,88.9
4727,M19586,M,303.4,311.8,2133,18.3,207,0,0,0,0,0,0,Medium,15.8,1191,23,499,3.94,5.85,4.19,52.4,69.9
4728,M19587,M,303.4,311.8,1341,47.0,210,1,0,1,0,0,0,Medium,15.0,1475,16,28,2.89,6.44,6.57,53.7,74.7
4729,L51908,L,303.4,311.7,1406,47.1,213,0,0,0,0,0,0,Low,9.1,1031,9,71,2.68,5.31,7.21,40.8,79.1
4730,L51909,L,303.4,311.8,1306,61.0,215,1,0,1,0,1,0,Low,13.8,1265,20,560,3.41,6.4,8.32,52.6,55.3
4731,L51910,L,303.3,311.7,1508,35.5,217,0,0,0,0,0,0,Low,11.0,1197,12,161,2.73,5.53,5.88,66.1,91.2
4732,L51911,L,303.3,311.6,1301,45.1,219,1,0,1,0,0,0,Low,14.4,1249,18,67,3.87,7.01,6.0,15.7,72.6
4733,L51912,L,303.3,311.7,1539,38.5,221,0,0,0,0,0,0,Low,7.6,724,5,495,4.0,5.27,6.23,67.8,61.1
4734,L51913,L,303.3,311.6,1484,44.6,223,0,0,0,0,0,0,Low,21.2,2096,25,673,3.31,6.57,6.6,49.4,33.8
4735,L51914,L,303.2,311.5,1507,39.2,225,0,0,0,0,0,0,Low,13.2,1347,13,82,3.09,4.7,5.99,52.3,82.6
4736,L51915,L,303.2,311.5,1544,42.5,227,0,0,0,0,0,0,Low,13.2,1176,11,58,2.57,6.54,6.91,48.4,58.2
4737,L51916,L,303.2,311.5,1513,37.9,0,0,0,0,0,0,0,Low,5.4,55,7,204,1.35,5.86,6.01,45.4,88.3
4738,M19597,M,303.2,311.5,1336,58.2,2,1,0,1,0,0,0,Medium,5.0,6,4,203,2.33,6.32,8.54,36.6,83.7
4739,M19598,M,303.2,311.4,2102,19.0,5,0,0,0,0,0,0,Medium,1.5,16,2,125,3.05,4.95,4.25,41.4,70.0
4740,L51919,L,303.2,311.4,1351,53.8,8,1,0,1,0,0,0,Low,2.2,5,4,77,1.96,5.78,7.57,38.2,49.6
4741,L51920,L,303.3,311.5,1601,35.2,10,0,0,0,0,0,0,Low,2.7,64,5,43,1.25,6.43,5.76,64.0,65.2
4742,L51921,L,303.2,311.3,1393,52.9,12,0,0,0,0,0,0,Low,3.5,38,7,305,1.97,5.99,7.78,77.0,70.7
4743,L51922,L,303.3,311.3,1592,33.7,14,0,0,0,0,0,0,Low,6.8,86,12,1054,2.25,5.54,5.88,48.8,54.9
4744,L51923,L,303.3,311.3,1409,51.8,16,0,0,0,0,0,0,Low,2.9,57,3,103,2.4,6.9,7.38,46.4,64.5
4745,L51924,L,303.3,311.3,1393,47.4,18,0,0,0,0,0,0,Low,4.9,144,8,165,1.97,6.05,7.87,52.8,90.7
4746,H34159,H,303.2,311.2,1475,43.1,20,0,0,0,0,0,0,High,3.3,113,3,88,1.57,6.51,6.21,37.8,62.2
4747,L51926,L,303.2,311.2,1427,45.6,25,0,0,0,0,0,0,Low,2.9,166,3,255,1.31,5.11,6.54,60.3,45.8
4748,L51927,L,303.3,311.2,1763,27.3,27,0,0,0,0,0,0,Low,2.1,168,1,26,1.8,5.79,4.92,52.9,83.6
4749,L51928,L,303.2,311.2,1363,46.7,29,1,0,1,0,0,0,Low,3.8,237,5,253,1.45,5.53,6.98,22.5,78.5
4750,L51929,L,303.2,311.2,1404,50.9,31,0,0,0,0,0,0,Low,2.7,208,4,258,1.47,5.72,8.03,63.3,66.6
4751,M19610,M,303.2,311.2,1688,31.9,33,0,0,0,0,0,0,Medium,2.2,145,2,807,1.4,7.35,5.54,34.8,56.0
4752,L51931,L,303.3,311.4,1510,37.3,36,0,0,0,0,0,0,Low,4.8,162,6,6,1.42,6.45,5.64,51.4,72.5
4753,H34166,H,303.3,311.3,1502,39.5,38,0,0,0,0,0,0,High,5.1,165,4,198,1.78,5.94,5.93,48.9,66.5
4754,H34167,H,303.2,311.4,1607,36.6,43,0,0,0,0,0,0,High,7.7,311,16,401,1.71,5.78,6.45,65.2,76.7
4755,M19614,M,303.3,311.5,1384,54.8,48,0,0,0,0,0,0,Medium,1.6,139,3,32,2.07,5.21,7.46,47.2,76.2
4756,L51935,L,303.4,311.7,1295,51.3,51,1,0,1,0,0,0,Low,6.9,281,7,161,2.18,5.36,7.06,75.5,62.6
4757,H34170,H,303.4,311.7,1991,19.0,53,0,0,0,0,0,0,High,2.3,256,3,90,1.61,6.31,4.04,71.5,84.2
4758,L51937,L,303.4,311.6,1497,42.8,58,0,0,0,0,0,0,Low,3.6,249,4,798,0.33,5.88,6.83,53.7,74.3
4759,L51938,L,303.5,311.6,1465,48.7,60,0,0,0,0,0,0,Low,5.9,433,7,126,0.99,5.75,7.18,85.6,73.7
4760,L51939,L,303.5,311.6,1361,46.5,62,1,0,1,0,0,0,Low,4.7,381,2,262,2.05,4.58,6.21,48.7,69.5
4761,L51940,L,303.6,311.7,1546,38.5,64,0,0,0,0,0,0,Low,5.5,351,4,48,2.61,5.86,6.23,43.2,86.3
4762,H34175,H,303.7,311.9,1332,52.7,66,1,0,1,0,0,0,High,4.2,133,4,278,1.85,7.63,7.58,82.1,90.6
4763,M19622,M,303.7,312.0,2663,11.4,71,1,0,0,1,0,0,Medium,2.9,336,3,155,3.69,6.26,3.12,67.0,66.9
4764,L51943,L,303.7,312.1,1443,45.9,74,0,0,0,0,0,0,Low,6.1,278,6,252,0.8,5.74,7.16,68.4,70.5
4765,M19624,M,303.7,312.0,1402,48.6,76,0,0,0,0,0,0,Medium,4.3,304,2,719,0.97,6.14,7.08,66.3,62.2
4766,L51945,L,303.7,312.0,1892,22.5,79,0,0,0,0,0,0,Low,7.4,358,10,318,2.12,5.53,4.59,66.8,66.6
4767,M19626,M,303.6,312.0,1645,35.7,81,0,0,0,0,0,0,Medium,9.3,569,12,235,2.62,7.09,5.83,58.6,72.0
4768,L51947,L,303.6,311.9,1473,50.1,84,0,0,0,0,0,0,Low,5.6,326,5,309,1.94,6.59,7.64,42.9,100.0
4769,L51948,L,303.6,312.0,1309,52.9,86,1,0,1,0,0,0,Low,10.3,639,6,542,1.12,6.21,7.87,32.5,60.1
4770,H34183,H,303.6,311.9,1544,37.1,88,0,0,0,0,0,0,High,3.9,323,7,1500,1.28,5.59,5.82,47.8,58.4
4771,L51950,L,303.5,311.9,1344,49.3,93,1,0,1,0,0,0,Low,5.4,466,9,177,1.08,6.46,7.06,58.7,61.8
4772,M19631,M,303.6,311.9,1617,36.0,95,0,0,0,0,0,0,Medium,8.4,957,14,2,1.88,6.25,6.09,71.6,70.1
4773,M19632,M,303.6,312.0,1435,37.9,98,0,0,0,0,0,0,Medium,8.4,548,10,332,0.93,6.32,5.55,48.4,31.2
4774,L51953,L,303.6,312.0,1391,50.3,101,0,0,0,0,0,0,Low,6.2,425,9,142,2.56,6.38,7.63,28.6,71.9
4775,L51954,L,303.6,312.0,1827,23.3,103,0,0,0,0,0,0,Low,7.0,565,5,317,1.44,5.88,4.31,75.9,52.7
4776,L51955,L,303.5,312.0,1761,25.8,105,0,0,0,0,0,0,Low,6.3,490,12,73,1.36,4.96,5.02,73.5,76.4
4777,L51956,L,303.5,312.1,1522,36.4,107,0,0,0,0,0,0,Low,7.8,703,11,1405,2.52,6.07,6.01,49.3,42.7
4778,M19637,M,303.5,312.2,1818,23.6,109,0,0,0,0,0,0,Medium,7.8,819,9,24,1.15,5.62,4.18,60.0,55.2
4779,H34192,H,303.6,312.2,1371,54.6,112,1,0,1,0,0,0,High,5.9,613,5,70,2.85,5.25,8.15,48.8,72.2
4780,L51959,L,303.7,312.3,1511,38.9,117,0,0,0,0,0,0,Low,12.9,596,10,189,0.98,4.93,6.19,37.9,67.5
4781,L51960,L,303.7,312.4,1404,46.6,119,0,0,0,0,0,0,Low,9.0,642,9,12,1.11,5.89,6.48,52.9,99.5
4782,L51961,L,303.7,312.3,1384,45.9,121,0,0,0,0,0,0,Low,6.0,445,4,242,2.23,5.26,6.47,31.2,72.9
4783,L51962,L,303.8,312.5,1368,52.6,123,0,0,0,0,0,0,Low,8.6,784,9,150,2.05,5.01,7.23,57.8,56.3
4784,L51963,L,303.7,312.5,1641,36.0,125,0,0,0,0,0,0,Low,8.2,590,10,200,1.09,6.52,6.29,60.2,75.2
4785,L51964,L,303.9,312.6,1642,32.3,127,0,0,0,0,0,0,Low,11.4,682,15,358,1.38,6.64,6.09,42.2,73.2
4786,H34199,H,303.9,312.7,1401,50.0,129,0,0,0,0,0,0,High,11.4,1026,19,26,0.94,6.5,7.33,68.2,69.4
4787,L51966,L,303.8,312.6,1577,41.3,134,0,0,0,0,0,0,Low,18.5,1036,22,129,0.78,6.7,6.64,33.5,69.5
4788,L51967,L,303.7,312.6,1396,44.1,136,0,0,0,0,0,0,Low,9.8,695,19,32,1.87,5.25,6.44,37.8,82.7
4789,H34202,H,303.7,312.6,1514,35.5,138,0,0,0,0,0,0,High,5.8,483,5,52,1.15,5.87,5.6,66.2,61.6
4790,L51969,L,303.8,312.8,1646,35.8,143,0,0,0,0,0,0,Low,6.5,691,6,183,2.76,5.98,6.34,61.1,93.1
4791,L51970,L,303.8,312.8,1443,40.7,145,0,0,0,0,0,0,Low,15.2,1169,24,139,1.24,6.21,6.02,46.9,85.3
4792,M19651,M,303.7,312.7,1469,48.5,147,0,0,0,0,0,0,Medium,15.2,1696,26,273,1.38,6.07,6.38,56.6,74.8
4793,H34206,H,303.7,312.7,1564,40.2,150,0,0,0,0,0,0,High,10.2,688,12,100,1.77,5.01,6.61,47.1,58.4
4794,H34207,H,303.6,312.6,1498,40.2,155,0,0,0,0,0,0,High,10.3,834,14,39,1.53,5.63,6.21,46.4,89.3
4795,L51974,L,303.6,312.6,1699,27.9,160,0,0,0,0,0,0,Low,5.9,630,12,133,1.99,6.0,4.69,58.9,58.2
4796,L51975,L,303.6,312.5,1431,49.0,162,0,0,0,0,0,0,Low,12.0,1047,12,306,1.75,5.78,7.25,51.3,71.4
4797,L51976,L,303.5,312.4,1390,47.3,164,0,0,0,0,0,0,Low,9.8,732,9,34,2.35,6.43,7.31,48.4,71.8
4798,L51977,L,303.5,312.5,1380,46.1,166,0,0,0,0,0,0,Low,7.9,709,8,82,2.08,6.29,6.37,49.1,81.4
4799,L51978,L,303.5,312.5,1457,46.4,168,0,0,0,0,0,0,Low,10.0,971,13,73,2.95,7.07,7.04,90.9,70.1
4800,L51979,L,303.5,312.5,1418,42.2,170,0,0,0,0,0,0,Low,10.1,968,9,401,3.35,6.33,6.13,65.3,53.5
4801,M19660,M,303.5,312.5,1353,51.0,172,0,0,0,0,0,0,Medium,13.0,910,15,343,2.17,6.75,6.73,46.8,60.6
4802,L51981,L,303.5,312.4,1574,32.7,175,0,0,0,0,0,0,Low,8.2,768,6,597,2.19,5.5,5.46,39.7,58.7
4803,M19662,M,303.5,312.4,1318,54.2,177,0,0,0,0,0,0,Medium,8.4,955,7,312,4.26,6.94,7.46,53.4,81.9
4804,L51983,L,303.6,312.5,1710,31.4,180,0,0,0,0,0,0,Low,9.0,755,14,96,1.55,6.74,6.26,29.1,73.5
4805,L51984,L,303.7,312.6,1621,38.8,182,0,0,0,0,0,0,Low,9.2,1065,8,772,3.38,5.85,6.82,74.6,46.0
4806,L51985,L,303.6,312.6,1606,33.6,184,0,0,0,0,0,0,Low,14.4,1348,16,90,2.89,5.72,5.88,44.8,82.6
4807,H34220,H,303.6,312.5,1375,54.0,186,0,0,0,0,0,0,High,5.8,567,3,159,1.88,5.88,7.45,53.4,78.7
4808,L51987,L,303.5,312.4,1503,36.5,191,0,0,0,0,0,0,Low,12.1,1188,16,385,2.07,5.05,5.96,69.0,58.0
4809,L51988,L,303.5,312.3,1404,48.6,193,0,0,0,0,0,0,Low,10.8,1176,17,204,3.91,5.48,7.34,78.0,60.4
4810,L51989,L,303.4,312.2,1656,32.7,195,0,0,0,0,0,0,Low,15.5,1050,27,166,2.97,6.27,4.98,45.2,68.4
4811,M19670,M,303.4,312.1,1499,39.4,197,0,0,0,0,0,0,Medium,12.0,1032,18,288,2.13,6.73,6.53,65.1,62.4
4812,M19671,M,303.4,312.0,1748,28.4,200,0,0,0,0,0,0,Medium,10.5,1143,10,430,2.32,6.46,5.17,85.1,76.3
4813,L51992,L,303.4,311.9,1531,37.9,203,0,0,0,0,0,0,Low,11.5,1035,17,259,1.6,5.4,5.8,31.3,70.6
4814,M19673,M,303.3,311.8,1536,40.6,205,0,0,0,0,0,0,Medium,10.1,1114,9,186,2.84,6.73,6.5,43.7,59.2
4815,L51994,L,303.4,311.8,1401,53.0,208,1,0,0,0,1,0,Low,11.0,1065,10,483,3.9,6.64,7.53,59.5,66.3
4816,H34229,H,303.4,311.9,1534,33.2,210,0,0,0,0,0,0,High,22.2,1979,34,210,3.1,6.13,5.42,41.9,71.6
4817,L51996,L,303.4,312.0,1521,35.9,215,1,1,0,0,0,0,Low,9.4,717,12,656,2.76,6.75,5.6,46.7,50.3
4818,L51997,L,303.5,312.1,1674,30.8,0,0,0,0,0,0,0,Low,1.4,31,1,22,1.98,7.4,5.86,63.7,69.1
4819,M19678,M,303.6,312.1,1967,20.9,2,0,0,0,0,0,0,Medium,1.0,38,0,88,2.08,5.8,4.68,75.8,77.1
4820,L51999,L,303.6,312.2,1696,30.7,5,0,0,0,0,0,0,Low,4.0,23,6,341,2.14,5.74,5.52,73.8,83.5
4821,M19680,M,303.6,312.1,1627,32.5,7,0,0,0,0,0,0,Medium,7.6,5,10,22,0.74,5.64,5.7,43.2,83.1
4822,L52001,L,303.5,311.9,1405,45.6,10,0,0,0,0,0,0,Low,2.5,29,2,6,0.9,5.79,7.28,52.3,65.8
4823,L52002,L,303.5,311.9,1565,38.9,12,0,0,0,0,0,0,Low,5.8,36,6,1,1.17,6.51,6.27,38.7,92.2
4824,L52003,L,303.5,311.9,1493,38.7,14,0,0,0,0,0,0,Low,4.5,122,6,148,0.61,5.1,6.0,79.6,66.5
4825,L52004,L,303.4,311.8,1499,45.0,16,0,0,0,0,0,0,Low,4.1,51,4,104,2.59,5.12,7.28,61.4,79.8
4826,L52005,L,303.3,311.8,1692,30.6,18,0,0,0,0,0,0,Low,1.6,97,2,76,1.56,6.21,5.41,53.2,88.0
4827,L52006,L,303.4,311.8,2268,15.8,20,0,0,0,0,0,0,Low,3.0,102,1,129,2.67,5.8,3.8,55.0,78.3
4828,L52007,L,303.4,311.8,1438,58.9,22,0,0,0,0,0,0,Low,3.2,110,6,46,2.87,6.73,8.72,52.5,67.6
4829,L52008,L,303.5,311.9,1515,39.2,24,0,0,0,0,0,0,Low,1.0,91,1,140,1.1,5.17,5.91,47.0,75.9
4830,L52009,L,303.4,311.9,1491,38.2,26,0,0,0,0,0,0,Low,3.0,187,3,198,0.56,5.73,5.66,50.9,74.9
4831,L52010,L,303.5,312.0,1756,29.7,28,0,0,0,0,0,0,Low,3.5,232,5,3,1.39,5.83,5.79,46.6,61.9
4832,L52011,L,303.5,312.0,1366,54.5,30,1,0,1,0,0,0,Low,3.2,253,5,147,1.78,6.49,7.95,62.6,68.0
4833,L52012,L,303.5,312.0,1436,45.1,32,0,0,0,0,0,0,Low,4.4,283,6,856,1.79,5.94,7.09,37.5,66.5
4834,L52013,L,303.4,311.9,1377,41.6,34,1,0,1,0,0,0,Low,5.9,190,6,113,0.91,5.5,5.73,59.1,67.3
4835,M19694,M,303.4,311.9,1510,42.2,36,0,0,0,0,0,0,Medium,7.1,323,10,290,1.43,6.25,6.83,28.5,60.3
4836,M19695,M,303.4,311.9,1419,50.9,39,0,0,0,0,0,0,Medium,8.5,281,6,57,1.97,6.05,7.8,64.8,50.7
4837,L52016,L,303.3,311.8,1315,62.0,42,1,0,1,0,0,0,Low,7.8,356,6,573,2.34,5.78,8.26,39.1,43.9
4838,H34251,H,303.3,311.8,1806,27.7,44,0,0,0,0,0,0,High,5.5,289,6,19,2.93,5.19,5.11,46.5,100.0
4839,H34252,H,303.3,311.8,1649,29.4,49,0,0,0,0,0,0,High,7.7,168,11,160,1.95,6.52,5.45,50.5,60.7
4840,H34253,H,303.4,311.9,1402,50.0,54,0,0,0,0,0,0,High,3.6,234,3,223,1.99,5.85,7.27,48.5,62.3
4841,L52020,L,303.4,311.9,1298,63.9,59,1,0,1,0,0,0,Low,4.9,296,5,267,3.28,6.09,9.0,92.7,83.1
4842,M19701,M,303.3,311.8,1441,44.9,61,0,0,0,0,0,0,Medium,11.4,413,20,137,1.92,6.36,6.5,42.4,60.5
4843,M19702,M,303.3,311.8,1489,49.4,64,0,0,0,0,0,0,Medium,5.4,454,3,367,0.43,5.45,8.26,52.3,62.0
4844,L52023,L,303.3,311.8,1842,24.5,67,0,0,0,0,0,0,Low,4.6,526,9,177,2.82,6.32,4.64,36.2,82.7
4845,M19704,M,303.4,311.8,1316,50.9,69,1,0,1,0,0,0,Medium,3.7,361,3,257,1.3,6.48,6.96,82.6,71.0
4846,M19705,M,303.3,311.8,1583,33.3,72,0,0,0,0,0,0,Medium,4.8,307,11,250,1.66,5.54,5.65,52.4,53.7
4847,M19706,M,303.3,311.8,1548,33.5,75,0,0,0,0,0,0,Medium,3.6,299,0,82,0.96,5.71,6.19,36.1,66.4
4848,L52027,L,303.4,311.9,1434,44.6,78,0,0,0,0,0,0,Low,3.5,344,4,1109,1.8,5.52,6.54,77.9,64.2
4849,H34262,H,303.5,312.0,1397,52.9,80,0,0,0,0,0,0,High,8.6,497,14,116,1.46,5.88,7.76,64.5,68.8
4850,M19709,M,303.5,312.0,1475,42.9,85,0,0,0,0,0,0,Medium,7.2,445,6,208,1.54,6.35,7.05,54.5,70.6
4851,L52030,L,303.5,312.0,1441,56.8,88,0,0,0,0,0,0,Low,4.4,502,4,59,2.75,5.28,8.64,54.8,73.4
4852,L52031,L,303.7,312.1,1363,51.8,90,1,0,1,0,0,0,Low,9.4,518,7,116,1.26,6.05,7.44,55.7,87.2
4853,L52032,L,303.7,312.2,1619,34.9,92,0,0,0,0,0,0,Low,11.9,297,6,528,1.11,6.12,6.56,71.2,54.2
4854,L52033,L,303.7,312.2,1487,34.0,94,0,0,0,0,0,0,Low,8.0,786,6,91,0.61,6.26,5.65,73.9,54.2
4855,L52034,L,303.7,312.2,1568,33.8,96,0,0,0,0,0,0,Low,8.0,536,11,77,2.53,5.23,6.17,17.0,83.7
4856,L52035,L,303.7,312.3,1375,46.2,98,0,0,0,0,0,0,Low,4.2,387,7,147,1.56,5.68,6.47,45.6,55.3
4857,M19716,M,303.6,312.3,1698,31.3,100,0,0,0,0,0,0,Medium,9.0,753,14,560,1.65,5.92,5.83,55.6,47.2
4858,L52037,L,303.7,312.3,1606,37.4,103,0,0,0,0,0,0,Low,9.1,662,13,208,1.09,5.51,6.33,43.5,82.1
4859,L52038,L,303.7,312.3,1349,51.0,105,0,0,0,0,0,0,Low,7.6,639,9,195,1.54,5.09,7.19,41.9,65.8
4860,L52039,L,303.7,312.4,1535,38.6,107,0,0,0,0,0,0,Low,6.2,592,9,747,0.34,6.69,6.23,62.5,61.2
4861,M19720,M,303.6,312.4,1504,49.5,109,0,0,0,0,0,0,Medium,8.7,850,9,173,2.2,5.83,8.11,78.1,46.1
4862,L52041,L,303.5,312.3,1946,21.1,112,0,0,0,0,0,0,Low,4.6,505,5,836,1.63,5.76,4.33,55.1,65.6
4863,L52042,L,303.5,312.1,1326,55.7,114,0,0,0,0,0,0,Low,6.8,509,12,127,2.16,6.08,7.44,49.9,60.1
4864,M19723,M,303.6,312.3,1915,22.3,116,0,0,0,0,0,0,Medium,11.6,536,20,192,2.36,6.69,4.3,36.3,83.7
4865,L52044,L,303.6,312.3,1451,43.4,119,0,0,0,0,0,0,Low,7.1,765,15,364,2.92,6.55,6.24,77.3,67.0
4866,M19725,M,303.5,312.3,1624,34.8,121,0,0,0,0,0,0,Medium,11.5,642,13,27,0.88,6.17,5.94,60.7,83.7
4867,L52046,L,303.6,312.4,1781,28.7,124,0,0,0,0,0,0,Low,8.9,838,17,37,1.99,4.87,5.54,58.7,79.2
4868,L52047,L,303.6,312.5,1345,54.1,126,0,0,0,0,0,0,Low,6.7,765,5,433,1.84,7.08,8.07,58.5,64.4
4869,L52048,L,303.6,312.4,1418,46.0,128,0,0,0,0,0,0,Low,7.7,378,13,156,0.46,6.02,7.02,70.0,64.3
4870,L52049,L,303.7,312.4,1718,26.5,130,0,0,0,0,0,0,Low,8.3,685,9,261,3.35,4.75,4.84,49.8,60.5
4871,M19730,M,303.7,312.4,1631,28.5,132,0,0,0,0,0,0,Medium,8.3,887,11,224,1.11,6.49,5.17,64.7,84.1
4872,L52051,L,303.7,312.4,1513,40.1,135,0,0,0,0,0,0,Low,7.1,700,7,264,1.62,5.4,5.93,50.3,48.6
4873,L52052,L,303.7,312.4,1316,59.3,137,0,0,0,0,0,0,Low,9.7,975,22,128,2.44,5.63,8.42,44.8,56.2
4874,M19733,M,303.7,312.4,1474,38.8,139,0,0,0,0,0,0,Medium,10.2,963,19,211,1.8,5.5,6.14,41.6,67.1
4875,L52054,L,303.8,312.5,1619,30.9,142,0,0,0,0,0,0,Low,10.9,978,6,111,4.15,4.44,4.95,39.7,46.5
4876,L52055,L,303.7,312.4,1702,31.2,144,0,0,0,0,0,0,Low,9.8,831,11,317,2.18,5.74,5.06,29.9,64.1
4877,M19736,M,303.7,312.4,1540,37.4,146,0,0,0,0,0,0,Medium,9.1,589,11,386,1.65,6.57,6.03,79.1,67.2
4878,M19737,M,303.7,312.4,1546,33.7,149,0,0,0,0,0,0,Medium,8.0,667,15,291,2.07,5.95,5.66,71.6,79.7
4879,L52058,L,303.7,312.4,1348,51.0,152,0,0,0,0,0,0,Low,9.2,720,11,54,2.3,5.72,6.73,50.5,90.7
4880,H34293,H,303.7,312.5,1520,35.6,154,0,0,0,0,0,0,High,11.3,1043,8,253,2.49,5.58,5.5,54.7,50.8
4881,M19740,M,303.8,312.6,1527,41.9,159,0,0,0,0,0,0,Medium,8.1,957,12,44,2.61,5.76,6.7,56.4,75.8
4882,M19741,M,303.8,312.6,1406,47.1,162,0,0,0,0,0,0,Medium,7.3,787,7,782,2.24,5.29,7.31,64.3,69.9
4883,L52062,L,303.7,312.5,1462,46.2,165,0,0,0,0,0,0,Low,9.6,1037,7,177,2.59,6.28,7.24,69.9,75.8
4884,M19743,M,303.8,312.6,1684,29.3,167,0,0,0,0,0,0,Medium,10.4,963,7,186,3.2,6.45,5.29,64.1,77.4
4885,H34298,H,303.8,312.5,1655,28.0,170,0,0,0,0,0,0,High,8.9,755,12,185,2.34,6.48,4.8,38.9,65.7
4886,H34299,H,303.8,312.5,1748,25.1,175,0,0,0,0,0,0,High,10.6,1031,15,491,3.15,6.35,4.95,49.9,60.2
4887,L52066,L,303.8,312.5,1372,45.7,180,0,0,0,0,0,0,Low,10.9,880,12,68,2.24,6.3,6.71,48.6,64.5
4888,L52067,L,303.7,312.5,1481,33.3,182,0,0,0,0,0,0,Low,9.3,649,8,631,2.53,5.78,5.03,15.0,67.3
4889,L52068,L,303.7,312.4,1512,39.2,184,0,0,0,0,0,0,Low,10.4,987,7,30,1.61,6.33,6.08,57.0,89.3
4890,L52069,L,303.7,312.5,1632,36.6,186,0,0,0,0,0,0,Low,10.4,738,9,43,1.96,6.16,6.22,16.8,80.3
4891,L52070,L,303.7,312.4,1525,43.9,188,0,0,0,0,0,0,Low,9.6,924,8,350,3.42,5.07,6.92,78.3,55.9
4892,M19751,M,303.7,312.3,1756,26.4,190,0,0,0,0,0,0,Medium,15.1,1446,13,160,2.91,5.61,4.45,32.9,60.7
4893,L52072,L,303.7,312.3,1922,23.1,193,0,0,0,0,0,0,Low,11.2,1327,26,162,3.05,6.18,4.53,53.7,57.2
4894,M19753,M,303.8,312.5,1448,44.3,195,0,0,0,0,0,0,Medium,12.6,1258,16,326,3.36,6.19,6.88,74.3,54.3
4895,H34308,H,303.8,312.5,1447,46.6,198,0,0,0,0,0,0,High,14.8,1254,15,409,3.14,5.64,6.79,40.5,68.4
4896,M19755,M,303.8,312.4,1597,33.4,203,0,0,0,0,0,0,Medium,11.8,1129,16,278,2.67,5.8,5.62,58.9,55.6
4897,M19756,M,303.7,312.4,1642,32.3,206,0,0,0,0,0,0,Medium,8.7,938,9,90,2.61,5.76,5.25,39.2,64.7
4898,H34311,H,303.8,312.5,1525,38.0,209,0,0,0,0,0,0,High,9.3,778,10,60,3.09,6.01,5.43,51.2,84.4
4899,H34312,H,303.6,312.4,1460,53.7,214,0,0,0,0,0,0,High,10.4,1017,17,91,3.71,6.64,8.09,44.1,68.7
4900,L52079,L,303.6,312.3,2168,17.7,219,0,0,0,0,0,0,Low,13.8,1289,13,71,4.09,6.92,4.06,64.1,70.4
4901,L52080,L,303.6,312.4,1388,41.9,221,0,0,0,0,0,0,Low,17.7,1981,24,364,4.15,6.25,5.93,59.4,66.2
4902,M19761,M,303.6,312.3,1630,32.4,223,0,0,0,0,0,0,Medium,11.4,1124,12,367,2.64,4.67,5.26,62.0,72.5
4903,L52082,L,303.6,312.3,1616,29.3,226,0,0,0,0,0,0,Low,10.9,1210,15,253,3.36,5.36,5.12,55.7,65.4
4904,L52083,L,303.6,312.4,2232,16.8,0,0,0,0,0,0,0,Low,1.6,5,2,584,2.51,5.86,3.92,44.6,38.4
4905,H34318,H,303.6,312.4,1480,50.7,2,0,0,0,0,0,0,High,2.7,5,4,134,1.6,6.81,8.11,63.2,71.2
4906,L52085,L,303.6,312.4,1363,53.1,7,0,0,0,0,0,0,Low,0.5,15,0,314,1.82,6.92,8.3,59.4,61.2
4907,H34320,H,303.6,312.4,1436,45.6,9,0,0,0,0,0,0,High,2.8,83,2,113,1.87,6.77,7.02,36.0,93.6
4908,M19767,M,303.6,312.5,1607,33.7,14,0,0,0,0,0,0,Medium,1.2,59,1,107,1.22,5.64,5.81,67.2,57.2
4909,M19768,M,303.6,312.5,1459,48.2,17,0,0,0,0,0,0,Medium,2.5,83,3,112,1.35,5.88,7.1,65.6,79.7
4910,L52089,L,303.5,312.4,1481,43.7,20,0,0,0,0,0,0,Low,1.7,132,4,49,0.29,6.6,6.77,69.4,70.8
4911,M19770,M,303.5,312.4,1606,31.7,22,0,0,0,0,0,0,Medium,9.8,146,19,127,2.3,4.58,5.0,61.4,100.0
4912,L52091,L,303.5,312.3,1681,29.8,25,0,0,0,0,0,0,Low,5.2,96,8,202,1.98,5.57,4.99,41.3,77.5
4913,L52092,L,303.5,312.2,1511,37.1,27,0,0,0,0,0,0,Low,3.2,154,4,8,2.0,6.92,5.96,55.4,94.6
4914,M19773,M,303.5,312.3,1593,35.2,29,0,0,0,0,0,0,Medium,8.0,226,9,1004,1.03,6.21,5.78,34.6,22.8
4915,M19774,M,303.5,312.3,1532,41.7,32,0,0,0,0,0,0,Medium,2.4,133,1,52,1.71,5.95,6.49,64.4,72.1
4916,H34329,H,303.5,312.3,1386,49.0,35,0,0,0,0,0,0,High,6.6,164,5,213,1.99,6.18,7.16,73.9,62.1
4917,H34330,H,303.4,312.3,1769,27.9,40,0,0,0,0,0,0,High,5.8,313,14,19,2.05,7.18,5.03,85.9,83.7
4918,M19777,M,303.4,312.2,1561,38.2,45,0,0,0,0,0,0,Medium,3.4,247,3,396,1.33,6.23,6.16,48.9,71.3
4919,L52098,L,303.3,312.2,1457,40.7,48,0,0,0,0,0,0,Low,5.3,203,10,142,0.97,6.58,6.3,27.9,79.5
4920,L52099,L,303.3,312.2,1506,40.0,50,0,0,0,0,0,0,Low,6.5,240,5,42,1.75,6.65,6.16,43.1,73.9
4921,L52100,L,303.4,312.2,1337,69.4,52,1,0,0,1,0,0,Low,5.0,340,10,859,2.74,7.76,9.26,43.3,69.2
4922,L52101,L,303.4,312.3,1287,54.8,54,0,0,0,0,0,0,Low,6.0,225,6,576,2.01,6.05,7.85,45.7,63.8
4923,M19782,M,303.4,312.2,1615,35.7,56,0,0,0,0,0,0,Medium,6.3,290,7,204,1.11,6.26,6.62,81.0,63.6
4924,M19783,M,303.4,312.2,1972,23.5,59,0,0,0,0,0,0,Medium,6.7,461,14,391,2.1,6.37,4.85,58.1,68.1
4925,H34338,H,303.4,312.3,1522,42.1,62,0,0,0,0,0,0,High,4.9,514,12,261,2.28,5.44,6.65,76.2,84.4
4926,L52105,L,303.4,312.3,1680,30.6,67,0,0,0,0,0,0,Low,5.3,305,6,54,2.28,7.04,5.39,68.8,80.0
4927,L52106,L,303.4,312.3,1502,36.0,69,0,0,0,0,0,0,Low,4.0,226,3,422,1.6,5.82,5.47,67.3,70.9
4928,M19787,M,303.5,312.3,1543,33.3,71,0,0,0,0,0,0,Medium,6.2,337,7,695,1.81,5.43,5.69,63.0,67.7
4929,L52108,L,303.5,312.3,1584,35.2,74,0,0,0,0,0,0,Low,3.3,280,3,858,0.73,6.14,6.11,47.9,60.6
4930,L52109,L,303.5,312.4,1340,44.5,76,0,0,0,0,0,0,Low,6.7,295,11,378,2.78,5.23,6.1,63.2,62.1
4931,L52110,L,303.4,312.3,1663,33.9,78,0,0,0,0,0,0,Low,4.7,391,2,36,3.04,5.76,5.81,86.9,75.6
4932,M19791,M,303.3,312.1,1693,30.0,80,0,0,0,0,0,0,Medium,5.7,570,4,251,1.17,6.2,5.42,56.5,43.0
4933,L52112,L,303.3,312.1,1418,44.7,83,0,0,0,0,0,0,Low,6.0,263,9,29,1.45,5.01,7.03,60.5,45.2
4934,H34347,H,303.4,312.2,1554,36.8,85,0,0,0,0,0,0,High,9.5,387,19,654,1.79,6.11,6.12,41.7,70.4
4935,L52114,L,303.4,312.2,1580,35.8,90,0,0,0,0,0,0,Low,6.8,503,8,59,1.9,5.27,6.09,50.6,60.6
4936,L52115,L,303.4,312.3,1479,42.8,92,0,0,0,0,0,0,Low,10.6,567,15,135,1.19,6.1,6.77,48.6,58.1
4937,L52116,L,303.5,312.4,1284,70.6,94,1,0,0,1,0,0,Low,5.1,458,7,108,3.03,6.24,9.59,80.7,75.1
4938,L52117,L,303.4,312.3,1540,38.7,96,0,0,0,0,0,0,Low,7.7,791,16,295,1.86,5.97,6.36,52.7,67.3
4939,M19798,M,303.5,312.4,1606,30.1,98,0,0,0,0,0,0,Medium,8.4,411,5,2,1.03,5.93,5.26,58.6,77.5
4940,L52119,L,303.6,312.5,1286,62.4,101,0,0,0,0,0,0,Low,8.5,609,14,91,2.33,6.82,8.54,79.5,60.5
4941,L52120,L,303.6,312.6,1502,39.5,103,0,0,0,0,0,0,Low,4.5,454,4,127,2.05,4.82,6.15,66.1,77.4
4942,M19801,M,303.6,312.7,1699,31.5,105,0,0,0,0,0,0,Medium,11.6,604,14,312,2.53,5.88,6.27,57.6,62.6
4943,L52122,L,303.5,312.6,1602,34.2,108,0,0,0,0,0,0,Low,7.1,591,11,6,2.06,6.31,5.29,59.4,89.3
4944,H34357,H,303.6,312.6,1436,42.0,110,0,0,0,0,0,0,High,8.2,704,5,36,1.91,7.08,6.6,57.3,68.3
4945,M19804,M,303.6,312.7,1765,27.5,115,0,0,0,0,0,0,Medium,12.3,603,13,97,1.79,5.6,4.96,71.6,78.2
4946,L52125,L,303.6,312.7,1418,44.1,118,0,0,0,0,0,0,Low,9.0,357,17,197,1.46,6.02,6.01,48.9,61.5
4947,M19806,M,303.7,312.7,1669,31.7,120,0,0,0,0,0,0,Medium,9.2,423,7,229,1.87,6.83,4.98,51.9,93.3
4948,L52127,L,303.7,312.7,1395,53.9,123,0,0,0,0,0,0,Low,6.0,565,8,65,1.6,5.94,7.8,47.9,71.7
4949,M19808,M,303.8,312.7,1500,41.7,125,0,0,0,0,0,0,Medium,8.3,648,9,576,1.37,6.65,7.22,72.0,66.5
4950,M19809,M,303.8,312.7,1555,33.4,128,0,0,0,0,0,0,Medium,7.7,531,4,275,1.63,6.49,5.94,73.6,79.5
4951,M19810,M,303.8,312.7,1919,20.2,131,0,0,0,0,0,0,Medium,5.5,537,10,555,3.08,6.74,3.95,56.4,60.3
4952,L52131,L,303.8,312.7,1596,36.6,134,0,0,0,0,0,0,Low,7.7,843,7,22,2.9,5.63,5.94,59.2,100.0
4953,M19812,M,303.8,312.7,1374,53.6,136,0,0,0,0,0,0,Medium,8.1,721,9,18,3.33,5.73,7.56,79.6,85.8
4954,L52133,L,303.7,312.5,1670,26.1,139,0,0,0,0,0,0,Low,13.7,1140,25,27,1.22,4.9,4.61,64.9,57.9
4955,L52134,L,303.7,312.6,1702,29.1,141,0,0,0,0,0,0,Low,5.0,581,6,70,2.84,5.62,5.69,43.8,78.2
4956,M19815,M,303.8,312.5,1366,45.1,143,0,0,0,0,0,0,Medium,6.2,445,5,369,1.99,6.19,6.76,45.3,75.5
4957,M19816,M,303.8,312.5,2344,15.2,146,0,0,0,0,0,0,Medium,7.3,779,8,158,2.75,6.61,3.86,59.5,80.0
4958,M19817,M,303.8,312.6,1768,23.9,149,0,0,0,0,0,0,Medium,15.3,1305,18,714,2.05,6.09,4.48,76.8,48.0
4959,L52138,L,303.8,312.5,1523,47.0,152,0,0,0,0,0,0,Low,8.7,686,5,326,1.31,6.33,6.78,63.5,65.3
4960,L52139,L,303.8,312.6,1735,25.9,154,0,0,0,0,0,0,Low,9.1,1002,15,244,2.23,5.34,4.25,47.3,81.5
4961,L52140,L,303.9,312.7,1339,62.3,156,0,0,0,0,0,0,Low,12.4,939,23,7,3.39,4.87,8.4,73.5,68.1
4962,L52141,L,303.9,312.7,1800,24.3,158,0,0,0,0,0,0,Low,8.9,709,8,257,1.71,6.7,4.3,48.0,58.4
4963,M19822,M,304.0,312.7,1456,51.2,160,0,0,0,0,0,0,Medium,8.9,834,5,179,1.91,6.45,7.16,55.0,60.3
4964,L52143,L,303.9,312.7,1789,24.4,163,0,0,0,0,0,0,Low,16.6,948,18,269,2.3,6.47,4.79,92.1,61.1
4965,L52144,L,303.9,312.7,1602,33.9,165,0,0,0,0,0,0,Low,10.6,1018,18,138,3.14,5.04,5.62,48.2,48.9
4966,M19825,M,303.8,312.7,1364,49.3,167,0,0,0,0,0,0,Medium,8.3,819,14,45,1.08,5.61,6.74,57.4,62.5
4967,L52146,L,303.8,312.6,1793,28.1,170,0,0,0,0,0,0,Low,11.6,955,9,40,2.91,5.39,4.94,60.6,78.3
4968,L52147,L,303.9,312.6,1426,53.4,172,0,0,0,0,0,0,Low,16.7,1175,16,406,2.9,5.83,8.27,37.4,79.8
4969,M19828,M,303.9,312.7,1485,43.3,174,0,0,0,0,0,0,Medium,8.3,984,9,254,2.54,6.41,6.72,70.7,64.8
4970,L52149,L,303.9,312.7,1528,38.4,177,0,0,0,0,0,0,Low,12.2,846,20,29,0.95,6.53,5.69,56.2,75.5
4971,L52150,L,303.8,312.6,1565,36.0,179,0,0,0,0,0,0,Low,11.9,979,14,278,1.86,6.35,5.77,61.1,68.3
4972,L52151,L,303.8,312.7,1838,27.8,181,0,0,0,0,0,0,Low,17.1,1315,14,163,2.48,5.55,5.85,55.1,68.3
4973,H34386,H,303.8,312.6,1811,24.9,183,0,0,0,0,0,0,High,11.6,737,11,252,1.86,5.9,4.97,38.4,55.8
4974,L52153,L,303.8,312.7,1461,38.2,188,0,0,0,0,0,0,Low,19.7,1975,17,33,3.5,6.25,5.86,67.5,58.3
4975,L52154,L,303.8,312.7,1414,41.7,190,0,0,0,0,0,0,Low,12.7,1084,8,55,2.8,5.24,6.29,75.0,87.9
4976,L52155,L,303.7,312.7,1426,45.5,192,0,0,0,0,0,0,Low,12.3,1171,10,710,3.18,5.76,6.64,39.1,59.1
4977,L52156,L,303.7,312.7,1359,56.8,194,1,0,0,0,1,0,Low,14.6,991,19,211,3.65,6.0,7.97,57.0,78.2
4978,L52157,L,303.7,312.7,1540,44.8,196,0,0,0,0,0,0,Low,8.6,877,12,230,1.73,6.18,6.82,71.5,70.4
4979,L52158,L,303.6,312.7,1429,47.7,198,0,0,0,0,0,0,Low,9.2,795,8,1146,1.84,6.26,6.89,51.6,67.2
4980,M19839,M,303.7,312.7,1612,36.3,200,0,0,0,0,0,0,Medium,14.4,1220,13,33,3.39,5.02,6.28,54.2,58.3
4981,M19840,M,303.7,312.8,1685,31.8,203,0,0,0,0,0,0,Medium,12.4,945,18,545,2.2,5.19,6.01,60.9,60.6
4982,M19841,M,303.7,312.8,1558,37.7,206,0,0,0,0,0,0,Medium,13.2,1042,12,133,2.96,5.25,6.26,51.4,66.6
4983,L52162,L,303.7,313.0,1811,24.3,209,0,0,0,0,0,0,Low,17.5,1689,19,211,2.55,6.37,4.83,61.0,60.9
4984,L52163,L,303.8,313.1,1869,25.8,211,0,0,0,0,0,0,Low,10.6,719,14,353,2.78,5.38,4.53,46.5,40.0
4985,L52164,L,303.8,313.1,1256,58.7,213,1,0,0,0,1,0,Low,17.0,1598,20,204,3.51,5.69,7.91,59.5,70.9
4986,M19845,M,303.8,313.0,1789,23.5,215,0,0,0,0,0,0,Medium,15.6,1003,26,160,2.51,4.9,4.48,51.4,77.4
4987,L52166,L,303.7,312.9,1502,40.5,0,0,0,0,0,0,0,Low,1.5,34,3,169,0.2,6.42,6.12,58.1,88.7
4988,M19847,M,303.7,313.0,1303,54.4,2,0,0,0,0,0,0,Medium,5.0,56,5,186,2.16,6.02,7.4,63.0,66.0
4989,L52168,L,303.8,313.1,2497,13.0,5,1,0,0,1,0,0,Low,2.4,12,7,255,4.57,7.02,3.63,44.9,55.5
4990,L52169,L,303.9,313.2,1499,37.4,7,0,0,0,0,0,0,Low,2.9,27,5,496,1.91,4.26,6.0,46.7,51.7
4991,L52170,L,303.9,313.2,1393,46.5,9,0,0,0,0,0,0,Low,8.4,96,12,135,1.0,5.22,6.67,56.0,62.8
4992,M19851,M,303.9,313.0,1475,41.0,11,0,0,0,0,0,0,Medium,8.0,57,6,31,1.1,6.23,6.91,37.3,75.6
4993,L52172,L,303.8,312.9,1573,34.6,14,0,0,0,0,0,0,Low,7.2,100,10,334,1.5,7.05,5.71,47.4,55.8
4994,L52173,L,303.8,312.9,1819,23.7,16,0,0,0,0,0,0,Low,2.7,119,1,300,2.03,5.17,4.86,39.9,68.5
4995,M19854,M,303.5,312.6,1642,29.4,18,0,0,0,0,0,0,Medium,2.1,71,3,275,1.17,4.73,4.96,54.2,55.6
4996,L52175,L,303.6,312.6,1540,39.8,21,0,0,0,0,0,0,Low,1.6,95,2,31,2.29,5.94,6.43,65.1,71.6
4997,M19856,M,303.6,312.8,1400,43.2,23,0,0,0,0,0,0,Medium,7.8,132,10,825,1.17,5.57,6.8,69.6,82.0
4998,M19857,M,303.6,312.8,2659,11.4,26,1,0,0,1,0,0,Medium,1.7,82,3,89,3.42,6.04,3.02,75.8,75.6
4999,M19858,M,303.6,312.8,1825,25.2,29,0,0,0,0,0,0,Medium,3.0,126,1,36,3.04,6.96,5.39,57.9,61.7
5000,M19859,M,303.7,312.9,1532,41.3,32,0,0,0,0,0,0,Medium,3.3,194,4,455,1.43,5.68,6.38,37.9,98.9
5001,L52180,L,303.7,312.8,1832,23.6,35,0,0,0,0,0,0,Low,3.3,220,8,40,3.31,5.78,4.68,37.4,86.4
5002,M19861,M,303.6,312.7,2174,17.6,37,0,0,0,0,0,0,Medium,2.3,234,3,13,2.83,5.72,4.11,61.5,82.4
5003,L52182,L,303.7,312.8,1627,31.7,40,0,0,0,0,0,0,Low,4.1,269,1,56,1.38,6.3,5.1,49.8,70.3
5004,L52183,L,303.7,312.8,1437,51.3,42,0,0,0,0,0,0,Low,4.6,210,2,394,1.79,5.97,7.13,42.3,76.1
5005,L52184,L,303.7,312.8,1364,46.3,44,0,0,0,0,0,0,Low,2.8,229,1,69,1.34,5.45,6.19,69.2,81.5
5006,M19865,M,303.7,312.9,1444,52.7,46,0,0,0,0,0,0,Medium,4.4,367,4,264,1.11,6.69,7.89,78.8,57.6
5007,M19866,M,303.7,312.8,1366,47.3,49,0,0,0,0,0,0,Medium,9.4,400,9,62,0.2,5.21,7.0,62.1,86.2
5008,L52187,L,303.8,312.9,1442,48.3,52,0,0,0,0,0,0,Low,3.3,258,4,11,1.26,5.75,7.19,68.8,84.6
5009,H34422,H,303.7,312.8,1488,42.8,54,0,0,0,0,0,0,High,5.0,313,9,168,0.25,5.84,6.49,48.1,70.6
5010,L52189,L,303.7,312.8,1523,40.7,59,0,0,0,0,0,0,Low,4.7,268,8,745,0.91,5.15,6.28,49.0,52.7
5011,L52190,L,303.7,312.8,1543,38.3,61,0,0,0,0,0,0,Low,3.3,238,4,371,2.26,6.65,6.12,15.0,83.4
5012,M19871,M,303.7,312.8,1634,33.8,63,0,0,0,0,0,0,Medium,8.9,483,8,281,1.43,5.57,5.68,71.5,64.0
5013,M19872,M,303.8,312.9,1815,27.8,66,0,0,0,0,0,0,Medium,10.4,536,7,20,2.98,5.34,5.16,66.1,74.5
5014,M19873,M,303.8,312.9,1594,35.2,69,0,0,0,0,0,0,Medium,2.2,185,4,95,1.31,6.88,5.58,55.5,59.4
5015,L52194,L,303.8,313.0,1452,38.6,72,0,0,0,0,0,0,Low,4.9,386,6,336,2.02,6.13,5.63,74.8,54.6
5016,L52195,L,303.9,313.0,1759,28.4,74,0,0,0,0,0,0,Low,4.9,435,8,234,1.82,5.52,5.45,62.0,91.8
5017,L52196,L,303.9,313.0,1408,47.5,76,0,0,0,0,0,0,Low,6.4,531,7,11,1.51,5.94,6.76,56.4,91.8
5018,L52197,L,303.9,313.0,1483,45.0,78,0,0,0,0,0,0,Low,6.5,479,8,44,2.52,6.1,7.27,72.7,87.7
5019,M19878,M,303.9,313.0,1620,36.6,80,0,0,0,0,0,0,Medium,5.5,603,8,346,3.01,6.04,6.24,48.5,71.4
5020,M19879,M,304.0,313.1,1466,39.5,83,0,0,0,0,0,0,Medium,5.4,356,6,55,1.24,6.21,6.64,48.4,56.7
5021,L52200,L,304.1,313.1,1556,36.3,86,0,0,0,0,0,0,Low,11.9,516,8,299,0.92,6.04,5.96,48.9,73.4
5022,L52201,L,304.0,313.0,1350,61.1,88,0,0,0,0,0,0,Low,8.4,350,7,144,2.42,7.09,8.89,38.1,77.2
5023,L52202,L,304.0,313.1,1404,47.1,90,0,0,0,0,0,0,Low,7.3,536,13,785,1.95,6.26,6.56,82.7,58.4
5024,M19883,M,304.0,313.0,1575,34.5,92,0,0,0,0,0,0,Medium,5.7,623,6,120,1.97,6.22,5.3,41.1,80.2
5025,L52204,L,303.9,313.1,1639,29.0,95,0,0,0,0,0,0,Low,9.2,573,13,67,1.79,5.3,5.45,51.3,96.1
5026,M19885,M,303.9,313.1,1473,42.8,97,0,0,0,0,0,0,Medium,10.0,982,13,340,1.01,6.0,6.9,60.2,61.2
5027,L52206,L,303.9,313.2,1481,40.0,100,0,0,0,0,0,0,Low,9.6,528,13,151,2.72,5.12,5.8,63.3,75.0
5028,L52207,L,304.0,313.3,1294,54.6,102,0,0,0,0,0,0,Low,9.1,533,10,369,1.6,6.48,7.64,64.5,55.0
5029,M19888,M,303.9,313.2,1630,29.3,104,0,0,0,0,0,0,Medium,5.6,436,4,68,1.6,6.09,5.19,32.6,80.0
5030,M19889,M,303.9,313.2,1624,39.8,107,0,0,0,0,0,0,Medium,9.9,908,16,69,2.39,6.1,7.31,35.8,70.5
5031,M19890,M,303.9,313.1,1437,48.3,110,0,0,0,0,0,0,Medium,4.5,384,3,53,1.19,6.58,6.96,61.2,75.1
5032,M19891,M,303.8,313.0,1514,45.0,113,0,0,0,0,0,0,Medium,4.4,465,9,378,1.66,6.75,7.08,78.6,57.5
5033,M19892,M,304.0,313.1,1694,31.4,116,0,0,0,0,0,0,Medium,5.7,397,4,423,2.16,4.96,5.43,77.9,58.0
5034,L52213,L,304.0,313.1,1564,50.9,119,0,0,0,0,0,0,Low,9.2,619,11,22,2.17,5.75,8.43,72.5,43.6
5035,M19894,M,303.9,313.1,1514,41.1,121,0,0,0,0,0,0,Medium,7.0,524,7,683,1.8,6.06,6.39,52.4,61.0
5036,M19895,M,304.0,313.2,1500,40.6,124,0,0,0,0,0,0,Medium,9.8,913,9,102,1.34,5.32,6.61,48.7,68.3
5037,L52216,L,304.0,313.2,1615,37.8,127,0,0,0,0,0,0,Low,8.5,577,11,503,1.85,6.27,5.95,37.6,66.4
5038,M19897,M,304.1,313.2,1586,41.1,129,0,0,0,0,0,0,Medium,9.6,895,19,115,1.19,6.38,6.88,63.3,71.9
5039,L52218,L,304.1,313.3,1732,28.5,132,0,0,0,0,0,0,Low,11.9,1086,16,211,0.88,5.72,4.81,68.3,78.1
5040,H34453,H,304.1,313.3,1689,32.5,134,0,0,0,0,0,0,High,9.7,937,18,92,1.45,6.37,6.08,59.1,93.0
5041,H34454,H,304.1,313.2,1586,34.6,139,0,0,0,0,0,0,High,8.7,752,8,148,1.78,5.97,5.67,71.7,61.0
5042,L52221,L,304.0,313.2,1314,47.1,144,0,0,0,0,0,0,Low,8.3,897,14,154,2.3,5.4,6.43,65.7,79.9
5043,L52222,L,304.1,313.2,1569,35.8,146,0,0,0,0,0,0,Low,6.9,660,11,319,2.6,5.89,6.13,62.0,56.0
5044,L52223,L,304.1,313.2,1468,39.4,148,0,0,0,0,0,0,Low,17.7,1225,27,56,2.71,5.05,6.12,55.0,68.1
5045,L52224,L,304.1,313.2,1412,47.5,150,0,0,0,0,0,0,Low,12.0,1354,16,397,1.17,6.02,7.03,30.4,64.9
5046,M19905,M,304.1,313.2,1510,46.9,152,0,0,0,0,0,0,Medium,12.8,595,15,332,1.47,6.42,7.19,55.4,76.9
5047,M19906,M,304.1,313.2,1410,42.4,155,0,0,0,0,0,0,Medium,8.1,637,9,1,1.61,6.4,6.2,35.3,59.1
5048,M19907,M,304.1,313.3,1680,29.3,158,0,0,0,0,0,0,Medium,9.6,1086,13,362,2.4,5.81,4.9,55.1,50.9
5049,H34462,H,304.0,313.2,1271,68.6,161,1,0,0,1,0,0,High,11.6,852,21,375,3.24,5.95,8.67,15.6,67.0
5050,H34463,H,304.0,313.1,1472,45.5,166,0,0,0,0,0,0,High,6.3,674,7,64,2.64,6.54,7.13,51.5,35.6
5051,H34464,H,304.0,313.0,1701,30.4,171,0,0,0,0,0,0,High,11.0,809,13,306,2.65,5.56,5.05,63.7,80.0
5052,L52231,L,303.9,313.0,1480,39.9,176,0,0,0,0,0,0,Low,10.6,871,17,40,2.61,5.43,6.12,31.5,81.3
5053,L52232,L,303.9,313.0,1433,48.4,178,0,0,0,0,0,0,Low,8.6,719,8,457,1.66,7.01,7.35,63.1,64.3
5054,L52233,L,303.8,312.9,1514,34.3,180,0,0,0,0,0,0,Low,12.6,1142,17,315,2.33,5.59,5.53,42.3,76.3
5055,L52234,L,303.8,312.9,1619,35.7,182,0,0,0,0,0,0,Low,11.0,939,10,57,2.58,5.28,5.36,59.8,50.0
5056,H34469,H,303.8,312.9,1378,45.6,184,0,0,0,0,0,0,High,10.4,989,15,93,2.61,6.27,6.36,52.3,79.9
5057,M19916,M,303.9,312.9,1430,53.5,189,0,0,0,0,0,0,Medium,17.3,1091,24,8,2.94,5.45,8.34,52.1,81.4
5058,L52237,L,303.8,312.9,1367,49.9,192,0,0,0,0,0,0,Low,15.6,1131,14,80,3.8,6.68,7.35,73.4,50.6
5059,L52238,L,303.9,312.9,1526,42.5,194,0,0,0,0,0,0,Low,12.6,977,17,229,2.54,5.73,6.81,65.6,70.7
5060,L52239,L,303.9,312.8,1419,47.9,196,0,0,0,0,0,0,Low,10.4,1025,15,28,2.1,5.79,6.93,27.0,68.8
5061,L52240,L,304.0,312.8,1542,42.7,198,0,0,0,0,0,0,Low,12.9,1332,18,130,1.94,6.28,6.83,42.4,47.7
5062,L52241,L,304.0,312.9,1363,62.5,200,1,0,0,0,1,0,Low,10.4,864,16,14,3.24,7.07,9.09,47.2,70.8
5063,L52242,L,304.0,312.9,1313,53.9,202,0,0,0,0,0,0,Low,12.9,1334,15,704,2.49,6.26,7.27,75.3,66.0
5064,H34477,H,304.0,312.9,1495,46.6,0,0,0,0,0,0,0,High,2.4,32,3,65,2.77,6.2,7.48,48.6,46.3
5065,L52244,L,304.0,313.0,1407,42.1,5,0,0,0,0,0,0,Low,4.9,48,5,191,2.4,5.99,6.5,38.6,77.5
5066,L52245,L,304.1,313.0,1566,37.2,7,0,0,0,0,0,0,Low,6.9,63,7,121,1.27,7.14,6.0,49.9,85.9
5067,L52246,L,304.1,313.1,1550,30.9,9,0,0,0,0,0,0,Low,4.1,107,3,79,1.83,6.27,5.16,46.8,57.2
5068,M19927,M,304.2,313.2,1396,50.5,11,0,0,0,0,0,0,Medium,3.3,40,6,129,1.73,5.44,7.19,46.4,53.6
5069,M19928,M,304.3,313.3,1540,39.0,14,0,0,0,0,0,0,Medium,1.2,77,0,519,1.42,5.28,6.18,55.7,76.2
5070,M19929,M,304.2,313.2,1380,48.7,17,0,0,0,0,0,0,Medium,5.2,109,9,427,1.43,6.36,7.25,66.1,60.4
5071,M19930,M,304.2,313.1,1608,31.1,20,0,0,0,0,0,0,Medium,5.6,115,5,427,2.01,6.18,5.74,63.5,79.4
5072,H34485,H,304.2,313.0,1442,40.9,23,0,0,0,0,0,0,High,6.2,89,7,223,1.39,5.85,6.11,78.3,69.9
5073,L52252,L,304.1,313.0,1408,45.3,28,0,0,0,0,0,0,Low,12.7,117,17,194,1.43,5.15,7.47,61.9,54.1
5074,M19933,M,304.0,313.0,1454,46.8,30,0,0,0,0,0,0,Medium,3.2,173,2,294,1.49,6.21,6.93,63.6,53.4
5075,L52254,L,304.1,313.1,1666,34.6,33,0,0,0,0,0,0,Low,8.3,165,9,67,2.41,5.61,6.36,58.3,97.5
5076,L52255,L,304.1,313.2,1366,46.6,35,0,0,0,0,0,0,Low,8.0,188,11,403,1.21,5.52,7.01,45.9,45.0
5077,L52256,L,304.2,313.2,1464,44.9,37,0,0,0,0,0,0,Low,4.4,175,2,261,1.28,6.64,7.31,47.1,64.1
5078,L52257,L,304.3,313.3,1775,24.9,39,0,0,0,0,0,0,Low,2.7,240,3,56,1.54,5.73,4.54,39.2,62.6
5079,M19938,M,304.3,313.4,1482,43.8,41,0,0,0,0,0,0,Medium,7.1,136,5,179,2.03,5.59,6.97,28.6,46.3
5080,M19939,M,304.2,313.4,1411,54.8,44,0,0,0,0,0,0,Medium,9.3,260,13,1,3.12,6.0,8.17,63.3,80.7
5081,L52260,L,304.2,313.3,1410,51.6,47,0,0,0,0,0,0,Low,3.4,294,4,153,1.56,5.9,7.56,59.0,60.0
5082,M19941,M,304.1,313.3,1494,39.0,49,0,0,0,0,0,0,Medium,6.1,248,7,13,2.37,6.38,6.08,37.2,80.9
5083,H34496,H,304.1,313.2,1590,43.4,52,0,0,0,0,0,0,High,5.2,289,7,88,2.41,5.93,6.73,59.7,71.1
5084,L52263,L,304.1,313.1,1327,54.1,57,0,0,0,0,0,0,Low,5.2,303,7,11,1.5,5.86,7.49,59.2,81.4
5085,L52264,L,304.1,313.1,1969,20.8,59,0,0,0,0,0,0,Low,2.9,283,4,72,2.38,6.72,4.2,65.3,44.9
5086,M19945,M,304.0,313.0,1377,56.0,61,0,0,0,0,0,0,Medium,7.9,241,10,424,1.53,6.34,7.98,49.2,61.7
5087,L52266,L,304.0,313.0,1541,45.9,64,0,0,0,0,0,0,Low,5.6,445,5,6,1.55,6.52,6.96,44.4,85.1
5088,M19947,M,304.0,313.0,1685,28.2,66,0,0,0,0,0,0,Medium,12.3,406,15,2,0.93,6.45,4.9,45.3,67.7
5089,L52268,L,304.0,313.1,1465,41.0,69,0,0,0,0,0,0,Low,6.4,501,8,217,1.24,5.79,6.38,66.9,66.1
5090,M19949,M,303.9,313.1,1483,47.2,71,0,0,0,0,0,0,Medium,3.6,227,5,487,1.59,5.99,7.0,68.2,50.0
5091,M19950,M,303.9,313.2,1570,40.7,74,0,0,0,0,0,0,Medium,5.1,384,5,195,1.03,6.03,6.8,42.2,68.1
5092,L52271,L,303.9,313.2,1345,48.2,77,0,0,0,0,0,0,Low,5.3,358,3,431,2.05,7.08,6.83,55.3,52.0
5093,M19952,M,303.9,313.2,1608,40.6,79,0,0,0,0,0,0,Medium,7.0,564,6,78,2.35,4.95,6.72,49.4,69.2
5094,M19953,M,304.0,313.3,1415,52.8,82,0,0,0,0,0,0,Medium,9.2,402,9,95,2.35,5.96,8.05,46.6,61.0
5095,M19954,M,304.1,313.5,1470,45.8,85,0,0,0,0,0,0,Medium,5.6,399,5,99,0.92,6.12,7.39,61.0,85.4
5096,M19955,M,304.1,313.5,1428,39.9,88,0,0,0,0,0,0,Medium,10.6,480,13,38,2.24,5.22,5.83,57.1,84.6
5097,H34510,H,304.2,313.5,1627,32.2,91,0,0,0,0,0,0,High,8.8,364,12,124,1.81,4.92,5.29,19.1,57.9
5098,L52277,L,304.2,313.4,1457,49.4,96,0,0,0,0,0,0,Low,7.6,278,9,275,1.37,5.68,7.77,58.2,98.2
5099,L52278,L,304.2,313.4,1475,40.2,98,0,0,0,0,0,0,Low,10.0,642,11,551,1.38,6.19,6.02,76.9,66.9
5100,L52279,L,304.2,313.5,1438,50.1,100,0,0,0,0,0,0,Low,6.8,687,7,57,2.66,6.48,7.09,55.3,77.2
5101,M19960,M,304.2,313.5,1437,47.2,102,0,0,0,0,0,0,Medium,10.5,682,18,69,1.74,6.76,7.35,76.1,90.8
5102,M19961,M,304.1,313.4,1518,42.4,105,0,0,0,0,0,0,Medium,9.3,419,7,45,1.21,6.22,6.56,59.5,79.1
5103,M19962,M,304.1,313.5,1587,33.6,108,0,0,0,0,0,0,Medium,10.6,457,8,49,1.56,5.68,5.73,84.8,63.3
5104,L52283,L,304.1,313.4,1399,43.7,111,0,0,0,0,0,0,Low,5.9,644,3,82,0.75,6.01,5.98,85.0,52.1
5105,L52284,L,304.1,313.5,1469,44.6,113,0,0,0,0,0,0,Low,10.3,569,11,369,1.13,5.71,6.94,85.0,22.3
5106,L52285,L,304.1,313.4,1374,56.6,115,0,0,0,0,0,0,Low,6.4,702,11,947,2.59,6.28,8.15,65.2,80.9
5107,L52286,L,304.0,313.3,1519,36.7,117,0,0,0,0,0,0,Low,8.3,493,12,380,1.43,5.76,6.07,58.6,69.6
5108,L52287,L,303.9,313.2,1540,44.4,119,0,0,0,0,0,0,Low,9.6,710,10,146,1.46,5.93,6.54,36.4,75.8
5109,L52288,L,303.9,313.3,1394,51.6,121,0,0,0,0,0,0,Low,7.1,697,12,295,1.96,6.4,7.04,34.6,75.7
5110,M19969,M,304.0,313.4,1389,45.8,123,0,0,0,0,0,0,Medium,7.8,586,6,4,2.13,5.54,7.07,75.9,67.6
5111,M19970,M,304.0,313.5,1732,26.2,126,0,0,0,0,0,0,Medium,7.8,632,4,65,3.45,6.57,4.73,42.2,79.2
5112,L52291,L,304.1,313.6,1556,37.4,129,0,0,0,0,0,0,Low,10.1,751,7,356,0.2,5.24,5.74,78.0,50.4
5113,M19972,M,304.1,313.6,1441,43.7,131,0,0,0,0,0,0,Medium,8.6,696,10,236,1.55,6.17,6.73,43.9,71.7
5114,L52293,L,304.1,313.6,1382,46.7,134,0,0,0,0,0,0,Low,8.0,539,14,58,1.58,5.54,6.59,24.0,83.1
5115,M19974,M,304.2,313.8,1481,44.9,136,0,0,0,0,0,0,Medium,6.3,492,5,1375,2.48,6.76,6.72,42.1,35.8
5116,M19975,M,304.2,313.7,2113,18.4,139,0,0,0,0,0,0,Medium,16.3,636,16,406,2.52,5.8,4.41,33.8,100.0
5117,L52296,L,304.2,313.8,1401,53.9,142,0,0,0,0,0,0,Low,8.8,621,6,91,1.97,6.08,7.73,76.8,56.0
5118,L52297,L,304.1,313.6,1611,31.4,144,0,0,0,0,0,0,Low,8.7,822,10,5,1.71,5.84,4.77,50.9,81.6
5119,M19978,M,304.2,313.6,1512,33.4,146,0,0,0,0,0,0,Medium,9.5,928,7,13,2.6,6.21,5.2,50.4,74.2
5120,L52299,L,304.2,313.6,1411,46.0,149,0,0,0,0,0,0,Low,9.9,629,18,91,0.9,5.92,6.52,47.1,90.2
5121,M19980,M,304.2,313.6,1424,43.7,151,0,0,0,0,0,0,Medium,21.0,758,25,293,2.05,5.11,5.74,54.7,65.4
5122,L52301,L,304.2,313.6,1469,40.0,154,0,0,0,0,0,0,Low,15.5,1116,27,43,2.09,5.85,6.35,59.3,62.0
5123,H34536,H,304.2,313.5,1684,29.8,156,0,0,0,0,0,0,High,10.3,907,8,444,3.16,6.51,5.58,46.5,76.8
5124,M19983,M,304.2,313.5,1532,41.3,161,0,0,0,0,0,0,Medium,8.0,900,11,289,1.25,6.05,6.74,30.6,59.2
5125,M19984,M,304.2,313.5,1557,37.3,164,0,0,0,0,0,0,Medium,9.3,950,12,107,1.75,4.88,6.02,31.4,82.9
5126,M19985,M,304.3,313.5,1416,48.1,167,0,0,0,0,0,0,Medium,6.6,590,6,418,2.63,6.11,6.97,40.8,50.5
5127,L52306,L,304.3,313.5,1802,25.4,170,0,0,0,0,0,0,Low,6.9,772,6,1049,2.34,5.94,4.74,32.6,45.2
5128,M19987,M,304.3,313.5,2245,15.1,172,0,0,0,0,0,0,Medium,7.6,631,11,173,2.34,6.28,3.7,74.4,60.1
5129,L52308,L,304.2,313.4,1434,42.5,175,0,0,0,0,0,0,Low,11.6,873,15,84,2.74,6.52,5.71,48.1,55.5
5130,M19989,M,304.1,313.3,1725,28.3,177,0,0,0,0,0,0,Medium,9.5,902,10,69,2.58,5.49,5.1,29.0,57.5
5131,L52310,L,304.2,313.3,1668,35.7,180,0,0,0,0,0,0,Low,15.2,1214,14,27,2.01,5.85,6.56,61.3,92.7
5132,L52311,L,304.1,313.3,1452,43.9,182,0,0,0,0,0,0,Low,10.0,982,5,610,1.73,5.48,6.22,43.6,89.1
5133,L52312,L,304.1,313.3,1415,50.0,184,0,0,0,0,0,0,Low,9.1,993,3,165,2.9,5.97,7.74,69.9,48.5
5134,L52313,L,304.1,313.2,1824,25.8,186,0,0,0,0,0,0,Low,12.8,1350,15,157,2.09,5.65,5.32,44.6,87.2
5135,L52314,L,304.1,313.3,1438,45.5,188,0,0,0,0,0,0,Low,11.1,1167,10,468,2.78,5.9,6.65,48.8,71.0
5136,L52315,L,304.1,313.3,1883,24.5,190,0,0,0,0,0,0,Low,10.0,1121,9,141,4.79,5.7,4.5,88.7,72.3
5137,L52316,L,304.2,313.4,1735,28.9,192,0,0,0,0,0,0,Low,9.0,950,6,974,2.07,6.29,5.08,56.5,38.1
5138,L52317,L,304.3,313.5,1464,36.7,194,0,0,0,0,0,0,Low,7.9,906,9,202,3.48,7.06,5.72,55.3,84.3
5139,M19998,M,304.3,313.6,1489,40.3,196,0,0,0,0,0,0,Medium,10.1,1174,17,198,3.23,5.81,7.06,56.9,48.3
5140,M19999,M,304.4,313.6,1510,38.9,199,0,0,0,0,0,0,Medium,9.5,907,11,121,2.2,6.37,5.91,45.4,70.2
5141,M20000,M,304.3,313.6,1585,32.1,202,0,0,0,0,0,0,Medium,10.7,1085,7,56,2.51,5.63,5.13,86.4,64.3
5142,L52321,L,304.4,313.7,1509,35.0,205,1,1,0,0,0,0,Low,25.0,2211,35,53,2.33,3.93,5.5,41.6,70.9
5143,L52322,L,304.4,313.6,1568,39.1,0,0,0,0,0,0,0,Low,1.4,21,2,240,1.81,6.1,6.46,73.9,86.9
5144,M20003,M,304.3,313.5,1525,42.0,2,0,0,0,0,0,0,Medium,2.2,41,0,303,1.57,6.12,6.7,49.6,44.4
5145,L52324,L,304.4,313.7,1607,33.5,5,0,0,0,0,0,0,Low,3.3,28,2,152,1.44,7.06,5.17,48.2,55.5
5146,L52325,L,304.5,313.7,1670,32.9,7,0,0,0,0,0,0,Low,5.6,35,8,85,1.35,6.31,5.4,45.9,68.0
5147,L52326,L,304.4,313.6,1585,38.9,9,0,0,0,0,0,0,Low,6.9,29,7,63,1.2,5.78,6.72,24.5,86.3
5148,L52327,L,304.4,313.6,1569,38.4,11,0,0,0,0,0,0,Low,3.6,54,2,340,2.11,4.95,6.71,48.9,75.0
5149,L52328,L,304.4,313.6,1507,43.1,13,0,0,0,0,0,0,Low,3.1,87,1,343,0.98,6.17,6.35,67.4,90.0
5150,L52329,L,304.3,313.5,1452,41.5,15,0,0,0,0,0,0,Low,2.4,118,4,7,1.12,6.55,6.69,54.3,76.8
5151,L52330,L,304.3,313.5,1590,29.8,17,0,0,0,0,0,0,Low,3.4,63,4,67,2.1,7.51,4.38,37.7,77.7
5152,L52331,L,304.3,313.6,1409,56.0,19,0,0,0,0,0,0,Low,7.2,111,6,224,1.95,6.13,8.37,64.2,62.7
5153,L52332,L,304.3,313.5,2643,12.7,21,0,0,0,0,0,0,Low,3.8,125,1,120,2.9,6.35,3.46,53.3,37.5
5154,L52333,L,304.2,313.4,1644,31.7,23,0,0,0,0,0,0,Low,4.5,101,2,650,1.49,6.0,5.55,50.8,81.5
5155,L52334,L,304.2,313.4,1568,37.6,25,0,0,0,0,0,0,Low,5.6,91,8,478,2.71,6.39,5.75,31.0,69.0
5156,H34569,H,304.2,313.3,1625,37.3,27,0,0,0,0,0,0,High,5.1,199,4,291,1.1,6.18,6.6,45.5,68.2
5157,L52336,L,304.2,313.4,1482,41.4,32,0,0,0,0,0,0,Low,5.6,204,7,355,2.22,5.22,6.32,53.1,57.7
5158,H34571,H,304.1,313.3,1397,49.6,34,0,0,0,0,0,0,High,4.6,147,4,4,1.51,6.06,6.97,52.9,94.2
5159,L52338,L,304.1,313.3,1459,50.3,39,0,0,0,0,0,0,Low,3.1,246,5,528,2.14,5.89,7.5,67.7,45.7
5160,L52339,L,304.2,313.4,1490,44.0,41,0,0,0,0,0,0,Low,6.0,375,6,14,1.27,6.12,7.11,25.8,60.2
5161,L52340,L,304.1,313.2,1434,50.1,43,0,0,0,0,0,0,Low,5.3,256,2,30,2.43,6.56,7.49,41.6,68.5
5162,M20021,M,304.1,313.2,2028,18.9,45,0,0,0,0,0,0,Medium,10.7,317,15,610,1.54,6.4,4.08,49.9,69.6
5163,L52342,L,304.2,313.3,1464,45.9,48,0,0,0,0,0,0,Low,3.2,202,7,1298,1.19,5.78,7.28,61.6,46.0
5164,M20023,M,304.2,313.4,1713,23.5,50,0,0,0,0,0,0,Medium,5.1,252,6,298,1.45,6.04,4.06,55.8,77.1
5165,M20024,M,304.3,313.4,1624,32.1,53,0,0,0,0,0,0,Medium,4.8,337,4,110,1.87,5.55,5.28,51.8,82.7
5166,L52345,L,304.2,313.4,1421,43.4,56,0,0,0,0,0,0,Low,10.4,338,13,37,1.58,5.29,7.29,70.0,71.1
5167,H34580,H,304.2,313.5,1546,41.4,58,0,0,0,0,0,0,High,9.6,465,12,241,0.52,5.64,6.25,95.0,85.6
5168,L52347,L,304.2,313.4,1639,32.7,63,0,0,0,0,0,0,Low,6.3,393,12,12,1.09,5.83,5.01,52.0,58.7
5169,H34582,H,304.1,313.4,1696,29.6,65,0,0,0,0,0,0,High,2.4,282,4,284,2.84,6.2,5.05,76.7,63.8
5170,L52349,L,304.1,313.3,1470,39.9,70,0,0,0,0,0,0,Low,8.1,260,15,8,1.5,7.71,6.04,81.9,74.6
5171,M20030,M,304.1,313.3,1480,38.4,72,0,0,0,0,0,0,Medium,3.0,276,2,200,0.26,6.24,6.16,45.8,81.0
5172,M20031,M,304.2,313.4,1329,54.5,75,0,0,0,0,0,0,Medium,3.6,380,8,52,2.49,5.4,7.33,57.6,91.2
5173,L52352,L,304.2,313.4,1740,28.2,78,0,0,0,0,0,0,Low,9.0,476,11,179,1.91,6.07,5.33,25.7,62.5
5174,M20033,M,304.2,313.5,1739,28.1,80,0,0,0,0,0,0,Medium,8.2,534,7,296,2.08,5.84,4.99,49.9,72.4
5175,M20034,M,304.2,313.5,1390,47.8,83,0,0,0,0,0,0,Medium,5.9,282,3,370,2.1,6.78,7.13,64.4,55.1
5176,L52355,L,304.2,313.4,1740,23.7,86,0,0,0,0,0,0,Low,5.5,472,3,30,1.29,5.57,4.55,49.8,70.7
5177,M20036,M,304.0,313.3,1844,27.1,88,0,0,0,0,0,0,Medium,2.7,258,2,300,2.3,6.16,5.06,57.4,74.8
5178,H34591,H,304.0,313.1,1388,53.2,91,0,0,0,0,0,0,High,2.9,332,3,976,2.59,6.71,8.05,62.5,62.3
5179,H34592,H,304.0,313.2,1517,43.1,96,0,0,0,0,0,0,High,9.5,721,12,13,1.39,5.97,6.44,59.3,77.6
5180,M20039,M,304.0,313.1,1450,42.8,101,0,0,0,0,0,0,Medium,5.8,599,6,514,2.27,5.63,6.51,58.8,57.1
5181,L52360,L,304.0,313.2,1584,38.7,104,0,0,0,0,0,0,Low,9.5,671,11,374,0.59,6.53,6.47,59.1,66.3
5182,L52361,L,304.0,313.1,1720,28.7,106,0,0,0,0,0,0,Low,5.9,599,6,260,2.24,5.82,5.2,60.5,64.2
5183,L52362,L,303.9,313.1,1586,31.9,108,0,0,0,0,0,0,Low,8.1,612,8,97,0.97,6.95,5.36,57.7,74.2
5184,M20043,M,303.9,313.0,1901,22.5,110,0,0,0,0,0,0,Medium,3.4,285,4,399,0.8,5.85,4.52,44.7,61.1
5185,L52364,L,304.0,313.0,1397,42.4,113,0,0,0,0,0,0,Low,10.7,722,13,1500,0.73,5.94,5.26,37.6,36.7
5186,L52365,L,304.0,313.0,2012,21.1,115,0,0,0,0,0,0,Low,8.0,556,13,109,1.21,6.29,4.48,55.3,65.8
5187,L52366,L,304.0,313.0,2354,15.0,117,0,0,0,0,0,0,Low,7.5,561,10,135,3.71,6.04,3.39,45.2,75.0
5188,L52367,L,304.0,313.1,1648,35.7,119,0,0,0,0,0,0,Low,6.8,667,10,155,1.26,5.29,5.97,76.4,63.6
5189,L52368,L,304.0,313.2,1632,30.6,121,0,0,0,0,0,0,Low,6.1,654,6,18,1.97,5.59,5.43,29.9,59.8
5190,M20049,M,304.1,313.2,1427,46.9,123,0,0,0,0,0,0,Medium,10.5,835,12,88,1.39,5.67,7.18,47.5,83.0
5191,L52370,L,304.1,313.2,1452,48.0,126,0,0,0,0,0,0,Low,6.7,613,9,45,2.79,5.23,7.82,65.8,63.8
5192,L52371,L,304.0,313.2,1416,46.0,128,0,0,0,0,0,0,Low,7.6,592,8,237,1.37,5.56,6.94,34.4,63.5
5193,L52372,L,303.9,313.1,1310,62.9,130,0,0,0,0,0,0,Low,7.8,631,7,171,2.7,6.23,8.28,43.7,62.6
5194,H34607,H,304.0,313.1,1408,39.8,132,0,0,0,0,0,0,High,7.8,642,4,720,1.04,6.39,5.48,49.6,59.3
5195,M20054,M,303.9,313.1,1668,34.4,137,0,0,0,0,0,0,Medium,10.0,512,12,875,2.29,5.9,6.36,81.7,60.9
5196,L52375,L,303.9,313.0,1551,36.8,140,0,0,0,0,0,0,Low,7.3,583,7,86,1.62,6.51,5.64,48.3,67.4
5197,H34610,H,303.9,313.0,1517,36.0,142,0,0,0,0,0,0,High,7.2,736,5,617,2.04,5.49,5.37,61.7,68.6
5198,H34611,H,303.8,312.9,1570,35.8,147,0,0,0,0,0,0,High,12.9,1047,12,463,0.93,7.09,5.89,52.1,61.0
5199,L52378,L,303.8,312.8,1428,53.3,152,0,0,0,0,0,0,Low,11.9,945,17,1210,2.66,6.83,8.43,48.5,54.0
5200,L52379,L,303.8,312.8,1503,40.0,154,0,0,0,0,0,0,Low,8.4,838,7,142,1.91,6.44,6.3,74.8,88.5
5201,L52380,L,303.8,312.8,1416,58.7,156,0,0,0,0,0,0,Low,7.4,744,3,35,1.72,6.29,8.55,38.6,68.9
5202,M20061,M,303.7,312.7,1396,47.3,158,0,0,0,0,0,0,Medium,11.5,971,16,18,0.94,5.01,6.64,55.9,78.1
5203,L52382,L,303.7,312.7,1335,51.1,161,0,0,0,0,0,0,Low,9.4,1030,16,144,3.22,6.92,7.27,57.5,86.9
5204,M20063,M,303.7,312.6,1671,30.5,163,0,0,0,0,0,0,Medium,13.4,1196,15,318,2.56,5.52,4.85,74.1,59.4
5205,L52384,L,303.7,312.7,1989,22.4,166,0,0,0,0,0,0,Low,17.5,1272,13,160,3.12,5.84,4.32,51.8,53.5
5206,L52385,L,303.7,312.7,1468,43.3,168,0,0,0,0,0,0,Low,11.8,923,15,55,3.06,5.72,6.38,33.4,73.4
5207,H34620,H,303.7,312.6,1711,27.6,170,0,0,0,0,0,0,High,18.1,1316,18,25,2.94,5.84,4.74,35.9,79.8
5208,M20067,M,303.8,312.7,1488,41.3,175,0,0,0,0,0,0,Medium,12.6,1183,14,76,2.97,6.0,6.23,40.5,80.6
5209,L52388,L,303.8,312.7,1664,29.3,178,0,0,0,0,0,0,Low,11.0,1001,16,39,1.8,7.28,5.34,67.8,72.3
5210,M20069,M,303.8,312.7,1507,38.5,180,0,0,0,0,0,0,Medium,14.1,1334,12,419,2.26,5.89,6.46,49.0,67.6
5211,L52390,L,303.7,312.6,1466,42.5,183,0,0,0,0,0,0,Low,11.0,878,12,99,3.9,5.92,6.21,63.5,68.7
5212,L52391,L,303.7,312.5,1433,53.6,185,0,0,0,0,0,0,Low,10.2,804,6,32,3.29,6.4,7.92,80.7,80.5
5213,L52392,L,303.7,312.5,1397,45.7,187,0,0,0,0,0,0,Low,10.5,1114,17,5,0.72,6.18,6.41,66.1,76.6
5214,M20073,M,303.7,312.6,1429,43.3,189,0,0,0,0,0,0,Medium,11.8,1109,11,320,2.58,6.43,6.27,67.9,59.0
5215,L52394,L,303.7,312.7,1572,37.2,192,0,0,0,0,0,0,Low,12.9,869,7,227,2.18,6.9,6.27,59.4,87.6
5216,M20075,M,303.7,312.7,1532,42.7,194,0,0,0,0,0,0,Medium,11.7,1281,16,152,1.99,5.79,7.22,40.7,80.2
5217,M20076,M,303.7,312.7,1316,51.8,197,0,0,0,0,0,0,Medium,13.4,1255,21,187,3.7,6.84,7.57,85.6,59.3
5218,M20077,M,303.8,312.8,1420,47.9,200,0,0,0,0,0,0,Medium,10.0,771,11,168,2.55,6.04,7.12,45.2,61.3
5219,L52398,L,303.8,312.9,1589,37.2,203,0,0,0,0,0,0,Low,10.6,843,8,426,2.91,5.63,5.61,68.9,60.3
5220,L52399,L,303.8,313.0,1365,59.9,205,1,0,0,0,1,0,Low,8.7,973,10,91,3.07,5.6,7.96,69.5,100.0
5221,L52400,L,303.8,313.0,1633,32.9,207,0,0,0,0,0,0,Low,7.9,823,10,20,3.04,6.32,5.13,35.1,49.2
5222,L52401,L,303.9,313.0,1626,31.4,209,0,0,0,0,0,0,Low,20.6,1812,16,87,3.27,6.22,5.61,32.6,100.0
5223,L52402,L,303.9,313.1,1665,29.6,0,0,0,0,0,0,0,Low,5.5,5,12,148,1.96,5.85,4.99,63.2,68.7
5224,M20083,M,303.9,313.2,1350,47.2,2,0,0,0,0,0,0,Medium,2.7,5,3,268,1.55,6.31,6.7,40.1,59.7
5225,L52404,L,303.9,313.2,1590,31.9,5,0,0,0,0,0,0,Low,3.3,5,6,147,1.83,5.66,5.7,76.1,87.5
5226,M20085,M,304.0,313.2,1437,53.9,7,0,0,0,0,0,0,Medium,1.5,41,1,61,3.3,7.05,7.66,46.4,70.3
5227,L52406,L,303.9,313.0,1403,48.3,10,0,0,0,0,0,0,Low,1.0,30,0,381,2.36,5.64,6.97,72.2,89.9
5228,L52407,L,303.9,313.1,1440,41.1,12,0,0,0,0,0,0,Low,1.0,74,2,513,1.32,6.03,6.21,71.3,63.7
5229,M20088,M,303.9,313.1,1343,61.4,14,0,0,0,0,0,0,Medium,1.7,110,2,44,1.82,4.98,7.99,59.5,78.6
5230,H34643,H,303.9,313.1,1790,26.7,17,0,0,0,0,0,0,High,4.1,101,8,56,0.9,6.79,5.2,53.9,74.1
5231,M20090,M,303.8,313.1,2117,18.6,22,0,0,0,0,0,0,Medium,2.8,57,3,116,1.5,6.78,4.36,62.8,91.8
5232,L52411,L,303.8,313.1,1458,42.2,25,0,0,0,0,0,0,Low,4.3,174,4,96,0.49,5.9,6.65,52.5,64.7
5233,L52412,L,303.6,312.9,1381,57.8,27,0,0,0,0,0,0,Low,4.1,156,3,155,1.31,6.05,8.63,50.8,67.5
5234,L52413,L,303.6,312.9,1450,45.3,29,0,0,0,0,0,0,Low,1.7,83,5,314,1.92,5.24,6.9,36.2,67.6
5235,L52414,L,303.7,312.9,1461,50.1,31,0,0,0,0,0,0,Low,5.0,195,2,425,2.5,5.76,7.79,67.8,65.8
5236,M20095,M,303.7,312.9,1511,41.0,33,0,0,0,0,0,0,Medium,7.6,192,10,240,1.22,6.0,6.87,48.8,90.8
5237,L52416,L,303.8,313.1,1394,45.4,36,0,0,0,0,0,0,Low,3.3,280,6,712,1.71,5.93,6.98,64.0,69.3
5238,L52417,L,303.8,313.0,1499,42.3,38,0,0,0,0,0,0,Low,4.0,184,2,149,1.95,4.86,6.77,62.6,70.0
5239,L52418,L,303.7,313.0,1457,44.1,40,0,0,0,0,0,0,Low,6.1,224,13,309,1.95,6.01,6.43,34.5,66.5
5240,L52419,L,303.7,313.0,1753,29.0,42,0,0,0,0,0,0,Low,7.6,260,7,336,2.17,5.65,4.62,61.0,55.6
5241,L52420,L,303.7,313.0,1694,28.0,44,0,0,0,0,0,0,Low,5.5,219,9,654,2.44,5.19,5.29,65.5,61.4
5242,L52421,L,303.7,313.1,1683,28.4,46,0,0,0,0,0,0,Low,3.6,294,6,39,2.15,5.25,5.42,55.4,83.3
5243,L52422,L,303.7,313.1,1496,47.4,48,0,0,0,0,0,0,Low,2.1,201,3,299,1.24,5.32,7.2,61.4,62.1
5244,L52423,L,303.7,313.1,1721,34.8,50,0,0,0,0,0,0,Low,3.9,230,4,143,2.03,6.35,6.62,60.3,60.8
5245,L52424,L,303.6,313.0,1593,31.6,52,0,0,0,0,0,0,Low,4.0,205,2,4,2.77,7.07,4.7,80.7,86.1
5246,L52425,L,303.6,313.0,1575,38.3,54,0,0,0,0,0,0,Low,7.3,223,6,490,1.48,8.02,6.54,56.3,76.6
5247,L52426,L,303.5,313.0,1465,41.0,56,0,0,0,0,0,0,Low,3.0,145,4,126,1.93,5.65,6.41,70.1,59.5
5248,L52427,L,303.6,313.1,1405,38.3,58,0,0,0,0,0,0,Low,3.1,257,5,202,2.66,5.03,5.45,33.1,62.0
5249,M20108,M,303.5,313.0,1902,21.6,60,0,0,0,0,0,0,Medium,4.1,327,1,453,1.83,5.54,4.72,50.9,82.7
5250,M20109,M,303.4,312.9,1422,39.9,63,0,0,0,0,0,0,Medium,6.9,394,5,486,0.72,5.31,5.86,63.8,57.6
5251,L52430,L,303.5,312.9,1332,52.9,66,0,0,0,0,0,0,Low,5.6,362,8,15,2.03,4.52,7.72,51.4,83.6
5252,M20111,M,303.4,312.9,1307,54.3,68,0,0,0,0,0,0,Medium,4.4,257,7,53,1.79,6.34,8.12,63.0,62.6
5253,L52432,L,303.5,313.0,1322,59.5,71,0,0,0,0,0,0,Low,7.6,246,10,51,2.41,5.68,8.19,63.3,71.2
5254,L52433,L,303.5,313.0,1547,40.3,73,0,0,0,0,0,0,Low,2.4,268,1,389,0.84,5.98,6.82,62.7,99.8
5255,L52434,L,303.5,313.1,1897,23.6,75,0,0,0,0,0,0,Low,7.5,325,7,178,1.44,5.86,4.68,42.0,53.6
5256,M20115,M,303.5,313.0,1403,51.9,77,0,0,0,0,0,0,Medium,4.7,560,6,34,1.89,5.68,7.75,62.0,62.8
5257,L52436,L,303.5,313.0,1393,51.6,80,0,0,0,0,0,0,Low,7.9,391,11,49,1.69,4.49,7.16,44.7,59.1
5258,L52437,L,303.5,313.0,1482,38.5,82,0,0,0,0,0,0,Low,8.1,619,7,18,2.46,5.35,6.01,49.5,80.6
5259,M20118,M,303.5,312.9,1572,44.7,84,0,0,0,0,0,0,Medium,8.0,622,8,58,1.33,5.19,7.42,81.2,48.9
5260,L52439,L,303.5,312.9,1544,36.9,87,0,0,0,0,0,0,Low,6.4,427,7,1078,1.33,5.38,6.0,68.6,73.6
5261,M20120,M,303.5,313.0,1492,46.1,89,0,0,0,0,0,0,Medium,8.0,400,13,228,2.0,5.62,7.62,56.1,68.1
5262,L52441,L,303.4,312.8,1513,35.8,92,0,0,0,0,0,0,Low,4.0,372,2,212,3.13,6.15,5.75,54.3,59.3
5263,L52442,L,303.4,312.8,1449,43.9,94,0,0,0,0,0,0,Low,7.3,397,7,404,1.47,5.83,6.32,67.8,80.3
5264,L52443,L,303.5,312.8,1877,22.3,96,0,0,0,0,0,0,Low,8.4,443,11,25,2.69,5.48,4.5,73.0,72.0
5265,L52444,L,303.4,312.8,1376,53.4,98,0,0,0,0,0,0,Low,8.0,672,6,73,1.82,5.99,7.47,61.7,90.4
5266,M20125,M,303.5,312.9,1883,23.3,100,0,0,0,0,0,0,Medium,6.0,536,2,768,1.33,5.86,4.64,72.4,62.0
5267,M20126,M,303.4,312.8,1518,38.7,103,0,0,0,0,0,0,Medium,7.1,790,8,387,1.05,6.68,6.19,54.6,62.9
5268,M20127,M,303.5,312.9,1438,42.8,106,0,0,0,0,0,0,Medium,20.8,931,18,173,1.36,7.66,6.67,63.5,78.5
5269,L52448,L,303.4,312.9,1389,54.1,109,0,0,0,0,0,0,Low,7.1,512,6,80,3.14,4.97,7.95,46.4,82.7
5270,L52449,L,303.5,312.9,1504,44.8,111,0,0,0,0,0,0,Low,6.2,695,6,438,2.17,6.35,7.27,55.8,68.1
5271,L52450,L,303.5,312.9,1275,64.4,113,0,0,0,0,0,0,Low,4.8,449,6,47,3.08,5.05,8.66,29.8,64.6
5272,L52451,L,303.6,313.0,1534,39.7,115,0,0,0,0,0,0,Low,5.4,457,6,150,1.29,6.3,7.11,45.4,95.7
5273,M20132,M,303.6,313.0,1396,38.2,117,0,0,0,0,0,0,Medium,11.2,766,13,439,1.15,4.86,5.49,47.1,65.0
5274,L52453,L,303.6,313.1,1395,44.1,120,0,0,0,0,0,0,Low,5.4,516,4,197,1.06,5.74,6.27,53.8,63.7
5275,L52454,L,303.6,313.0,1617,30.9,122,0,0,0,0,0,0,Low,8.0,774,10,209,2.14,5.31,5.39,49.1,83.0
5276,L52455,L,303.7,313.1,1423,41.2,124,0,0,0,0,0,0,Low,13.2,1064,17,7,2.1,5.97,6.01,26.2,82.7
5277,L52456,L,303.5,313.0,1606,34.0,126,0,0,0,0,0,0,Low,6.8,584,7,132,2.23,5.46,5.95,72.2,80.4
5278,L52457,L,303.5,312.9,1501,44.0,128,0,0,0,0,0,0,Low,9.1,768,10,91,0.81,5.91,6.5,56.1,67.2
5279,M20138,M,303.5,312.9,1618,30.4,130,0,0,0,0,0,0,Medium,7.2,779,7,222,1.18,5.74,5.19,64.0,56.0
5280,L52459,L,303.6,313.0,1522,35.8,133,0,0,0,0,0,0,Low,4.4,421,6,155,2.82,6.42,5.84,63.9,78.5
5281,L52460,L,303.6,312.9,1480,41.4,135,0,0,0,0,0,0,Low,9.5,1024,9,329,2.01,5.83,6.06,42.2,64.7
5282,M20141,M,303.7,313.0,1469,39.9,137,0,0,0,0,0,0,Medium,7.8,640,7,103,2.26,7.09,6.26,50.9,74.0
5283,H34696,H,303.8,313.2,1381,52.4,140,0,0,0,0,0,0,High,10.5,937,12,300,2.09,5.74,6.84,58.8,88.3
5284,L52463,L,303.8,313.2,1525,41.9,145,0,0,0,0,0,0,Low,7.9,601,11,327,2.29,6.22,6.71,61.6,85.5
5285,M20144,M,303.8,313.2,1732,29.6,147,0,0,0,0,0,0,Medium,11.4,706,6,29,1.89,5.12,5.69,71.6,61.4
5286,L52465,L,303.8,313.1,1523,39.8,150,0,0,0,0,0,0,Low,7.4,709,11,75,2.22,5.89,6.08,74.1,90.4
5287,L52466,L,303.8,313.1,1422,42.4,152,0,0,0,0,0,0,Low,9.2,1043,10,113,1.79,5.59,6.3,77.4,86.5
5288,H34701,H,303.8,313.2,1506,46.9,154,0,0,0,0,0,0,High,12.3,951,16,174,2.05,6.47,7.09,53.1,69.6
5289,L52468,L,303.8,313.2,1531,39.4,159,0,0,0,0,0,0,Low,8.2,620,5,169,1.99,6.2,6.54,29.5,86.5
5290,M20149,M,303.9,313.3,1507,34.3,161,0,0,0,0,0,0,Medium,8.9,574,11,291,0.65,5.98,5.64,68.6,62.8
5291,L52470,L,303.9,313.3,1526,40.7,164,0,0,0,0,0,0,Low,9.4,761,10,76,1.33,5.52,6.68,60.2,74.4
5292,L52471,L,303.8,313.3,1406,52.1,166,0,0,0,0,0,0,Low,10.7,1084,14,360,3.24,6.46,7.96,39.1,79.9
5293,M20152,M,303.9,313.3,1567,35.0,168,0,0,0,0,0,0,Medium,8.4,810,6,205,2.55,6.19,5.55,41.8,63.3
5294,M20153,M,303.9,313.4,1464,49.1,171,0,0,0,0,0,0,Medium,5.5,496,6,61,2.8,6.87,7.49,49.2,60.8
5295,L52474,L,303.9,313.4,1442,48.5,174,0,0,0,0,0,0,Low,13.5,880,19,279,1.69,3.93,6.9,52.7,75.6
5296,L52475,L,303.8,313.2,1336,47.8,176,0,0,0,0,0,0,Low,15.4,655,23,147,2.17,6.39,6.39,43.2,67.3
5297,H34710,H,303.8,313.2,1379,50.2,178,0,0,0,0,0,0,High,13.0,1103,14,35,3.3,6.29,7.18,65.8,81.0
5298,L52477,L,303.7,313.1,1406,48.6,183,0,0,0,0,0,0,Low,10.2,966,13,107,1.76,5.94,7.58,64.4,69.6
5299,M20158,M,303.7,313.1,2130,18.1,185,0,0,0,0,0,0,Medium,7.9,779,10,48,2.9,6.48,3.87,57.2,49.3
5300,L52479,L,303.7,313.1,1355,49.1,188,0,0,0,0,0,0,Low,11.1,925,11,294,1.82,6.42,7.08,39.0,64.8
5301,M20160,M,303.8,313.2,1710,26.5,190,0,0,0,0,0,0,Medium,10.8,1207,14,12,3.1,5.56,4.54,60.2,87.3
5302,L52481,L,303.8,313.1,1309,55.8,193,0,0,0,0,0,0,Low,14.2,1260,27,369,2.72,5.27,7.2,50.6,67.4
5303,L52482,L,303.9,313.1,1491,37.2,195,0,0,0,0,0,0,Low,8.2,814,7,64,3.22,6.25,6.21,26.7,71.0
5304,L52483,L,303.9,313.2,1481,44.1,197,0,0,0,0,0,0,Low,6.6,783,9,15,2.7,6.45,7.23,63.2,63.8
5305,L52484,L,303.9,313.1,1425,49.3,199,0,0,0,0,0,0,Low,13.2,717,13,328,3.14,5.19,7.07,41.7,80.1
5306,H34719,H,303.9,313.2,1680,29.1,201,0,0,0,0,0,0,High,10.2,684,13,114,3.15,5.85,5.04,47.7,55.0
5307,H34720,H,304.0,313.2,1612,31.7,206,0,0,0,0,0,0,High,9.2,1024,10,47,3.72,5.37,5.4,51.3,72.7
5308,L52487,L,304.0,313.3,1530,34.8,211,0,0,0,0,0,0,Low,14.7,1171,21,59,3.15,6.51,5.3,29.9,95.2
5309,L52488,L,304.0,313.2,1481,42.6,213,0,0,0,0,0,0,Low,8.0,797,5,23,3.46,6.43,6.78,61.4,64.5
5310,M20169,M,303.9,313.2,1422,48.0,215,1,1,0,0,0,0,Medium,12.7,930,18,387,2.71,5.84,6.58,55.3,75.1
5311,L52490,L,303.8,313.0,1427,43.0,0,0,0,0,0,0,0,Low,2.7,36,4,212,1.13,5.74,6.26,57.0,67.6
5312,H34725,H,303.7,312.9,1460,49.8,2,0,0,0,0,0,0,High,2.7,23,0,147,0.98,6.32,7.48,45.0,54.9
5313,L52492,L,303.6,312.9,1873,23.5,7,0,0,0,0,0,0,Low,2.8,15,3,227,2.41,5.93,4.71,59.3,82.0
5314,M20173,M,303.7,312.9,1566,32.6,9,0,0,0,0,0,0,Medium,2.8,43,1,106,1.36,5.69,5.68,59.9,49.1
5315,L52494,L,303.6,312.8,1701,30.8,12,0,0,0,0,0,0,Low,1.6,67,1,324,1.75,4.76,5.2,54.7,67.9
5316,L52495,L,303.6,312.8,1710,27.2,14,0,0,0,0,0,0,Low,7.7,55,12,239,1.85,5.36,4.83,63.2,100.0
5317,M20176,M,303.6,312.8,1689,33.1,16,0,0,0,0,0,0,Medium,4.4,76,4,45,2.09,6.67,6.02,53.8,73.5
5318,L52497,L,303.6,312.7,1637,32.9,19,0,0,0,0,0,0,Low,1.4,73,0,136,1.38,6.95,5.61,30.5,53.6
5319,L52498,L,303.5,312.6,1496,39.0,21,0,0,0,0,0,0,Low,2.7,144,0,246,1.7,5.76,6.04,47.4,62.4
5320,M20179,M,303.5,312.7,1402,47.0,23,0,0,0,0,0,0,Medium,7.8,60,9,364,1.02,6.15,7.17,48.7,78.0
5321,L52500,L,303.4,312.7,1363,45.5,26,0,0,0,0,0,0,Low,1.5,106,2,91,2.4,5.86,5.88,59.9,72.6
5322,M20181,M,303.4,312.7,1576,49.9,28,0,0,0,0,0,0,Medium,5.6,230,6,766,0.68,5.69,8.13,47.2,45.6
5323,M20182,M,303.4,312.7,1357,55.3,31,0,0,0,0,0,0,Medium,2.5,183,3,161,1.51,5.68,7.87,50.6,68.4
5324,M20183,M,303.4,312.7,1399,48.4,34,0,0,0,0,0,0,Medium,3.4,252,5,15,2.22,5.02,7.07,62.1,74.5
5325,M20184,M,303.4,312.8,1526,30.8,37,0,0,0,0,0,0,Medium,4.0,193,2,57,1.9,5.94,4.72,65.5,85.4
5326,L52505,L,303.5,312.7,1694,27.3,40,0,0,0,0,0,0,Low,4.9,174,6,69,2.18,6.12,5.05,60.9,68.1
5327,M20186,M,303.5,312.7,1420,49.1,42,0,0,0,0,0,0,Medium,4.1,162,4,161,1.07,5.81,7.4,58.7,74.0
5328,M20187,M,303.5,312.7,2116,16.7,45,0,0,0,0,0,0,Medium,3.5,317,2,73,0.68,6.56,3.08,59.9,61.6
5329,M20188,M,303.7,312.9,1406,41.9,48,0,0,0,0,0,0,Medium,8.6,191,10,191,2.32,5.41,6.35,88.6,78.1
5330,L52509,L,303.7,313.0,1456,45.5,51,0,0,0,0,0,0,Low,6.1,234,8,259,1.68,5.52,6.88,60.8,57.2
5331,L52510,L,303.6,312.9,1588,31.9,53,0,0,0,0,0,0,Low,8.1,284,10,36,2.0,5.19,5.53,51.7,71.5
5332,L52511,L,303.7,312.8,1448,44.5,55,0,0,0,0,0,0,Low,4.6,269,6,394,1.1,6.93,7.19,52.4,58.3
5333,H34746,H,303.6,312.7,1403,46.2,57,0,0,0,0,0,0,High,6.8,292,7,63,1.69,5.52,6.81,76.1,82.3
5334,M20193,M,303.5,312.6,1405,51.6,62,0,0,0,0,0,0,Medium,7.3,179,15,350,1.01,5.97,7.3,44.2,72.8
5335,M20194,M,303.4,312.6,2706,9.8,65,1,0,0,1,0,0,Medium,5.8,308,7,43,3.25,5.33,2.9,54.6,77.7
5336,M20195,M,303.3,312.4,1505,38.9,68,0,0,0,0,0,0,Medium,6.9,447,14,248,2.02,6.47,6.58,64.2,92.0
5337,L52516,L,303.2,312.4,1663,33.7,71,0,0,0,0,0,0,Low,5.8,256,7,337,0.48,6.39,5.96,67.9,77.0
5338,M20197,M,303.3,312.6,1482,44.4,73,0,0,0,0,0,0,Medium,6.1,299,15,51,2.93,6.03,6.87,29.0,82.3
5339,M20198,M,303.3,312.5,1674,32.7,76,0,0,0,0,0,0,Medium,5.9,309,11,946,0.96,5.97,6.0,59.7,65.9
5340,M20199,M,303.4,312.7,1594,32.8,79,0,0,0,0,0,0,Medium,7.1,286,7,197,1.28,6.14,5.24,36.6,66.8
5341,L52520,L,303.5,312.7,1393,49.3,82,0,0,0,0,0,0,Low,6.3,476,14,212,1.66,6.19,7.23,95.0,67.3
5342,H34755,H,303.5,312.8,1404,55.8,84,0,0,0,0,0,0,High,10.1,411,12,152,3.48,6.54,8.02,50.8,69.7
5343,M20202,M,303.5,312.8,1375,45.7,89,0,0,0,0,0,0,Medium,3.8,419,5,155,1.54,5.37,6.77,49.5,53.1
5344,L52523,L,303.5,312.8,1607,38.4,92,0,0,0,0,0,0,Low,10.9,803,20,59,2.04,6.52,6.4,86.5,57.0
5345,L52524,L,303.4,312.8,1360,50.8,94,0,0,0,0,0,0,Low,10.5,482,5,291,1.24,5.49,7.17,49.3,71.4
5346,L52525,L,303.5,312.8,1524,39.4,96,0,0,0,0,0,0,Low,6.7,619,11,108,1.21,6.0,6.47,42.4,87.1
5347,L52526,L,303.4,312.7,1534,35.5,98,0,0,0,0,0,0,Low,7.5,672,6,41,1.58,5.48,6.1,75.9,70.8
5348,L52527,L,303.3,312.7,1262,63.8,100,0,0,0,0,0,0,Low,9.9,375,12,358,1.47,6.06,8.7,91.2,49.9
5349,L52528,L,303.3,312.6,1623,34.6,102,0,0,0,0,0,0,Low,7.9,445,8,176,0.97,6.1,6.12,55.3,59.0
5350,M20209,M,303.3,312.7,1642,33.6,104,0,0,0,0,0,0,Medium,9.6,616,11,707,1.4,6.41,6.08,55.4,39.9
5351,M20210,M,303.4,312.8,1622,35.1,107,0,0,0,0,0,0,Medium,7.7,661,10,231,1.99,6.76,5.87,37.5,90.8
5352,M20211,M,303.5,312.9,1530,34.5,110,0,0,0,0,0,0,Medium,6.5,534,10,148,1.52,6.1,5.59,77.5,70.3
5353,M20212,M,303.4,312.8,1590,36.3,113,0,0,0,0,0,0,Medium,6.0,457,7,162,2.06,5.3,6.01,49.9,76.8
5354,L52533,L,303.4,312.7,1589,34.0,116,0,0,0,0,0,0,Low,8.2,737,8,141,1.11,5.54,5.66,43.8,84.5
5355,L52534,L,303.4,312.6,1462,37.5,118,0,0,0,0,0,0,Low,7.3,603,17,53,2.27,5.48,5.64,72.2,67.5
5356,H34769,H,303.3,312.5,1328,49.8,120,0,0,0,0,0,0,High,8.0,489,6,202,2.3,6.58,6.87,32.9,68.9
5357,H34770,H,303.3,312.6,1692,29.0,125,0,0,0,0,0,0,High,11.2,1109,11,12,1.59,4.68,5.07,63.9,74.3
5358,L52537,L,303.3,312.5,1968,20.6,130,0,0,0,0,0,0,Low,6.6,680,5,313,1.95,5.86,4.09,23.4,80.3
5359,H34772,H,303.3,312.6,1827,24.2,132,0,0,0,0,0,0,High,12.2,720,22,394,1.75,5.87,4.06,65.9,68.9
5360,M20219,M,303.3,312.6,1397,47.1,137,0,0,0,0,0,0,Medium,7.5,716,11,809,1.3,6.62,6.9,54.6,62.8
5361,L52540,L,303.3,312.6,1463,44.0,140,0,0,0,0,0,0,Low,9.0,858,9,82,1.43,5.8,7.27,68.3,65.6
5362,L52541,L,303.3,312.7,1643,30.7,142,0,0,0,0,0,0,Low,6.6,716,8,228,1.85,5.65,5.42,35.7,60.6
5363,L52542,L,303.2,312.6,1281,57.0,144,0,0,0,0,0,0,Low,7.1,465,9,283,2.59,6.49,7.59,53.2,76.0
5364,L52543,L,303.2,312.5,1518,39.9,146,0,0,0,0,0,0,Low,8.6,862,6,435,2.28,6.23,5.92,40.2,70.5
5365,L52544,L,303.2,312.6,1601,35.3,148,0,0,0,0,0,0,Low,6.8,705,5,370,2.05,6.81,5.66,35.6,61.2
5366,L52545,L,303.1,312.6,1548,36.4,150,0,0,0,0,0,0,Low,9.2,495,12,95,1.06,5.82,5.36,62.5,68.6
5367,H34780,H,303.1,312.6,1404,40.6,152,0,0,0,0,0,0,High,15.6,901,17,211,1.74,5.69,6.09,68.9,73.8
5368,M20227,M,303.1,312.5,1766,26.7,157,0,0,0,0,0,0,Medium,6.2,539,11,199,2.74,5.53,4.74,18.0,62.3
5369,M20228,M,303.1,312.5,1667,30.0,160,0,0,0,0,0,0,Medium,11.2,831,10,367,3.34,6.29,5.53,72.1,56.2
5370,H34783,H,303.0,312.5,1507,37.9,163,0,0,0,0,0,0,High,7.9,543,14,295,1.97,6.87,5.28,77.1,47.9
5371,H34784,H,303.0,312.4,1627,37.1,168,0,0,0,0,0,0,High,9.2,754,12,107,2.24,4.94,6.15,86.5,81.4
5372,L52551,L,302.9,312.3,1435,47.7,173,0,0,0,0,0,0,Low,8.1,862,10,95,2.34,6.32,7.52,24.8,69.3
5373,H34786,H,302.9,312.3,1509,46.8,175,0,0,0,0,0,0,High,10.9,932,11,20,2.57,5.95,6.91,75.8,68.5
5374,M20233,M,302.9,312.3,1809,25.0,180,0,0,0,0,0,0,Medium,13.5,1096,14,69,2.27,5.97,4.42,58.0,76.0
5375,L52554,L,302.9,312.3,1515,40.8,183,0,0,0,0,0,0,Low,17.9,985,21,637,2.89,6.79,6.28,50.8,62.3
5376,L52555,L,302.9,312.3,1530,34.9,185,0,0,0,0,0,0,Low,6.9,793,10,178,2.52,6.54,5.27,82.7,59.7
5377,H34790,H,302.8,312.3,1336,57.5,187,0,0,0,0,0,0,High,12.4,978,14,470,4.5,6.7,7.86,53.6,61.4
5378,L52557,L,302.9,312.4,2030,19.1,192,0,0,0,0,0,0,Low,11.9,1077,16,139,3.24,6.16,3.59,55.2,78.4
5379,L52558,L,302.9,312.4,1550,36.9,194,0,0,0,0,0,0,Low,11.5,1113,15,141,3.03,6.14,6.33,29.4,72.9
5380,L52559,L,302.9,312.4,1446,41.7,196,0,0,0,0,0,0,Low,13.0,808,19,279,2.23,6.4,6.55,27.0,80.9
5381,L52560,L,302.8,312.3,1494,37.5,198,0,0,0,0,0,0,Low,8.0,763,11,32,2.7,7.49,5.69,56.7,81.8
5382,L52561,L,302.8,312.4,1651,27.0,200,0,0,0,0,0,0,Low,18.4,1247,14,14,3.14,6.01,4.23,84.8,79.9
5383,L52562,L,302.9,312.4,1698,33.8,202,0,0,0,0,0,0,Low,10.8,1265,15,8,4.0,6.14,5.73,71.3,55.7
5384,L52563,L,302.8,312.3,1504,40.3,204,0,0,0,0,0,0,Low,10.1,975,14,143,2.39,5.6,6.56,69.5,91.4
5385,M20244,M,302.9,312.4,1421,46.0,206,0,0,0,0,0,0,Medium,11.5,770,18,1500,2.59,4.99,7.09,33.3,46.7
5386,H34799,H,302.9,312.3,1754,26.9,209,0,0,0,0,0,0,High,10.2,857,10,235,3.11,6.69,4.77,63.9,78.2
5387,L52566,L,302.9,312.2,1469,42.0,214,0,0,0,0,0,0,Low,14.4,1554,18,445,1.72,5.88,6.59,71.9,85.0
5388,L52567,L,302.8,312.2,1433,50.0,216,0,0,0,0,0,0,Low,12.1,1249,14,104,3.7,6.42,6.91,61.0,76.4
5389,M20248,M,302.8,312.3,1432,49.0,218,0,0,0,0,0,0,Medium,15.8,1448,20,226,3.13,6.22,7.29,28.3,47.9
5390,L52569,L,302.8,312.3,1366,49.1,221,0,0,0,0,0,0,Low,11.8,1261,14,691,3.49,6.91,6.55,82.7,37.6
5391,H34804,H,302.8,312.3,1483,47.2,223,0,0,0,0,0,0,High,13.7,811,17,173,2.87,5.84,7.44,60.9,51.9
5392,L52571,L,302.7,312.2,1572,34.4,228,0,0,0,0,0,0,Low,17.0,1738,22,95,3.02,5.16,5.52,34.3,58.7
5393,L52572,L,302.8,312.2,1481,40.2,230,0,0,0,0,0,0,Low,17.6,1837,19,201,3.38,6.81,6.13,80.4,84.5
5394,L52573,L,302.8,312.3,1473,42.6,232,0,0,0,0,0,0,Low,16.1,1518,16,333,3.34,6.18,6.55,52.1,76.0
5395,M20254,M,302.8,312.3,1262,70.5,234,1,0,0,1,1,0,Medium,10.6,1195,14,359,3.88,6.19,8.45,65.6,71.3
5396,L52575,L,302.8,312.4,1529,36.8,237,0,0,0,0,0,0,Low,11.9,1055,13,28,3.67,4.7,5.88,46.4,71.9
5397,L52576,L,302.8,312.4,1523,39.7,239,0,0,0,0,0,0,Low,20.0,1124,24,162,3.3,6.35,6.68,42.0,90.8
5398,M20257,M,302.8,312.3,1416,42.7,241,0,0,0,0,0,0,Medium,10.3,940,18,584,3.04,4.95,6.35,67.8,61.5
5399,L52578,L,302.9,312.4,1923,23.9,244,0,0,0,0,0,0,Low,19.5,1986,23,149,3.63,6.47,5.06,35.3,54.3
5400,H34813,H,302.8,312.4,1411,53.8,246,1,0,0,0,1,0,High,12.2,912,24,14,4.18,5.86,7.78,81.8,70.0
5401,L52580,L,302.7,312.4,1477,46.3,251,1,0,0,0,1,0,Low,19.0,1463,24,287,2.89,6.34,7.24,53.9,77.8
5402,M20261,M,302.6,312.3,1454,54.8,253,1,1,0,0,1,0,Medium,12.1,1083,15,303,3.3,6.07,8.49,55.3,75.3
5403,L52582,L,302.7,312.3,1421,48.5,0,0,0,0,0,0,0,Low,2.3,5,3,75,2.48,5.83,7.44,54.8,47.3
5404,L52583,L,302.7,312.3,1858,25.4,2,0,0,0,0,0,0,Low,5.0,5,6,214,2.24,5.47,5.17,62.6,67.5
5405,H34818,H,302.8,312.5,1422,46.1,4,0,0,0,0,0,0,High,1.6,35,0,178,2.0,4.79,6.38,41.8,90.2
5406,L52585,L,302.7,312.4,1444,48.7,9,0,0,0,0,0,0,Low,6.8,16,6,96,1.69,5.91,7.08,54.1,63.8
5407,L52586,L,302.7,312.4,1360,47.8,11,0,0,0,0,0,0,Low,5.9,58,8,384,2.12,6.19,6.97,86.0,56.7
5408,L52587,L,302.7,312.4,1954,24.8,13,0,0,0,0,0,0,Low,5.5,73,11,192,1.81,6.18,5.17,66.8,71.8
5409,L52588,L,302.6,312.4,1628,33.0,15,0,0,0,0,0,0,Low,4.3,86,8,603,1.98,6.44,5.62,48.1,80.1
5410,L52589,L,302.7,312.4,1433,44.2,17,0,0,0,0,0,0,Low,4.7,64,5,482,0.96,6.25,7.5,41.0,50.1
5411,M20270,M,302.7,312.5,1417,51.5,19,0,0,0,0,0,0,Medium,4.9,87,1,187,2.6,7.23,7.68,31.5,75.4
5412,L52591,L,302.8,312.6,1462,39.4,22,0,0,0,0,0,0,Low,4.2,104,2,363,2.07,5.69,6.12,66.1,63.2
5413,L52592,L,302.9,312.6,1328,59.9,24,0,0,0,0,0,0,Low,2.7,124,3,58,2.21,7.13,7.77,40.8,54.0
5414,H34827,H,302.7,312.5,1527,36.4,26,0,0,0,0,0,0,High,5.0,84,7,97,1.26,6.09,6.09,68.6,71.5
5415,L52594,L,302.6,312.3,1534,34.3,31,0,0,0,0,0,0,Low,1.8,117,4,95,1.9,6.36,5.54,56.2,68.1
5416,M20275,M,302.6,312.4,1410,50.3,33,0,0,0,0,0,0,Medium,3.3,275,6,6,1.33,6.62,7.45,57.8,75.8
5417,L52596,L,302.6,312.3,1660,30.3,36,0,0,0,0,0,0,Low,8.6,199,7,470,1.37,3.92,5.77,51.0,57.9
5418,L52597,L,302.6,312.4,1386,45.8,38,0,0,0,0,0,0,Low,2.1,131,2,349,2.38,7.02,6.59,45.5,65.9
5419,L52598,L,302.6,312.4,1398,41.6,40,0,0,0,0,0,0,Low,7.7,217,12,610,1.34,6.32,6.43,44.2,53.7
5420,L52599,L,302.6,312.3,1321,53.4,42,0,0,0,0,0,0,Low,3.7,329,2,236,2.22,5.62,7.79,62.3,86.5
5421,L52600,L,302.6,312.3,1512,34.2,44,0,0,0,0,0,0,Low,4.3,232,7,34,0.72,5.7,5.36,40.9,59.6
5422,M20281,M,302.6,312.3,1566,36.6,46,0,0,0,0,0,0,Medium,5.0,302,8,176,1.91,6.48,5.57,47.0,71.3
5423,M20282,M,302.7,312.4,1422,44.5,49,0,0,0,0,0,0,Medium,2.7,251,3,689,2.54,5.81,6.42,42.5,55.0
5424,L52603,L,302.6,312.3,1647,31.8,52,0,0,0,0,0,0,Low,6.3,286,13,401,1.9,5.57,5.79,78.5,62.1
5425,L52604,L,302.6,312.2,1377,45.5,54,0,0,0,0,0,0,Low,2.6,223,8,4,2.43,5.9,6.43,25.1,72.5
5426,L52605,L,302.5,312.2,1775,27.9,56,0,0,0,0,0,0,Low,3.5,326,3,245,1.54,5.41,4.86,64.3,61.4
5427,L52606,L,302.6,312.3,1554,42.0,58,0,0,0,0,0,0,Low,3.8,368,4,148,2.9,5.25,6.88,86.9,48.1
5428,L52607,L,302.7,312.4,1423,51.9,60,0,0,0,0,0,0,Low,3.2,347,1,426,1.95,6.01,7.32,24.1,83.2
5429,L52608,L,302.7,312.4,1453,47.3,62,0,0,0,0,0,0,Low,6.6,221,8,927,1.19,4.44,6.86,62.8,50.0
5430,L52609,L,302.8,312.4,1590,34.4,64,0,0,0,0,0,0,Low,3.6,228,5,193,0.66,6.24,5.44,41.7,82.2
5431,L52610,L,302.8,312.5,1694,28.4,66,0,0,0,0,0,0,Low,6.2,492,7,406,2.22,5.31,5.28,67.6,55.4
5432,L52611,L,302.8,312.5,1462,43.4,68,0,0,0,0,0,0,Low,5.1,339,7,147,2.27,7.22,7.06,36.2,81.9
5433,L52612,L,302.8,312.4,1392,46.2,70,0,0,0,0,0,0,Low,6.1,523,7,381,0.66,6.34,6.28,69.9,60.0
5434,L52613,L,302.9,312.5,1550,45.5,72,0,0,0,0,0,0,Low,3.5,302,4,233,2.08,6.54,7.46,46.4,69.5
5435,L52614,L,302.9,312.5,1629,30.4,74,0,0,0,0,0,0,Low,5.7,485,7,492,1.57,5.06,5.32,36.3,49.0
5436,M20295,M,303.0,312.5,1524,42.1,76,0,0,0,0,0,0,Medium,6.4,491,7,12,2.19,6.59,6.48,53.9,57.5
5437,M20296,M,302.9,312.5,1679,30.9,79,0,0,0,0,0,0,Medium,4.9,477,7,214,1.34,4.93,5.21,43.9,60.7
5438,M20297,M,302.9,312.6,1394,46.4,82,0,0,0,0,0,0,Medium,5.4,453,7,415,2.13,5.82,7.33,19.3,79.0
5439,L52618,L,302.9,312.5,1683,32.1,85,0,0,0,0,0,0,Low,8.7,408,9,48,2.95,4.96,5.3,35.3,86.6
5440,L52619,L,303.0,312.5,1626,30.5,87,0,0,0,0,0,0,Low,5.2,427,4,25,1.38,5.81,5.35,75.9,78.0
5441,H34854,H,303.0,312.5,1698,30.0,89,0,0,0,0,0,0,High,7.1,434,4,49,1.28,6.15,5.45,51.5,93.2
5442,M20301,M,303.0,312.6,1392,42.9,94,0,0,0,0,0,0,Medium,9.4,665,11,286,2.7,5.84,7.0,64.4,67.5
5443,L52622,L,303.1,312.7,1353,51.8,97,0,0,0,0,0,0,Low,3.7,390,8,235,2.05,5.58,7.75,40.6,61.7
5444,M20303,M,303.0,312.7,1426,46.8,99,0,0,0,0,0,0,Medium,8.3,527,12,357,1.64,6.43,6.44,63.4,62.1
5445,L52624,L,303.0,312.7,2024,19.9,102,0,0,0,0,0,0,Low,7.9,363,6,582,1.94,5.91,3.96,57.1,69.4
5446,M20305,M,303.0,312.8,1648,32.1,104,0,0,0,0,0,0,Medium,8.9,636,4,48,2.45,5.88,5.35,75.1,69.7
5447,L52626,L,303.1,312.9,1511,40.1,107,0,0,0,0,0,0,Low,8.7,813,14,117,1.39,6.18,6.37,56.3,89.1
5448,L52627,L,303.1,312.8,1465,44.1,109,0,0,0,0,0,0,Low,5.8,616,10,7,1.5,5.34,6.17,51.6,68.4
5449,L52628,L,303.0,312.7,1551,41.8,111,0,0,0,0,0,0,Low,7.0,398,11,24,1.28,6.51,6.91,50.9,86.2
5450,L52629,L,303.1,312.8,2329,15.1,113,0,0,0,0,0,0,Low,6.2,539,2,34,2.85,6.41,3.73,52.2,80.0
5451,H34864,H,303.1,312.8,1435,41.9,115,0,0,0,0,0,0,High,7.5,642,5,603,1.71,5.77,6.16,62.1,70.9
5452,L52631,L,303.0,312.7,1361,48.8,120,0,0,0,0,0,0,Low,8.1,827,8,428,2.58,6.21,7.36,62.0,53.6
5453,M20312,M,303.0,312.7,1553,35.8,122,0,0,0,0,0,0,Medium,5.7,411,6,104,0.88,6.08,5.99,37.1,44.5
5454,L52633,L,303.0,312.6,1451,42.1,125,0,0,0,0,0,0,Low,9.3,850,13,25,1.26,6.65,6.78,76.1,75.5
5455,L52634,L,303.0,312.5,1461,40.2,127,0,0,0,0,0,0,Low,8.0,834,14,116,2.57,7.52,6.95,38.4,65.4
5456,M20315,M,303.1,312.6,1895,23.5,129,0,0,0,0,0,0,Medium,8.4,611,11,57,2.2,6.76,4.45,51.7,77.8
5457,M20316,M,303.1,312.6,1567,32.9,132,0,0,0,0,0,0,Medium,16.2,1116,20,794,2.02,5.25,5.54,53.2,64.6
5458,M20317,M,303.0,312.5,1602,33.7,135,0,0,0,0,0,0,Medium,9.3,502,11,382,1.55,6.5,5.49,52.4,60.3
5459,L52638,L,303.1,312.6,1514,42.1,138,0,0,0,0,0,0,Low,12.6,633,16,102,1.47,7.66,6.91,56.4,62.8
5460,L52639,L,303.1,312.5,1453,49.1,140,0,0,0,0,0,0,Low,6.2,554,5,301,2.52,5.44,7.32,41.2,69.1
5461,M20320,M,303.0,312.4,1526,36.1,142,0,0,0,0,0,0,Medium,6.4,634,6,1047,1.54,6.85,5.66,56.6,29.6
5462,M20321,M,302.9,312.3,1339,52.1,145,0,0,0,0,0,0,Medium,7.3,830,9,231,2.64,6.45,6.92,49.9,65.1
5463,L52642,L,302.9,312.3,1889,22.8,148,0,0,0,0,0,0,Low,10.7,1049,10,714,3.03,6.06,4.63,76.9,59.0
5464,L52643,L,302.9,312.4,1561,34.8,150,0,0,0,0,0,0,Low,9.1,829,12,91,0.99,6.15,6.18,51.2,78.5
5465,M20324,M,302.9,312.4,1659,33.1,152,0,0,0,0,0,0,Medium,10.7,973,13,400,2.13,5.77,5.45,78.3,55.7
5466,L52645,L,302.9,312.4,1424,49.5,155,0,0,0,0,0,0,Low,6.7,692,4,314,2.21,5.15,6.63,59.8,67.2
5467,M20326,M,302.9,312.3,1426,44.7,157,0,0,0,0,0,0,Medium,8.4,658,15,134,2.37,6.63,6.9,49.8,81.2
5468,L52647,L,302.9,312.4,1383,51.4,160,0,0,0,0,0,0,Low,7.3,578,5,128,3.15,5.02,7.92,77.5,76.1
5469,L52648,L,302.8,312.3,1764,29.9,162,0,0,0,0,0,0,Low,9.2,746,13,22,2.12,5.83,6.24,81.5,83.7
5470,M20329,M,302.7,312.2,1439,42.5,164,0,0,0,0,0,0,Medium,9.1,679,8,464,2.6,6.03,6.37,48.6,53.4
5471,M20330,M,302.7,312.2,1585,35.5,167,0,0,0,0,0,0,Medium,10.9,991,14,243,2.74,5.78,5.85,58.2,63.6
5472,L52651,L,302.7,312.3,1346,61.2,170,0,0,0,0,0,1,Low,13.5,1018,7,10,3.15,6.21,8.89,66.2,77.3
5473,L52652,L,302.8,312.3,1386,57.8,172,0,0,0,0,0,0,Low,10.0,810,11,519,3.08,7.23,8.02,57.0,52.7
5474,L52653,L,302.7,312.2,1369,51.8,174,0,0,0,0,0,0,Low,10.7,983,13,339,2.53,6.18,7.16,49.8,63.5
5475,M20334,M,302.7,312.1,1378,46.9,176,0,0,0,0,0,0,Medium,8.3,825,7,82,1.95,6.2,7.08,48.7,84.7
5476,L52655,L,302.7,312.2,1336,46.8,179,0,0,0,0,0,0,Low,12.0,1198,12,67,2.91,6.63,6.1,77.7,74.9
5477,M20336,M,302.6,312.1,1445,42.0,181,0,0,0,0,0,0,Medium,10.2,1146,18,290,2.45,6.32,6.04,76.1,76.2
5478,L52657,L,302.7,312.1,1763,26.5,184,0,0,0,0,0,0,Low,11.2,828,15,1,2.91,6.02,4.53,48.5,93.6
5479,L52658,L,302.7,312.2,1611,34.1,186,0,0,0,0,0,0,Low,8.0,794,18,292,3.27,5.78,5.54,51.6,63.9
5480,M20339,M,302.7,312.1,1564,32.1,188,0,0,0,0,0,0,Medium,11.4,1242,12,272,2.11,6.03,5.17,46.3,87.3
5481,H34894,H,302.7,312.1,1478,36.0,191,0,0,0,0,0,0,High,7.9,854,12,286,2.26,6.32,5.5,78.2,65.0
5482,L52661,L,302.6,312.0,1781,28.5,196,0,0,0,0,0,0,Low,11.4,1215,16,649,1.51,6.28,5.26,50.3,44.4
5483,L52662,L,302.6,312.1,1782,26.8,198,0,0,0,0,0,0,Low,10.7,1087,17,559,3.26,5.37,5.19,60.4,66.2
5484,M20343,M,302.6,312.1,2000,21.9,200,0,0,0,0,0,0,Medium,12.0,758,15,260,2.75,5.08,4.55,72.2,64.1
5485,M20344,M,302.5,312.0,1826,25.3,203,0,0,0,0,0,0,Medium,8.6,869,8,215,3.22,6.26,4.64,25.8,53.2
5486,L52665,L,302.6,312.1,1344,51.0,206,0,0,0,0,0,0,Low,14.1,907,12,37,2.13,5.57,6.75,55.6,66.0
5487,L52666,L,302.6,312.2,1520,43.0,208,0,0,0,0,0,0,Low,11.7,713,20,166,2.84,6.08,6.72,30.2,61.9
5488,M20347,M,302.6,312.1,1611,39.9,210,0,0,0,0,0,0,Medium,16.2,1268,27,128,3.01,5.86,7.38,79.0,79.4
5489,L52668,L,302.7,312.2,1450,52.1,213,1,0,0,0,1,0,Low,16.0,1471,12,541,3.16,5.76,8.01,29.1,84.2
5490,L52669,L,302.6,312.1,1499,35.0,215,0,0,0,0,0,1,Low,11.7,1342,16,382,2.64,6.31,5.96,24.1,70.9
5491,L52670,L,302.6,312.1,1288,68.5,0,1,0,0,1,0,0,Low,5.2,5,14,351,2.45,6.17,8.28,81.3,72.5
5492,M20351,M,302.7,312.2,1350,58.6,2,0,0,0,0,0,0,Medium,0.7,10,3,1039,3.19,6.81,7.89,45.7,44.3
5493,M20352,M,302.9,312.4,1334,50.9,5,0,0,0,0,0,0,Medium,1.3,36,2,32,1.36,6.52,6.46,35.7,66.0
5494,L52673,L,302.8,312.4,1376,57.1,8,0,0,0,0,0,0,Low,1.8,20,5,43,3.29,5.54,8.17,32.9,79.2
5495,L52674,L,302.8,312.4,1368,49.5,10,0,0,0,0,0,0,Low,1.7,36,2,224,1.72,5.78,7.25,60.8,75.6
5496,H34909,H,302.9,312.5,1357,55.0,12,0,0,0,0,0,1,High,5.1,71,6,193,3.05,5.91,8.18,59.9,84.5
5497,M20356,M,302.9,312.5,1924,24.0,17,0,0,0,0,0,0,Medium,5.0,109,10,105,2.24,5.55,5.01,63.8,68.1
5498,M20357,M,302.9,312.5,1551,40.0,20,0,0,0,0,0,0,Medium,3.1,100,3,681,2.08,6.7,6.81,52.3,53.5
5499,M20358,M,302.9,312.5,1903,21.2,23,0,0,0,0,0,0,Medium,4.5,93,5,193,1.47,5.64,4.18,85.5,98.5
5500,H34913,H,302.9,312.3,1417,48.7,26,0,0,0,0,0,0,High,4.3,183,5,67,0.82,6.02,7.02,56.9,83.9
5501,L52680,L,302.7,312.1,1601,35.2,31,0,0,0,0,0,0,Low,4.2,211,5,35,2.47,6.21,5.63,51.6,83.3
5502,L52681,L,302.7,312.1,1543,37.5,33,0,0,0,0,0,0,Low,4.5,328,4,74,2.48,5.31,6.53,37.5,58.7
5503,L52682,L,302.6,312.1,1439,52.3,35,0,0,0,0,0,0,Low,3.4,253,4,156,1.56,6.06,8.19,33.2,74.4
5504,H34917,H,302.6,312.0,1657,29.3,37,0,0,0,0,0,0,High,2.3,258,2,1132,2.83,6.93,4.99,87.2,66.2
5505,L52684,L,302.8,312.2,1458,51.0,42,0,0,0,0,0,0,Low,6.4,239,15,60,0.8,6.08,7.81,32.9,82.7
5506,L52685,L,302.8,312.2,1746,27.4,44,0,0,0,0,0,0,Low,4.3,360,4,239,1.89,5.75,5.27,37.7,81.1
5507,L52686,L,302.9,312.2,1677,30.5,46,0,0,0,0,0,0,Low,4.0,306,7,148,1.44,6.45,5.17,54.9,68.7
5508,L52687,L,302.8,312.1,1520,39.9,48,0,0,0,0,0,0,Low,4.1,341,4,162,1.46,6.48,6.44,78.8,59.5
5509,L52688,L,302.9,312.2,1367,55.1,50,0,0,0,0,0,0,Low,4.9,229,9,590,2.93,4.67,7.81,39.3,56.5
5510,L52689,L,302.8,312.2,1509,36.5,52,0,0,0,0,0,1,Low,5.5,240,6,7,0.5,5.9,6.13,52.3,79.5
5511,L52690,L,302.8,312.1,1418,51.4,54,0,0,0,0,0,0,Low,3.6,249,3,699,2.11,6.27,7.51,61.0,55.2
5512,L52691,L,302.8,312.1,1958,20.3,56,0,0,0,0,0,0,Low,5.1,307,5,118,1.28,6.43,4.31,58.6,82.7
5513,L52692,L,302.8,312.2,1682,30.9,58,0,0,0,0,0,0,Low,5.2,431,7,1108,1.29,6.66,5.17,75.1,54.3
5514,M20373,M,302.8,312.2,1452,50.3,60,0,0,0,0,0,0,Medium,7.7,399,9,346,2.19,5.88,7.23,63.0,66.8
5515,L52694,L,302.7,312.0,1828,24.0,63,0,0,0,0,0,0,Low,5.9,332,9,382,2.04,5.96,4.31,91.0,66.1
5516,H34929,H,302.7,312.0,1484,41.5,65,0,0,0,0,0,0,High,3.1,338,2,146,1.61,5.61,6.76,63.9,52.0
5517,L52696,L,302.6,312.0,1674,32.2,70,0,0,0,0,0,0,Low,6.4,358,8,658,0.98,6.7,5.83,61.1,47.6
5518,L52697,L,302.6,311.9,1448,49.5,72,0,0,0,0,0,0,Low,4.7,244,6,365,2.59,4.75,8.01,36.0,81.5
5519,M20378,M,302.5,311.8,2023,19.1,74,0,0,0,0,0,0,Medium,3.6,286,7,124,1.87,5.07,4.17,60.8,69.5
5520,L52699,L,302.5,311.9,1452,47.4,77,0,0,0,0,0,0,Low,5.2,503,5,436,2.35,6.98,7.25,42.3,60.8
5521,M20380,M,302.6,312.0,1496,45.0,79,0,0,0,0,0,0,Medium,6.8,332,12,323,1.57,5.99,6.95,52.3,52.9
5522,L52701,L,302.6,311.9,1397,46.9,82,0,0,0,0,0,0,Low,7.3,368,11,30,2.3,5.76,7.21,59.9,80.4
5523,L52702,L,302.6,311.9,1453,39.1,84,0,0,0,0,0,0,Low,7.1,525,10,182,2.58,6.6,6.14,63.7,47.5
5524,M20383,M,302.5,311.9,1524,34.8,86,0,0,0,0,0,0,Medium,4.5,353,5,637,1.45,4.97,5.33,57.7,67.4
5525,L52704,L,302.6,311.9,1633,30.9,89,0,0,0,0,0,0,Low,5.3,487,10,136,2.87,6.1,5.14,39.4,45.8
5526,M20385,M,302.6,312.0,1363,45.7,91,0,0,0,0,0,0,Medium,7.1,707,5,67,2.09,6.46,6.58,39.1,73.0
5527,L52706,L,302.5,311.9,1520,44.9,94,0,0,0,0,0,0,Low,5.8,478,7,991,1.84,6.06,7.15,37.3,65.6
5528,M20387,M,302.5,311.9,1532,38.8,96,0,0,0,0,0,0,Medium,8.9,482,8,180,0.85,3.97,6.47,63.5,67.4
5529,L52708,L,302.4,311.8,1384,50.9,99,0,0,0,0,0,0,Low,5.1,557,7,38,1.64,5.82,7.63,52.3,72.9
5530,M20389,M,302.4,311.8,1539,39.9,101,0,0,0,0,0,0,Medium,6.9,532,8,231,1.79,5.41,6.18,59.5,83.9
5531,M20390,M,302.3,311.8,1355,50.1,104,0,0,0,0,0,0,Medium,7.4,667,7,97,1.73,7.13,6.73,37.9,54.3
5532,M20391,M,302.3,311.7,1504,37.3,107,0,0,0,0,0,0,Medium,7.3,493,7,2,1.74,6.64,5.39,45.3,71.4
5533,L52712,L,302.4,311.8,1476,46.6,110,0,0,0,0,0,0,Low,6.1,618,5,365,1.93,5.85,7.2,74.1,58.8
5534,L52713,L,302.4,311.7,1721,26.9,112,0,0,0,0,0,0,Low,6.3,518,7,78,1.19,4.87,5.29,50.0,70.9
5535,M20394,M,302.3,311.7,1494,37.1,114,0,0,0,0,0,0,Medium,8.7,543,10,94,1.2,5.99,5.74,79.3,71.4
5536,L52715,L,302.3,311.7,1465,43.5,117,0,0,0,0,0,0,Low,9.7,830,9,30,2.39,5.31,6.67,65.0,85.5
5537,M20396,M,302.3,311.8,1363,54.0,119,1,0,0,0,0,0,Medium,8.2,783,4,16,1.8,6.36,7.81,48.0,56.8
5538,L52717,L,302.4,311.8,1648,30.0,122,0,0,0,0,0,0,Low,10.2,1092,11,31,0.98,6.15,5.18,72.6,79.1
5539,M20398,M,302.3,311.8,1879,23.0,124,0,0,0,0,0,0,Medium,10.2,534,14,125,1.6,5.7,4.25,59.2,91.8
5540,H34953,H,302.3,311.7,1482,39.0,127,0,0,0,0,0,0,High,8.4,925,14,680,1.97,6.21,5.84,38.5,54.3
5541,L52720,L,302.4,311.8,1493,38.4,132,0,0,0,0,0,0,Low,11.7,653,14,73,1.22,7.54,5.93,55.7,76.0
5542,L52721,L,302.4,311.8,1433,42.2,134,0,0,0,0,0,0,Low,7.7,599,10,341,0.76,5.02,6.83,56.0,56.6
5543,L52722,L,302.3,311.7,1400,41.6,136,0,0,0,0,0,0,Low,7.5,637,11,65,1.38,5.32,6.47,43.9,94.9
5544,L52723,L,302.4,311.8,1255,59.0,138,0,0,0,0,0,0,Low,13.1,993,17,150,2.81,6.23,7.31,47.3,48.7
5545,L52724,L,302.2,311.7,1471,45.6,140,0,0,0,0,0,0,Low,11.2,746,13,1,1.38,5.52,7.49,27.0,72.4
5546,H34959,H,302.2,311.6,1357,44.2,142,0,0,0,0,0,0,High,6.5,469,11,448,2.08,6.25,6.83,56.9,65.5
5547,L52726,L,302.3,311.7,1453,41.2,147,0,0,0,0,0,0,Low,7.5,501,15,138,1.95,5.23,6.41,48.0,48.1
5548,M20407,M,302.3,311.7,1540,28.9,149,0,0,0,0,0,0,Medium,6.2,643,11,53,1.97,5.99,4.52,47.1,56.2
5549,L52728,L,302.3,311.8,1605,35.2,152,0,0,0,0,0,0,Low,7.8,695,9,171,1.45,5.97,5.94,66.2,62.6
5550,H34963,H,302.3,311.9,1374,52.4,154,0,0,0,0,0,0,High,9.7,1003,16,232,1.68,6.44,8.13,95.0,65.2
5551,M20410,M,302.3,311.9,1508,42.3,159,0,0,0,0,0,0,Medium,11.5,684,14,354,2.64,5.89,6.3,48.7,68.9
5552,H34965,H,302.4,311.9,1366,47.3,162,0,0,0,0,0,0,High,12.8,886,12,104,2.65,6.64,6.63,60.7,44.4
5553,H34966,H,302.5,312.0,1579,35.7,167,0,0,0,0,0,0,High,7.2,752,8,332,2.38,5.38,6.02,70.8,76.7
5554,L52733,L,302.5,311.9,1306,59.7,172,0,0,0,0,0,1,Low,9.8,1077,16,98,3.23,6.27,8.02,61.4,67.9
5555,M20414,M,302.5,312.0,1521,40.2,174,0,0,0,0,0,0,Medium,10.3,983,11,621,2.63,4.94,5.86,55.8,63.8
5556,L52735,L,302.5,312.0,1411,44.2,177,0,0,0,0,0,0,Low,13.9,901,22,137,1.97,4.66,6.15,61.3,68.0
5557,H34970,H,302.5,312.0,1357,42.0,179,0,0,0,0,0,0,High,9.2,900,8,393,2.82,5.18,5.56,59.8,56.2
5558,M20417,M,302.5,312.0,1436,43.5,184,0,0,0,0,0,0,Medium,16.6,863,19,68,2.21,7.24,6.4,47.1,82.1
5559,L52738,L,302.5,311.9,1553,40.1,187,0,0,0,0,0,0,Low,10.2,1138,15,567,2.31,6.88,7.11,66.2,78.0
5560,M20419,M,302.5,312.0,1451,43.2,189,0,0,0,0,0,0,Medium,12.7,1359,12,136,3.4,6.23,7.02,56.8,87.9
5561,L52740,L,302.4,311.9,1541,37.9,192,0,0,0,0,0,0,Low,6.3,647,7,56,2.89,5.49,6.13,54.6,78.8
5562,M20421,M,302.3,311.7,1341,46.3,194,0,0,0,0,0,0,Medium,6.9,514,8,979,2.27,6.56,6.71,51.2,41.3
5563,L52742,L,302.3,311.7,1648,32.1,197,0,0,0,0,0,0,Low,9.4,923,9,502,3.05,5.0,5.59,64.2,59.4
5564,M20423,M,302.3,311.7,1640,31.5,199,0,0,0,0,0,0,Medium,18.2,1464,18,203,2.55,4.76,5.36,53.0,60.6
5565,L52744,L,302.4,311.8,1416,46.1,202,0,0,0,0,0,0,Low,12.0,1254,11,199,2.79,5.94,6.85,76.2,64.8
5566,L52745,L,302.4,311.9,1671,29.9,204,0,0,0,0,0,0,Low,12.2,947,7,438,3.06,5.93,5.15,43.0,49.5
5567,L52746,L,302.4,312.0,1457,45.5,206,0,0,0,0,0,0,Low,7.2,753,9,89,1.81,6.3,6.5,58.4,89.5
5568,M20427,M,302.5,312.0,1445,54.8,0,0,0,0,0,0,0,Medium,2.0,5,4,211,1.87,5.66,8.3,87.7,70.5
5569,L52748,L,302.5,312.1,1534,38.6,3,0,0,0,0,0,0,Low,0.4,5,0,98,1.35,5.62,5.95,53.3,63.7
5570,L52749,L,302.4,312.0,1508,36.9,5,0,0,0,0,0,0,Low,6.5,5,8,353,1.61,7.06,5.68,35.8,74.2
5571,M20430,M,302.4,312.1,1492,47.7,7,0,0,0,0,0,0,Medium,2.5,45,1,311,0.95,5.93,7.62,65.9,63.1
5572,L52751,L,302.4,312.0,1562,37.9,10,0,0,0,0,0,0,Low,4.7,53,2,283,0.67,5.66,5.71,38.6,69.0
5573,L52752,L,302.4,312.0,1545,36.4,12,0,0,0,0,0,0,Low,1.5,114,4,420,1.66,6.21,5.56,79.5,55.4
5574,L52753,L,302.5,312.2,1738,25.3,14,0,0,0,0,0,0,Low,1.1,52,0,228,2.59,5.64,4.6,51.7,58.2
5575,L52754,L,302.4,312.0,1305,49.1,16,0,0,0,0,0,0,Low,1.4,53,2,546,2.03,7.11,6.31,52.3,75.6
5576,H34989,H,302.4,312.0,1477,39.7,18,0,0,0,0,0,0,High,2.6,144,5,344,3.04,6.2,5.94,52.2,75.1
5577,H34990,H,302.4,312.0,1457,43.4,23,0,0,0,0,0,0,High,5.5,69,1,1,1.47,5.8,6.9,48.5,89.8
5578,L52757,L,302.4,312.1,1455,40.4,28,0,0,0,0,0,0,Low,3.3,198,6,212,1.44,5.51,6.07,52.3,66.4
5579,L52758,L,302.5,312.2,1574,38.7,30,0,0,0,0,0,0,Low,5.4,236,7,437,1.17,4.81,6.14,50.5,65.1
5580,L52759,L,302.6,312.2,1695,27.1,32,0,0,0,0,0,0,Low,8.8,149,5,1194,2.65,6.08,5.0,53.7,56.7
5581,M20440,M,302.6,312.2,1458,38.8,34,0,0,0,0,0,0,Medium,3.2,154,4,648,1.07,5.5,5.41,61.2,54.2
5582,M20441,M,302.5,312.1,1454,47.6,37,0,0,0,0,0,0,Medium,2.3,208,0,568,1.84,4.95,6.72,51.3,48.2
5583,L52762,L,302.5,312.0,2052,18.9,40,0,0,0,0,0,0,Low,2.1,137,0,109,0.99,5.19,3.78,95.0,78.0
5584,L52763,L,302.5,312.0,1673,29.9,42,0,0,0,0,0,0,Low,5.9,270,6,481,2.58,6.73,5.06,57.4,59.1
5585,L52764,L,302.4,311.9,1578,29.9,44,0,0,0,0,0,0,Low,3.5,256,3,758,2.1,5.83,4.55,68.6,56.6
5586,M20445,M,302.5,312.0,1642,29.1,46,0,0,0,0,0,0,Medium,2.3,218,3,544,1.6,6.07,5.46,43.7,81.1
5587,M20446,M,302.4,311.8,1557,31.5,49,0,0,0,0,0,0,Medium,14.3,273,24,30,1.49,6.09,4.47,52.8,67.2
5588,L52767,L,302.5,311.9,1481,42.9,52,0,0,0,0,0,0,Low,7.3,253,7,72,1.73,7.14,6.79,48.9,77.1
5589,M20448,M,302.5,311.8,1566,37.6,54,0,0,0,0,0,0,Medium,3.4,279,6,161,2.84,5.57,6.04,83.6,70.5
5590,M20449,M,302.5,311.9,1298,57.5,57,0,0,0,0,0,0,Medium,12.2,384,17,336,2.0,5.99,7.84,60.9,69.1
5591,M20450,M,302.5,311.9,1340,59.4,60,0,0,0,0,0,0,Medium,12.7,275,18,98,2.58,6.66,8.1,47.2,52.3
5592,L52771,L,302.5,312.0,1574,33.8,63,0,0,0,0,0,0,Low,10.5,319,8,845,0.86,5.97,5.51,31.2,63.7
5593,L52772,L,302.5,311.9,1437,46.7,65,0,0,0,0,0,0,Low,3.9,242,9,577,2.33,6.22,6.68,64.8,82.1
5594,L52773,L,302.6,311.9,1354,48.0,67,0,0,0,0,0,0,Low,4.7,290,6,210,2.53,5.93,7.21,62.5,86.6
5595,L52774,L,302.6,311.9,1598,35.5,69,0,0,0,0,0,0,Low,6.2,321,6,70,1.14,5.5,5.55,73.0,71.1
5596,M20455,M,302.7,312.0,1944,21.4,71,0,0,0,0,0,0,Medium,4.3,371,5,184,2.02,6.6,4.32,50.9,94.0
5597,M20456,M,302.7,312.0,1538,36.7,74,0,0,0,0,0,0,Medium,8.4,419,10,201,2.34,5.83,6.62,60.4,84.8
5598,L52777,L,302.7,312.0,1501,37.0,77,0,0,0,0,0,0,Low,7.2,497,7,156,1.64,6.26,6.04,67.0,69.9
5599,L52778,L,302.8,312.1,1441,52.1,79,0,0,0,0,0,0,Low,8.1,384,5,75,1.12,6.22,7.37,41.0,92.2
5600,M20459,M,302.7,312.0,1652,31.0,81,0,0,0,0,0,0,Medium,5.4,455,7,234,2.4,3.76,5.7,73.2,68.5
5601,L52780,L,302.8,312.1,1487,36.6,84,0,0,0,0,0,0,Low,5.5,310,6,144,1.28,5.93,5.79,30.7,77.3
5602,L52781,L,302.9,312.2,1605,33.9,86,0,0,0,0,0,0,Low,3.4,310,6,175,1.02,6.01,5.57,63.2,88.7
5603,L52782,L,302.9,312.1,1334,54.7,88,0,0,0,0,0,0,Low,5.0,416,6,119,2.55,4.67,7.95,48.3,65.9
5604,L52783,L,302.9,312.2,1340,57.8,90,0,0,0,0,0,0,Low,5.6,462,7,54,3.67,5.28,8.65,51.2,72.3
5605,L52784,L,302.9,312.2,1513,37.8,92,0,0,0,0,0,0,Low,7.6,474,8,105,1.59,5.84,5.77,66.9,53.2
5606,L52785,L,302.9,312.2,1510,41.4,94,0,0,0,0,0,0,Low,10.1,661,7,253,1.41,5.71,6.39,75.3,62.6
5607,L52786,L,302.9,312.2,1729,23.6,96,0,0,0,0,0,0,Low,5.2,520,4,201,0.89,6.48,4.17,59.8,77.1
5608,M20467,M,302.9,312.2,1745,25.5,98,0,0,0,0,0,0,Medium,9.6,466,10,281,1.1,6.85,4.79,51.7,69.1
5609,M20468,M,303.1,312.3,1623,31.6,101,0,0,0,0,0,0,Medium,7.4,490,10,349,0.43,5.6,5.61,45.1,75.3
5610,M20469,M,303.1,312.4,1378,50.1,104,0,0,0,0,0,0,Medium,8.2,519,16,173,1.38,5.51,7.46,34.2,47.8
5611,L52790,L,303.1,312.4,1407,41.2,107,0,0,0,0,0,0,Low,8.1,421,4,424,1.03,5.97,5.78,46.2,70.5
5612,M20471,M,303.0,312.3,1674,29.5,109,0,0,0,0,0,0,Medium,7.0,715,5,938,1.28,6.59,5.66,64.0,46.0
5613,L52792,L,303.0,312.3,1486,42.4,112,0,0,0,0,0,0,Low,11.4,688,12,496,1.36,6.0,6.32,61.9,75.4
5614,M20473,M,303.0,312.3,1483,38.8,114,0,0,0,0,0,0,Medium,5.3,470,5,100,1.46,6.63,6.11,52.6,60.9
5615,H35028,H,303.0,312.2,1624,28.8,117,0,0,0,0,0,0,High,6.3,491,4,369,1.04,6.6,4.85,51.5,78.3
5616,M20475,M,303.0,312.2,1257,71.3,122,1,0,0,1,0,0,Medium,7.8,704,8,62,2.89,6.48,8.89,72.1,56.3
5617,L52796,L,303.0,312.3,1480,41.4,125,0,0,0,0,0,0,Low,14.4,653,22,210,1.87,5.97,6.49,65.6,74.3
5618,L52797,L,303.1,312.4,1404,61.5,127,1,0,0,1,0,0,Low,6.7,669,10,221,3.08,5.44,9.08,61.0,70.4
5619,M20478,M,303.0,312.4,1645,29.6,129,0,0,0,0,0,0,Medium,13.8,707,16,185,2.01,6.06,5.28,36.5,73.6
5620,L52799,L,303.0,312.3,1932,21.9,132,0,0,0,0,0,0,Low,11.8,629,11,40,3.03,5.57,4.42,51.4,71.3
5621,L52800,L,303.0,312.3,1533,38.5,134,0,0,0,0,0,0,Low,4.0,400,5,410,0.72,7.03,6.25,77.1,75.9
5622,M20481,M,302.9,312.2,1292,54.4,136,0,0,0,0,0,0,Medium,6.8,650,11,405,0.43,6.72,8.03,61.7,69.8
5623,L52802,L,302.9,312.2,1571,40.6,139,0,0,0,0,0,0,Low,6.7,636,8,118,2.07,5.91,6.62,26.6,74.2
5624,L52803,L,302.9,312.3,1578,36.3,141,0,0,0,0,0,0,Low,13.2,1107,19,492,2.72,5.92,5.51,57.2,65.7
5625,M20484,M,302.8,312.2,1469,36.9,143,0,0,0,0,0,0,Medium,12.5,816,14,112,0.79,5.12,5.94,67.5,59.2
5626,L52805,L,302.7,312.1,1728,24.4,146,0,0,0,0,0,0,Low,6.2,571,6,81,1.95,5.65,4.61,49.7,76.5
5627,H35040,H,302.7,312.1,1603,32.5,148,0,0,0,0,0,0,High,6.5,710,7,56,1.66,7.2,5.07,60.6,63.2
5628,L52807,L,302.7,312.1,1597,39.8,153,0,0,0,0,0,0,Low,24.1,2414,27,62,3.02,6.23,6.25,90.3,85.3
5629,L52808,L,302.7,312.1,1688,32.0,155,0,0,0,0,0,0,Low,8.5,707,10,136,2.48,5.9,5.51,32.3,68.4
5630,L52809,L,302.7,312.2,1405,51.4,157,0,0,0,0,0,0,Low,5.1,533,7,8,2.27,6.3,7.21,36.0,73.6
5631,M20490,M,302.8,312.2,1615,32.9,159,0,0,0,0,0,0,Medium,15.4,1415,18,197,2.79,5.8,5.47,44.7,81.9
5632,L52811,L,302.8,312.2,1515,36.8,162,0,0,0,0,0,0,Low,7.1,553,8,196,2.11,5.96,5.75,34.5,64.9
5633,L52812,L,302.7,312.2,1376,52.8,164,0,0,0,0,0,0,Low,15.6,1764,20,73,2.08,6.04,7.57,61.4,67.9
5634,L52813,L,302.7,312.2,1447,47.5,166,0,0,0,0,0,0,Low,7.7,738,15,280,3.0,7.07,7.66,60.0,69.2
5635,M20494,M,302.6,312.2,1353,56.5,168,0,0,0,0,0,0,Medium,14.8,877,17,36,1.87,4.73,8.84,54.3,86.4
5636,L52815,L,302.6,312.1,1502,47.3,171,0,0,0,0,0,0,Low,13.3,1578,15,641,2.22,5.6,6.97,53.0,72.0
5637,L52816,L,302.6,312.0,1447,45.5,173,0,0,0,0,0,0,Low,7.5,780,5,112,2.12,4.64,6.93,56.3,77.9
5638,M20497,M,302.5,312.0,1487,46.1,175,0,0,0,0,0,0,Medium,6.3,679,12,275,3.83,5.75,7.57,55.7,51.2
5639,L52818,L,302.6,312.1,1519,38.1,178,0,0,0,0,0,0,Low,9.5,906,11,111,1.29,5.92,6.43,43.1,84.3
5640,L52819,L,302.6,312.1,1668,28.7,180,0,0,0,0,0,1,Low,9.6,819,16,119,1.88,6.32,4.65,57.0,61.3
5641,L52820,L,302.6,312.1,1420,51.6,182,0,0,0,0,0,0,Low,11.0,1046,16,27,3.27,5.34,7.67,73.2,75.8
5642,L52821,L,302.6,312.1,1473,37.3,184,0,0,0,0,0,0,Low,15.2,1525,19,23,1.82,5.47,6.02,61.9,92.8
5643,L52822,L,302.5,312.0,1495,38.8,186,0,0,0,0,0,0,Low,9.5,790,8,228,2.53,6.39,5.82,41.9,62.0
5644,L52823,L,302.5,312.0,1574,42.0,188,0,0,0,0,0,0,Low,7.1,661,9,1120,2.31,6.3,6.71,55.5,63.1
5645,L52824,L,302.5,312.0,1383,51.3,190,0,0,0,0,0,0,Low,17.1,752,25,99,2.42,5.86,7.78,25.9,70.6
5646,M20505,M,302.5,312.0,1591,29.4,192,0,0,0,0,0,0,Medium,16.9,1714,26,487,2.65,4.54,4.78,21.4,46.7
5647,M20506,M,302.4,311.8,1644,37.2,195,0,0,0,0,0,0,Medium,13.4,1515,14,183,3.06,5.97,6.6,52.5,81.4
5648,H35061,H,302.5,311.8,2370,14.7,198,0,0,0,0,0,0,High,13.2,1308,25,16,3.38,6.02,3.96,65.1,71.6
5649,L52828,L,302.5,311.9,1401,44.9,203,0,0,0,0,0,0,Low,17.2,1585,21,158,2.01,6.08,6.66,66.3,65.2
5650,M20509,M,302.5,311.9,1414,51.6,205,0,0,0,0,0,0,Medium,13.1,1040,18,104,2.92,5.06,7.51,15.0,83.5
5651,L52830,L,302.5,312.0,1456,46.3,208,0,0,0,0,0,0,Low,11.7,970,9,29,2.54,5.33,7.29,93.6,78.5
5652,M20511,M,302.5,312.0,1447,45.7,210,0,0,0,0,0,0,Medium,15.6,1546,8,270,3.22,6.54,7.08,50.4,61.3
5653,L52832,L,302.4,311.8,1727,26.5,213,0,0,0,0,0,0,Low,9.0,946,10,70,3.18,6.88,4.67,56.3,56.5
5654,L52833,L,302.4,311.7,1495,36.8,215,0,0,0,0,0,0,Low,11.2,964,13,13,2.99,6.48,5.79,51.5,72.8
5655,L52834,L,302.3,311.6,1544,34.3,0,0,0,0,0,0,0,Low,2.5,24,3,46,1.54,5.67,5.76,65.3,69.9
5656,L52835,L,302.3,311.5,1387,47.3,2,0,0,0,0,0,0,Low,1.5,14,1,829,1.41,5.82,6.96,40.5,58.7
5657,M20516,M,302.3,311.5,1316,47.2,4,0,0,0,0,0,0,Medium,2.8,27,1,240,2.65,5.43,6.22,31.5,74.4
5658,L52837,L,302.3,311.5,1794,26.1,7,0,0,0,0,0,0,Low,4.7,11,4,633,2.13,6.22,5.1,89.0,73.8
5659,M20518,M,302.2,311.4,1372,55.1,9,0,0,0,0,0,0,Medium,1.0,55,2,549,1.18,6.78,7.84,58.0,75.8
5660,M20519,M,302.3,311.5,1674,30.0,12,0,0,0,0,0,0,Medium,1.5,55,3,353,2.03,6.42,5.18,43.6,100.0
5661,L52840,L,302.2,311.4,1477,41.7,15,0,0,0,0,0,0,Low,4.9,94,8,624,0.66,6.38,5.93,57.3,67.1
5662,L52841,L,302.2,311.4,1397,53.0,17,0,0,0,0,0,0,Low,1.4,66,2,53,2.29,5.61,8.28,83.5,62.3
5663,L52842,L,302.2,311.5,1616,34.0,19,0,0,0,0,0,0,Low,6.5,122,8,1240,2.48,5.79,5.91,74.1,52.1
5664,M20523,M,302.3,311.5,1530,42.3,21,0,0,0,0,0,0,Medium,3.2,144,8,77,1.66,5.71,6.65,69.1,68.3
5665,M20524,M,302.2,311.4,1539,35.1,24,0,0,0,0,0,0,Medium,4.4,105,4,1183,2.85,6.47,5.84,39.4,38.6
5666,L52845,L,302.3,311.4,1845,21.9,27,0,0,0,0,0,0,Low,5.4,165,6,84,1.22,5.94,4.47,44.4,68.5
5667,L52846,L,302.2,311.4,1430,43.1,29,0,0,0,0,0,0,Low,3.7,155,0,340,2.07,6.59,6.74,58.3,94.6
5668,L52847,L,302.2,311.4,2080,19.2,31,0,0,0,0,0,0,Low,7.6,218,12,52,2.25,6.16,4.11,63.9,70.6
5669,M20528,M,302.2,311.4,1432,45.3,33,0,0,0,0,0,0,Medium,4.5,213,2,533,1.02,5.5,6.47,83.0,80.6
5670,M20529,M,302.2,311.5,1479,39.5,36,0,0,0,0,0,0,Medium,4.4,184,3,150,2.42,5.1,5.95,46.7,84.6
5671,L52850,L,302.2,311.5,1424,45.2,39,0,0,0,0,0,0,Low,2.7,235,3,696,1.52,7.2,6.86,60.3,64.9
5672,H35085,H,302.2,311.6,1534,37.2,41,0,0,0,0,0,0,High,9.2,177,17,287,1.56,5.73,5.59,66.8,81.8
5673,H35086,H,302.1,311.6,1701,26.2,46,0,0,0,0,0,0,High,6.3,210,11,510,1.8,6.01,5.09,58.1,70.4
5674,L52853,L,302.2,311.6,1462,50.0,51,0,0,0,0,0,0,Low,3.6,321,3,169,3.44,7.09,7.78,71.6,56.6
5675,M20534,M,302.2,311.7,1393,42.5,53,0,0,0,0,0,0,Medium,3.0,278,2,81,1.95,6.31,6.53,95.0,79.9
5676,M20535,M,302.3,311.7,1453,42.5,56,0,0,0,0,0,0,Medium,4.7,353,3,502,2.23,5.39,6.18,67.5,66.0
5677,L52856,L,302.3,311.8,1565,37.8,59,0,0,0,0,0,0,Low,6.0,479,7,328,1.09,6.03,6.24,26.9,48.6
5678,L52857,L,302.3,311.8,1281,51.7,61,0,0,0,0,0,0,Low,5.1,315,3,278,1.42,6.93,6.73,67.7,71.2
5679,M20538,M,302.2,311.7,1584,36.2,63,0,0,0,0,0,0,Medium,8.0,300,17,330,1.21,6.2,5.46,71.3,68.0
5680,M20539,M,302.2,311.7,1466,49.0,66,0,0,0,0,0,0,Medium,7.9,261,12,85,1.6,8.06,7.75,44.1,76.2
5681,M20540,M,302.2,311.6,1386,50.5,69,0,0,0,0,0,0,Medium,8.0,424,16,566,1.29,4.83,7.79,58.2,95.5
5682,L52861,L,302.2,311.6,1383,44.3,72,0,0,0,0,0,0,Low,2.2,229,3,1,1.43,5.78,7.18,41.0,95.1
5683,H35096,H,302.3,311.6,1441,53.9,74,0,0,0,0,0,0,High,10.3,397,22,106,2.86,5.24,8.26,78.0,75.5
5684,M20543,M,302.2,311.6,1592,37.7,79,0,0,0,0,0,0,Medium,9.7,566,8,142,1.69,6.42,6.16,74.0,84.4
5685,H35098,H,302.2,311.6,1594,36.8,82,0,0,0,0,0,0,High,8.2,533,4,262,0.48,5.22,6.42,50.9,64.8
5686,L52865,L,302.2,311.5,1482,45.6,87,0,0,0,0,0,0,Low,7.7,682,9,62,2.54,5.55,6.83,63.9,65.9
5687,L52866,L,302.2,311.6,1658,31.4,89,0,0,0,0,0,0,Low,6.1,313,13,248,0.8,5.6,5.29,42.3,79.4
5688,L52867,L,302.3,311.7,2170,18.2,91,0,0,0,0,0,0,Low,3.7,371,5,35,3.3,6.02,4.12,29.4,70.4
5689,M20548,M,302.3,311.7,1423,44.6,93,0,0,0,0,0,0,Medium,6.5,367,3,438,1.57,5.91,6.34,66.3,70.4
5690,L52869,L,302.4,311.8,1543,31.1,96,0,0,0,0,0,0,Low,10.3,661,10,7,3.15,6.55,4.8,34.8,67.0
5691,L52870,L,302.3,311.8,1435,44.8,98,0,0,0,0,0,0,Low,5.6,305,8,134,2.65,5.38,7.25,38.1,73.2
5692,L52871,L,302.4,311.8,1320,56.4,100,0,0,0,0,0,0,Low,6.9,581,9,27,2.61,6.31,7.45,52.4,82.7
5693,M20552,M,302.4,311.9,1313,55.7,102,0,0,0,0,0,0,Medium,10.5,557,9,396,2.16,5.93,7.88,47.8,80.2
5694,M20553,M,302.4,311.8,1453,42.1,105,0,0,0,0,0,0,Medium,13.6,436,17,677,2.39,4.85,6.14,22.3,54.9
5695,L52874,L,302.4,311.8,1508,45.7,108,0,0,0,0,0,0,Low,7.8,485,10,309,1.78,6.69,7.16,50.0,89.8
5696,L52875,L,302.4,311.8,1451,42.0,110,0,0,0,0,0,0,Low,7.3,316,7,33,1.84,5.57,6.5,48.2,78.8
5697,H35110,H,302.5,311.9,1595,34.6,112,0,0,0,0,0,0,High,7.0,546,5,423,1.77,6.07,5.81,66.6,67.3
5698,L52877,L,302.5,311.9,1354,49.4,117,0,0,0,0,0,0,Low,7.4,682,7,932,1.46,5.49,6.71,76.9,60.3
5699,L52878,L,302.5,311.9,1265,59.8,119,0,0,0,0,0,0,Low,11.1,734,13,381,2.6,7.77,8.28,67.3,69.2
5700,L52879,L,302.4,311.9,1867,25.9,121,0,0,0,0,0,0,Low,16.9,1022,17,495,1.61,6.91,5.1,41.6,68.8
5701,L52880,L,302.5,311.9,1497,41.6,123,0,0,0,0,0,0,Low,7.2,694,5,12,1.95,5.71,5.97,64.7,79.5
5702,M20561,M,302.5,311.9,1347,54.3,125,0,0,0,0,0,0,Medium,4.8,460,5,89,2.11,6.22,8.01,66.7,74.1
5703,L52882,L,302.3,311.7,1544,43.2,128,0,0,0,0,0,0,Low,6.4,572,8,368,1.3,6.19,7.01,51.5,85.2
5704,H35117,H,302.3,311.7,1456,45.4,130,0,0,0,0,0,0,High,7.2,696,5,146,1.26,5.18,6.87,46.0,72.6
5705,L52884,L,302.5,311.8,1335,52.7,135,0,0,0,0,0,0,Low,13.6,894,18,99,3.14,6.43,7.46,33.5,55.4
5706,L52885,L,302.4,311.9,1452,43.1,137,0,0,0,0,0,0,Low,11.5,698,12,590,1.0,6.04,6.0,36.2,83.9
5707,L52886,L,302.4,311.9,1290,70.0,139,1,0,0,1,0,0,Low,6.3,569,7,97,3.23,6.77,9.07,56.4,77.6
5708,L52887,L,302.4,311.8,1448,43.4,141,0,0,0,0,0,0,Low,8.5,661,10,1412,1.03,5.92,6.64,64.5,30.4
5709,L52888,L,302.3,311.7,1611,38.6,143,0,0,0,0,0,0,Low,7.3,752,7,235,2.14,5.3,6.19,58.4,59.2
5710,L52889,L,302.2,311.7,1556,38.6,145,0,0,0,0,0,0,Low,9.7,888,13,390,1.61,5.54,6.51,68.9,64.8
5711,H35124,H,302.2,311.7,1413,46.5,147,0,0,0,0,0,0,High,6.0,606,4,76,2.03,5.3,6.44,46.5,78.9
5712,L52891,L,302.2,311.6,1545,35.9,152,0,0,0,0,0,0,Low,16.9,1781,27,12,1.65,6.07,5.76,42.2,37.4
5713,L52892,L,302.2,311.7,1330,54.6,154,0,0,0,0,0,0,Low,7.5,782,11,4,1.24,6.49,8.12,57.1,43.8
5714,L52893,L,302.2,311.9,1596,38.0,156,0,0,0,0,0,0,Low,9.9,489,18,6,2.25,5.14,6.08,66.6,76.0
5715,L52894,L,302.2,311.8,1618,36.0,158,0,0,0,0,0,0,Low,13.2,1214,10,191,2.27,6.21,6.1,47.9,87.6
5716,H35129,H,302.2,311.9,1597,35.8,160,0,0,0,0,0,0,High,10.9,906,11,1500,1.46,6.42,5.71,35.3,61.2
5717,L52896,L,302.3,312.0,1354,52.2,165,0,0,0,0,0,0,Low,8.8,891,11,216,2.57,6.32,6.83,73.2,58.7
5718,L52897,L,302.3,312.0,1746,28.1,167,0,0,0,0,0,0,Low,10.3,1019,15,96,2.62,5.14,5.3,47.0,80.1
5719,L52898,L,302.4,312.0,1621,32.5,169,0,0,0,0,0,0,Low,8.6,694,7,207,2.51,6.99,5.5,72.3,77.7
5720,L52899,L,302.3,312.0,1398,43.3,171,0,0,0,0,0,0,Low,15.3,823,18,373,2.22,6.22,6.36,65.0,70.3
5721,L52900,L,302.3,311.9,1434,51.9,173,0,0,0,0,0,0,Low,10.0,888,16,306,2.21,5.09,7.91,48.7,83.5
5722,M20581,M,302.3,311.8,1443,43.4,175,0,0,0,0,0,0,Medium,13.0,768,22,150,2.72,5.67,6.28,45.3,62.9
5723,L52902,L,302.2,311.7,1488,44.6,178,0,0,0,0,0,0,Low,9.5,910,13,89,2.55,5.66,6.53,55.0,77.8
5724,M20583,M,302.3,311.8,1475,48.0,180,0,0,0,0,0,0,Medium,6.2,420,8,424,1.38,5.89,7.48,18.1,89.9
5725,L52904,L,302.3,311.8,1433,50.3,183,0,0,0,0,0,0,Low,13.2,914,14,482,2.44,6.92,8.11,80.9,61.4
5726,M20585,M,302.3,311.8,1557,34.1,185,0,0,0,0,0,0,Medium,11.8,898,13,78,2.81,6.12,5.65,57.7,67.8
5727,M20586,M,302.4,311.9,1398,50.1,188,0,0,0,0,0,0,Medium,13.6,1476,14,177,3.8,5.95,6.82,66.6,80.6
5728,M20587,M,302.3,311.8,1559,34.4,191,0,0,0,0,0,0,Medium,13.0,1141,9,107,2.63,6.92,6.44,34.3,77.4
5729,M20588,M,302.4,311.9,1422,46.4,194,0,0,0,0,0,0,Medium,9.9,760,10,216,1.91,6.32,6.48,79.8,48.9
5730,M20589,M,302.3,311.8,1463,35.7,197,0,0,0,0,0,0,Medium,16.1,1450,18,242,1.5,7.25,4.97,47.0,82.8
5731,L52910,L,302.3,311.7,1793,25.3,200,0,0,0,0,0,0,Low,16.6,1819,20,57,3.07,6.01,5.17,51.7,59.3
5732,L52911,L,302.2,311.6,1872,20.4,202,0,0,0,0,0,0,Low,9.7,1059,6,172,3.07,6.89,3.84,54.8,81.5
5733,L52912,L,302.2,311.7,1412,44.5,204,0,0,0,0,0,0,Low,13.2,756,15,175,2.95,4.77,6.42,41.1,70.1
5734,L52913,L,302.3,311.8,1487,43.2,206,0,0,0,0,0,0,Low,18.8,1050,24,111,2.03,6.46,7.12,45.3,72.5
5735,L52914,L,302.3,311.8,1369,56.2,208,1,0,0,0,1,0,Low,14.1,1213,17,83,3.52,5.96,8.73,71.8,74.3
5736,L52915,L,302.4,311.8,1673,30.1,210,0,0,0,0,0,0,Low,16.5,1756,15,165,2.92,6.13,5.23,68.3,61.4
5737,M20596,M,302.4,311.9,1439,36.6,212,0,0,0,0,0,0,Medium,14.4,986,20,67,2.17,6.25,5.72,58.9,88.3
5738,L52917,L,302.3,311.8,1574,42.8,215,0,0,0,0,0,0,Low,9.2,954,6,103,3.89,6.41,7.69,39.2,74.4
5739,L52918,L,302.3,311.7,1281,48.8,0,0,0,0,0,0,0,Low,1.3,5,0,405,2.36,7.02,6.16,47.8,63.0
5740,M20599,M,302.2,311.7,1653,31.4,2,0,0,0,0,0,0,Medium,7.2,5,9,38,1.67,6.31,5.51,58.5,94.3
5741,M20600,M,302.3,311.7,1535,38.3,5,0,0,0,0,0,0,Medium,9.6,8,8,398,0.75,6.0,6.04,59.5,66.1
5742,M20601,M,302.3,311.7,1483,40.5,8,0,0,0,0,0,0,Medium,1.9,25,5,273,1.79,6.31,5.91,67.1,59.4
5743,L52922,L,302.3,311.7,1414,47.0,11,0,0,0,0,0,0,Low,1.9,66,2,202,1.34,5.5,7.28,37.0,81.1
5744,M20603,M,302.2,311.6,1379,42.9,13,0,0,0,0,0,0,Medium,3.2,68,6,37,1.94,7.17,6.57,57.3,67.4
5745,H35158,H,302.2,311.5,1482,42.6,16,0,0,0,0,0,0,High,2.0,113,0,140,1.77,5.62,6.82,77.6,92.5
5746,L52925,L,302.1,311.5,1987,20.1,21,0,0,0,0,0,0,Low,1.7,119,1,7,1.66,6.4,4.3,57.7,71.1
5747,M20606,M,302.1,311.5,1635,31.6,23,0,0,0,0,0,0,Medium,2.7,240,5,74,1.7,6.73,5.34,68.6,67.1
5748,L52927,L,302.1,311.5,1533,39.4,26,0,0,0,0,0,0,Low,5.1,213,5,66,2.14,6.36,6.43,40.6,64.4
5749,M20608,M,302.2,311.7,1576,34.0,28,0,0,0,0,0,0,Medium,4.1,191,11,64,0.68,5.61,5.77,66.0,74.0
5750,H35163,H,302.2,311.8,1330,62.4,31,0,0,0,0,0,0,High,6.8,156,8,86,2.72,5.67,9.71,53.0,68.7
5751,L52930,L,302.2,311.8,1981,21.8,36,0,0,0,0,0,0,Low,8.8,193,10,69,3.27,6.62,4.16,25.9,71.5
5752,H35165,H,302.3,311.8,1475,42.8,38,0,0,0,0,0,0,High,5.2,168,3,1,0.89,6.26,6.41,94.0,58.4
5753,H35166,H,302.3,311.8,1804,25.0,43,0,0,0,0,0,0,High,2.2,134,5,22,0.94,5.68,4.68,61.0,78.6
5754,L52933,L,302.2,311.6,1416,54.1,48,0,0,0,0,0,0,Low,2.3,228,3,314,3.73,5.58,8.21,76.8,75.9
5755,L52934,L,302.1,311.5,1727,27.7,50,0,0,0,0,0,0,Low,4.5,296,5,379,0.47,5.56,5.38,67.8,78.9
5756,L52935,L,302.1,311.4,1391,49.2,52,0,0,0,0,0,0,Low,4.0,269,2,152,1.81,6.15,7.53,37.3,65.0
5757,M20616,M,302.0,311.5,1366,52.3,54,0,0,0,0,0,0,Medium,3.9,329,10,42,2.73,7.5,7.37,48.0,78.6
5758,L52937,L,301.9,311.3,1366,55.6,57,0,0,0,0,0,0,Low,6.6,343,12,14,2.99,5.34,8.21,55.7,86.5
5759,L52938,L,301.9,311.3,1501,40.8,59,0,0,0,0,0,0,Low,6.6,318,9,164,1.68,4.61,6.38,95.0,76.3
5760,L52939,L,301.8,311.3,1551,35.8,61,0,0,0,0,0,0,Low,9.7,766,13,233,2.48,6.01,5.89,60.1,62.6
5761,M20620,M,301.9,311.3,1522,35.6,63,0,0,0,0,0,0,Medium,11.6,213,13,120,1.4,5.61,5.97,36.8,82.4
5762,L52941,L,301.9,311.2,1369,49.8,66,0,0,0,0,0,0,Low,3.3,302,7,539,1.61,5.82,6.19,40.6,80.5
5763,L52942,L,301.8,311.2,1334,52.3,68,0,0,0,0,0,0,Low,6.0,471,4,171,2.1,5.37,7.21,76.6,73.3
5764,H35177,H,301.8,311.2,1451,39.4,70,0,0,0,0,0,0,High,4.7,246,4,125,1.74,6.77,5.69,49.3,76.9
5765,L52944,L,301.7,311.2,1589,37.9,75,0,0,0,0,0,0,Low,5.3,408,9,1,1.91,5.7,6.03,44.7,62.3
5766,L52945,L,301.7,311.3,1708,30.5,77,0,0,0,0,0,0,Low,5.0,394,11,10,1.26,6.25,5.29,56.1,69.2
5767,M20626,M,301.7,311.2,1413,42.6,79,0,0,0,0,0,0,Medium,8.3,466,12,7,1.58,6.95,5.71,92.3,86.3
5768,M20627,M,301.6,311.2,1415,46.5,82,0,0,0,0,0,0,Medium,3.8,279,4,99,1.09,5.89,7.33,57.8,73.3
5769,L52948,L,301.7,311.3,1421,45.9,85,0,0,0,0,0,0,Low,4.7,418,7,9,1.6,5.53,7.7,73.2,64.3
5770,L52949,L,301.7,311.3,1348,51.0,87,0,0,0,0,0,0,Low,7.7,451,9,298,2.31,5.96,7.27,63.0,85.8
5771,L52950,L,301.6,311.2,1408,42.9,89,0,0,0,0,0,0,Low,6.5,312,5,8,1.87,5.95,6.84,46.4,87.5
5772,L52951,L,301.6,311.2,1525,43.7,91,0,0,0,0,0,0,Low,3.6,351,3,660,2.8,6.33,6.75,51.2,58.4
5773,L52952,L,301.6,311.3,1706,29.9,93,0,0,0,0,0,0,Low,9.7,488,10,267,1.52,5.96,5.7,66.1,100.0
5774,H35187,H,301.6,311.2,1395,46.8,95,0,0,0,0,0,0,High,11.7,360,17,50,2.37,6.08,6.68,15.0,68.2
5775,L52954,L,301.5,311.1,1602,34.3,100,0,0,0,0,0,0,Low,2.6,257,4,169,2.87,5.7,5.59,41.2,52.5
5776,L52955,L,301.6,311.1,1907,21.5,102,0,0,0,0,0,0,Low,8.0,418,13,209,3.54,6.05,4.33,39.8,69.0
5777,L52956,L,301.6,311.1,1325,49.2,104,0,0,0,0,0,0,Low,7.4,510,7,131,2.49,6.24,7.45,63.4,54.0
5778,L52957,L,301.6,311.1,1408,44.4,106,0,0,0,0,0,0,Low,7.3,530,8,61,0.78,6.35,6.93,45.1,79.9
5779,M20638,M,301.7,311.1,1489,41.4,108,0,0,0,0,0,0,Medium,9.1,394,14,31,0.91,5.01,6.93,47.1,91.4
5780,L52959,L,301.6,311.1,1680,29.2,111,0,0,0,0,0,0,Low,8.8,688,14,536,1.27,5.25,4.77,58.1,54.9
5781,L52960,L,301.7,311.2,1517,42.4,113,0,0,0,0,0,0,Low,8.6,672,10,346,1.63,5.16,6.37,26.0,63.1
5782,M20641,M,301.7,311.1,1618,36.7,115,0,0,0,0,0,0,Medium,9.3,902,11,17,2.84,6.56,6.07,28.3,68.6
5783,L52962,L,301.7,311.1,1455,39.8,118,0,0,0,0,0,0,Low,13.2,861,11,163,1.42,5.3,6.51,67.3,67.5
5784,H35197,H,301.8,311.1,1543,36.4,120,0,0,0,0,0,0,High,6.9,747,7,110,1.11,5.73,6.09,46.4,71.3
5785,M20644,M,301.8,311.1,1399,41.8,125,0,0,0,0,0,0,Medium,10.4,642,12,116,2.24,6.0,5.58,29.4,64.6
5786,L52965,L,301.7,311.1,1469,37.2,128,0,0,0,0,0,0,Low,5.1,444,6,218,1.21,5.12,5.64,60.6,78.1
5787,L52966,L,301.7,311.2,1521,36.7,130,0,0,0,0,0,0,Low,7.7,623,10,202,2.15,5.68,5.65,50.8,58.2
5788,L52967,L,301.7,311.3,1584,38.8,132,0,0,0,0,0,0,Low,8.3,862,13,68,1.45,7.51,6.39,74.1,76.8
5789,L52968,L,301.8,311.5,1443,43.3,134,0,0,0,0,0,0,Low,8.8,826,11,41,2.17,6.04,7.29,60.2,84.2
5790,M20649,M,301.8,311.5,1416,49.0,136,0,0,0,0,0,0,Medium,5.6,521,9,89,2.1,7.11,7.2,36.4,61.4
5791,M20650,M,301.7,311.2,1563,34.5,139,0,0,0,0,0,0,Medium,6.4,515,10,286,1.56,5.68,5.54,46.6,50.2
5792,M20651,M,301.8,311.3,1542,40.1,142,0,0,0,0,0,0,Medium,11.3,715,18,1013,0.89,6.38,6.1,62.7,39.7
5793,M20652,M,301.8,311.3,1624,31.6,145,0,0,0,0,0,0,Medium,8.7,836,12,61,1.95,5.69,5.6,64.8,68.9
5794,L52973,L,301.8,311.3,1471,44.2,148,0,0,0,0,0,0,Low,8.7,599,10,424,1.11,6.17,6.77,69.3,51.4
5795,M20654,M,301.9,311.5,1492,40.8,150,0,0,0,0,0,0,Medium,10.1,1017,7,28,2.02,6.48,6.1,44.4,92.5
5796,M20655,M,301.9,311.4,1465,39.9,153,0,0,0,0,0,0,Medium,7.6,756,10,51,2.41,5.73,6.32,66.4,73.7
5797,L52976,L,301.7,311.1,1399,55.1,156,0,0,0,0,0,0,Low,6.4,442,9,436,2.89,6.38,7.93,89.0,57.9
5798,L52977,L,301.6,311.0,1431,42.6,158,0,0,0,0,0,0,Low,6.6,766,11,81,1.92,5.82,6.32,70.3,64.1
5799,L52978,L,301.5,310.9,1600,39.0,160,0,0,0,0,0,0,Low,10.3,1035,10,115,2.08,6.15,6.2,64.7,82.6
5800,L52979,L,301.5,310.8,1593,34.5,162,0,0,0,0,0,0,Low,12.4,750,14,184,2.56,6.59,5.2,49.4,84.4
5801,L52980,L,301.5,310.9,1469,44.7,164,0,0,0,0,0,0,Low,11.5,956,6,268,1.78,6.86,7.15,68.6,64.3
5802,L52981,L,301.5,310.8,1413,44.6,166,0,0,0,0,0,0,Low,12.5,1192,16,110,2.28,6.65,6.73,32.6,75.4
5803,L52982,L,301.4,310.8,1490,38.0,168,0,0,0,0,0,0,Low,8.6,749,10,22,1.24,5.97,6.02,57.5,80.6
5804,L52983,L,301.5,310.9,1671,31.1,170,0,0,0,0,0,0,Low,11.3,715,12,38,1.93,6.74,5.4,40.6,79.7
5805,L52984,L,301.5,310.9,1365,46.5,172,0,0,0,0,0,0,Low,9.6,953,12,578,2.51,6.58,6.46,46.4,71.5
5806,M20665,M,301.4,310.9,1557,39.3,174,0,0,0,0,0,0,Medium,10.6,1032,13,201,1.45,5.7,6.44,66.3,83.7
5807,L52986,L,301.4,310.9,1440,45.4,177,0,0,0,0,0,0,Low,10.1,1183,13,238,2.49,5.39,7.08,19.3,77.8
5808,M20667,M,301.4,310.9,1489,38.9,179,0,0,0,0,0,0,Medium,10.2,934,14,116,2.62,4.97,6.18,34.5,66.8
5809,L52988,L,301.4,311.0,1733,25.7,182,0,0,0,0,0,0,Low,12.7,1080,9,210,2.23,7.0,4.5,45.2,67.1
5810,H35223,H,301.3,311.0,1580,36.6,184,0,0,0,0,0,0,High,11.9,1223,11,541,2.64,5.06,6.35,15.6,46.2
5811,L52990,L,301.3,311.0,1856,21.9,189,0,0,0,0,0,0,Low,8.5,612,8,386,2.14,5.79,4.27,57.1,69.6
5812,L52991,L,301.3,311.1,1454,40.3,191,0,0,0,0,0,0,Low,9.6,905,14,11,2.69,6.23,6.15,46.2,76.2
5813,L52992,L,301.4,311.1,1495,36.3,193,0,0,0,0,0,0,Low,11.2,927,15,94,2.17,5.27,5.53,65.3,67.4
5814,L52993,L,301.2,311.0,1761,29.1,195,0,0,0,0,0,0,Low,9.4,787,12,221,2.31,6.96,5.24,58.7,74.2
5815,M20674,M,301.3,311.0,1402,47.5,197,0,0,0,0,0,0,Medium,8.4,843,10,375,2.56,7.47,7.05,50.9,62.3
5816,L52995,L,301.2,311.0,1670,33.0,200,0,0,0,0,0,0,Low,11.6,1145,11,174,2.11,6.05,5.39,42.5,61.5
5817,L52996,L,301.3,311.0,1582,35.6,202,0,0,0,0,0,0,Low,10.4,961,14,306,3.17,5.86,5.78,72.8,83.7
5818,L52997,L,301.3,311.0,1542,35.1,204,0,0,0,0,0,0,Low,12.0,1151,6,236,2.75,5.55,5.52,63.7,63.7
5819,L52998,L,301.3,311.0,1539,36.9,206,0,0,0,0,0,0,Low,15.4,972,10,247,3.32,6.22,5.89,72.4,69.0
5820,L52999,L,301.3,311.0,1418,41.9,208,0,0,0,0,0,0,Low,10.3,960,15,634,1.58,4.75,6.31,51.9,70.3
5821,L53000,L,301.3,311.1,1723,27.6,210,0,0,0,0,0,0,Low,16.4,1217,15,118,3.59,6.0,4.63,47.7,60.5
5822,L53001,L,301.3,311.1,1303,49.2,212,0,0,0,0,0,0,Low,13.8,1526,13,5,2.11,6.48,7.28,47.1,77.1
5823,M20682,M,301.3,311.0,1463,50.2,214,0,0,0,0,0,0,Medium,12.4,1086,15,54,3.14,5.67,7.68,82.3,62.9
5824,L53003,L,301.2,311.0,1544,39.3,217,0,0,0,0,0,0,Low,14.8,1234,17,53,4.31,6.15,6.54,83.2,81.2
5825,L53004,L,301.2,311.0,1596,37.2,219,0,0,0,0,0,0,Low,16.2,1861,16,17,2.03,6.29,6.51,59.1,100.0
5826,L53005,L,301.3,311.1,1413,42.0,221,0,0,0,0,0,0,Low,12.4,1029,11,47,2.86,6.21,6.78,32.9,85.9
5827,M20686,M,301.3,311.1,1492,41.2,223,0,0,0,0,0,0,Medium,7.9,909,6,229,2.26,5.76,6.49,58.2,85.5
5828,L53007,L,301.3,311.1,1624,40.9,0,0,0,0,0,0,0,Low,1.6,5,1,207,1.34,6.41,6.64,60.1,77.4
5829,L53008,L,301.3,311.1,1504,39.1,2,0,0,0,0,0,0,Low,2.9,26,1,478,0.9,5.5,5.77,69.8,86.3
5830,M20689,M,301.2,311.1,1574,34.3,4,0,0,0,0,0,0,Medium,7.7,36,9,710,0.2,5.36,5.78,37.8,36.5
5831,M20690,M,301.3,311.2,1438,42.4,7,0,0,0,0,0,0,Medium,4.2,46,7,230,1.83,5.61,6.27,61.4,74.4
5832,L53011,L,301.3,311.3,1474,50.7,10,0,0,0,0,0,0,Low,2.0,55,0,191,1.95,6.2,8.47,95.0,82.9
5833,L53012,L,301.3,311.2,1675,32.1,12,0,0,0,0,0,0,Low,5.5,27,2,198,1.21,4.88,5.43,36.4,67.8
5834,L53013,L,301.3,311.2,1457,44.5,14,0,0,0,0,0,0,Low,1.4,72,2,224,2.37,5.31,6.45,65.7,78.4
5835,L53014,L,301.3,311.3,1434,49.8,16,0,0,0,0,0,0,Low,1.3,106,0,254,2.21,5.37,7.08,66.1,63.3
5836,L53015,L,301.3,311.2,1668,30.1,18,0,0,0,0,0,0,Low,4.8,176,4,150,1.77,6.05,5.87,38.1,89.1
5837,L53016,L,301.2,311.1,1550,39.7,20,0,0,0,0,0,0,Low,2.4,86,2,153,1.9,5.51,6.96,66.0,72.1
5838,M20697,M,301.3,311.1,1834,25.4,22,0,0,0,0,0,0,Medium,4.2,177,3,102,2.36,5.28,4.63,54.8,70.2
5839,M20698,M,301.4,311.2,1476,36.5,25,0,0,0,0,0,0,Medium,2.0,145,3,94,1.48,5.2,5.55,64.8,65.1
5840,M20699,M,301.4,311.2,1541,36.3,28,0,0,0,0,0,0,Medium,7.3,205,7,6,1.83,5.41,5.74,52.3,76.0
5841,M20700,M,301.3,311.1,1581,30.9,31,0,0,0,0,0,0,Medium,6.6,158,9,79,1.77,5.62,4.67,59.9,91.8
5842,M20701,M,301.3,311.1,1678,30.7,34,0,0,0,0,0,0,Medium,2.5,228,4,304,1.56,5.25,5.36,60.1,83.1
5843,L53022,L,301.4,311.2,1355,50.6,37,0,0,0,0,0,0,Low,2.8,215,2,56,1.5,6.15,7.42,51.3,64.1
5844,L53023,L,301.5,311.2,1700,28.8,39,0,0,0,0,0,0,Low,8.2,227,10,215,1.41,5.84,5.15,51.4,72.3
5845,L53024,L,301.4,311.1,1462,37.1,41,0,0,0,0,0,0,Low,3.4,205,1,191,0.95,6.7,5.61,53.7,77.2
5846,M20705,M,301.4,311.2,1727,26.5,43,0,0,0,0,0,0,Medium,2.2,156,2,483,1.77,6.96,4.7,49.5,63.2
5847,L53026,L,301.4,311.3,1674,33.3,46,0,0,0,0,0,0,Low,4.3,158,3,2,2.08,5.87,5.72,49.9,77.7
5848,L53027,L,301.4,311.3,1397,42.3,48,0,0,0,0,0,0,Low,2.6,104,2,8,2.06,6.3,6.25,34.0,89.5
5849,L53028,L,301.4,311.3,2323,15.9,50,0,0,0,0,0,0,Low,2.9,251,5,1364,2.94,6.28,4.15,44.1,46.7
5850,M20709,M,301.4,311.2,1434,47.6,52,0,0,0,0,0,0,Medium,10.0,293,15,45,2.44,6.09,7.02,31.1,80.0
5851,L53030,L,301.3,311.1,1560,35.3,55,0,0,0,0,0,0,Low,2.3,227,3,115,0.9,5.52,5.55,70.7,86.0
5852,L53031,L,301.2,311.0,1573,32.8,57,0,0,0,0,0,0,Low,3.9,199,4,658,2.25,6.18,5.16,62.0,71.1
5853,H35266,H,301.2,310.9,1798,22.3,59,0,0,0,0,0,0,High,6.7,262,8,249,2.56,5.16,4.59,62.4,72.3
5854,L53033,L,301.2,311.0,1567,35.1,64,0,0,0,0,0,0,Low,10.0,489,18,1006,0.76,6.21,6.29,47.5,72.5
5855,L53034,L,301.2,310.9,1416,53.3,66,0,0,0,0,0,0,Low,7.6,448,9,256,1.36,5.96,7.89,41.4,61.6
5856,M20715,M,301.2,310.9,1424,45.2,68,0,0,0,0,0,0,Medium,8.0,390,13,239,1.26,6.12,6.78,48.0,50.8
5857,H35270,H,301.2,310.9,1598,35.9,71,0,0,0,0,0,0,High,6.9,324,6,3,1.94,6.04,5.93,43.5,79.4
5858,L53037,L,301.3,310.9,1760,23.9,76,0,0,0,0,0,0,Low,6.0,399,6,77,0.55,6.76,4.16,29.1,96.7
5859,L53038,L,301.3,311.0,1348,44.5,78,0,0,0,0,0,0,Low,4.1,339,3,47,1.78,5.56,6.28,54.4,100.0
5860,L53039,L,301.3,311.0,1542,33.6,80,0,0,0,0,0,0,Low,4.5,319,8,507,1.9,6.47,5.03,45.1,54.8
5861,L53040,L,301.3,310.9,1566,33.1,82,0,0,0,0,0,0,Low,3.4,290,4,240,2.71,6.02,5.21,55.6,64.0
5862,L53041,L,301.3,311.0,1554,47.7,84,0,0,0,0,0,0,Low,5.8,362,5,687,2.76,6.9,7.57,40.2,41.2
5863,L53042,L,301.4,311.0,1470,40.6,86,0,0,0,0,0,0,Low,6.4,617,7,132,1.25,5.22,6.58,34.2,74.4
5864,M20723,M,301.4,311.1,1758,25.4,88,0,0,0,0,0,0,Medium,5.8,422,7,106,1.54,5.88,4.69,54.7,81.8
5865,M20724,M,301.4,311.0,1486,36.5,91,0,0,0,0,0,0,Medium,6.8,565,9,8,2.18,6.2,5.4,23.6,63.8
5866,M20725,M,301.5,311.1,1402,40.0,94,0,0,0,0,0,0,Medium,9.8,789,14,12,2.26,5.99,6.19,71.4,70.0
5867,L53046,L,301.5,311.1,1459,45.1,97,0,0,0,0,0,0,Low,6.5,508,11,191,1.98,5.09,6.85,56.6,87.8
5868,L53047,L,301.5,311.0,1494,45.3,99,0,0,0,0,0,0,Low,5.8,405,9,1,0.93,5.63,6.74,48.2,98.8
5869,L53048,L,301.5,311.1,1731,27.9,101,0,0,0,0,0,0,Low,4.6,462,8,136,1.85,5.45,5.22,52.5,82.9
5870,L53049,L,301.5,311.1,2076,18.7,103,0,0,0,0,0,0,Low,4.5,355,5,57,2.08,7.02,4.1,75.2,67.9
5871,L53050,L,301.5,311.1,2055,16.8,105,0,0,0,0,0,0,Low,4.5,532,4,1408,1.65,5.97,3.21,52.5,68.4
5872,L53051,L,301.5,311.1,1469,49.5,107,0,0,0,0,0,0,Low,6.0,274,10,342,2.04,5.43,7.68,55.6,75.0
5873,M20732,M,301.5,311.0,1504,42.6,109,0,0,0,0,0,0,Medium,6.5,536,12,11,1.0,6.46,6.48,43.8,70.6
5874,M20733,M,301.5,311.1,1396,43.5,112,0,0,0,0,0,0,Medium,6.9,612,6,193,2.94,5.76,6.1,75.9,64.2
5875,M20734,M,301.5,311.1,1660,33.8,115,0,0,0,0,0,0,Medium,9.8,828,14,424,1.13,6.75,5.78,60.6,39.6
5876,M20735,M,301.5,311.0,1577,39.7,118,0,0,0,0,0,0,Medium,6.4,455,5,347,0.2,5.52,5.96,74.4,89.1
5877,L53056,L,301.5,311.1,1426,52.1,121,0,0,0,0,0,0,Low,8.7,706,10,137,2.12,5.41,7.69,24.5,100.0
5878,L53057,L,301.5,311.1,1458,41.4,123,0,0,0,0,0,0,Low,9.7,777,9,131,2.42,5.68,6.41,38.1,72.3
5879,L53058,L,301.4,311.0,1533,45.8,125,0,0,0,0,0,0,Low,6.6,521,6,681,1.84,6.32,7.05,55.4,69.3
5880,L53059,L,301.4,311.0,1701,28.4,127,0,0,0,0,0,0,Low,4.7,447,2,85,1.5,6.25,4.98,66.5,72.8
5881,L53060,L,301.5,311.1,1434,49.6,129,0,0,0,0,0,0,Low,5.7,582,4,85,1.24,6.85,7.46,70.5,76.1
5882,L53061,L,301.4,311.1,1952,22.7,131,0,0,0,0,0,0,Low,7.7,760,10,447,1.37,7.12,4.75,54.9,53.3
5883,L53062,L,301.4,311.1,1469,36.9,133,0,0,0,0,0,0,Low,12.9,723,13,283,1.19,6.36,5.85,41.9,75.0
5884,L53063,L,301.4,311.1,1800,26.0,135,0,0,0,0,0,0,Low,8.4,710,7,608,1.44,5.53,4.75,42.2,85.9
5885,M20744,M,301.3,311.1,1438,43.0,137,0,0,0,0,0,0,Medium,8.5,593,13,436,1.76,6.56,6.39,75.4,66.1
5886,L53065,L,301.3,311.1,1647,28.2,140,0,0,0,0,0,0,Low,6.0,505,9,68,1.79,5.99,4.49,63.3,69.9
5887,L53066,L,301.4,311.1,1494,41.9,142,0,0,0,0,0,0,Low,7.6,655,8,103,1.72,6.03,6.34,70.1,86.4
5888,H35301,H,301.4,311.1,1445,41.4,144,0,0,0,0,0,0,High,4.9,442,4,339,1.17,5.95,6.68,83.6,60.4
5889,M20748,M,301.5,311.1,1507,38.6,149,0,0,0,0,0,0,Medium,9.1,656,7,781,1.68,5.39,5.79,15.0,56.1
5890,M20749,M,301.4,311.0,1234,55.8,152,0,0,0,0,0,0,Medium,8.7,810,10,62,3.1,5.58,7.63,39.5,69.8
5891,L53070,L,301.4,311.0,1634,32.6,155,0,0,0,0,0,0,Low,9.5,674,13,88,1.02,5.24,5.26,36.2,67.5
5892,L53071,L,301.4,311.0,1334,53.3,157,0,0,0,0,0,0,Low,4.7,530,5,419,1.96,4.99,7.71,23.0,56.4
5893,L53072,L,301.4,311.1,1472,44.5,159,0,0,0,0,0,0,Low,8.1,484,6,192,1.87,6.16,6.94,61.9,81.1
5894,M20753,M,301.3,311.0,1410,52.7,161,0,0,0,0,0,0,Medium,6.7,679,5,311,2.23,6.93,8.43,37.5,87.1
5895,L53074,L,301.2,310.9,1597,37.9,164,0,0,0,0,0,0,Low,8.2,834,6,436,3.07,6.24,5.57,44.6,76.6
5896,M20755,M,301.2,310.9,1460,46.7,166,0,0,0,0,0,0,Medium,12.1,894,14,17,1.29,6.43,6.85,54.5,99.7
5897,L53076,L,301.1,310.8,1274,55.7,169,0,0,0,0,0,0,Low,11.5,765,7,452,1.01,7.28,8.05,54.8,76.4
5898,M20757,M,301.0,310.7,1517,40.2,171,0,0,0,0,0,0,Medium,7.4,573,9,155,2.84,5.38,6.42,77.7,73.2
5899,L53078,L,301.0,310.7,1300,57.2,174,0,0,0,0,0,0,Low,11.8,822,10,4,2.03,7.01,8.0,61.2,72.7
5900,H35313,H,300.9,310.6,1686,27.7,176,0,0,0,0,0,0,High,8.4,831,12,438,2.01,6.69,4.68,22.5,68.0
5901,M20760,M,300.9,310.7,1485,41.0,181,0,0,0,0,0,0,Medium,9.6,946,9,394,2.45,6.0,6.03,44.4,79.1
5902,L53081,L,301.0,310.7,1464,45.8,184,0,0,0,0,0,0,Low,14.7,1048,22,2,3.25,5.35,7.44,42.2,78.8
5903,L53082,L,300.9,310.6,1598,35.4,186,0,0,0,0,0,0,Low,8.7,1002,7,104,2.07,6.28,5.91,83.7,87.9
5904,L53083,L,300.9,310.5,1894,21.9,188,0,0,0,0,0,0,Low,11.7,973,10,378,2.62,7.39,5.05,76.6,58.6
5905,M20764,M,300.8,310.5,1330,59.0,190,0,0,0,0,0,0,Medium,7.6,648,6,955,2.51,6.67,8.28,53.5,53.3
5906,H35319,H,300.8,310.5,1582,31.1,193,0,0,0,0,0,0,High,11.8,1066,10,40,2.59,5.48,5.35,43.5,80.0
5907,L53086,L,300.7,310.3,1533,35.6,198,0,0,0,0,0,0,Low,11.5,1065,9,3,3.47,6.42,6.02,61.4,64.3
5908,H35321,H,300.8,310.4,1419,46.4,200,0,0,0,0,0,0,High,13.8,1304,14,320,2.39,5.88,7.06,62.2,74.4
5909,M20768,M,300.8,310.3,1526,36.3,205,0,0,0,0,0,0,Medium,9.9,929,11,486,2.12,6.35,6.04,53.1,39.4
5910,H35323,H,300.7,310.2,1364,65.3,208,1,1,0,1,1,0,High,9.6,809,7,143,3.75,5.5,9.94,17.2,80.9
5911,M20770,M,300.8,310.3,1458,43.4,0,0,0,0,0,0,0,Medium,3.8,32,9,129,1.9,6.35,6.62,47.6,66.6
5912,M20771,M,300.8,310.4,1288,64.0,3,0,0,0,0,0,0,Medium,2.1,32,5,137,3.09,5.81,8.39,46.2,69.6
5913,M20772,M,300.7,310.3,1659,29.8,6,0,0,0,0,0,0,Medium,2.4,27,8,99,1.64,4.76,5.43,44.2,65.2
5914,H35327,H,300.7,310.2,1479,52.3,9,0,0,0,0,0,0,High,3.2,48,7,194,2.96,6.07,8.76,28.9,71.3
5915,L53094,L,300.7,310.3,1592,36.0,14,0,0,0,0,0,0,Low,5.4,58,11,249,2.01,5.52,5.79,67.5,59.8
5916,M20775,M,300.6,310.2,1532,38.7,16,0,0,0,0,0,0,Medium,0.8,24,0,755,1.56,5.31,6.73,54.5,49.5
5917,L53096,L,300.6,310.2,1555,41.9,19,0,0,0,0,0,0,Low,2.0,117,3,140,1.57,5.13,6.43,43.8,76.6
5918,L53097,L,300.6,310.2,1341,52.6,21,0,0,0,0,0,0,Low,8.6,113,4,52,0.76,5.71,7.41,34.2,41.9
5919,L53098,L,300.6,310.1,1541,42.0,23,0,0,0,0,0,0,Low,4.3,129,3,194,1.2,5.77,6.26,43.9,66.1
5920,L53099,L,300.6,310.3,1414,50.6,25,0,0,0,0,0,0,Low,4.3,139,9,609,1.3,6.14,6.8,59.0,71.3
5921,L53100,L,300.5,310.2,1764,25.9,27,0,0,0,0,0,0,Low,11.7,168,16,838,1.76,5.54,4.73,72.0,50.1
5922,L53101,L,300.5,310.3,1336,57.1,29,0,0,0,0,0,0,Low,3.7,65,5,439,1.72,5.54,8.19,72.5,78.1
5923,L53102,L,300.5,310.3,1435,43.3,31,0,0,0,0,0,0,Low,2.1,54,4,90,0.71,5.71,6.47,40.9,56.9
5924,M20783,M,300.4,310.3,1537,35.0,33,0,0,0,0,0,0,Medium,1.6,173,2,123,2.08,6.0,6.16,92.6,58.7
5925,L53104,L,300.3,310.2,1369,48.8,36,0,0,0,0,0,0,Low,4.3,256,12,35,0.8,5.96,6.57,89.7,53.1
5926,M20785,M,300.2,310.1,1619,31.3,38,0,0,0,0,0,0,Medium,4.5,235,4,40,3.13,6.01,5.31,35.0,54.7
5927,L53106,L,300.2,310.1,1440,51.1,41,0,0,0,0,0,0,Low,6.1,199,4,455,1.29,5.41,7.43,38.2,53.7
5928,L53107,L,300.2,310.1,1649,30.5,43,0,0,0,0,0,0,Low,6.2,189,11,149,1.69,5.15,5.15,52.4,79.1
5929,M20788,M,300.2,310.1,1550,38.7,45,0,0,0,0,0,0,Medium,5.3,194,12,72,0.73,6.31,6.08,71.9,59.1
5930,L53109,L,300.3,310.2,1471,45.2,48,0,0,0,0,0,0,Low,6.8,206,7,1244,1.07,6.22,6.82,75.4,45.7
5931,L53110,L,300.3,310.3,1483,51.6,50,0,0,0,0,0,0,Low,5.3,294,8,303,2.46,4.85,7.95,61.6,51.6
5932,L53111,L,300.3,310.4,1336,54.4,52,0,0,0,0,0,0,Low,3.3,324,5,336,1.67,6.13,7.13,66.1,71.2
5933,L53112,L,300.5,310.5,1515,36.6,54,0,0,0,0,0,0,Low,4.3,275,3,229,1.12,5.84,6.11,56.7,59.5
5934,L53113,L,300.5,310.5,1373,47.4,56,0,0,0,0,0,0,Low,4.3,279,6,733,2.35,5.24,7.23,60.9,74.1
5935,H35348,H,300.6,310.5,1454,51.2,58,0,0,0,0,0,0,High,6.4,449,5,254,3.11,7.06,7.85,61.8,72.8
5936,L53115,L,300.5,310.5,1646,34.5,63,0,0,0,0,0,0,Low,8.9,439,8,87,1.48,4.95,5.89,45.7,53.3
5937,M20796,M,300.5,310.4,1548,37.3,65,0,0,0,0,0,0,Medium,6.4,485,5,545,0.42,6.51,5.96,88.3,38.2
5938,M20797,M,300.6,310.5,1462,41.3,68,0,0,0,0,0,0,Medium,4.9,294,6,34,1.29,5.41,6.62,71.8,72.9
5939,L53118,L,300.5,310.4,1702,33.1,71,0,0,0,0,0,0,Low,14.6,398,22,62,1.66,5.24,5.6,67.8,60.8
5940,L53119,L,300.5,310.5,1409,60.9,73,0,0,0,0,0,0,Low,3.8,319,9,11,2.42,6.1,9.23,51.4,77.1
5941,M20800,M,300.6,310.6,1427,52.8,75,0,0,0,0,0,0,Medium,8.4,636,5,481,2.41,5.39,7.74,45.9,68.2
5942,L53121,L,300.6,310.7,1438,48.5,78,1,0,0,0,0,0,Low,6.7,620,8,465,2.31,6.74,7.14,30.5,71.7
5943,L53122,L,300.7,310.7,1450,43.4,80,0,0,0,0,0,0,Low,6.5,387,6,125,1.07,6.66,6.55,50.8,82.7
5944,L53123,L,300.7,310.7,1541,41.3,82,0,0,0,0,0,0,Low,13.1,897,15,1000,1.63,5.76,6.72,58.6,49.4
5945,M20804,M,300.7,310.6,1484,38.0,84,0,0,0,0,0,0,Medium,6.7,319,6,103,1.59,6.11,5.48,36.6,85.3
5946,M20805,M,300.8,310.8,1415,44.5,87,0,0,0,0,0,0,Medium,9.0,722,11,115,2.69,6.41,6.28,49.1,55.7
5947,L53126,L,300.7,310.8,1496,46.4,90,0,0,0,0,0,0,Low,5.1,322,6,87,2.25,5.31,7.04,49.4,81.9
5948,M20807,M,300.7,310.8,1465,45.2,92,0,0,0,0,0,0,Medium,10.1,600,11,149,1.27,6.84,7.03,66.4,68.2
5949,L53128,L,300.7,310.8,2113,18.5,95,0,0,0,0,0,0,Low,7.7,412,15,281,1.73,5.5,3.72,65.4,84.7
5950,M20809,M,300.7,310.8,1506,44.0,97,0,0,0,0,0,0,Medium,4.6,251,5,14,1.32,5.92,7.26,42.9,94.8
5951,L53130,L,300.7,310.8,1689,28.9,100,0,0,0,0,0,0,Low,18.2,927,21,358,1.83,5.8,5.5,49.5,81.8
5952,L53131,L,300.7,310.9,1650,29.4,102,0,0,0,0,0,0,Low,5.5,494,5,38,1.58,5.56,4.87,47.8,88.2
5953,L53132,L,300.7,310.8,1563,33.8,104,0,0,0,0,0,0,Low,17.0,851,16,559,1.05,5.6,5.53,39.5,63.8
5954,M20813,M,300.7,310.9,1486,38.9,106,0,0,0,0,0,0,Medium,9.2,484,14,261,0.97,6.19,6.35,47.2,35.9
5955,L53134,L,300.8,310.9,1732,25.7,109,0,0,0,0,0,0,Low,5.8,592,5,550,2.42,6.23,4.64,58.4,78.9
5956,L53135,L,300.7,310.8,1653,31.6,111,0,0,0,0,0,0,Low,6.0,537,7,54,0.61,5.25,5.39,31.7,75.3
5957,L53136,L,300.7,310.9,1535,37.1,113,0,0,0,0,0,0,Low,9.4,763,8,99,2.3,5.89,6.23,62.2,83.8
5958,L53137,L,300.7,310.9,1637,37.2,115,0,0,0,0,0,0,Low,4.8,505,3,304,1.74,5.35,6.77,40.5,65.8
5959,L53138,L,300.6,310.8,1533,38.5,117,0,0,0,0,0,0,Low,11.8,900,14,170,1.05,5.36,6.01,33.8,78.9
5960,L53139,L,300.6,310.8,1378,51.2,119,0,0,0,0,0,0,Low,6.1,449,3,250,1.98,7.02,7.16,45.1,84.9
5961,L53140,L,300.5,310.7,1606,33.5,121,0,0,0,0,0,0,Low,10.3,704,17,52,2.24,5.79,5.76,52.4,65.6
5962,L53141,L,300.3,310.7,1539,32.3,123,0,0,0,0,0,0,Low,11.3,865,10,279,1.72,5.21,5.04,61.6,76.4
5963,L53142,L,300.5,310.8,1728,26.3,125,0,0,0,0,0,0,Low,5.8,451,11,63,1.51,6.16,4.52,45.4,73.8
5964,H35377,H,300.4,310.7,1656,36.3,127,0,0,0,0,0,0,High,7.2,682,6,244,1.47,5.69,6.11,61.8,74.7
5965,H35378,H,300.5,310.8,1631,30.5,132,0,0,0,0,0,0,High,3.7,404,6,171,1.6,5.97,4.94,57.6,75.1
5966,H35379,H,300.5,310.9,1447,46.5,137,0,0,0,0,0,0,High,14.6,529,20,69,2.1,5.38,6.59,72.5,88.5
5967,L53146,L,300.4,310.8,1396,49.3,142,0,0,0,0,0,0,Low,11.4,906,13,162,1.08,6.0,7.78,51.2,64.1
5968,L53147,L,300.4,310.8,1390,52.5,144,0,0,0,0,0,0,Low,7.7,818,10,153,1.91,6.53,7.14,46.4,73.6
5969,L53148,L,300.4,310.8,1348,56.0,146,0,0,0,0,0,0,Low,8.4,719,7,286,2.39,6.56,7.92,94.6,70.6
5970,M20829,M,300.4,310.8,1491,35.9,148,0,0,0,0,0,0,Medium,9.5,540,10,60,1.75,6.7,5.08,69.8,77.2
5971,L53150,L,300.4,310.8,1520,37.6,151,0,0,0,0,0,0,Low,8.3,685,7,57,1.61,5.75,6.46,43.4,58.9
5972,L53151,L,300.5,310.8,1509,33.0,153,0,0,0,0,0,0,Low,7.0,757,6,51,1.92,5.56,5.23,69.8,78.8
5973,L53152,L,300.5,310.8,1445,46.6,155,0,0,0,0,0,0,Low,11.4,865,15,288,0.9,6.0,7.58,85.3,83.9
5974,L53153,L,300.5,310.8,1354,51.8,157,0,0,0,0,0,0,Low,7.7,832,9,856,1.32,5.96,7.05,57.5,53.1
5975,L53154,L,300.5,310.7,1488,39.4,159,0,0,0,0,0,0,Low,9.7,604,11,110,2.79,5.79,6.87,57.4,56.3
5976,H35389,H,300.5,310.7,1654,28.6,161,0,0,0,0,0,0,High,10.5,855,12,734,2.18,5.31,4.66,44.2,68.7
5977,H35390,H,300.5,310.6,1378,51.5,166,0,0,0,0,0,0,High,10.4,952,21,437,2.41,7.2,7.64,71.9,58.0
5978,L53157,L,300.6,310.7,1750,30.6,171,0,0,0,0,0,0,Low,11.2,1059,16,249,1.45,6.09,4.92,62.1,52.8
5979,L53158,L,300.5,310.6,1448,46.3,173,0,0,0,0,0,0,Low,10.7,1038,18,432,1.11,4.97,6.86,31.4,66.5
5980,H35393,H,300.6,310.7,1501,45.3,175,0,0,0,0,0,0,High,14.7,1305,21,93,2.56,6.0,7.1,52.7,57.5
5981,M20840,M,300.6,310.7,1654,32.0,180,0,0,0,0,0,0,Medium,10.5,1152,11,89,3.27,6.49,5.54,53.6,56.6
5982,M20841,M,300.7,310.7,1347,46.5,183,0,0,0,0,0,0,Medium,7.2,668,9,181,1.95,7.53,6.4,50.8,81.4
5983,L53162,L,300.7,310.8,1486,37.1,186,0,0,0,0,0,0,Low,15.2,1047,22,137,2.5,6.07,5.89,51.2,72.4
5984,H35397,H,300.8,310.8,1466,45.2,188,0,0,0,0,0,0,High,16.5,838,17,56,3.18,6.49,6.76,29.4,58.3
5985,H35398,H,300.7,310.8,1346,52.0,193,0,0,0,0,0,0,High,18.0,1899,24,897,2.75,6.29,7.86,86.8,50.6
5986,L53165,L,300.7,310.7,1314,42.4,198,0,0,0,0,0,0,Low,10.3,896,11,465,3.28,5.65,5.97,51.5,95.6
5987,L53166,L,300.6,310.7,1440,52.5,200,0,0,0,0,0,0,Low,9.9,1069,10,174,2.85,6.26,7.39,78.1,70.0
5988,L53167,L,300.7,310.8,1608,39.5,202,0,0,0,0,0,0,Low,11.0,1163,13,308,2.9,5.86,6.78,48.0,66.8
5989,H35402,H,300.7,310.8,1296,58.2,204,0,0,0,0,0,0,High,8.5,984,7,478,4.47,5.61,7.88,33.3,51.6
5990,L53169,L,300.7,310.7,1507,46.1,209,0,0,0,0,0,0,Low,11.3,1289,11,47,3.33,6.13,6.43,56.1,74.2
5991,M20850,M,300.7,310.7,1343,51.6,211,0,0,0,0,0,0,Medium,17.1,1833,17,175,3.11,6.18,7.81,69.3,56.5
5992,L53171,L,300.7,310.7,1416,40.4,214,0,0,0,0,0,0,Low,12.5,924,17,49,2.38,6.44,5.69,44.6,55.2
5993,L53172,L,300.7,310.6,1288,47.2,216,0,0,0,0,0,0,Low,11.2,1049,6,1,3.7,6.57,6.4,72.3,77.6
5994,M20853,M,300.7,310.6,1407,42.4,218,0,0,0,0,0,0,Medium,16.8,1271,14,21,3.19,4.92,6.37,47.5,57.9
5995,L53174,L,300.6,310.4,1608,39.2,221,0,0,0,0,0,0,Low,13.5,1426,12,270,3.44,5.44,6.61,37.0,72.3
5996,L53175,L,300.6,310.3,1920,22.3,223,0,0,0,0,0,0,Low,19.5,1689,32,379,3.65,6.77,4.66,59.7,88.8
5997,M20856,M,300.5,310.2,1386,48.2,225,0,0,0,0,0,0,Medium,21.1,1156,32,247,3.74,5.64,7.3,76.0,77.2
5998,M20857,M,300.5,310.2,1571,34.6,228,0,0,0,0,0,0,Medium,10.1,820,16,517,2.53,5.32,5.75,86.1,46.0
5999,M20858,M,300.4,310.2,1613,36.9,231,0,0,0,0,0,0,Medium,9.9,1147,9,135,2.76,4.89,5.93,33.9,62.4
6000,M20859,M,300.4,310.2,1671,30.5,234,1,1,0,0,0,0,Medium,14.4,1692,18,3,2.78,6.67,5.36,44.7,61.1
6001,H35414,H,300.4,310.2,1431,43.2,0,0,0,0,0,0,0,High,0.6,5,0,409,1.93,5.86,6.85,46.3,65.7
6002,M20861,M,300.4,310.2,1380,47.3,5,0,0,0,0,0,0,Medium,1.8,61,5,166,1.36,5.31,6.79,48.1,76.8
6003,L53182,L,300.5,310.3,1683,31.5,8,0,0,0,0,0,0,Low,4.8,25,4,172,1.32,5.46,5.15,57.5,54.0
6004,L53183,L,300.4,310.2,1529,36.2,10,0,0,0,0,0,0,Low,2.1,43,1,138,1.63,5.42,6.13,88.5,72.7
6005,L53184,L,300.5,310.4,1761,26.5,12,0,0,0,0,0,0,Low,6.6,140,7,44,1.31,7.1,4.77,88.9,87.9
6006,L53185,L,300.6,310.5,1570,38.3,14,0,0,0,0,0,0,Low,1.8,32,1,157,1.9,6.39,6.57,95.0,72.6
6007,M20866,M,300.6,310.5,2156,18.0,16,0,0,0,0,0,0,Medium,12.2,118,13,654,2.21,6.18,3.95,70.4,55.0
6008,M20867,M,300.7,310.6,1349,54.5,19,0,0,0,0,0,0,Medium,7.6,132,7,211,2.96,6.35,7.9,53.8,83.6
6009,L53188,L,300.7,310.7,1431,39.3,22,0,0,0,0,0,0,Low,2.7,129,4,380,2.31,6.81,5.81,37.0,82.6
6010,L53189,L,300.6,310.6,1931,22.0,24,0,0,0,0,0,0,Low,2.0,100,2,340,3.19,7.26,4.31,25.0,69.0
6011,H35424,H,300.7,310.7,1428,43.4,26,0,0,0,0,0,0,High,7.9,167,12,206,0.9,6.11,6.65,69.8,67.4
6012,L53191,L,300.8,310.8,1564,36.2,31,0,0,0,0,0,0,Low,1.9,126,3,40,1.44,5.79,5.69,56.5,77.1
6013,H35426,H,300.8,310.9,1425,44.0,33,0,0,0,0,0,0,High,2.9,160,2,320,2.23,7.13,5.99,83.1,86.7
6014,L53193,L,300.7,310.8,1597,30.5,38,0,0,0,0,0,0,Low,2.6,208,8,44,2.67,5.6,5.28,51.7,63.5
6015,H35428,H,300.8,310.8,1618,32.8,40,0,0,0,0,0,0,High,5.1,262,6,168,0.76,6.6,5.4,76.3,76.4
6016,M20875,M,300.8,310.8,1520,38.0,45,0,0,0,0,0,0,Medium,8.4,325,12,630,1.93,5.33,6.13,72.1,79.9
6017,L53196,L,300.7,310.7,1425,45.3,48,0,0,0,0,0,0,Low,3.3,190,2,441,1.78,6.2,6.84,16.5,79.1
6018,L53197,L,300.8,310.9,1398,38.2,50,0,0,0,0,0,0,Low,8.1,385,13,611,1.69,5.97,5.78,59.3,37.0
6019,M20878,M,300.8,310.9,1557,31.6,52,0,0,0,0,0,0,Medium,4.8,198,4,512,0.96,5.81,5.38,53.1,65.9
6020,L53199,L,300.7,310.8,1519,43.9,55,0,0,0,0,0,0,Low,3.6,326,6,152,1.38,6.15,7.15,34.9,80.9
6021,L53200,L,300.7,310.8,1619,34.9,57,0,0,0,0,0,0,Low,4.2,315,4,232,2.29,5.71,6.1,85.9,79.9
6022,L53201,L,300.7,310.8,1814,21.4,59,0,0,0,0,0,0,Low,4.4,462,7,81,2.58,4.79,4.25,63.5,91.3
6023,L53202,L,300.7,310.9,1521,39.4,61,0,0,0,0,0,0,Low,10.3,296,10,271,1.68,6.5,6.11,85.5,55.6
6024,M20883,M,300.7,310.9,1369,51.2,63,0,0,0,0,0,0,Medium,5.3,312,5,197,2.71,5.85,7.11,59.1,66.4
6025,L53204,L,300.7,310.9,1356,65.3,66,1,0,0,1,0,0,Low,6.3,467,7,231,3.22,6.03,9.55,59.5,75.9
6026,L53205,L,300.7,311.0,1336,53.3,68,0,0,0,0,0,0,Low,5.3,318,7,78,3.05,7.03,6.82,60.4,77.0
6027,L53206,L,300.7,311.0,1403,48.3,70,0,0,0,0,0,0,Low,4.6,419,3,126,2.18,5.89,6.65,57.9,95.4
6028,M20887,M,300.7,311.0,1413,44.3,72,0,0,0,0,0,0,Medium,5.6,465,3,579,3.34,6.24,6.01,70.9,49.8
6029,L53208,L,300.6,310.9,1472,47.6,75,0,0,0,0,0,0,Low,6.3,359,6,227,1.6,5.53,7.74,58.4,83.6
6030,M20889,M,300.7,310.8,1452,47.9,77,0,0,0,0,0,0,Medium,6.2,689,6,903,3.02,7.37,7.68,31.9,62.2
6031,L53210,L,300.6,310.7,1397,53.7,80,0,0,0,0,0,0,Low,3.7,413,1,118,1.49,5.66,8.18,84.2,68.9
6032,L53211,L,300.6,310.7,1455,40.6,82,0,0,0,0,0,0,Low,3.9,289,4,72,1.44,5.34,6.2,41.6,76.8
6033,L53212,L,300.7,310.8,1754,27.7,84,0,0,0,0,0,0,Low,3.9,318,7,292,2.34,4.35,4.97,50.1,73.7
6034,L53213,L,300.6,310.9,1471,37.9,86,0,0,0,0,0,0,Low,9.8,461,5,232,0.2,6.37,5.77,53.8,47.8
6035,M20894,M,300.6,310.8,1389,48.1,88,0,0,0,0,0,0,Medium,5.2,492,7,88,1.48,6.31,7.13,30.0,74.1
6036,M20895,M,300.6,310.9,1702,30.3,91,0,0,0,0,0,0,Medium,8.0,562,7,202,3.17,5.82,5.59,51.9,77.9
6037,M20896,M,300.6,311.0,1401,54.6,94,0,0,0,0,0,0,Medium,5.5,511,5,262,3.03,5.91,7.56,45.7,82.0
6038,L53217,L,300.7,311.1,1426,46.2,97,0,0,0,0,0,0,Low,7.1,468,12,1043,0.82,5.77,7.15,61.5,56.3
6039,L53218,L,300.7,311.0,1496,38.3,99,0,0,0,0,0,0,Low,8.0,624,10,835,0.54,7.0,6.32,71.3,64.6
6040,L53219,L,300.6,310.9,1433,42.6,101,0,0,0,0,0,0,Low,10.9,465,14,171,0.63,5.58,6.65,32.1,76.9
6041,M20900,M,300.7,311.1,1438,46.6,103,0,0,0,0,0,0,Medium,3.3,277,2,51,1.22,5.88,6.5,45.3,77.8
6042,M20901,M,300.7,311.0,1418,49.3,106,0,0,0,0,0,0,Medium,5.8,580,7,72,1.86,4.85,7.59,50.4,74.7
6043,M20902,M,300.8,311.0,1580,36.6,109,0,0,0,0,0,0,Medium,19.0,787,30,292,2.15,6.3,6.03,86.1,72.3
6044,M20903,M,300.7,310.9,1468,41.8,112,0,0,0,0,0,0,Medium,12.6,843,21,47,2.15,5.98,6.93,49.2,83.9
6045,M20904,M,300.8,310.9,1522,41.7,115,0,0,0,0,0,0,Medium,5.7,498,7,47,2.65,6.34,6.6,18.4,64.9
6046,L53225,L,300.8,310.9,1311,55.8,118,0,0,0,0,0,0,Low,6.2,617,13,16,3.02,6.32,8.08,55.9,67.6
6047,L53226,L,300.9,311.0,1316,56.5,120,0,0,0,0,0,0,Low,5.1,498,7,8,0.83,6.22,8.36,67.2,71.7
6048,H35461,H,300.9,311.0,1853,23.6,122,0,0,0,0,0,0,High,11.3,712,14,265,1.78,5.5,4.77,41.3,66.0
6049,M20908,M,300.9,311.0,1556,38.8,127,0,0,0,0,0,0,Medium,6.0,564,10,46,0.76,5.59,6.15,39.5,64.6
6050,M20909,M,300.9,311.0,1567,34.3,130,0,0,0,0,0,0,Medium,6.9,686,7,596,3.04,6.31,5.76,50.2,64.5
6051,M20910,M,300.9,311.1,1546,37.7,133,0,0,0,0,0,0,Medium,8.1,834,10,164,1.4,5.66,5.86,59.0,74.8
6052,L53231,L,300.9,311.0,1382,51.2,136,0,0,0,0,0,0,Low,10.4,800,17,800,1.62,6.39,7.2,47.3,76.4
6053,L53232,L,300.9,311.0,2003,20.2,138,0,0,0,0,0,0,Low,10.5,1020,15,69,2.9,6.01,4.48,72.2,64.7
6054,L53233,L,300.8,310.9,1748,29.9,140,0,0,0,0,0,0,Low,9.3,448,12,193,1.91,6.38,5.49,51.3,68.1
6055,H35468,H,300.7,310.8,1518,40.1,142,0,0,0,0,0,0,High,15.3,760,15,106,2.39,5.33,6.33,70.6,98.2
6056,L53235,L,300.7,310.8,1475,42.0,147,0,0,0,0,0,0,Low,8.3,665,7,156,1.4,5.73,7.02,43.4,61.3
6057,L53236,L,300.8,310.8,1634,29.2,149,0,0,0,0,0,0,Low,10.0,845,13,361,2.59,5.96,5.35,72.5,74.4
6058,L53237,L,300.8,310.8,1689,32.9,151,0,0,0,0,0,0,Low,10.2,1004,15,75,0.61,5.5,5.51,37.8,58.9
6059,M20918,M,300.9,310.9,1636,35.3,153,0,0,0,0,0,0,Medium,9.7,844,8,139,3.6,5.73,6.08,63.1,75.3
6060,L53239,L,300.9,311.0,2235,15.8,156,0,0,0,0,0,0,Low,5.4,606,8,904,3.52,5.6,3.63,52.2,55.6
6061,L53240,L,301.0,311.1,1615,35.6,158,0,0,0,0,0,0,Low,10.8,907,17,367,2.32,6.16,5.95,31.5,75.1
6062,H35475,H,301.1,311.1,1618,29.5,160,0,0,0,0,0,0,High,13.6,1068,17,430,1.85,6.1,5.26,63.3,64.2
6063,M20922,M,301.1,311.2,1407,53.0,165,0,0,0,0,0,0,Medium,7.9,842,8,18,2.57,6.08,8.08,64.7,82.8
6064,L53243,L,301.1,311.1,1450,43.3,168,0,0,0,0,0,0,Low,14.5,784,21,149,2.11,5.36,6.05,51.9,77.6
6065,L53244,L,301.1,311.1,1889,23.8,170,0,0,0,0,0,0,Low,6.3,576,9,316,2.61,5.53,4.97,67.7,92.8
6066,L53245,L,301.0,310.9,1568,38.2,172,0,0,0,0,0,0,Low,13.5,831,10,3,2.42,5.53,6.13,68.7,65.1
6067,L53246,L,301.0,311.0,1804,25.8,174,0,0,0,0,0,0,Low,10.6,792,12,768,2.58,6.83,4.98,51.0,45.9
6068,L53247,L,301.0,311.0,1582,37.5,176,0,0,0,0,0,0,Low,7.2,767,12,113,2.29,5.13,6.43,50.6,71.5
6069,M20928,M,301.0,310.9,2047,17.9,178,0,0,0,0,0,0,Medium,15.8,1261,22,9,2.86,5.24,3.98,73.4,81.8
6070,L53249,L,300.9,310.9,1601,34.0,181,0,0,0,0,0,0,Low,12.4,1192,14,343,2.35,5.95,5.54,43.9,77.6
6071,L53250,L,300.9,310.9,1615,32.0,183,0,0,0,0,0,0,Low,14.0,1265,24,911,2.63,5.34,5.53,91.2,50.2
6072,M20931,M,300.9,310.8,1452,43.6,185,0,0,0,0,0,0,Medium,13.5,1387,13,430,2.5,5.61,6.91,46.6,88.0
6073,M20932,M,300.9,310.8,1695,30.2,188,0,0,0,0,0,0,Medium,9.2,842,11,375,2.64,5.5,5.33,79.6,66.9
6074,M20933,M,300.9,310.8,1790,26.2,191,0,0,0,0,0,0,Medium,8.5,968,13,639,2.73,4.79,4.8,46.6,43.9
6075,M20934,M,301.0,310.8,1533,39.3,194,0,0,0,0,0,0,Medium,12.1,1008,10,485,2.86,6.0,5.99,39.9,67.6
6076,L53255,L,301.0,310.9,1813,28.5,197,0,0,0,0,0,0,Low,18.9,1983,30,130,2.63,5.01,5.9,67.0,72.1
6077,L53256,L,301.0,310.9,1492,36.7,199,0,0,0,0,0,0,Low,8.1,615,6,440,1.5,7.22,5.39,48.9,63.4
6078,L53257,L,300.9,310.7,1479,43.3,201,0,0,0,0,0,0,Low,14.2,1278,17,482,2.58,5.68,6.4,18.3,68.0
6079,L53258,L,300.8,310.7,1339,59.1,203,1,0,0,0,1,0,Low,8.4,606,8,59,4.0,5.84,8.39,69.8,77.2
6080,M20939,M,300.8,310.7,1371,44.7,205,0,0,0,0,0,0,Medium,16.7,1546,24,236,3.07,5.47,6.1,63.8,60.4
6081,L53260,L,300.9,310.7,1468,36.2,208,0,0,0,0,0,0,Low,11.6,1339,11,173,3.16,6.0,6.07,28.8,59.9
6082,L53261,L,300.9,310.7,1517,41.7,210,0,0,0,0,0,0,Low,18.2,1952,15,374,2.49,6.17,6.22,36.6,56.2
6083,L53262,L,300.9,310.7,1352,46.4,212,0,0,0,0,0,0,Low,9.5,1052,14,35,3.22,4.94,6.63,53.2,99.2
6084,L53263,L,300.9,310.7,1389,50.0,214,0,0,0,0,0,0,Low,12.3,1466,16,303,4.41,6.21,7.61,48.5,66.3
6085,M20944,M,300.8,310.6,1505,36.2,0,0,0,0,0,0,0,Medium,3.6,20,6,1,0.81,6.15,5.36,71.3,88.9
6086,L53265,L,300.9,310.6,1538,36.7,3,0,0,0,0,0,0,Low,9.0,10,12,244,1.86,5.06,5.68,63.1,84.3
6087,L53266,L,300.9,310.8,1482,37.0,5,0,0,0,0,0,0,Low,0.5,39,0,141,1.29,6.22,5.78,49.1,67.7
6088,M20947,M,300.9,310.8,1599,33.0,7,0,0,0,0,0,0,Medium,4.1,51,5,133,2.45,5.19,5.35,38.6,78.6
6089,L53268,L,300.9,310.8,1476,39.0,10,0,0,0,0,0,0,Low,2.3,65,2,132,1.5,5.67,6.16,34.0,80.0
6090,L53269,L,300.9,310.7,1509,37.5,12,0,0,0,0,0,0,Low,2.7,63,3,159,1.35,5.64,5.86,68.3,61.8
6091,L53270,L,300.9,310.8,1708,29.1,14,0,0,0,0,0,0,Low,4.4,95,3,316,1.0,5.15,5.23,38.1,59.5
6092,L53271,L,300.9,310.7,1412,57.5,16,0,0,0,0,0,1,Low,3.8,69,2,25,1.72,5.37,8.79,51.7,82.3
6093,L53272,L,300.9,310.7,1658,28.5,18,0,0,0,0,0,0,Low,3.0,135,2,499,1.54,7.25,4.73,54.2,64.9
6094,L53273,L,301.0,310.8,1375,57.2,20,0,0,0,0,0,0,Low,2.5,119,2,348,2.82,4.98,8.24,34.4,41.7
6095,M20954,M,300.9,310.8,1402,48.1,22,0,0,0,0,0,0,Medium,4.1,103,2,891,2.74,6.55,6.98,59.3,49.6
6096,M20955,M,300.9,310.7,1452,47.3,25,0,0,0,0,0,0,Medium,0.6,51,2,484,1.69,5.92,6.87,69.0,55.4
6097,M20956,M,300.8,310.7,1483,40.8,28,0,0,0,0,0,0,Medium,4.4,105,6,170,1.3,6.94,6.59,54.4,67.1
6098,H35511,H,300.9,310.8,1477,38.4,31,0,0,0,0,0,0,High,3.8,235,5,397,1.72,6.68,5.45,35.4,49.3
6099,M20958,M,300.8,310.7,1924,22.4,36,0,0,0,0,0,0,Medium,7.3,137,6,132,2.31,5.16,4.21,66.5,73.5
6100,H35513,H,300.9,310.7,1609,28.7,39,0,0,0,0,0,0,High,4.2,225,2,226,1.58,5.52,5.0,44.8,73.7
6101,M20960,M,300.8,310.7,1886,21.1,44,0,0,0,0,0,0,Medium,8.0,252,12,107,2.1,6.45,3.87,41.2,71.3
6102,L53281,L,300.7,310.6,1616,29.6,47,0,0,0,0,0,0,Low,3.7,322,5,15,1.87,5.94,5.44,87.4,69.6
6103,L53282,L,300.7,310.7,1442,43.2,49,0,0,0,0,0,0,Low,3.4,301,3,22,2.27,5.41,6.05,28.1,66.3
6104,L53283,L,300.8,310.8,1407,45.1,51,0,0,0,0,0,0,Low,2.5,150,1,24,1.24,5.53,7.15,37.1,78.3
6105,M20964,M,300.8,310.8,1461,41.3,53,0,0,0,0,0,0,Medium,9.0,260,11,361,0.73,7.3,6.61,60.4,49.9
6106,M20965,M,300.8,310.9,1522,46.2,56,0,0,0,0,0,0,Medium,5.0,322,10,166,1.86,5.98,6.78,52.7,93.9
6107,L53286,L,300.9,311.0,1432,48.1,59,0,0,0,0,0,0,Low,4.3,344,8,155,1.26,6.01,7.23,58.3,85.5
6108,L53287,L,300.9,311.0,1438,49.0,61,0,0,0,0,0,0,Low,4.6,171,9,466,2.71,6.43,6.86,58.0,37.1
6109,M20968,M,300.8,310.9,1678,28.1,63,0,0,0,0,0,0,Medium,3.8,296,4,265,2.01,5.17,4.73,52.8,88.0
6110,M20969,M,300.8,310.9,1514,38.7,66,0,0,0,0,0,0,Medium,6.9,445,13,9,1.45,6.91,5.99,71.1,78.7
6111,L53290,L,300.7,310.8,1534,41.3,69,0,0,0,0,0,0,Low,5.7,409,7,298,1.53,4.69,5.95,67.6,72.4
6112,M20971,M,300.7,310.8,1486,41.2,71,0,0,0,0,0,0,Medium,4.7,402,9,324,1.75,6.81,6.18,51.9,63.9
6113,L53292,L,300.7,310.8,1925,22.0,74,0,0,0,0,0,0,Low,5.6,394,11,45,2.56,6.23,4.38,51.5,82.2
6114,M20973,M,300.7,310.8,1724,30.0,76,0,0,0,0,0,0,Medium,6.5,496,13,17,3.36,6.44,5.35,59.8,69.3
6115,M20974,M,300.8,310.8,1549,35.5,79,0,0,0,0,0,0,Medium,7.0,318,14,63,0.95,5.63,5.35,52.4,64.7
6116,L53295,L,300.8,310.9,1457,47.7,82,0,0,0,0,0,0,Low,3.3,310,4,133,2.37,5.61,7.1,74.7,66.9
6117,L53296,L,300.8,310.9,1453,43.9,84,0,0,0,0,0,0,Low,6.7,610,13,184,2.95,6.98,6.74,69.5,65.5
6118,L53297,L,300.8,311.0,1578,44.4,86,0,0,0,0,0,0,Low,7.7,588,4,269,1.98,7.68,7.6,63.2,69.1
6119,M20978,M,300.9,311.1,1325,61.4,88,0,0,0,0,0,0,Medium,5.5,518,8,469,2.52,6.2,9.59,75.8,68.6
6120,L53299,L,300.9,311.1,1471,39.3,91,0,0,0,0,0,0,Low,6.2,495,10,158,1.29,6.77,6.39,63.3,43.4
6121,M20980,M,300.9,311.2,1472,40.0,93,0,0,0,0,0,0,Medium,3.5,252,6,1268,1.46,6.17,5.88,57.2,55.5
6122,L53301,L,300.9,311.1,1457,37.4,96,0,0,0,0,0,0,Low,5.3,424,4,449,1.49,5.61,5.55,55.0,64.2
6123,L53302,L,301.0,311.0,1402,55.3,98,0,0,0,0,0,0,Low,4.4,419,3,200,2.88,7.16,8.27,58.1,79.4
6124,L53303,L,300.9,310.9,1477,41.5,100,0,0,0,0,0,0,Low,13.1,502,19,17,2.27,5.85,6.83,78.3,76.9
6125,M20984,M,300.9,310.9,1727,30.1,102,0,0,0,0,0,0,Medium,4.9,562,4,215,1.57,6.37,5.92,59.8,46.5
6126,L53305,L,300.9,310.9,1995,20.2,105,0,0,0,0,0,0,Low,8.2,816,10,25,3.08,6.02,3.85,35.6,76.9
6127,L53306,L,300.9,310.9,1370,52.5,107,0,0,0,0,0,0,Low,6.1,456,11,131,2.15,6.35,7.9,45.1,66.6
6128,L53307,L,300.9,310.9,1228,66.4,109,0,0,0,0,0,0,Low,6.8,539,8,73,2.87,5.85,7.99,69.9,50.9
6129,L53308,L,300.9,311.0,1499,38.0,111,0,0,0,0,0,0,Low,9.2,450,8,135,2.08,6.14,5.88,44.2,64.6
6130,M20989,M,301.0,311.0,1508,46.9,113,0,0,0,0,0,0,Medium,5.7,593,5,269,1.64,5.46,7.77,58.6,55.6
6131,L53310,L,301.0,310.9,1473,44.2,116,0,0,0,0,0,0,Low,5.7,629,7,198,1.7,7.08,6.53,64.2,78.3
6132,H35545,H,301.0,311.0,1640,37.6,118,0,0,0,0,0,0,High,6.4,584,12,322,1.95,6.19,6.3,58.1,84.9
6133,L53312,L,301.1,311.1,1429,42.5,123,0,0,0,0,0,0,Low,6.4,483,6,137,2.42,5.98,6.97,53.4,76.0
6134,L53313,L,301.1,311.1,1470,40.9,125,0,0,0,0,0,0,Low,9.5,914,9,562,0.38,6.37,6.8,41.3,71.8
6135,L53314,L,301.0,311.0,1581,37.0,127,0,0,0,0,0,0,Low,9.1,536,11,537,1.75,6.4,6.27,65.5,52.4
6136,L53315,L,301.0,310.9,1740,28.9,129,0,0,0,0,0,0,Low,6.4,666,7,254,1.3,5.58,4.78,39.8,77.5
6137,H35550,H,300.9,310.8,1390,40.6,131,0,0,0,0,0,0,High,9.0,905,12,187,2.27,5.29,5.42,62.0,65.3
6138,M20997,M,300.9,310.8,1988,19.7,136,0,0,0,0,0,0,Medium,13.8,1231,20,42,1.7,5.63,4.13,24.9,53.0
6139,M20998,M,300.8,310.7,1452,43.0,139,0,0,0,0,0,0,Medium,8.8,770,5,601,2.37,6.53,6.69,43.4,61.0
6140,L53319,L,300.8,310.7,1586,33.4,142,0,0,0,0,0,0,Low,10.0,539,10,126,1.5,5.82,5.62,56.0,75.7
6141,L53320,L,300.8,310.7,1589,34.3,144,0,0,0,0,0,0,Low,6.5,492,4,109,3.08,5.28,5.41,53.5,86.3
6142,L53321,L,300.8,310.8,1486,45.7,146,0,0,0,0,0,0,Low,6.7,718,10,600,1.36,6.12,7.09,66.1,58.7
6143,L53322,L,300.9,310.9,1755,27.9,148,0,0,0,0,0,0,Low,9.0,473,9,63,2.3,6.96,5.39,27.1,60.7
6144,M21003,M,301.0,310.9,1575,34.6,150,0,0,0,0,0,0,Medium,11.2,787,17,75,2.22,5.94,5.66,43.3,77.7
6145,M21004,M,301.1,311.1,1615,37.7,153,0,0,0,0,0,0,Medium,8.9,682,11,455,1.93,4.99,6.08,39.3,64.8
6146,M21005,M,301.1,311.1,1436,41.8,156,0,0,0,0,0,0,Medium,17.2,861,13,354,1.09,5.49,6.31,70.8,60.7
6147,M21006,M,301.1,311.1,1470,40.6,159,0,0,0,0,0,0,Medium,10.0,905,10,34,2.16,5.68,6.4,41.8,76.8
6148,M21007,M,301.1,311.1,2089,19.8,162,0,0,0,0,0,0,Medium,11.1,1020,12,133,1.87,5.92,4.25,52.1,84.9
6149,L53328,L,301.1,311.2,1564,37.0,165,0,0,0,0,0,0,Low,16.6,1447,26,146,2.33,6.3,6.15,57.8,70.3
6150,M21009,M,301.0,311.1,1420,47.4,167,0,0,0,0,0,0,Medium,7.9,601,9,72,2.44,6.49,6.98,46.2,100.0
6151,L53330,L,301.1,311.1,1711,29.1,170,0,0,0,0,0,0,Low,11.1,1024,10,401,2.12,5.88,4.84,62.8,52.6
6152,L53331,L,301.1,311.2,1555,35.3,172,0,0,0,0,0,0,Low,9.5,1083,8,59,0.74,5.42,5.65,45.9,75.5
6153,M21012,M,301.1,311.1,1592,35.7,174,0,0,0,0,0,0,Medium,11.1,1252,11,464,1.03,4.97,6.25,28.0,71.8
6154,L53333,L,301.0,311.1,1236,64.4,177,1,0,0,0,1,0,Low,9.0,1011,10,139,2.78,6.22,8.17,40.3,52.1
6155,M21014,M,301.0,310.9,1765,24.2,179,0,0,0,0,0,0,Medium,7.2,647,7,469,2.51,4.9,4.93,27.2,66.6
6156,L53335,L,301.0,311.0,1634,31.2,182,0,0,0,0,0,0,Low,10.1,528,14,148,2.77,6.99,4.84,57.1,54.7
6157,L53336,L,301.1,311.1,1508,41.5,184,0,0,0,0,0,0,Low,19.7,1433,20,420,2.41,6.67,6.69,53.0,58.2
6158,L53337,L,301.1,311.2,1774,29.6,186,0,0,0,0,0,0,Low,14.9,1034,20,127,1.97,6.81,5.66,50.8,63.0
6159,L53338,L,301.1,311.0,1677,29.1,188,0,0,0,0,0,0,Low,17.4,1314,17,373,3.55,5.81,4.83,62.7,57.9
6160,L53339,L,301.0,311.0,1399,58.0,190,1,0,0,0,1,0,Low,7.6,792,15,12,3.91,6.1,8.48,63.7,100.0
6161,L53340,L,301.0,310.9,1570,34.0,192,0,0,0,0,0,0,Low,10.2,943,19,135,2.46,5.24,4.97,39.9,69.2
6162,L53341,L,301.0,310.9,1479,44.3,194,0,0,0,0,0,0,Low,10.9,1203,10,33,3.12,6.51,6.88,59.7,82.0
6163,L53342,L,301.0,310.8,1558,34.9,196,0,0,0,0,0,0,Low,11.5,1012,18,103,2.08,5.01,5.57,38.9,60.8
6164,L53343,L,300.8,310.7,1358,48.1,198,0,0,0,0,0,0,Low,11.3,1146,13,4,2.64,5.88,6.96,30.8,79.0
6165,H35578,H,300.9,310.7,1656,30.7,200,0,0,0,0,0,0,High,6.4,716,3,75,1.58,5.38,5.48,72.6,57.0
6166,L53345,L,300.9,310.7,1523,35.8,205,0,0,0,0,0,0,Low,11.2,936,14,148,2.22,6.85,5.65,52.9,97.9
6167,H35580,H,300.9,310.7,1403,40.6,207,0,0,0,0,0,0,High,8.7,891,15,34,2.44,6.23,5.62,62.5,81.7
6168,M21027,M,300.9,310.7,1362,51.6,212,0,0,0,0,0,0,Medium,20.4,2188,24,1,3.67,6.2,6.86,36.8,80.2
6169,M21028,M,300.7,310.6,1778,27.1,215,0,0,0,0,0,0,Medium,11.0,1140,14,97,3.72,5.75,4.76,60.3,68.3
6170,L53349,L,300.7,310.5,1448,38.2,218,0,0,0,0,0,0,Low,9.4,687,6,27,2.12,6.41,5.88,51.3,77.3
6171,H35584,H,300.8,310.5,1559,40.1,220,0,0,0,0,0,0,High,9.6,828,12,72,2.39,6.9,6.64,54.0,95.1
6172,L53351,L,300.8,310.6,1416,42.2,225,0,0,0,0,0,0,Low,18.2,1901,25,392,2.72,6.93,5.55,79.4,64.8
6173,L53352,L,300.8,310.6,1577,37.9,227,1,1,0,0,0,0,Low,16.9,1298,14,121,3.87,7.54,6.83,26.8,76.2
6174,L53353,L,300.8,310.7,1633,27.8,0,0,0,0,0,0,0,Low,1.6,5,0,691,2.28,5.33,4.82,63.3,46.3
6175,L53354,L,300.9,310.7,1573,31.2,2,0,0,0,0,0,0,Low,3.4,15,1,53,1.81,5.59,5.01,72.4,89.1
6176,L53355,L,300.9,310.8,1517,44.3,4,0,0,0,0,0,0,Low,1.9,29,2,262,1.9,6.47,6.77,62.5,71.6
6177,L53356,L,301.0,310.9,1515,37.3,6,0,0,0,0,0,0,Low,11.8,51,13,373,1.59,5.99,5.79,70.8,72.8
6178,L53357,L,301.0,310.8,1527,45.3,8,0,0,0,0,0,0,Low,5.8,68,8,54,1.95,6.2,7.67,43.0,62.2
6179,L53358,L,301.1,310.9,1282,67.9,10,1,0,0,1,0,0,Low,8.2,86,15,155,2.28,5.21,9.48,54.5,58.0
6180,M21039,M,301.1,310.9,1396,45.1,12,0,0,0,0,0,0,Medium,3.4,100,3,535,1.3,6.5,6.56,67.6,59.8
6181,L53360,L,301.0,310.9,1492,44.6,15,0,0,0,0,0,0,Low,5.6,35,7,159,1.12,5.72,7.32,46.0,79.1
6182,L53361,L,301.0,310.8,1975,19.7,17,0,0,0,0,0,0,Low,1.4,69,0,1500,2.96,6.17,4.23,33.0,50.3
6183,L53362,L,301.0,310.8,1475,35.3,19,0,0,0,0,0,0,Low,2.0,156,0,174,2.53,5.87,5.4,90.2,73.9
6184,H35597,H,301.0,310.9,1495,37.3,21,0,0,0,0,0,0,High,3.3,158,4,425,1.49,5.33,6.16,64.9,50.8
6185,L53364,L,301.0,311.0,1553,35.8,26,0,0,0,0,0,0,Low,3.9,102,5,340,2.54,7.0,6.19,66.2,53.9
6186,L53365,L,301.1,311.0,1918,21.7,28,0,0,0,0,0,0,Low,7.6,227,9,12,2.61,6.29,4.61,55.5,75.4
6187,M21046,M,301.1,311.0,1413,46.6,30,0,0,0,0,0,0,Medium,3.3,105,4,217,1.67,6.01,7.09,64.0,40.3
6188,L53367,L,301.0,311.0,1437,56.0,33,0,0,0,0,0,0,Low,3.3,162,3,320,1.02,5.46,8.65,47.8,58.4
6189,L53368,L,301.0,310.9,1450,45.9,35,0,0,0,0,0,0,Low,5.1,99,9,394,3.05,6.47,6.67,56.7,72.1
6190,M21049,M,301.0,310.9,1910,21.9,37,0,0,0,0,0,0,Medium,9.4,268,16,613,2.73,6.21,3.96,57.8,81.7
6191,L53370,L,300.9,310.9,1749,26.4,40,0,0,0,0,0,0,Low,6.2,203,8,85,1.86,5.4,4.9,61.0,73.7
6192,H35605,H,301.0,310.9,1916,22.0,42,0,0,0,0,0,0,High,4.9,180,9,116,2.21,6.2,4.36,49.0,83.3
6193,L53372,L,301.0,310.9,1428,45.3,47,0,0,0,0,0,0,Low,8.2,348,8,196,2.55,5.95,6.64,50.8,80.9
6194,L53373,L,301.0,310.9,1578,38.4,49,0,0,0,0,0,0,Low,7.0,233,11,71,1.43,6.24,5.9,65.2,65.2
6195,L53374,L,300.9,310.8,1571,39.9,51,0,0,0,0,0,0,Low,6.9,288,4,62,0.76,6.31,6.81,59.9,94.9
6196,L53375,L,300.9,310.8,1729,30.2,53,0,0,0,0,0,0,Low,7.6,299,6,634,2.71,5.56,5.42,68.2,69.9
6197,L53376,L,300.9,310.8,1701,30.4,55,0,0,0,0,0,0,Low,5.1,236,7,292,1.47,6.23,5.13,37.3,71.8
6198,L53377,L,300.9,310.8,1493,45.8,57,0,0,0,0,0,0,Low,9.9,204,9,427,1.42,6.89,6.92,64.7,83.2
6199,M21058,M,301.0,310.9,1554,32.7,59,0,0,0,0,0,0,Medium,3.7,360,4,174,0.57,6.38,5.03,40.5,83.5
6200,L53379,L,300.9,310.9,1497,43.2,62,0,0,0,0,0,0,Low,6.7,341,8,14,2.42,6.02,6.66,76.5,83.6
6201,L53380,L,301.0,310.9,1679,29.8,64,0,0,0,0,0,0,Low,3.4,247,4,25,2.33,5.99,5.24,56.0,56.4
6202,M21061,M,301.0,310.9,1510,44.5,66,0,0,0,0,0,0,Medium,6.7,458,8,134,0.57,6.94,7.2,54.4,77.0
6203,L53382,L,301.0,310.9,1296,54.9,69,0,0,0,0,0,0,Low,3.5,326,6,378,2.72,6.95,6.77,58.0,69.0
6204,L53383,L,301.0,310.9,1404,41.8,71,0,0,0,0,0,0,Low,5.3,424,8,706,1.94,5.37,6.19,60.7,60.9
6205,M21064,M,300.9,310.8,1519,34.9,73,0,0,0,0,0,0,Medium,5.2,389,4,787,2.29,6.28,5.12,68.8,68.2
6206,M21065,M,300.9,310.7,1696,27.3,76,0,0,0,0,0,0,Medium,8.9,641,9,104,1.47,5.79,4.74,73.4,65.0
6207,M21066,M,300.8,310.6,1669,28.4,79,0,0,0,0,0,0,Medium,4.0,292,3,186,0.7,5.21,5.07,29.3,82.8
6208,L53387,L,300.7,310.6,1447,40.7,82,0,0,0,0,0,0,Low,6.0,473,10,406,1.17,6.5,6.1,51.6,65.6
6209,M21068,M,300.7,310.6,1418,46.3,84,0,0,0,0,0,0,Medium,7.4,363,7,807,0.82,6.36,6.17,48.0,67.4
6210,L53389,L,300.7,310.6,1407,40.5,87,0,0,0,0,0,0,Low,10.2,524,13,1188,2.17,5.65,5.82,44.5,33.5
6211,L53390,L,300.8,310.5,1434,44.5,89,0,0,0,0,0,0,Low,6.3,538,5,58,0.2,5.86,7.2,36.0,76.4
6212,L53391,L,300.8,310.6,1360,48.8,91,0,0,0,0,0,0,Low,9.1,317,15,157,1.67,6.74,7.31,55.7,47.9
6213,L53392,L,300.8,310.6,1402,53.7,93,0,0,0,0,0,0,Low,7.7,422,13,117,1.49,5.81,8.85,36.5,88.7
6214,L53393,L,300.9,310.6,1552,34.9,95,0,0,0,0,0,0,Low,10.3,462,15,165,1.21,5.62,5.69,69.4,74.7
6215,L53394,L,300.9,310.7,1392,44.2,97,0,0,0,0,0,0,Low,6.6,461,8,404,1.43,5.34,6.21,44.0,63.1
6216,L53395,L,301.1,310.8,1521,41.0,99,0,0,0,0,0,0,Low,6.6,549,5,134,1.78,6.34,6.4,61.0,78.2
6217,L53396,L,301.1,310.8,1724,27.5,101,0,0,0,0,0,0,Low,6.6,509,8,112,1.87,5.08,5.0,43.3,71.6
6218,M21077,M,301.0,310.7,1455,46.1,103,0,0,0,0,0,0,Medium,9.1,673,15,206,1.67,5.15,6.92,42.5,57.0
6219,H35632,H,301.0,310.6,1366,50.6,106,0,0,0,0,0,0,High,6.4,443,8,516,1.76,5.9,7.49,49.1,62.1
6220,H35633,H,301.1,310.6,1407,43.9,111,0,0,0,0,0,0,High,8.5,693,13,41,2.37,5.64,6.64,40.5,68.5
6221,L53400,L,301.1,310.8,1470,49.3,116,0,0,0,0,0,0,Low,7.4,389,12,296,2.3,5.22,7.04,71.4,58.9
6222,M21081,M,301.2,310.9,1359,50.8,118,0,0,0,0,0,0,Medium,7.1,661,13,163,1.54,5.38,7.54,59.7,64.3
6223,H35636,H,301.1,310.8,1792,25.8,121,0,0,0,0,0,0,High,8.3,644,8,198,1.13,4.94,4.88,66.2,67.5
6224,M21083,M,301.1,310.9,1552,37.9,126,0,0,0,0,0,0,Medium,5.1,516,10,1217,1.68,6.08,6.65,49.9,62.1
6225,L53404,L,301.2,311.0,1612,32.9,129,0,0,0,0,0,0,Low,8.0,661,6,199,1.75,5.18,5.83,71.0,83.7
6226,M21085,M,301.2,311.0,1424,41.4,131,0,0,0,0,0,0,Medium,8.0,732,11,326,1.04,5.26,6.52,63.5,74.4
6227,H35640,H,301.3,311.0,1341,59.3,134,0,0,0,0,0,0,High,7.9,712,16,350,1.98,5.98,8.29,41.9,84.1
6228,L53407,L,301.2,310.8,1479,38.2,139,0,0,0,0,0,0,Low,6.1,622,7,360,1.88,5.85,5.53,57.1,87.0
6229,L53408,L,301.2,310.9,1413,50.1,141,0,0,0,0,0,0,Low,8.8,868,10,146,3.39,6.1,7.9,66.3,100.0
6230,L53409,L,301.3,310.9,2165,17.4,143,0,0,0,0,0,0,Low,9.8,760,15,205,3.57,7.07,4.09,48.0,58.8
6231,M21090,M,301.3,311.0,1641,33.0,145,0,0,0,0,0,0,Medium,8.1,830,12,51,1.47,5.58,6.15,65.8,83.8
6232,M21091,M,301.3,311.0,1495,40.8,148,0,0,0,0,0,0,Medium,5.5,617,6,255,1.81,4.21,6.24,33.5,79.3
6233,L53412,L,301.3,311.0,1576,30.4,151,0,0,0,0,0,0,Low,10.6,810,8,375,2.17,6.48,5.11,53.0,71.8
6234,L53413,L,301.2,310.9,1467,37.1,153,0,0,0,0,0,0,Low,13.7,503,16,437,2.19,5.21,5.72,48.9,59.5
6235,L53414,L,301.2,310.8,1479,41.2,155,0,0,0,0,0,0,Low,8.5,841,9,67,2.89,6.43,6.18,76.8,83.6
6236,L53415,L,301.3,310.9,1596,33.9,157,0,0,0,0,0,0,Low,15.4,879,24,341,1.9,5.41,5.2,41.4,90.4
6237,M21096,M,301.3,310.9,1512,36.9,159,0,0,0,0,0,0,Medium,7.8,896,6,174,1.42,6.0,5.75,56.3,90.7
6238,L53417,L,301.4,310.9,1414,38.8,162,0,0,0,0,0,0,Low,13.7,1195,19,128,2.08,5.77,5.52,76.0,90.6
6239,L53418,L,301.3,310.8,1390,57.4,164,0,0,0,0,0,0,Low,10.9,1145,13,125,2.25,5.78,8.88,58.9,74.1
6240,L53419,L,301.2,310.7,1644,31.6,166,0,0,0,0,0,0,Low,17.9,1024,29,57,2.31,4.89,5.54,42.4,46.1
6241,M21100,M,301.2,310.7,1394,42.8,168,0,0,0,0,0,0,Medium,7.8,671,8,154,1.72,5.66,6.1,66.3,72.9
6242,L53421,L,301.1,310.5,1324,52.4,171,0,0,0,0,0,0,Low,9.2,917,13,414,3.06,5.35,7.7,83.0,60.5
6243,L53422,L,301.0,310.4,1476,43.6,173,0,0,0,0,0,0,Low,8.9,1056,14,174,3.03,6.2,7.05,56.3,99.3
6244,L53423,L,301.0,310.4,2204,16.6,175,0,0,0,0,0,0,Low,10.0,650,18,725,2.63,7.13,3.87,79.7,62.2
6245,M21104,M,301.0,310.4,1665,30.9,177,0,0,0,0,0,0,Medium,10.2,695,12,48,1.86,5.91,5.39,63.7,71.0
6246,L53425,L,300.9,310.4,1445,41.7,180,0,0,0,0,0,0,Low,11.9,679,9,422,1.64,7.02,6.02,84.7,67.8
6247,H35660,H,300.8,310.3,1457,46.8,182,0,0,0,0,0,0,High,12.9,1177,14,12,2.33,4.94,7.22,63.5,81.9
6248,L53427,L,300.8,310.2,1492,46.3,187,0,0,0,0,0,0,Low,11.1,1084,9,237,3.12,6.13,7.19,87.4,70.0
6249,L53428,L,300.8,310.1,1405,61.2,189,1,0,0,1,1,0,Low,10.6,603,14,606,2.45,5.84,9.55,49.3,63.0
6250,L53429,L,300.7,310.1,1542,35.5,191,0,0,0,0,0,0,Low,9.8,971,8,408,2.66,5.53,5.87,57.9,79.9
6251,L53430,L,300.8,310.2,1520,37.7,193,0,0,0,0,0,0,Low,10.2,1143,12,999,3.48,4.75,5.91,40.6,35.2
6252,M21111,M,300.8,310.2,1598,36.5,195,0,0,0,0,0,0,Medium,10.7,843,21,51,2.09,6.24,6.51,67.0,82.4
6253,L53432,L,300.8,310.3,1538,36.1,198,0,0,0,0,0,0,Low,11.9,819,22,78,2.2,6.48,5.66,58.6,68.7
6254,L53433,L,300.9,310.4,1615,30.9,200,0,0,0,0,0,0,Low,10.7,1220,12,224,2.36,6.01,5.12,65.7,84.5
6255,L53434,L,301.0,310.5,1408,47.0,202,0,0,0,0,0,0,Low,11.5,1031,11,156,3.71,5.07,6.98,63.6,71.0
6256,L53435,L,301.0,310.5,1379,57.3,204,1,0,0,0,1,0,Low,12.2,907,19,151,3.45,5.48,8.55,62.7,64.0
6257,L53436,L,301.0,310.6,1493,37.8,206,1,1,0,0,0,0,Low,14.0,1487,23,444,3.16,5.7,6.05,68.3,69.3
6258,L53437,L,301.1,310.7,1376,49.1,0,0,0,0,0,0,0,Low,8.0,5,9,152,1.49,6.71,7.74,70.1,65.1
6259,M21118,M,301.1,310.7,1583,40.7,2,0,0,0,0,0,0,Medium,1.7,27,2,97,2.17,5.23,6.96,61.8,90.7
6260,M21119,M,301.2,310.8,1396,47.4,5,0,0,0,0,0,0,Medium,1.9,49,4,75,1.7,6.42,6.32,59.6,78.1
6261,L53440,L,301.1,310.7,1436,45.3,8,0,0,0,0,0,0,Low,2.2,48,2,702,2.68,6.78,6.9,43.3,48.9
6262,L53441,L,301.1,310.6,1417,47.6,10,0,0,0,0,0,0,Low,1.2,19,1,116,2.3,5.96,7.11,71.5,65.3
6263,L53442,L,301.0,310.6,1641,33.4,12,0,0,0,0,0,0,Low,1.9,48,5,195,2.73,6.11,5.5,42.6,70.1
6264,M21123,M,301.0,310.6,1698,27.3,14,0,0,0,0,0,0,Medium,3.8,115,3,126,2.48,5.81,4.82,52.5,71.0
6265,L53444,L,300.9,310.4,1541,39.1,17,0,0,0,0,0,0,Low,2.2,120,3,328,1.05,5.19,5.91,56.4,71.3
6266,L53445,L,300.8,310.3,1383,46.6,19,0,0,0,0,0,0,Low,5.0,128,1,342,2.73,6.05,6.86,35.7,51.3
6267,L53446,L,300.8,310.4,1368,46.8,21,0,0,0,0,0,0,Low,1.5,106,2,682,2.73,5.48,6.68,36.8,84.1
6268,L53447,L,300.8,310.4,1570,35.2,23,0,0,0,0,0,0,Low,2.2,121,2,75,0.8,6.53,5.52,44.3,67.6
6269,L53448,L,300.9,310.5,1616,33.5,25,0,0,0,0,0,0,Low,8.9,92,10,250,1.65,6.51,5.54,62.8,60.5
6270,M21129,M,300.9,310.5,1444,43.2,27,0,0,0,0,0,0,Medium,2.6,138,0,27,1.1,6.02,6.94,60.5,62.0
6271,L53450,L,300.9,310.4,2021,18.8,30,0,0,0,0,0,0,Low,4.1,194,6,558,2.56,5.63,4.01,46.9,51.8
6272,M21131,M,300.9,310.5,1702,29.3,32,0,0,0,0,0,0,Medium,5.0,287,11,526,1.93,6.29,5.15,75.7,73.9
6273,M21132,M,301.1,310.6,1429,52.7,35,0,0,0,0,0,0,Medium,2.1,133,2,182,2.34,5.61,7.62,49.6,65.9
6274,L53453,L,301.2,310.8,1711,28.9,38,0,0,0,0,0,0,Low,2.1,95,4,73,1.46,4.37,5.34,78.5,56.2
6275,M21134,M,301.2,310.7,1543,32.9,40,0,0,0,0,0,0,Medium,5.3,243,4,507,0.69,5.36,5.54,51.1,59.0
6276,L53455,L,301.3,310.8,1628,32.2,43,0,0,0,0,0,0,Low,2.8,169,4,828,1.01,5.69,5.7,45.2,62.1
6277,L53456,L,301.2,310.8,1233,64.6,45,0,0,0,0,0,0,Low,3.0,201,3,732,3.07,5.39,8.62,95.0,69.3
6278,L53457,L,301.2,310.8,1461,40.6,47,0,0,0,0,0,0,Low,2.6,155,1,576,1.0,6.76,6.55,24.7,47.7
6279,L53458,L,301.2,310.7,1568,38.3,49,0,0,0,0,0,0,Low,7.5,161,6,385,0.7,5.06,6.19,60.0,38.5
6280,L53459,L,301.3,310.8,1432,54.4,51,0,0,0,0,0,0,Low,9.2,462,14,448,1.6,6.25,7.87,44.0,52.2
6281,M21140,M,301.2,310.7,1527,41.1,53,0,0,0,0,0,0,Medium,4.9,239,4,1129,2.06,6.01,6.7,37.0,75.9
6282,M21141,M,301.3,310.8,1455,41.2,56,0,0,0,0,0,0,Medium,3.5,154,3,37,0.96,5.3,6.32,54.6,46.6
6283,M21142,M,301.3,310.8,1418,45.4,59,0,0,0,0,0,0,Medium,4.9,257,5,458,1.95,6.0,6.67,79.1,52.2
6284,L53463,L,301.3,310.8,1719,29.5,62,0,0,0,0,0,0,Low,6.9,410,10,216,1.86,5.27,5.33,63.7,73.2
6285,M21144,M,301.2,310.8,1734,31.3,64,0,0,0,0,0,0,Medium,5.8,278,8,1,1.95,5.99,6.26,31.4,100.0
6286,M21145,M,301.2,310.7,1426,46.1,67,0,0,0,0,0,0,Medium,5.4,468,2,258,1.94,6.03,7.01,37.6,64.3
6287,L53466,L,301.1,310.6,1611,35.2,70,0,0,0,0,0,0,Low,4.3,292,9,65,0.8,4.86,6.17,47.1,77.5
6288,M21147,M,301.1,310.6,1479,41.1,72,0,0,0,0,0,0,Medium,5.8,487,8,85,1.66,4.85,5.92,40.9,88.5
6289,L53468,L,301.0,310.5,1317,50.9,75,0,0,0,0,0,0,Low,6.3,386,8,295,1.71,6.9,7.45,76.1,57.1
6290,L53469,L,301.0,310.5,1248,61.4,77,0,0,0,0,0,0,Low,10.0,476,9,36,2.25,6.3,8.06,63.6,94.3
6291,L53470,L,301.0,310.5,1932,21.7,79,0,0,0,0,0,0,Low,6.4,467,14,100,1.9,5.53,4.43,48.1,61.9
6292,M21151,M,301.1,310.5,1547,35.8,81,0,0,0,0,0,0,Medium,5.3,312,8,159,1.4,5.76,5.74,54.3,80.5
6293,L53472,L,301.0,310.4,1614,31.6,84,0,0,0,0,0,0,Low,4.9,443,11,108,1.88,5.67,5.03,41.2,100.0
6294,H35707,H,301.0,310.4,1512,44.9,86,0,0,0,0,0,0,High,4.8,509,6,63,2.11,6.57,6.56,47.3,65.7
6295,L53474,L,301.1,310.5,1529,38.7,91,0,0,0,0,0,0,Low,6.6,572,8,604,2.07,5.71,5.96,37.1,61.8
6296,H35709,H,301.1,310.6,1782,24.9,93,0,0,0,0,0,0,High,10.4,765,11,178,3.99,5.04,5.47,56.7,66.2
6297,L53476,L,301.0,310.5,1429,39.4,98,0,0,0,0,0,0,Low,7.0,693,7,218,1.54,5.68,6.35,49.1,69.3
6298,M21157,M,301.1,310.5,1309,60.7,100,0,0,0,0,0,0,Medium,4.5,489,3,423,3.17,5.57,8.39,55.2,61.0
6299,L53478,L,301.1,310.5,1428,44.1,103,0,0,0,0,0,0,Low,7.1,414,6,306,1.25,5.87,6.73,71.2,77.4
6300,L53479,L,301.2,310.6,1385,49.2,105,0,0,0,0,0,0,Low,8.8,656,8,75,1.31,6.83,7.68,52.9,74.8
6301,L53480,L,301.2,310.7,1517,39.4,107,0,0,0,0,0,0,Low,4.7,379,9,215,1.23,5.13,6.33,18.8,74.7
6302,M21161,M,301.2,310.6,1576,39.6,109,0,0,0,0,0,0,Medium,7.3,711,15,38,1.11,5.3,5.92,81.5,73.3
6303,L53482,L,301.2,310.6,1437,51.2,112,0,0,0,0,0,0,Low,6.8,588,11,562,2.63,6.4,8.2,58.6,62.8
6304,H35717,H,301.2,310.6,1457,50.5,114,0,0,0,0,0,0,High,8.1,778,7,56,2.98,5.48,7.73,36.7,75.0
6305,L53484,L,301.1,310.5,1532,37.5,119,0,0,0,0,0,0,Low,10.7,440,14,420,1.93,6.62,6.09,52.8,67.1
6306,M21165,M,301.1,310.5,1603,32.6,121,0,0,0,0,0,0,Medium,4.9,366,5,670,1.65,6.53,5.47,69.0,57.5
6307,L53486,L,301.0,310.4,1563,34.4,124,0,0,0,0,0,0,Low,11.4,988,11,295,1.64,6.37,5.57,50.0,77.9
6308,L53487,L,301.0,310.3,1617,34.5,126,0,0,0,0,0,0,Low,8.4,755,12,183,1.9,6.68,6.08,54.1,69.4
6309,M21168,M,300.8,310.1,1686,26.9,128,0,0,0,0,0,0,Medium,7.4,501,6,324,2.86,6.47,4.79,52.4,75.1
6310,L53489,L,300.9,310.2,1382,50.4,131,0,0,0,0,0,0,Low,10.0,1015,8,639,2.53,5.64,7.38,79.6,66.9
6311,L53490,L,300.9,310.1,2090,17.8,133,0,0,0,0,0,0,Low,6.5,597,9,41,3.61,7.33,3.73,91.7,93.5
6312,L53491,L,300.9,310.3,1446,44.5,135,0,0,0,0,0,0,Low,6.6,498,4,638,1.55,5.2,7.53,69.5,48.0
6313,M21172,M,300.9,310.2,1533,38.1,137,0,0,0,0,0,0,Medium,7.0,681,12,276,1.58,5.97,6.52,80.6,70.2
6314,L53493,L,300.9,310.3,1440,47.6,140,0,0,0,0,0,0,Low,7.2,649,4,553,2.13,5.84,7.55,32.9,68.8
6315,M21174,M,301.0,310.4,1793,25.0,142,0,0,0,0,0,0,Medium,8.3,526,10,542,1.65,6.88,5.07,49.6,73.7
6316,M21175,M,301.0,310.4,1517,46.1,145,0,0,0,0,0,0,Medium,9.5,479,10,28,2.5,6.39,7.38,42.5,69.4
6317,L53496,L,300.9,310.4,1544,36.0,148,0,0,0,0,0,0,Low,15.1,782,20,195,1.49,6.4,6.12,65.4,85.4
6318,L53497,L,300.9,310.3,1321,48.8,150,0,0,0,0,0,0,Low,11.2,897,11,286,1.38,6.4,7.04,73.2,45.5
6319,M21178,M,300.9,310.3,1416,50.9,152,0,0,0,0,0,0,Medium,11.4,1006,14,33,3.63,5.58,7.61,52.1,76.0
6320,L53499,L,300.8,310.2,1514,40.0,155,0,0,0,0,0,0,Low,6.9,690,5,106,2.7,5.53,6.33,50.9,92.4
6321,M21180,M,300.8,310.2,1304,52.5,157,0,0,0,0,0,0,Medium,15.0,1195,12,4,2.77,7.19,7.17,56.6,74.8
6322,L53501,L,300.7,310.2,1286,64.9,160,0,0,0,0,0,0,Low,14.4,903,22,234,3.63,6.98,8.83,44.0,65.4
6323,M21182,M,300.7,310.1,1483,40.2,162,0,0,0,0,0,0,Medium,8.7,834,13,205,2.46,5.91,5.84,30.1,83.4
6324,L53503,L,300.7,310.1,1351,46.9,165,0,0,0,0,0,0,Low,16.4,992,26,277,2.2,5.58,6.86,69.8,67.8
6325,M21184,M,300.7,310.1,1367,52.6,167,0,0,0,0,0,0,Medium,12.4,832,5,16,3.62,6.2,7.99,47.5,56.4
6326,L53505,L,300.7,310.1,1721,32.3,170,0,0,0,0,0,0,Low,7.6,461,10,407,3.29,6.76,5.67,51.3,74.7
6327,L53506,L,300.6,310.0,1455,40.4,172,0,0,0,0,0,0,Low,9.8,912,6,357,2.63,6.26,6.01,65.3,58.1
6328,L53507,L,300.6,310.0,1425,49.5,174,0,0,0,0,0,0,Low,9.5,1047,8,392,1.69,5.74,7.15,39.2,75.6
6329,L53508,L,300.7,310.0,1672,29.7,176,0,0,0,0,0,0,Low,13.0,719,14,350,1.64,5.96,5.11,83.1,78.9
6330,M21189,M,300.7,310.0,1641,34.6,178,0,0,0,0,0,0,Medium,8.3,906,14,12,2.77,6.03,5.61,62.4,90.6
6331,M21190,M,300.5,310.0,1580,37.0,181,0,0,0,0,0,0,Medium,13.2,706,10,84,3.19,6.96,5.99,44.7,79.9
6332,H35745,H,300.5,310.0,1495,47.4,184,0,0,0,0,0,0,High,15.7,942,23,187,1.93,5.45,7.81,72.2,80.3
6333,M21192,M,300.5,309.9,1994,19.8,189,0,0,0,0,0,0,Medium,10.0,1067,13,317,3.85,6.0,3.92,79.5,67.1
6334,M21193,M,300.4,309.9,1415,31.8,192,0,0,0,0,0,0,Medium,14.5,1658,22,457,2.1,6.44,4.67,28.4,79.7
6335,M21194,M,300.4,309.8,1725,30.4,195,0,0,0,0,0,0,Medium,14.6,1544,14,61,3.11,5.34,5.7,15.0,86.7
6336,M21195,M,300.4,309.8,1430,43.4,198,0,0,0,0,0,0,Medium,15.8,1622,15,98,2.5,5.69,6.63,52.0,85.0
6337,L53516,L,300.4,309.8,1395,48.1,201,0,0,0,0,0,0,Low,9.5,955,12,296,2.64,6.55,7.24,55.4,79.2
6338,M21197,M,300.4,309.8,1435,43.6,203,0,0,0,0,0,0,Medium,14.5,1541,20,313,2.58,6.22,6.73,59.0,59.6
6339,L53518,L,300.4,309.9,1681,28.6,206,0,0,0,0,0,0,Low,8.7,760,12,173,3.27,6.35,5.09,77.9,87.4
6340,L53519,L,300.5,310.0,1451,48.6,208,0,0,0,0,0,0,Low,15.8,1068,23,501,3.87,6.8,6.97,59.5,73.8
6341,H35754,H,300.5,309.9,1397,45.9,210,1,1,0,0,0,0,High,12.2,1202,25,53,2.57,5.96,6.75,51.8,41.4
6342,M21201,M,300.4,309.8,1421,47.2,0,0,0,0,0,0,0,Medium,4.0,5,4,236,1.57,7.12,6.81,68.4,87.4
6343,M21202,M,300.3,309.8,1444,42.0,3,0,0,0,0,0,0,Medium,0.9,11,2,708,1.85,6.95,6.62,77.3,59.2
6344,L53523,L,300.2,309.8,1827,23.0,6,0,0,0,0,0,0,Low,3.2,65,3,130,2.35,5.87,4.26,29.2,75.5
6345,H35758,H,300.2,309.8,1374,47.7,8,0,0,0,0,0,0,High,2.1,36,1,324,1.22,6.43,7.22,73.9,65.6
6346,L53525,L,300.2,309.8,1650,29.6,13,0,0,0,0,0,0,Low,4.0,14,8,92,0.32,6.13,5.15,50.3,82.6
6347,L53526,L,300.2,309.7,1275,60.7,15,0,0,0,0,0,0,Low,1.1,38,6,118,1.71,5.15,8.31,71.7,77.0
6348,L53527,L,300.2,309.7,1421,44.6,17,0,0,0,0,0,0,Low,6.7,109,10,158,1.3,6.97,6.86,42.7,70.1
6349,L53528,L,300.2,309.8,1557,33.8,19,0,0,0,0,0,0,Low,2.5,92,2,338,1.56,5.4,5.9,42.0,46.8
6350,L53529,L,300.1,309.8,1506,35.2,21,0,0,0,0,0,0,Low,2.1,93,6,372,2.04,6.51,5.81,66.9,88.2
6351,L53530,L,300.1,309.7,1362,49.1,23,0,0,0,0,0,0,Low,8.4,81,14,334,1.02,6.0,6.89,72.5,65.9
6352,L53531,L,300.0,309.7,1542,47.1,25,0,0,0,0,0,0,Low,4.3,155,3,218,1.69,5.31,7.89,77.2,57.4
6353,L53532,L,300.0,309.6,1496,38.8,27,0,0,0,0,0,0,Low,3.3,113,6,27,2.42,6.64,6.23,32.5,100.0
6354,M21213,M,300.0,309.6,1491,42.0,29,0,0,0,0,0,0,Medium,2.1,156,4,41,1.16,6.41,6.88,61.0,88.2
6355,L53534,L,300.1,309.6,1565,34.8,32,0,0,0,0,0,0,Low,1.9,98,5,32,2.3,5.55,5.76,68.1,68.2
6356,L53535,L,300.1,309.7,1481,37.9,34,0,0,0,0,0,0,Low,2.1,158,2,205,2.03,5.25,6.35,31.8,54.4
6357,M21216,M,300.1,309.7,1420,48.4,36,0,0,0,0,0,0,Medium,3.7,146,4,179,2.62,6.1,7.3,30.9,70.6
6358,L53537,L,300.2,309.8,1398,54.8,39,0,0,0,0,0,0,Low,6.9,179,9,393,1.76,6.2,7.44,59.5,84.1
6359,M21218,M,300.2,309.8,1466,45.7,41,0,0,0,0,0,0,Medium,4.9,215,6,303,1.69,6.45,7.09,58.0,53.6
6360,L53539,L,300.1,309.8,1430,56.7,44,0,0,0,0,0,0,Low,5.0,291,5,124,1.97,4.73,8.18,59.4,70.0
6361,L53540,L,300.1,309.7,1441,40.1,46,0,0,0,0,0,0,Low,3.9,184,8,12,2.26,6.8,5.96,48.5,90.7
6362,M21221,M,300.1,309.7,1348,57.3,48,0,0,0,0,0,0,Medium,6.0,181,5,345,2.26,5.94,8.09,47.0,45.0
6363,L53542,L,300.0,309.6,1738,28.7,51,0,0,0,0,0,0,Low,4.6,304,3,193,1.88,6.31,5.38,83.2,58.5
6364,M21223,M,300.0,309.6,1618,36.2,53,0,0,0,0,0,0,Medium,2.8,262,3,491,0.22,5.91,6.05,49.3,61.9
6365,M21224,M,299.9,309.6,1489,41.7,56,0,0,0,0,0,0,Medium,8.2,393,20,82,0.54,6.49,7.03,58.1,69.0
6366,M21225,M,299.9,309.5,1412,57.9,59,0,0,0,0,0,0,Medium,3.8,338,9,147,2.92,5.28,8.64,38.8,77.3
6367,M21226,M,299.9,309.5,2065,18.1,62,0,0,0,0,0,0,Medium,2.3,219,4,65,2.96,5.13,3.89,70.5,48.1
6368,L53547,L,300.0,309.6,1571,33.1,65,0,0,0,0,0,0,Low,6.8,454,9,132,1.74,6.31,5.74,55.3,79.1
6369,M21228,M,300.0,309.6,1423,48.7,67,0,0,0,0,0,0,Medium,4.1,455,3,335,3.51,6.81,7.4,63.7,65.5
6370,H35783,H,300.0,309.5,1781,24.9,70,0,0,0,0,0,0,High,4.8,284,6,244,1.8,6.19,4.34,77.5,74.9
6371,L53550,L,300.1,309.6,1321,46.9,75,0,0,0,0,0,0,Low,5.4,323,4,94,2.19,5.44,6.16,54.7,60.1
6372,L53551,L,300.1,309.6,1546,36.7,77,0,0,0,0,0,0,Low,5.6,258,7,217,1.93,6.74,6.48,93.2,51.6
6373,M21232,M,300.0,309.5,1879,22.4,79,0,0,0,0,0,0,Medium,7.1,469,9,168,2.73,5.97,4.43,77.4,64.0
6374,H35787,H,300.0,309.5,1735,28.9,82,0,0,0,0,0,0,High,4.4,443,5,185,2.37,5.76,5.26,54.5,70.5
6375,L53554,L,300.0,309.5,1506,38.8,87,0,0,0,0,0,0,Low,9.0,535,11,501,0.84,6.27,6.54,45.5,59.9
6376,H35789,H,300.0,309.6,1629,32.3,89,0,0,0,0,0,0,High,6.0,443,6,290,1.08,5.96,5.53,39.9,53.8
6377,L53556,L,300.0,309.6,1694,28.7,94,0,0,0,0,0,0,Low,8.4,789,7,513,1.77,5.38,5.03,45.8,51.9
6378,L53557,L,300.1,309.6,1541,37.0,96,0,0,0,0,0,0,Low,4.4,435,1,315,1.99,6.22,6.0,33.2,61.4
6379,L53558,L,300.0,309.6,1514,44.6,98,0,0,0,0,0,0,Low,9.0,455,4,260,2.79,5.47,6.98,69.8,94.7
6380,L53559,L,300.1,309.7,1485,45.9,100,0,0,0,0,0,0,Low,9.6,568,8,230,2.14,6.49,7.14,65.7,82.5
6381,L53560,L,300.2,309.8,1430,55.0,102,0,0,0,0,0,0,Low,6.7,610,7,2,1.94,6.03,8.32,56.5,75.8
6382,L53561,L,300.2,309.7,1771,27.1,104,0,0,0,0,0,0,Low,9.1,683,14,83,1.84,5.93,5.16,67.8,72.3
6383,L53562,L,300.2,309.8,1481,41.9,106,0,0,0,0,0,0,Low,7.8,453,12,212,2.03,6.52,6.46,54.2,85.1
6384,H35797,H,300.2,309.7,1483,43.8,108,0,0,0,0,0,0,High,8.4,771,9,183,1.42,5.36,6.82,49.1,71.8
6385,H35798,H,300.1,309.6,1463,45.1,113,0,0,0,0,0,0,High,9.4,540,11,413,2.09,5.89,6.96,66.5,66.9
6386,L53565,L,300.1,309.7,1410,48.3,118,0,0,0,0,0,0,Low,7.8,330,4,26,0.64,6.56,8.01,48.0,60.7
6387,L53566,L,300.2,309.7,1656,34.3,120,0,0,0,0,0,0,Low,4.1,445,1,414,1.07,5.8,6.11,72.3,80.5
6388,M21247,M,300.2,309.8,1487,39.2,122,0,0,0,0,0,0,Medium,11.9,952,19,2,1.82,3.75,5.34,57.8,68.9
6389,H35802,H,300.3,309.9,1509,46.6,125,0,0,0,0,0,0,High,7.4,694,12,168,3.05,6.13,7.33,88.5,61.7
6390,H35803,H,300.3,309.9,1677,30.1,130,0,0,0,0,0,0,High,6.3,621,5,532,1.43,6.38,4.97,60.4,64.3
6391,L53570,L,300.3,309.8,1450,55.0,135,0,0,0,0,0,0,Low,6.5,740,14,88,2.58,6.36,8.24,41.3,93.5
6392,M21251,M,300.2,309.7,1413,43.0,137,0,0,0,0,0,0,Medium,11.2,1038,12,44,2.51,6.31,6.29,58.5,76.7
6393,L53572,L,300.1,309.7,1680,33.8,140,0,0,0,0,0,0,Low,7.7,689,9,36,2.22,5.73,5.49,60.6,62.5
6394,L53573,L,300.2,309.7,1678,30.5,142,0,0,0,0,0,0,Low,7.7,741,7,184,1.97,5.48,5.86,53.7,68.0
6395,M21254,M,300.2,309.7,1408,44.0,144,0,0,0,0,0,0,Medium,7.8,444,7,287,2.66,6.35,6.55,67.5,78.7
6396,M21255,M,300.1,309.6,1376,52.1,147,0,0,0,0,0,0,Medium,21.5,779,24,188,1.54,6.06,7.91,74.2,79.9
6397,L53576,L,300.0,309.6,1526,46.4,150,0,0,0,0,0,0,Low,8.6,617,10,1016,0.82,5.82,7.18,58.3,50.2
6398,M21257,M,300.0,309.6,1587,32.6,152,0,0,0,0,0,0,Medium,11.2,1116,16,380,1.15,5.71,5.42,69.2,46.0
6399,L53578,L,300.1,309.7,1351,58.2,155,0,0,0,0,0,0,Low,14.0,1084,16,549,1.65,6.14,8.55,57.3,65.6
6400,M21259,M,300.1,309.6,1501,38.0,157,0,0,0,0,0,0,Medium,6.6,672,8,16,1.39,6.15,5.62,45.4,80.6
6401,L53580,L,300.1,309.7,1601,35.8,160,0,0,0,0,0,0,Low,7.1,662,12,38,2.03,5.62,6.79,27.3,77.7
6402,M21261,M,300.0,309.6,1573,39.7,162,0,0,0,0,0,0,Medium,11.4,1046,5,25,1.76,6.01,6.95,80.3,92.3
6403,M21262,M,300.1,309.6,1584,36.7,165,0,0,0,0,0,0,Medium,9.8,841,11,229,0.7,5.08,6.16,80.1,90.8
6404,L53583,L,300.1,309.6,1649,33.6,168,0,0,0,0,0,0,Low,15.0,1252,17,487,2.15,6.33,5.64,41.5,83.8
6405,M21264,M,300.2,309.7,1183,61.4,170,0,0,0,0,0,0,Medium,14.7,953,28,143,3.03,6.25,7.7,30.1,62.9
6406,L53585,L,300.1,309.7,2151,17.5,173,0,0,0,0,0,0,Low,11.0,781,9,194,3.6,6.02,3.52,51.1,74.8
6407,L53586,L,300.2,309.8,1526,45.6,175,0,0,0,0,0,0,Low,15.3,1021,17,173,3.07,5.84,7.44,53.6,63.8
6408,M21267,M,300.3,309.9,1611,29.0,177,0,0,0,0,0,0,Medium,15.0,970,15,70,2.79,6.86,5.26,37.7,71.2
6409,L53588,L,300.3,309.9,1601,31.7,180,0,0,0,0,0,0,Low,13.3,1234,11,374,0.8,5.66,4.94,49.4,73.6
6410,L53589,L,300.3,310.0,1560,40.8,182,0,0,0,0,0,0,Low,11.4,1109,15,175,1.95,5.1,6.48,75.9,60.0
6411,L53590,L,300.4,310.1,1544,41.9,184,0,0,0,0,0,0,Low,9.5,680,20,195,2.07,5.74,6.48,56.8,73.6
6412,M21271,M,300.4,310.0,1560,42.3,186,0,0,0,0,0,0,Medium,8.7,980,16,687,1.77,5.27,7.32,44.0,46.1
6413,L53592,L,300.4,310.0,1423,44.2,189,0,0,0,0,0,0,Low,15.5,1306,21,189,3.44,4.23,6.77,62.6,72.6
6414,L53593,L,300.4,310.1,1614,33.5,191,0,0,0,0,0,0,Low,13.2,1082,13,38,2.34,7.07,5.5,50.1,67.8
6415,M21274,M,300.4,310.1,1457,35.1,193,0,0,0,0,0,0,Medium,13.6,1514,11,164,1.84,5.61,5.36,40.9,66.1
6416,L53595,L,300.4,310.1,1503,42.2,196,0,0,0,0,0,0,Low,17.5,1347,22,815,2.81,6.67,6.71,31.0,58.4
6417,H35830,H,300.4,310.1,1484,38.0,198,0,0,0,0,0,0,High,11.2,729,9,33,1.58,6.21,5.57,64.6,77.8
6418,L53597,L,300.3,309.9,1540,39.9,203,0,0,0,0,0,0,Low,12.8,1100,22,8,2.07,6.7,6.1,34.7,63.1
6419,H35832,H,300.3,309.9,1405,52.1,205,0,0,0,0,0,0,High,7.6,656,12,71,3.36,5.51,7.49,60.0,77.5
6420,H35833,H,300.3,309.9,1394,46.7,210,1,1,0,0,0,0,High,15.8,1121,20,41,2.35,7.28,6.52,86.4,72.2
6421,L53600,L,300.3,309.9,1518,36.4,0,0,0,0,0,0,0,Low,0.6,5,1,279,2.54,5.35,5.76,67.8,61.1
6422,L53601,L,300.3,309.9,1527,41.4,2,0,0,0,0,0,0,Low,2.4,5,4,446,1.9,6.11,6.36,57.7,70.0
6423,L53602,L,300.3,309.9,1377,55.3,4,0,0,0,0,0,0,Low,4.4,48,10,192,2.22,5.8,8.04,76.6,82.0
6424,M21283,M,300.3,310.0,1537,37.5,6,0,0,0,0,0,0,Medium,5.8,37,7,428,1.72,6.68,6.02,73.6,90.9
6425,M21284,M,300.3,310.0,1409,43.2,9,0,0,0,0,0,0,Medium,5.4,43,10,16,0.71,6.33,6.58,82.3,59.2
6426,L53605,L,300.3,309.9,1393,56.1,12,0,0,0,0,0,0,Low,1.1,23,0,331,2.18,4.88,8.3,46.2,82.9
6427,L53606,L,300.2,309.7,1448,36.8,14,0,0,0,0,0,0,Low,3.9,61,4,25,0.76,5.83,5.05,41.0,68.9
6428,L53607,L,300.2,309.8,1418,49.3,16,0,0,0,0,0,0,Low,3.6,99,2,52,2.6,6.84,7.16,33.0,77.8
6429,M21288,M,300.2,309.8,1743,24.1,18,0,0,0,0,0,0,Medium,1.0,71,0,107,3.14,5.48,4.51,68.8,58.4
6430,M21289,M,300.2,309.8,1394,47.4,21,0,0,0,0,0,0,Medium,2.0,145,2,49,1.02,5.82,7.35,72.1,80.2
6431,L53610,L,300.3,309.8,1523,39.2,24,0,0,0,0,0,0,Low,1.4,127,1,67,1.23,5.98,6.63,18.3,64.7
6432,L53611,L,300.2,309.8,1353,59.4,26,0,0,0,0,0,0,Low,2.0,185,0,80,2.48,5.82,8.97,72.4,73.5
6433,M21292,M,300.3,309.9,1447,46.5,28,0,0,0,0,0,0,Medium,2.2,153,3,479,2.44,6.76,7.1,61.6,56.6
6434,L53613,L,300.3,309.9,1570,34.0,31,0,0,0,0,0,0,Low,3.2,121,4,38,2.82,5.59,5.91,44.3,66.4
6435,M21294,M,300.3,309.9,1494,38.5,33,0,0,0,0,0,0,Medium,3.5,141,5,280,1.49,6.03,6.6,70.8,60.2
6436,L53615,L,300.3,309.9,1621,34.1,36,0,0,0,0,0,0,Low,5.1,209,5,370,2.58,6.45,6.04,60.3,89.9
6437,L53616,L,300.4,310.0,1769,26.1,38,0,0,0,0,0,0,Low,2.7,157,3,133,2.01,6.12,4.92,64.4,61.5
6438,L53617,L,300.4,310.0,1282,66.1,40,0,0,0,0,0,0,Low,7.0,150,9,411,2.47,6.62,9.13,40.5,77.4
6439,L53618,L,300.4,310.0,1581,30.3,42,0,0,0,0,0,0,Low,6.2,167,5,22,0.71,5.73,4.54,40.8,70.9
6440,L53619,L,300.6,310.1,1656,32.7,44,0,0,0,0,0,0,Low,4.5,156,7,124,1.34,5.68,5.55,54.9,64.1
6441,L53620,L,300.6,310.2,1648,31.7,46,0,0,0,0,0,0,Low,9.3,218,13,199,1.73,6.06,4.76,51.4,74.4
6442,L53621,L,300.7,310.2,1639,31.4,48,0,0,0,0,0,0,Low,5.1,247,9,153,1.46,5.9,5.37,51.7,83.3
6443,L53622,L,300.7,310.2,1348,54.8,50,0,0,0,0,0,0,Low,2.2,192,3,507,3.77,6.1,7.41,76.2,53.5
6444,L53623,L,300.8,310.3,1537,33.3,52,0,0,0,0,0,0,Low,6.1,262,8,679,1.73,6.0,4.93,61.3,88.6
6445,M21304,M,300.8,310.3,1270,61.0,54,0,0,0,0,0,0,Medium,4.8,263,14,226,2.3,6.28,8.3,45.1,92.0
6446,L53625,L,300.7,310.3,1662,34.4,57,0,0,0,0,0,0,Low,3.3,184,2,1,0.84,6.08,5.78,56.7,74.6
6447,M21306,M,300.7,310.3,1471,40.2,59,0,0,0,0,0,0,Medium,3.8,219,4,481,1.27,6.34,6.14,84.4,71.1
6448,L53627,L,300.6,310.1,1337,45.8,62,0,0,0,0,0,0,Low,6.4,344,7,141,1.35,5.82,6.55,45.0,76.3
6449,H35862,H,300.7,310.2,1877,24.8,64,0,0,0,0,0,0,High,6.4,397,9,160,2.05,6.37,4.51,35.3,72.6
6450,L53629,L,300.6,310.2,1519,44.6,69,0,0,0,0,0,0,Low,10.6,252,11,165,2.8,5.81,7.35,52.5,80.4
6451,L53630,L,300.6,310.2,1378,47.3,71,0,0,0,0,0,0,Low,5.5,316,5,530,2.17,7.38,6.85,45.5,56.2
6452,L53631,L,300.7,310.2,1696,27.5,73,0,0,0,0,0,0,Low,5.9,351,6,51,2.02,6.68,5.01,59.7,89.1
6453,L53632,L,300.7,310.1,1376,50.8,75,0,0,0,0,0,0,Low,5.8,384,6,437,1.78,7.12,7.04,54.3,62.2
6454,L53633,L,300.7,310.2,1807,24.2,77,0,0,0,0,0,0,Low,5.7,368,1,117,1.77,5.92,4.83,62.1,79.7
6455,L53634,L,300.7,310.1,1598,32.8,79,0,0,0,0,0,0,Low,4.4,409,8,264,1.85,5.44,5.5,49.7,68.5
6456,L53635,L,300.7,310.1,1565,40.2,81,0,0,0,0,0,0,Low,5.5,477,9,496,1.96,4.39,6.65,47.0,57.1
6457,L53636,L,300.7,310.2,1387,50.6,83,0,0,0,0,0,0,Low,6.8,409,3,191,2.32,5.42,7.2,54.3,57.6
6458,L53637,L,300.7,310.0,1395,48.0,85,0,0,0,0,0,0,Low,4.1,422,5,139,2.32,6.09,6.51,35.8,68.8
6459,M21318,M,300.6,310.0,1302,62.9,87,0,0,0,0,0,0,Medium,6.0,475,3,42,3.09,6.96,8.61,68.1,71.6
6460,M21319,M,300.6,310.0,1397,55.2,90,0,0,0,0,0,0,Medium,9.0,360,9,26,1.36,5.71,8.32,95.0,87.5
6461,L53640,L,300.6,310.0,1313,52.9,93,0,0,0,0,0,0,Low,5.2,393,6,5,2.21,5.8,7.21,51.1,67.9
6462,L53641,L,300.6,310.0,1505,35.9,95,0,0,0,0,0,0,Low,10.1,352,19,124,2.22,6.4,5.39,77.4,84.9
6463,H35876,H,300.6,310.0,1483,44.0,97,0,0,0,0,0,0,High,6.5,542,4,320,1.29,4.8,6.69,73.9,51.7
6464,H35877,H,300.5,310.0,1358,60.4,102,0,0,0,0,0,0,High,8.5,415,10,323,1.92,6.55,8.83,61.0,61.4
6465,M21324,M,300.5,309.9,1735,27.0,107,0,0,0,0,0,0,Medium,7.1,533,13,795,0.81,6.65,5.11,32.9,70.8
6466,M21325,M,300.5,309.8,1416,48.5,110,0,0,0,0,0,0,Medium,7.5,784,8,9,1.27,7.04,7.53,34.5,82.2
6467,L53646,L,300.4,309.7,1740,31.1,113,0,0,0,0,0,0,Low,12.3,478,18,624,1.75,6.09,5.95,36.8,63.9
6468,L53647,L,300.4,309.7,1692,27.4,115,0,0,0,0,0,0,Low,5.9,598,4,98,2.48,5.97,4.6,32.7,54.9
6469,L53648,L,300.5,309.8,1507,42.5,117,0,0,0,0,0,0,Low,4.6,356,2,531,0.66,6.29,6.85,39.0,73.7
6470,M21329,M,300.4,309.6,1521,35.0,119,0,0,0,0,0,0,Medium,12.8,456,21,505,2.23,6.52,5.63,34.3,58.2
6471,L53650,L,300.4,309.6,1379,54.5,122,0,0,0,0,0,0,Low,7.7,563,11,266,2.18,6.68,7.74,50.3,75.6
6472,L53651,L,300.4,309.6,1523,38.5,124,0,0,0,0,0,0,Low,6.1,579,5,947,0.64,6.04,5.59,79.4,52.0
6473,H35886,H,300.4,309.6,1571,33.6,126,0,0,0,0,0,0,High,7.9,630,12,170,2.0,5.67,5.42,36.8,68.1
6474,H35887,H,300.4,309.5,1547,50.7,131,0,0,0,0,0,0,High,11.3,898,15,81,2.42,5.54,8.94,47.9,67.8
6475,M21334,M,300.5,309.7,1347,54.3,136,0,0,0,0,0,0,Medium,11.3,1127,23,20,2.34,6.3,7.79,50.4,97.3
6476,L53655,L,300.5,309.7,1560,30.2,139,0,0,0,0,0,0,Low,14.4,954,17,593,1.98,6.21,4.89,45.8,56.7
6477,L53656,L,300.5,309.7,1384,48.6,141,0,0,0,0,0,0,Low,7.9,778,7,407,2.44,5.63,6.74,49.3,53.6
6478,L53657,L,300.5,309.7,1841,24.6,143,0,0,0,0,0,0,Low,11.1,1296,17,117,2.34,5.9,4.9,65.4,78.4
6479,L53658,L,300.5,309.8,1663,29.1,145,1,0,0,0,0,0,Low,12.5,940,11,70,2.55,7.38,5.48,44.8,50.2
6480,L53659,L,300.6,309.8,1418,42.7,147,0,0,0,0,0,0,Low,9.1,825,15,43,1.05,6.86,6.53,43.3,63.3
6481,L53660,L,300.7,309.9,1775,26.6,149,0,0,0,0,0,0,Low,11.9,820,13,562,2.44,7.16,4.65,60.0,80.8
6482,L53661,L,300.7,309.8,1406,48.4,151,0,0,0,0,0,0,Low,9.7,942,14,65,2.36,6.52,6.78,63.5,70.9
6483,L53662,L,300.6,309.9,1480,43.7,153,0,0,0,0,0,0,Low,10.5,854,12,43,2.59,6.95,6.38,58.9,68.6
6484,L53663,L,300.7,309.9,1412,45.3,155,0,0,0,0,0,0,Low,6.2,532,11,84,2.46,5.63,7.41,45.3,97.7
6485,H35898,H,300.6,309.8,1913,22.5,157,0,0,0,0,0,0,High,7.6,657,10,181,2.33,6.62,4.57,32.6,71.8
6486,L53665,L,300.6,309.8,1629,37.6,162,0,0,0,0,0,0,Low,8.7,968,11,134,2.55,6.27,6.65,32.4,63.6
6487,L53666,L,300.5,309.8,1939,21.4,164,0,0,0,0,0,0,Low,8.2,875,12,3,2.21,6.58,4.43,40.5,82.0
6488,H35901,H,300.6,309.8,1541,36.2,166,0,0,0,0,0,0,High,10.7,904,14,545,1.55,6.05,5.97,62.4,59.5
6489,L53668,L,300.7,309.8,1330,54.4,171,0,0,0,0,0,0,Low,14.0,1118,11,153,2.69,5.4,7.3,64.2,71.1
6490,M21349,M,300.7,309.8,1490,38.8,173,0,0,0,0,0,0,Medium,12.4,1079,10,701,1.55,5.68,5.75,57.9,59.2
6491,L53670,L,300.7,309.9,1383,44.5,176,0,0,0,0,0,0,Low,7.5,771,8,139,2.17,6.97,6.07,50.1,51.1
6492,L53671,L,300.8,310.0,1468,52.7,178,0,0,0,0,0,0,Low,12.3,1044,17,1128,3.15,5.51,8.09,43.4,60.4
6493,M21352,M,300.8,309.9,1444,46.0,180,0,0,0,0,0,0,Medium,11.6,1252,18,681,3.0,6.23,6.79,39.7,87.2
6494,L53673,L,300.7,309.8,1363,53.1,183,0,0,0,0,0,0,Low,10.9,933,8,254,2.21,5.92,7.38,52.5,44.5
6495,L53674,L,300.6,309.7,1617,33.2,185,0,0,0,0,0,0,Low,9.2,930,7,186,1.27,6.64,5.65,56.2,87.5
6496,M21355,M,300.6,309.8,1694,31.1,187,0,0,0,0,0,0,Medium,15.9,1638,17,35,2.09,5.09,5.06,56.6,71.9
6497,L53676,L,300.7,309.9,1815,27.0,190,0,0,0,0,0,0,Low,10.0,1014,14,553,2.69,5.59,4.82,47.5,55.5
6498,L53677,L,300.8,309.9,1312,65.3,192,1,0,0,0,1,0,Low,10.5,816,10,191,4.97,5.2,9.47,50.8,75.0
6499,H35912,H,300.8,309.9,2041,19.2,194,0,0,0,0,0,0,High,9.4,918,4,198,2.9,5.57,4.38,57.4,79.1
6500,L53679,L,300.9,310.0,1671,26.8,199,0,0,0,0,0,0,Low,8.5,564,14,228,3.85,6.44,5.05,56.1,72.7
6501,M21360,M,300.9,310.0,1416,46.6,201,0,0,0,0,0,0,Medium,6.6,771,5,1134,3.24,4.98,6.81,49.0,42.5
6502,M21361,M,300.9,310.0,1600,36.0,204,0,0,0,0,0,0,Medium,11.4,783,8,374,2.74,5.41,6.01,54.8,63.8
6503,L53682,L,300.9,310.0,2595,13.7,207,0,0,0,0,0,0,Low,5.8,568,7,10,4.31,5.41,3.93,81.7,75.9
6504,M21363,M,300.9,309.9,1465,42.9,209,0,0,0,0,0,0,Medium,14.4,907,21,287,3.44,5.83,6.06,33.5,73.4
6505,M21364,M,301.0,310.1,1681,27.4,212,0,0,0,0,0,0,Medium,11.1,1110,17,179,2.68,5.66,4.77,67.9,84.5
6506,L53685,L,301.1,310.1,1457,39.6,215,0,0,0,0,0,0,Low,13.1,856,13,26,3.92,6.07,6.17,57.1,56.3
6507,H35920,H,301.0,310.1,1454,44.1,217,0,0,0,0,0,0,High,11.2,1289,13,345,3.27,6.47,6.62,50.9,70.4
6508,L53687,L,301.0,310.1,1558,32.6,0,0,0,0,0,0,0,Low,5.7,47,8,219,1.41,4.88,5.61,54.1,69.1
6509,H35922,H,301.0,310.1,1756,30.7,2,0,0,0,0,0,0,High,1.5,27,2,307,2.01,6.2,5.67,34.0,69.0
6510,L53689,L,301.1,310.1,1564,36.8,7,0,0,0,0,0,0,Low,5.5,26,8,95,2.28,5.84,5.66,35.8,84.0
6511,L53690,L,301.1,310.2,1455,55.3,9,0,0,0,0,0,0,Low,2.9,54,6,305,3.24,6.23,8.26,53.6,60.2
6512,M21371,M,301.2,310.1,2280,15.7,11,0,0,0,0,0,0,Medium,2.4,49,6,32,2.99,5.67,3.58,83.3,64.9
6513,M21372,M,301.1,310.0,1433,48.1,14,0,0,0,0,0,0,Medium,6.6,73,7,266,1.53,6.7,7.6,41.9,54.6
6514,L53693,L,301.1,310.0,1513,38.0,17,0,0,0,0,0,0,Low,2.4,98,3,434,1.68,5.83,6.26,53.0,67.4
6515,L53694,L,301.0,309.9,1507,41.8,19,0,0,0,0,0,0,Low,8.5,162,9,751,0.85,6.86,6.85,68.4,48.9
6516,L53695,L,301.0,310.0,1480,43.5,21,0,0,0,0,0,0,Low,3.2,130,3,342,2.03,6.94,6.99,38.2,57.4
6517,H35930,H,301.1,310.0,1470,40.1,23,0,0,0,0,0,0,High,4.0,168,1,144,1.12,5.86,6.45,46.4,75.3
6518,L53697,L,301.1,310.1,1540,36.6,28,0,0,0,0,0,0,Low,4.3,171,4,598,1.3,6.26,6.59,53.5,57.2
6519,H35932,H,301.0,310.0,1212,67.9,30,0,0,0,0,0,0,High,1.9,118,3,97,3.36,6.25,8.51,50.5,67.4
6520,L53699,L,301.1,310.1,1417,46.9,35,0,0,0,0,0,0,Low,5.0,206,8,318,2.28,6.18,6.97,66.9,74.2
6521,M21380,M,301.2,310.1,1666,34.9,37,0,0,0,0,0,0,Medium,3.0,203,3,126,1.26,4.75,6.09,77.9,63.5
6522,L53701,L,301.1,310.1,1666,27.2,40,0,0,0,0,0,0,Low,2.9,223,6,60,1.92,4.18,4.81,39.8,78.6
6523,L53702,L,301.1,310.1,1489,45.8,42,0,0,0,0,0,0,Low,2.6,185,5,108,1.75,6.1,7.26,50.6,86.0
6524,M21383,M,301.1,310.2,1850,27.7,44,0,0,0,0,0,0,Medium,3.4,192,4,140,1.7,6.57,5.78,69.7,64.6
6525,L53704,L,301.1,310.4,1874,24.8,47,0,0,0,0,0,0,Low,8.1,233,6,304,2.24,6.19,5.24,87.6,80.7
6526,L53705,L,301.1,310.4,1312,73.6,49,1,0,0,1,0,0,Low,3.1,206,2,69,3.08,6.48,10.24,70.0,61.3
6527,L53706,L,301.2,310.4,1515,38.4,51,0,0,0,0,0,0,Low,4.9,203,4,2,1.39,6.17,6.37,55.6,98.6
6528,L53707,L,301.2,310.4,1516,44.4,53,0,0,0,0,0,0,Low,8.2,287,6,28,2.2,6.06,6.53,68.2,79.9
6529,L53708,L,301.2,310.5,1546,40.0,55,0,0,0,0,0,0,Low,3.4,160,4,27,0.8,6.61,6.67,52.4,68.0
6530,L53709,L,301.3,310.6,1481,40.9,57,0,0,0,0,0,0,Low,7.3,532,14,743,1.27,5.74,6.95,71.2,72.6
6531,H35944,H,301.3,310.6,1605,32.5,59,0,0,0,0,0,0,High,9.5,354,8,98,1.32,6.5,4.62,53.7,62.1
6532,H35945,H,301.2,310.7,1656,26.2,64,0,0,0,0,0,0,High,6.5,342,8,609,0.97,5.81,4.74,49.5,43.4
6533,H35946,H,301.2,310.6,1352,52.0,69,0,0,0,0,0,0,High,5.6,266,4,149,2.11,6.03,7.73,61.8,59.9
6534,L53713,L,301.3,310.7,1504,47.2,74,0,0,0,0,0,0,Low,4.8,278,3,81,1.25,6.84,7.4,47.5,57.2
6535,L53714,L,301.3,310.6,1436,44.2,76,0,0,0,0,0,0,Low,12.1,613,8,732,1.26,6.12,6.91,72.9,43.4
6536,H35949,H,301.2,310.5,1505,43.6,78,0,0,0,0,0,0,High,4.0,256,7,125,1.99,6.3,6.75,74.5,81.0
6537,L53716,L,301.3,310.5,1406,47.1,83,0,0,0,0,0,0,Low,6.2,551,10,84,0.81,6.59,7.57,59.7,81.6
6538,M21397,M,301.3,310.5,1481,39.7,85,0,0,0,0,0,0,Medium,6.7,571,3,129,1.84,4.53,6.48,64.2,64.7
6539,L53718,L,301.4,310.7,1487,44.6,88,0,0,0,0,0,0,Low,7.7,453,9,763,2.5,6.26,7.09,59.8,77.1
6540,L53719,L,301.4,310.7,1436,54.1,90,0,0,0,0,0,0,Low,7.0,476,8,183,2.3,6.13,7.62,35.5,56.9
6541,M21400,M,301.4,310.7,1368,63.7,92,1,0,0,1,0,0,Medium,6.9,691,5,106,3.07,5.22,8.84,67.6,87.0
6542,L53721,L,301.4,310.7,1509,38.3,95,0,0,0,0,0,0,Low,8.0,456,12,44,3.1,5.76,5.4,29.3,62.9
6543,L53722,L,301.4,310.8,1543,36.9,97,0,0,0,0,0,0,Low,7.2,423,10,1410,1.72,6.19,5.97,73.1,49.6
6544,L53723,L,301.4,310.8,1698,29.6,99,0,0,0,0,0,0,Low,4.8,401,8,516,2.07,5.37,5.36,52.0,59.1
6545,M21404,M,301.4,310.7,1470,46.5,101,0,0,0,0,0,0,Medium,8.0,569,15,585,2.36,6.18,7.08,40.0,61.8
6546,M21405,M,301.4,310.8,1738,30.3,104,0,0,0,0,0,0,Medium,9.7,569,15,16,1.59,5.49,5.45,55.7,76.6
6547,M21406,M,301.4,310.8,1530,39.9,107,0,0,0,0,0,0,Medium,7.1,614,8,14,1.12,5.55,6.28,69.1,68.3
6548,L53727,L,301.4,310.8,1740,29.2,110,0,0,0,0,0,0,Low,3.4,357,7,67,1.88,5.6,5.11,72.5,72.5
6549,L53728,L,301.4,310.8,1770,24.1,112,0,0,0,0,0,0,Low,12.7,1240,15,254,1.76,6.41,4.42,71.7,60.7
6550,H35963,H,301.3,310.6,1527,44.0,114,0,0,0,0,0,0,High,8.3,771,7,55,0.92,6.85,7.15,43.8,58.5
6551,L53730,L,301.3,310.7,1516,46.0,119,0,0,0,0,0,0,Low,5.5,626,5,410,0.96,6.37,6.7,40.5,45.3
6552,L53731,L,301.4,310.7,1616,36.5,121,0,0,0,0,0,0,Low,8.7,845,10,1415,0.86,5.67,6.66,50.6,47.8
6553,L53732,L,301.4,310.7,1786,26.1,123,0,0,0,0,0,0,Low,6.8,700,10,97,1.65,6.25,4.8,53.4,94.2
6554,L53733,L,301.4,310.8,1389,52.7,125,0,0,0,0,0,0,Low,12.0,725,15,317,1.39,6.51,7.43,54.6,59.1
6555,M21414,M,301.4,310.7,1639,29.8,127,0,0,0,0,0,0,Medium,12.7,801,7,65,2.06,5.9,5.35,34.1,81.6
6556,H35969,H,301.5,310.7,1394,46.7,130,0,0,0,0,0,0,High,9.2,687,9,113,2.6,5.46,7.22,55.1,85.7
6557,L53736,L,301.5,310.7,1686,27.9,135,0,0,0,0,0,0,Low,7.2,597,12,201,2.17,7.01,5.38,64.7,66.2
6558,M21417,M,301.5,310.6,1638,31.9,137,0,0,0,0,0,0,Medium,8.4,786,9,687,1.4,5.79,5.86,48.2,52.9
6559,M21418,M,301.5,310.6,1447,41.9,140,0,0,0,0,0,0,Medium,11.4,801,11,714,2.94,5.97,5.94,55.6,64.9
6560,H35973,H,301.5,310.6,1512,39.0,143,0,0,0,0,0,0,High,8.6,787,12,208,1.36,5.64,6.32,71.7,80.1
6561,L53740,L,301.6,310.8,1961,21.8,148,0,0,0,0,0,0,Low,9.5,852,10,337,2.26,6.96,4.7,35.3,77.7
6562,L53741,L,301.5,310.7,1596,35.4,150,0,0,0,0,0,0,Low,12.6,1157,13,257,1.79,6.77,6.18,60.9,57.8
6563,M21422,M,301.5,310.7,1871,21.3,152,0,0,0,0,0,0,Medium,12.9,719,17,963,3.0,6.15,3.87,27.7,79.5
6564,L53743,L,301.5,310.7,1942,20.5,155,0,0,0,0,0,0,Low,8.2,920,13,22,2.1,6.53,4.02,36.5,72.7
6565,L53744,L,301.4,310.6,1557,38.2,157,0,0,0,0,0,0,Low,6.4,597,11,63,3.02,5.91,6.03,80.5,72.4
6566,L53745,L,301.4,310.6,1550,36.8,159,0,0,0,0,0,0,Low,6.7,717,5,102,0.88,6.61,6.22,44.0,75.3
6567,L53746,L,301.3,310.6,1966,22.6,161,0,0,0,0,0,0,Low,8.7,635,11,137,2.3,5.93,4.55,58.0,85.5
6568,M21427,M,301.3,310.6,1499,36.1,163,0,0,0,0,0,0,Medium,9.7,1098,8,615,2.54,6.13,5.84,32.8,92.2
6569,L53748,L,301.3,310.6,1521,36.3,166,0,0,0,0,0,0,Low,9.3,964,7,168,3.54,5.6,5.75,50.6,73.1
6570,M21429,M,301.4,310.7,1375,42.0,168,0,0,0,0,0,0,Medium,12.7,1194,11,261,3.02,4.85,6.3,61.1,58.6
6571,L53750,L,301.4,310.6,1634,31.1,171,0,0,0,0,0,0,Low,13.6,1124,16,267,2.7,5.54,5.41,65.6,73.6
6572,M21431,M,301.3,310.6,1378,49.4,173,0,0,0,0,0,0,Medium,7.8,660,8,337,2.04,6.05,7.29,63.3,75.6
6573,L53752,L,301.4,310.7,1428,53.7,176,0,0,0,0,0,0,Low,6.7,653,8,28,2.41,5.63,7.31,52.1,68.2
6574,M21433,M,301.4,310.6,1855,25.3,178,0,0,0,0,0,0,Medium,12.2,1232,9,855,3.27,7.43,4.72,67.3,43.0
6575,L53754,L,301.4,310.6,1578,33.0,181,0,0,0,0,0,0,Low,10.9,1092,18,20,2.88,6.52,5.67,58.5,90.7
6576,M21435,M,301.4,310.5,1451,45.3,183,0,0,0,0,0,0,Medium,13.0,1000,16,224,2.23,6.23,6.81,30.4,85.6
6577,L53756,L,301.5,310.5,1644,34.9,186,0,0,0,0,0,0,Low,8.5,856,18,158,2.34,6.04,5.72,51.4,74.3
6578,L53757,L,301.4,310.4,1388,45.3,188,0,0,0,0,0,0,Low,17.0,1511,25,143,3.2,6.2,6.14,39.7,88.3
6579,L53758,L,301.4,310.4,1543,40.9,190,0,0,0,0,0,0,Low,14.5,1474,14,248,2.96,6.69,6.06,39.0,68.3
6580,L53759,L,301.3,310.4,1501,41.6,192,0,0,0,0,0,0,Low,13.0,936,19,227,2.68,6.02,6.71,54.8,55.6
6581,L53760,L,301.3,310.4,1507,39.1,194,0,0,0,0,0,0,Low,16.3,1643,13,122,2.06,5.65,6.81,40.6,85.9
6582,L53761,L,301.4,310.4,1559,36.0,196,0,0,0,0,0,0,Low,11.3,1170,14,43,2.86,5.72,5.39,62.9,73.7
6583,L53762,L,301.5,310.5,1528,35.7,198,0,0,0,0,0,0,Low,13.3,977,20,224,2.31,5.28,5.85,64.7,96.7
6584,M21443,M,301.5,310.5,1503,38.2,200,0,0,0,0,0,0,Medium,17.3,974,19,74,2.55,5.47,5.94,17.2,53.7
6585,L53764,L,301.5,310.5,1372,44.0,203,0,0,0,0,0,0,Low,11.9,1090,9,109,2.83,6.51,6.3,70.1,79.2
6586,M21445,M,301.5,310.5,1600,32.8,205,0,0,0,0,0,0,Medium,14.3,1158,18,271,3.15,6.43,5.58,54.5,55.9
6587,L53766,L,301.5,310.6,1453,44.0,208,0,0,0,0,0,0,Low,9.9,869,15,502,1.6,6.51,6.21,61.9,76.5
6588,M21447,M,301.6,310.7,1813,24.6,210,0,0,0,0,0,0,Medium,9.8,1015,9,112,3.83,5.26,4.7,69.5,86.0
6589,L53768,L,301.6,310.7,1457,40.4,213,0,0,0,0,0,0,Low,16.4,1328,20,29,3.34,6.62,6.73,37.0,65.2
6590,M21449,M,301.6,310.6,1553,38.9,0,0,0,0,0,0,0,Medium,0.9,5,1,139,2.04,5.76,6.44,55.4,93.7
6591,L53770,L,301.7,310.7,1763,25.9,3,0,0,0,0,0,0,Low,0.8,5,0,298,2.16,5.72,4.83,64.5,48.1
6592,L53771,L,301.7,310.7,2023,20.9,5,0,0,0,0,0,0,Low,5.5,16,8,44,1.57,5.36,4.48,56.6,80.4
6593,M21452,M,301.6,310.7,1457,47.8,7,0,0,0,0,0,0,Medium,2.0,5,8,44,2.37,5.2,7.26,79.3,79.8
6594,L53773,L,301.6,310.7,1679,29.5,10,0,0,0,0,0,0,Low,1.4,55,1,190,1.47,5.36,5.41,42.5,77.7
6595,L53774,L,301.6,310.6,2103,19.7,12,0,0,0,0,0,0,Low,8.0,94,7,83,2.07,5.39,4.61,55.4,85.7
6596,M21455,M,301.5,310.7,1460,38.6,14,0,0,0,0,0,0,Medium,4.8,83,5,129,2.69,5.71,5.84,54.6,76.6
6597,M21456,M,301.5,310.7,1454,39.4,17,0,0,0,0,0,0,Medium,3.1,102,4,201,1.68,6.54,5.59,80.5,76.2
6598,L53777,L,301.5,310.6,1481,46.8,20,0,0,0,0,0,0,Low,4.4,153,4,310,1.6,6.54,7.64,61.7,55.6
6599,L53778,L,301.5,310.7,1424,51.1,22,0,0,0,0,0,0,Low,4.1,145,4,145,1.68,6.55,7.61,55.4,62.7
6600,L53779,L,301.6,310.7,1494,39.5,24,0,0,0,0,0,0,Low,4.6,68,6,343,1.62,5.7,6.13,87.2,64.7
6601,M21460,M,301.5,310.6,1424,47.0,26,0,0,0,0,0,0,Medium,3.3,124,2,306,1.32,5.71,7.37,67.8,82.5
6602,M21461,M,301.5,310.7,1347,47.9,29,0,0,0,0,0,0,Medium,5.4,136,5,113,0.33,6.65,6.71,47.1,79.3
6603,L53782,L,301.5,310.6,1374,46.7,32,0,0,0,0,0,0,Low,3.9,138,4,150,1.06,5.12,7.12,53.9,75.0
6604,M21463,M,301.5,310.6,1403,47.4,34,0,0,0,0,0,0,Medium,1.6,154,2,177,1.77,4.79,7.44,68.1,40.9
6605,M21464,M,301.5,310.6,1573,37.4,37,0,0,0,0,0,0,Medium,2.8,145,2,428,2.08,5.23,6.53,42.9,49.9
6606,M21465,M,301.6,310.6,1691,30.1,40,0,0,0,0,0,0,Medium,6.1,288,3,183,2.19,6.13,5.47,68.2,75.5
6607,H36020,H,301.5,310.5,1538,44.3,43,0,0,0,0,0,0,High,2.9,257,2,1353,2.07,5.98,7.17,74.3,41.9
6608,L53787,L,301.5,310.5,1556,39.1,48,0,0,0,0,0,0,Low,5.1,284,10,1073,1.06,5.24,6.27,64.1,50.6
6609,M21468,M,301.5,310.4,1593,36.8,50,0,0,0,0,0,0,Medium,4.0,248,6,267,1.78,6.08,5.85,46.8,80.3
6610,L53789,L,301.5,310.4,1474,39.9,53,0,0,0,0,0,0,Low,10.1,335,6,10,1.91,6.38,6.58,50.5,76.2
6611,L53790,L,301.5,310.4,1543,34.0,55,0,0,0,0,0,0,Low,8.8,534,11,721,2.0,7.52,5.53,65.2,42.6
6612,H36025,H,301.5,310.5,1587,33.8,57,0,0,0,0,0,0,High,3.5,334,5,228,1.32,6.77,5.49,61.6,64.3
6613,L53792,L,301.6,310.6,1222,70.0,62,0,0,0,0,0,0,Low,6.7,341,7,20,3.28,6.29,9.25,91.8,78.4
6614,L53793,L,301.7,310.6,1513,41.1,64,0,0,0,0,0,0,Low,4.2,275,6,4,1.6,6.55,7.01,43.6,84.7
6615,L53794,L,301.7,310.6,1660,28.7,66,0,0,0,0,0,0,Low,4.1,180,11,687,1.55,7.49,5.05,65.0,53.0
6616,L53795,L,301.7,310.6,1545,42.1,68,0,0,0,0,0,0,Low,4.5,305,7,377,0.94,5.49,7.18,51.6,78.8
6617,M21476,M,301.7,310.6,1380,45.8,70,0,0,0,0,0,0,Medium,10.5,368,13,622,1.55,5.19,7.02,20.1,35.8
6618,L53797,L,301.6,310.6,1321,60.8,73,0,0,0,0,0,0,Low,10.1,376,16,382,2.05,6.78,8.48,74.7,65.9
6619,M21478,M,301.6,310.6,1309,65.8,75,1,0,0,1,0,0,Medium,4.2,338,2,156,2.09,6.0,8.93,51.9,52.7
6620,M21479,M,301.7,310.7,1627,31.3,78,0,0,0,0,0,0,Medium,9.3,487,18,170,1.5,5.33,5.6,75.3,61.0
6621,M21480,M,301.6,310.7,1791,23.8,81,0,0,0,0,0,0,Medium,5.2,435,4,160,1.7,5.87,4.54,68.0,80.6
6622,M21481,M,301.7,310.7,1861,21.8,84,0,0,0,0,0,0,Medium,6.5,615,8,1199,3.42,5.41,4.32,67.8,45.6
6623,L53802,L,301.7,310.7,1493,51.1,87,0,0,0,0,0,0,Low,5.8,360,10,841,2.49,5.39,7.98,50.3,47.5
6624,M21483,M,301.7,310.7,1442,41.1,89,0,0,0,0,0,0,Medium,6.1,437,8,94,1.12,6.41,6.3,47.4,63.4
6625,L53804,L,301.7,310.7,1532,39.8,92,0,0,0,0,0,0,Low,5.8,559,9,81,2.22,5.65,6.25,87.6,89.2
6626,M21485,M,301.6,310.7,1421,44.4,94,0,0,0,0,0,0,Medium,4.7,495,3,271,1.88,5.12,6.47,61.4,79.6
6627,L53806,L,301.6,310.6,1613,42.5,97,0,0,0,0,0,0,Low,6.0,413,8,349,0.9,6.04,7.98,87.1,67.6
6628,M21487,M,301.7,310.6,1876,22.1,99,0,0,0,0,0,0,Medium,5.8,554,7,248,2.15,5.7,4.34,56.3,50.3
6629,L53808,L,301.6,310.5,1593,34.5,102,0,0,0,0,0,0,Low,7.0,587,3,253,1.79,6.23,5.98,62.7,47.6
6630,L53809,L,301.6,310.5,1397,49.4,104,0,0,0,0,0,0,Low,10.9,636,14,356,1.71,5.9,7.13,65.3,60.2
6631,M21490,M,301.6,310.5,1414,49.3,106,0,0,0,0,0,0,Medium,6.5,519,9,13,0.78,5.7,7.81,73.4,70.5
6632,M21491,M,301.5,310.4,1378,55.3,109,0,0,0,0,0,0,Medium,5.3,578,8,131,0.89,6.82,8.14,22.1,100.0
6633,L53812,L,301.4,310.4,1301,51.2,112,0,0,0,0,0,0,Low,10.4,629,16,214,2.4,5.37,6.94,49.9,61.5
6634,M21493,M,301.5,310.5,1737,29.3,114,0,0,0,0,0,0,Medium,10.4,825,13,29,1.92,6.63,4.84,64.8,70.3
6635,L53814,L,301.5,310.5,1396,44.5,117,0,0,0,0,0,0,Low,9.6,603,11,244,1.21,6.05,6.32,79.2,67.1
6636,L53815,L,301.5,310.5,1534,39.3,119,0,0,0,0,0,0,Low,7.8,643,12,42,2.19,6.6,6.58,70.0,63.4
6637,M21496,M,301.5,310.5,1774,25.5,121,0,0,0,0,0,0,Medium,8.1,683,13,102,1.98,5.96,4.23,50.2,94.9
6638,H36051,H,301.5,310.5,1453,48.0,124,0,0,0,0,0,0,High,14.6,603,22,100,1.09,6.23,7.0,63.1,69.1
6639,L53818,L,301.5,310.5,1453,44.2,129,0,0,0,0,0,0,Low,7.9,527,15,6,1.71,6.24,5.66,95.0,51.9
6640,L53819,L,301.4,310.5,1380,48.4,131,0,0,0,0,0,0,Low,9.8,565,14,732,2.35,6.89,6.22,60.0,67.1
6641,L53820,L,301.4,310.4,1334,43.2,133,0,0,0,0,0,0,Low,19.9,604,24,190,0.29,6.23,6.12,53.2,77.2
6642,L53821,L,301.5,310.5,1702,28.7,135,0,0,0,0,0,0,Low,15.6,747,18,245,2.54,5.2,4.79,68.2,81.0
6643,L53822,L,301.6,310.6,1431,37.5,137,0,0,0,0,0,0,Low,7.8,834,4,266,2.29,6.13,5.71,54.0,65.3
6644,M21503,M,301.5,310.5,1308,60.5,139,0,0,0,0,0,0,Medium,9.1,960,7,818,2.89,6.74,8.75,60.7,42.7
6645,L53824,L,301.5,310.6,1565,43.9,142,0,0,0,0,0,0,Low,8.1,884,8,213,1.84,6.72,7.1,64.3,71.6
6646,M21505,M,301.5,310.4,1486,39.6,144,0,0,0,0,0,0,Medium,8.5,738,16,143,1.87,5.78,6.16,48.0,73.0
6647,L53826,L,301.5,310.5,1479,34.2,147,0,0,0,0,0,0,Low,18.3,902,16,823,1.19,5.63,5.13,48.2,51.4
6648,L53827,L,301.5,310.5,1927,22.4,149,0,0,0,0,0,0,Low,6.7,797,11,158,1.94,5.24,4.59,85.3,62.9
6649,L53828,L,301.5,310.4,1488,41.1,151,0,0,0,0,0,0,Low,10.1,1021,12,2,2.69,6.53,6.41,40.2,80.7
6650,M21509,M,301.5,310.4,1350,54.9,153,0,0,0,0,0,0,Medium,12.4,1196,13,200,2.16,6.53,7.28,41.6,61.9
6651,L53830,L,301.6,310.4,1561,35.3,156,0,0,0,0,0,0,Low,6.6,676,5,361,1.75,6.88,5.64,58.3,83.9
6652,M21511,M,301.5,310.4,1276,55.6,158,0,0,0,0,0,0,Medium,10.0,963,21,50,3.03,5.7,7.93,42.8,83.8
6653,H36066,H,301.5,310.4,1580,35.7,161,0,0,0,0,0,0,High,11.2,1088,15,66,0.91,6.11,6.3,65.4,87.4
6654,M21513,M,301.4,310.3,1610,29.1,166,0,0,0,0,0,0,Medium,10.3,1155,16,7,1.86,5.87,4.94,60.8,63.2
6655,L53834,L,301.4,310.3,2203,16.6,169,0,0,0,0,0,0,Low,11.4,827,24,41,2.92,5.59,3.31,67.8,74.2
6656,L53835,L,301.4,310.3,1639,32.7,171,0,0,0,0,0,0,Low,7.1,608,10,398,2.36,5.95,5.87,74.0,60.1
6657,M21516,M,301.4,310.4,1553,44.7,173,0,0,0,0,0,0,Medium,9.3,1006,18,830,2.71,5.34,6.79,62.8,50.6
6658,L53837,L,301.4,310.3,1374,47.6,176,0,0,0,0,0,0,Low,10.5,969,12,475,2.42,6.48,6.66,74.1,85.5
6659,L53838,L,301.4,310.4,1430,50.9,178,0,0,0,0,0,0,Low,10.4,725,10,378,2.68,6.64,7.64,29.5,80.4
6660,L53839,L,301.3,310.3,1626,31.3,180,0,0,0,0,0,0,Low,15.0,1530,14,162,1.57,6.38,5.73,56.1,74.5
6661,H36074,H,301.4,310.5,1421,43.8,182,0,0,0,0,0,0,High,6.0,592,6,73,0.78,6.02,6.44,29.3,92.0
6662,M21521,M,301.3,310.4,1501,39.8,187,0,0,0,0,0,0,Medium,7.1,511,9,236,2.2,6.53,6.45,61.4,83.8
6663,M21522,M,301.3,310.4,2093,18.7,190,0,0,0,0,0,0,Medium,25.0,1936,29,260,2.82,5.69,3.75,76.6,63.7
6664,L53843,L,301.3,310.4,1504,47.2,193,0,0,0,0,0,0,Low,10.5,1082,20,44,2.54,5.2,7.53,37.0,54.6
6665,L53844,L,301.3,310.4,1538,38.4,195,0,0,0,0,0,0,Low,11.5,1241,5,199,2.79,5.82,6.5,27.2,41.5
6666,L53845,L,301.3,310.4,1440,41.5,197,0,0,0,0,0,0,Low,11.1,1119,14,170,1.71,5.66,6.14,45.7,57.5
6667,L53846,L,301.3,310.4,1414,51.4,199,0,0,0,0,0,0,Low,10.9,1154,14,705,3.83,7.49,7.56,68.6,78.6
6668,H36081,H,301.4,310.5,1536,39.9,201,0,0,0,0,0,0,High,8.5,870,8,24,2.97,6.48,6.89,59.2,72.3
6669,L53848,L,301.4,310.5,1476,39.2,206,0,0,0,0,0,0,Low,9.9,1090,14,167,2.54,6.02,5.95,47.7,80.4
6670,L53849,L,301.4,310.5,1571,33.9,208,0,0,0,0,0,0,Low,16.6,1384,23,309,2.99,6.68,5.7,59.5,73.8
6671,L53850,L,301.5,310.6,1998,20.2,210,0,0,0,0,0,0,Low,13.5,1125,17,4,3.14,6.33,4.06,33.7,73.2
6672,L53851,L,301.5,310.6,1357,42.1,212,0,0,0,0,0,0,Low,10.0,972,13,187,2.36,6.08,5.96,58.8,64.3
6673,L53852,L,301.6,310.7,1424,50.5,214,0,0,0,0,0,0,Low,14.0,1498,18,201,2.01,5.97,7.13,45.5,76.0
6674,L53853,L,301.6,310.7,1380,51.8,216,1,0,0,0,1,0,Low,16.9,1634,19,285,1.84,5.56,6.9,68.4,92.5
6675,L53854,L,301.5,310.7,1618,35.5,218,0,0,0,0,0,0,Low,8.5,689,15,98,2.96,6.22,5.87,34.6,76.6
6676,L53855,L,301.5,310.6,1579,28.0,220,0,0,0,0,0,0,Low,13.9,1337,8,45,1.95,6.52,4.9,57.2,54.3
6677,L53856,L,301.5,310.7,1423,44.0,222,0,0,0,0,0,0,Low,16.2,1204,18,164,3.4,5.24,6.64,51.4,48.3
6678,L53857,L,301.5,310.7,1435,38.5,224,0,0,0,0,0,0,Low,14.4,1302,22,965,2.75,6.29,6.01,71.8,57.6
6679,M21538,M,301.5,310.7,1336,65.6,0,1,0,0,1,0,0,Medium,19.2,44,25,359,2.33,6.36,8.66,44.4,63.2
6680,L53859,L,301.6,310.8,1392,42.4,3,0,0,0,0,0,0,Low,1.7,18,1,205,1.08,5.54,6.84,25.8,53.8
6681,L53860,L,301.5,310.8,1417,49.7,5,0,0,0,0,0,0,Low,9.5,31,9,8,0.62,6.05,7.73,65.2,88.3
6682,L53861,L,301.4,310.7,1425,45.1,7,0,0,0,0,0,0,Low,4.0,66,8,181,1.94,5.15,6.4,36.8,64.8
6683,L53862,L,301.5,310.8,1512,38.9,9,0,0,0,0,0,0,Low,1.7,89,3,359,1.83,6.13,6.02,53.8,74.3
6684,L53863,L,301.5,310.9,1318,50.6,11,0,0,0,0,0,0,Low,2.0,75,0,101,1.18,6.33,6.45,61.5,84.5
6685,L53864,L,301.6,310.9,1538,40.4,13,0,0,0,0,0,0,Low,4.6,80,8,179,1.86,6.43,5.97,21.9,53.9
6686,L53865,L,301.6,310.9,1532,43.6,15,0,0,0,0,0,0,Low,1.9,139,1,60,0.83,6.27,7.13,38.7,72.0
6687,L53866,L,301.7,311.0,1715,24.8,17,0,0,0,0,0,0,Low,2.4,12,5,964,0.89,6.59,3.95,71.8,45.4
6688,L53867,L,301.7,311.0,1700,28.7,19,0,0,0,0,0,0,Low,13.0,183,15,597,2.6,5.56,5.14,70.0,70.8
6689,L53868,L,301.7,311.0,1548,40.3,21,0,0,0,0,0,0,Low,1.1,116,2,606,0.49,6.44,6.29,53.9,78.1
6690,L53869,L,301.7,311.0,1546,43.0,23,0,0,0,0,0,0,Low,3.0,82,3,269,0.51,5.81,7.15,39.3,72.0
6691,L53870,L,301.7,311.0,1343,49.2,25,0,0,0,0,0,0,Low,2.2,105,4,359,1.35,5.56,6.96,95.0,71.5
6692,M21551,M,301.7,311.0,1510,47.8,27,0,0,0,0,0,0,Medium,10.8,158,11,80,2.11,5.72,7.02,60.6,70.1
6693,M21552,M,301.8,311.0,1839,23.6,30,0,0,0,0,0,0,Medium,3.8,197,2,17,1.78,5.26,4.49,68.4,81.6
6694,M21553,M,301.8,311.0,1756,26.7,33,0,0,0,0,0,0,Medium,2.5,162,4,83,2.52,6.15,4.94,45.9,61.7
6695,M21554,M,301.7,310.9,1300,62.7,36,0,0,0,0,0,0,Medium,2.3,183,4,60,3.26,5.42,8.56,39.5,50.2
6696,M21555,M,301.7,311.0,1311,55.8,39,0,0,0,0,0,0,Medium,3.6,325,4,370,2.14,6.59,7.62,71.2,76.0
6697,L53876,L,301.7,310.9,1636,31.3,42,0,0,0,0,0,0,Low,10.2,202,19,166,1.41,6.2,5.69,52.6,77.4
6698,L53877,L,301.6,310.9,1643,34.1,44,0,0,0,0,0,0,Low,2.4,262,2,369,2.25,6.26,6.19,59.0,78.5
6699,L53878,L,301.6,310.8,1418,44.7,46,0,0,0,0,0,0,Low,5.3,210,7,393,2.29,5.89,6.26,52.9,73.6
6700,M21559,M,301.7,310.8,1516,40.4,48,0,0,0,0,0,0,Medium,8.2,198,13,29,0.78,4.75,5.96,77.3,59.9
6701,H36114,H,301.6,310.9,1419,50.2,51,0,0,0,0,0,0,High,4.9,316,4,124,2.49,5.84,6.97,52.5,59.4
6702,L53881,L,301.6,310.9,1623,34.1,56,0,0,0,0,0,0,Low,2.7,219,7,699,1.4,6.03,5.73,63.5,73.0
6703,M21562,M,301.6,310.8,1664,32.0,58,0,0,0,0,0,0,Medium,7.0,415,11,170,1.69,5.71,5.63,57.8,58.6
6704,M21563,M,301.5,310.7,1744,28.2,61,0,0,0,0,0,0,Medium,3.1,243,4,137,2.46,6.45,5.61,33.6,69.5
6705,M21564,M,301.5,310.7,1510,36.0,64,0,0,0,0,0,0,Medium,4.9,409,1,562,1.03,5.79,5.43,42.8,51.6
6706,M21565,M,301.5,310.6,1382,58.1,67,0,0,0,0,0,0,Medium,4.1,346,5,43,2.96,6.42,8.4,59.8,89.9
6707,L53886,L,301.4,310.6,1381,46.1,70,0,0,0,0,0,0,Low,4.7,410,5,55,0.96,5.59,6.58,49.1,56.9
6708,L53887,L,301.3,310.6,1556,39.0,72,0,0,0,0,0,0,Low,8.4,425,13,90,1.61,6.56,6.5,51.6,80.0
6709,M21568,M,301.4,310.6,1464,37.4,74,0,0,0,0,0,0,Medium,4.8,328,4,331,0.6,6.73,5.71,77.5,57.3
6710,L53889,L,301.4,310.6,1481,37.6,77,0,0,0,0,0,0,Low,6.2,297,4,19,1.24,5.6,5.58,50.6,81.7
6711,L53890,L,301.5,310.7,1323,49.7,79,0,0,0,0,0,0,Low,6.3,315,5,210,2.5,6.62,6.93,88.0,77.8
6712,L53891,L,301.5,310.7,1426,46.1,81,0,0,0,0,0,0,Low,6.5,488,7,28,0.59,6.18,7.47,51.8,78.2
6713,H36126,H,301.4,310.7,1516,36.4,83,0,0,0,0,0,0,High,10.1,395,14,397,0.54,5.41,5.76,46.4,84.2
6714,L53893,L,301.3,310.6,1416,45.2,88,0,0,0,0,0,0,Low,5.8,573,6,106,2.25,6.12,7.26,78.3,96.8
6715,L53894,L,301.3,310.6,1440,53.8,90,0,0,0,0,0,0,Low,7.6,647,10,345,1.77,6.33,8.07,59.7,23.1
6716,L53895,L,301.3,310.6,1576,30.4,92,0,0,0,0,0,0,Low,5.4,603,4,343,1.45,4.94,5.31,76.2,66.0
6717,L53896,L,301.3,310.6,1387,53.6,94,0,0,0,0,0,0,Low,7.2,564,8,134,2.52,5.64,7.56,37.6,65.7
6718,M21577,M,301.4,310.6,1464,48.6,96,0,0,0,0,0,0,Medium,8.7,492,7,246,2.23,6.2,7.63,24.5,81.5
6719,L53898,L,301.4,310.6,2137,18.0,99,0,0,0,0,0,0,Low,8.0,877,11,199,1.74,5.15,4.26,15.9,83.7
6720,M21579,M,301.4,310.6,1431,40.6,101,0,0,0,0,0,0,Medium,6.1,556,9,215,1.45,5.05,6.34,33.4,52.0
6721,L53900,L,301.3,310.6,1458,48.0,104,0,0,0,0,0,0,Low,4.4,377,7,577,1.84,6.66,7.98,34.7,63.1
6722,L53901,L,301.4,310.7,1280,61.0,106,0,0,0,0,0,0,Low,3.7,432,10,388,2.35,7.29,9.32,63.3,58.8
6723,L53902,L,301.4,310.7,1657,28.7,108,0,0,0,0,0,0,Low,6.2,640,7,159,1.32,6.35,4.61,52.1,78.5
6724,M21583,M,301.4,310.6,1565,36.1,110,0,0,0,0,0,0,Medium,10.7,811,11,153,1.81,5.9,5.57,50.2,85.7
6725,L53904,L,301.3,310.6,1560,36.8,113,0,0,0,0,0,0,Low,6.5,497,8,1150,1.24,5.68,5.58,35.5,39.2
6726,M21585,M,301.5,310.7,1359,47.1,115,0,0,0,0,0,0,Medium,12.4,1118,22,1291,1.83,6.58,7.35,68.3,49.3
6727,L53906,L,301.5,310.8,1500,41.0,118,0,0,0,0,0,0,Low,8.7,482,8,35,1.47,5.72,6.24,65.6,62.4
6728,L53907,L,301.5,310.8,1785,25.5,120,0,0,0,0,0,0,Low,13.4,643,9,93,2.2,6.79,4.68,30.9,53.8
6729,L53908,L,301.5,310.9,1891,23.2,122,0,0,0,0,0,0,Low,4.3,413,5,405,1.09,6.18,4.71,49.4,81.1
6730,H36143,H,301.5,310.9,1524,40.4,124,0,0,0,0,0,0,High,12.2,1034,11,376,1.64,6.45,6.43,42.8,80.6
6731,M21590,M,301.6,311.0,1431,42.3,129,0,0,0,0,0,0,Medium,6.2,565,5,413,2.4,6.39,6.45,81.3,54.4
6732,L53911,L,301.6,310.9,1385,51.2,132,0,0,0,0,0,0,Low,6.7,689,2,1,2.66,5.65,7.2,58.3,88.5
6733,L53912,L,301.7,311.0,1503,44.8,134,0,0,0,0,0,0,Low,7.6,688,8,406,1.32,6.75,7.56,54.8,52.2
6734,M21593,M,301.7,311.0,1311,46.8,136,0,0,0,0,0,0,Medium,12.2,1018,13,183,2.04,6.37,6.07,58.2,81.1
6735,M21594,M,301.6,310.9,1575,40.1,139,0,0,0,0,0,0,Medium,7.6,608,8,40,1.46,5.25,6.58,57.9,62.0
6736,L53915,L,301.6,311.0,1485,40.1,142,0,0,0,0,0,0,Low,7.1,647,6,9,1.26,5.35,6.32,59.1,75.1
6737,L53916,L,301.7,311.0,1527,42.2,144,0,0,0,0,0,0,Low,8.3,509,16,122,1.87,4.71,6.97,23.2,71.1
6738,M21597,M,301.7,311.0,1537,33.5,146,0,0,0,0,0,0,Medium,9.0,625,12,198,1.66,5.93,5.5,55.0,41.8
6739,H36152,H,301.8,311.1,1463,50.1,149,0,0,0,0,0,0,High,9.5,953,15,171,1.01,5.95,7.56,95.0,67.5
6740,L53919,L,301.7,311.2,1482,43.6,154,0,0,0,0,0,0,Low,12.5,1073,12,139,2.5,6.59,6.53,40.6,70.8
6741,L53920,L,301.8,311.2,1417,55.9,156,0,0,0,0,0,0,Low,12.4,1200,19,419,2.83,7.11,9.02,68.9,52.7
6742,M21601,M,301.7,311.1,1506,39.5,158,0,0,0,0,0,0,Medium,6.3,610,9,635,2.44,6.34,5.82,64.1,56.0
6743,H36156,H,301.7,311.2,1639,30.0,161,0,0,0,0,0,0,High,12.7,1066,18,284,2.53,4.89,5.36,53.5,82.1
6744,L53923,L,301.7,311.2,1418,38.0,166,0,0,0,0,0,0,Low,8.9,602,6,615,2.72,6.37,5.29,40.9,61.6
6745,M21604,M,301.7,311.0,1298,58.1,168,0,0,0,0,0,0,Medium,7.0,743,9,197,3.17,5.78,8.08,63.1,64.8
6746,M21605,M,301.8,311.1,1395,44.6,171,0,0,0,0,0,0,Medium,11.0,891,13,88,1.58,6.14,6.82,49.3,56.9
6747,M21606,M,301.7,311.1,1578,40.5,174,0,0,0,0,0,0,Medium,13.3,990,20,78,1.6,6.86,6.24,53.5,64.0
6748,M21607,M,301.8,311.1,1597,29.8,177,0,0,0,0,0,0,Medium,7.7,820,5,294,2.09,5.5,5.15,61.6,67.8
6749,H36162,H,301.7,311.0,2016,19.3,180,0,0,0,0,0,0,High,10.6,937,12,205,2.55,5.09,3.94,40.7,67.2
6750,L53929,L,301.7,311.0,1585,35.9,185,0,0,0,0,0,0,Low,10.0,1092,7,360,1.07,5.97,5.27,49.4,55.9
6751,M21610,M,301.7,311.0,1505,44.0,187,0,0,0,0,0,0,Medium,7.4,766,11,271,1.84,5.12,7.21,65.7,61.2
6752,M21611,M,301.7,311.0,1505,37.1,190,0,0,0,0,0,0,Medium,9.0,1026,6,578,3.08,5.95,5.54,54.4,52.4
6753,L53932,L,301.6,310.9,1706,29.5,193,0,0,0,0,0,0,Low,15.9,1238,14,709,2.12,6.0,5.09,27.6,78.3
6754,L53933,L,301.6,310.9,1385,50.7,195,0,0,0,0,0,0,Low,12.6,895,19,63,3.05,5.01,6.81,60.9,90.0
6755,L53934,L,301.8,311.1,1495,36.9,197,0,0,0,0,0,0,Low,14.3,1080,15,158,1.99,5.6,5.57,63.7,72.0
6756,M21615,M,301.8,311.1,1663,31.6,199,0,0,0,0,0,0,Medium,9.2,900,10,271,2.81,6.57,5.89,65.2,74.9
6757,L53936,L,301.8,311.2,1840,26.6,202,0,0,0,0,0,0,Low,14.7,1207,17,187,2.9,6.81,5.58,51.8,89.3
6758,L53937,L,301.8,311.2,1822,26.2,204,0,0,0,0,0,0,Low,13.3,1483,20,148,2.66,6.71,4.79,40.7,83.6
6759,L53938,L,301.7,311.1,1644,32.8,206,0,0,0,0,0,0,Low,7.1,761,8,228,3.1,6.66,5.59,36.6,60.6
6760,L53939,L,301.7,311.0,1441,44.3,208,1,1,0,0,0,0,Low,8.1,761,9,582,2.47,6.18,6.77,49.1,67.7
6761,L53940,L,301.5,310.9,1451,40.6,0,0,0,0,0,0,0,Low,4.9,5,8,148,0.79,5.05,5.84,65.9,68.4
6762,L53941,L,301.5,310.9,1400,50.8,2,0,0,0,0,0,0,Low,2.9,5,4,180,1.87,6.52,7.68,44.5,82.1
6763,L53942,L,301.4,310.8,1362,53.2,4,0,0,0,0,0,0,Low,2.2,68,2,105,2.94,5.94,8.12,82.1,44.8
6764,M21623,M,301.4,310.8,1782,26.5,6,0,0,0,0,0,0,Medium,1.9,41,4,137,1.51,4.55,4.64,46.1,38.9
6765,L53944,L,301.4,310.9,1536,38.3,9,0,0,0,0,0,0,Low,6.0,51,9,307,1.49,6.21,6.58,76.0,73.8
6766,L53945,L,301.5,310.9,1580,32.3,11,0,0,0,0,0,0,Low,4.3,27,2,199,2.07,5.9,5.02,61.0,73.8
6767,M21626,M,301.4,311.0,1427,43.2,13,0,0,0,0,0,0,Medium,5.9,20,6,74,1.57,6.07,6.36,47.0,79.8
6768,L53947,L,301.3,310.9,1509,41.7,16,0,0,0,0,0,0,Low,6.3,101,5,831,0.62,5.53,7.41,37.4,47.8
6769,H36182,H,301.3,310.8,1434,39.5,18,0,0,0,0,0,0,High,1.0,70,3,26,0.76,5.5,6.48,62.6,56.6
6770,L53949,L,301.2,310.8,1392,52.6,23,0,0,0,0,0,0,Low,6.1,123,8,162,0.89,6.16,7.14,53.0,65.5
6771,M21630,M,301.3,310.8,1509,40.1,25,0,0,0,0,0,0,Medium,5.2,131,6,124,1.37,5.84,6.6,43.8,51.2
6772,M21631,M,301.2,310.7,1962,22.5,28,0,0,0,0,0,0,Medium,1.5,49,1,37,1.42,5.77,4.31,55.8,60.4
6773,L53952,L,301.3,310.7,1536,39.3,31,0,0,0,0,0,0,Low,3.4,196,3,115,1.09,5.41,6.48,58.5,82.8
6774,L53953,L,301.3,310.8,1381,47.9,33,0,0,0,0,0,0,Low,3.7,191,1,610,1.94,5.3,6.79,41.6,58.3
6775,H36188,H,301.2,310.7,1747,27.3,35,0,0,0,0,0,0,High,9.8,235,6,226,1.77,5.52,5.15,56.6,63.7
6776,L53955,L,301.2,310.6,1670,30.0,40,0,0,0,0,0,0,Low,4.1,185,6,116,0.73,6.43,5.33,22.2,60.3
6777,L53956,L,301.3,310.6,1451,47.5,42,0,0,0,0,0,0,Low,6.3,277,7,73,1.67,6.44,7.3,34.6,66.6
6778,L53957,L,301.2,310.7,1951,21.3,44,0,0,0,0,0,0,Low,7.2,270,17,42,2.15,4.88,4.31,68.7,76.4
6779,M21638,M,301.3,310.7,1819,25.5,46,0,0,0,0,0,0,Medium,4.4,332,8,98,2.87,5.94,5.4,49.1,78.5
6780,M21639,M,301.3,310.8,1372,54.2,49,0,0,0,0,0,0,Medium,7.0,178,10,251,2.18,5.69,7.6,64.7,54.3
6781,L53960,L,301.3,310.8,1560,38.5,52,0,0,0,0,0,0,Low,4.0,198,7,17,2.12,7.2,6.08,63.0,76.1
6782,M21641,M,301.3,310.8,1494,35.3,54,0,0,0,0,0,0,Medium,14.1,293,18,8,2.61,5.53,5.96,69.3,97.2
6783,L53962,L,301.3,310.8,1531,53.4,57,0,0,0,0,0,0,Low,4.7,443,5,317,2.84,5.5,8.11,65.0,58.9
6784,L53963,L,301.3,310.8,1450,46.9,59,0,0,0,0,0,0,Low,3.8,199,2,3,1.07,5.52,7.48,68.0,79.5
6785,M21644,M,301.3,310.7,1391,52.5,61,0,0,0,0,0,0,Medium,8.2,368,6,10,1.89,6.82,7.53,32.6,71.2
6786,L53965,L,301.2,310.6,1389,45.3,64,0,0,0,0,0,0,Low,4.8,422,6,192,3.37,4.95,6.31,79.3,70.7
6787,L53966,L,301.2,310.6,1409,50.9,66,0,0,0,0,0,0,Low,8.4,488,6,2,1.42,5.39,7.94,63.8,84.7
6788,H36201,H,301.1,310.6,1388,58.5,68,0,0,0,0,0,0,High,5.4,426,3,378,2.28,6.12,8.63,92.2,71.4
6789,M21648,M,301.1,310.6,1410,43.9,73,0,0,0,0,0,0,Medium,5.6,562,11,381,2.15,6.3,6.5,52.5,74.1
6790,M21649,M,301.1,310.5,1646,30.7,76,0,0,0,0,0,0,Medium,4.6,465,5,26,1.97,6.29,5.34,42.1,61.4
6791,M21650,M,301.1,310.7,2219,16.7,79,0,0,0,0,0,0,Medium,5.4,308,5,119,2.36,4.51,4.01,71.9,66.0
6792,L53971,L,301.2,310.7,1551,41.2,82,0,0,0,0,0,0,Low,7.4,482,12,324,2.16,5.55,6.21,67.7,79.6
6793,L53972,L,301.2,310.6,1811,24.0,84,0,0,0,0,0,0,Low,4.4,411,6,659,1.16,6.22,4.8,29.2,50.3
6794,L53973,L,301.3,310.7,1608,31.4,86,0,0,0,0,0,0,Low,8.0,520,11,213,1.43,5.47,4.83,53.8,74.4
6795,L53974,L,301.3,310.8,1428,55.2,88,0,0,0,0,0,0,Low,4.2,422,5,67,2.43,5.34,7.8,45.5,85.3
6796,L53975,L,301.4,310.8,1477,50.4,90,0,0,0,0,0,0,Low,4.1,287,6,99,1.28,6.46,8.09,47.2,81.6
6797,M21656,M,301.3,310.7,1300,58.3,92,0,0,0,0,0,0,Medium,6.8,545,5,10,3.09,6.77,8.34,56.0,68.2
6798,M21657,M,301.2,310.7,1615,34.9,95,0,0,0,0,0,0,Medium,6.0,465,4,356,2.09,5.65,5.74,41.1,65.1
6799,L53978,L,301.2,310.7,1676,32.4,98,0,0,0,0,0,0,Low,8.9,741,8,226,2.55,5.79,5.93,71.2,73.8
6800,M21659,M,301.1,310.7,2636,12.2,100,1,0,0,1,0,0,Medium,5.2,363,3,42,4.49,5.33,3.31,42.9,64.5
6801,M21660,M,301.1,310.6,1310,48.8,103,0,0,0,0,0,0,Medium,7.2,633,6,40,2.0,6.49,6.14,42.9,63.7
6802,L53981,L,301.1,310.7,1334,48.2,106,0,0,0,0,0,0,Low,5.3,400,5,182,0.98,7.12,6.52,35.9,65.1
6803,M21662,M,301.1,310.7,1621,31.0,108,0,0,0,0,0,0,Medium,6.3,588,5,336,1.92,6.02,4.9,59.5,82.8
6804,M21663,M,301.1,310.7,1367,43.4,111,0,0,0,0,0,0,Medium,8.1,535,8,218,1.75,5.93,6.21,37.3,54.8
6805,L53984,L,301.0,310.6,1588,33.7,114,0,0,0,0,0,0,Low,5.9,475,8,409,2.31,5.91,5.68,63.5,70.3
6806,M21665,M,301.0,310.7,1497,37.6,116,0,0,0,0,0,0,Medium,7.2,713,5,122,1.03,6.06,6.02,71.6,76.7
6807,L53986,L,301.1,310.8,1608,32.9,119,0,0,0,0,0,0,Low,7.8,517,6,335,0.9,4.46,5.17,47.3,89.0
6808,L53987,L,301.0,310.8,1549,41.4,121,0,0,0,0,0,0,Low,9.5,764,14,754,1.38,5.0,6.86,76.7,84.7
6809,L53988,L,301.0,310.7,1391,45.0,123,0,0,0,0,0,0,Low,5.3,524,11,99,2.5,6.84,6.74,50.7,61.4
6810,L53989,L,300.9,310.8,1490,38.1,125,0,0,0,0,0,0,Low,12.4,751,16,258,1.66,7.08,6.34,72.3,77.6
6811,L53990,L,301.0,310.7,1727,34.5,127,0,0,0,0,0,0,Low,6.8,608,7,14,1.73,5.73,6.06,67.3,68.0
6812,L53991,L,300.9,310.6,1504,46.4,129,0,0,0,0,0,0,Low,7.6,703,13,46,1.67,5.54,6.92,45.4,80.1
6813,L53992,L,300.9,310.6,1350,53.8,131,0,0,0,0,0,0,Low,8.0,678,10,286,2.12,6.75,7.3,56.6,55.9
6814,M21673,M,300.9,310.7,1420,43.0,133,0,0,0,0,0,0,Medium,10.8,928,10,957,2.28,6.57,6.46,58.4,60.1
6815,H36228,H,300.8,310.6,1465,44.1,136,0,0,0,0,0,0,High,8.2,691,13,11,1.83,6.57,6.75,41.7,96.4
6816,L53995,L,300.9,310.7,1427,44.1,141,0,0,0,0,0,0,Low,7.1,712,7,471,2.88,5.27,6.53,38.4,52.0
6817,L53996,L,300.9,310.7,1477,43.2,143,0,0,0,0,0,0,Low,7.5,855,10,327,1.76,5.06,6.49,46.4,79.5
6818,M21677,M,301.0,310.7,1493,48.1,145,0,0,0,0,0,0,Medium,12.8,798,13,137,2.01,5.14,7.74,44.3,79.8
6819,M21678,M,301.0,310.7,1657,29.9,148,0,0,0,0,0,0,Medium,7.3,752,9,213,2.56,5.66,5.33,18.0,87.0
6820,L53999,L,300.9,310.7,1359,46.0,151,0,0,0,0,0,0,Low,10.7,889,14,147,2.04,5.7,6.46,87.4,74.9
6821,L54000,L,300.8,310.6,1551,34.5,153,0,0,0,0,0,0,Low,9.6,863,16,808,3.45,6.2,6.26,47.8,61.4
6822,M21681,M,300.8,310.6,1545,37.5,155,0,0,0,0,0,0,Medium,9.0,1044,17,1324,1.58,6.67,5.66,74.4,58.7
6823,M21682,M,300.9,310.6,1709,29.2,158,0,0,0,0,0,0,Medium,5.5,490,6,942,2.08,5.22,5.09,63.8,81.3
6824,M21683,M,300.9,310.7,1268,56.3,161,0,0,0,0,0,0,Medium,12.2,615,15,149,1.65,6.56,7.1,43.6,72.0
6825,L54004,L,300.9,310.7,1740,25.3,164,0,0,0,0,0,0,Low,7.2,803,5,55,3.17,6.61,4.43,67.4,78.4
6826,L54005,L,301.0,310.9,1828,25.1,166,0,0,0,0,0,0,Low,7.4,665,5,502,3.7,7.55,4.74,42.2,68.4
6827,L54006,L,301.0,310.9,1822,21.6,168,0,0,0,0,0,0,Low,15.1,1448,20,874,2.81,6.03,4.19,84.0,43.1
6828,M21687,M,301.0,310.9,1515,41.8,170,0,0,0,0,0,0,Medium,14.9,1666,21,237,3.02,6.0,6.64,45.2,61.6
6829,L54008,L,301.0,310.9,1392,52.9,173,0,0,0,0,0,0,Low,10.5,946,12,67,1.83,5.91,8.79,43.5,61.8
6830,H36243,H,300.9,310.9,1474,35.7,175,0,0,0,0,0,0,High,14.7,1338,15,242,2.67,6.08,5.06,73.1,77.2
6831,M21690,M,301.0,310.9,1359,53.4,180,0,0,0,0,0,0,Medium,11.7,1011,14,4,3.18,7.37,7.46,54.0,72.3
6832,L54011,L,301.1,311.0,1565,52.3,183,0,0,0,0,0,0,Low,10.5,944,12,579,4.12,6.54,8.84,79.0,59.9
6833,M21692,M,301.1,311.1,1384,42.5,185,0,0,0,0,0,0,Medium,8.7,797,7,357,2.76,6.13,5.3,41.7,73.9
6834,L54013,L,301.1,311.1,1387,53.1,188,0,0,0,0,0,0,Low,12.2,1330,21,97,3.32,5.04,7.99,86.3,62.9
6835,L54014,L,301.1,311.0,1378,51.1,190,0,0,0,0,0,0,Low,11.0,897,13,91,2.68,6.28,7.89,37.6,71.8
6836,L54015,L,301.0,310.9,1809,25.7,192,0,0,0,0,0,0,Low,10.8,1019,11,76,3.53,5.31,4.79,62.9,83.8
6837,H36250,H,301.1,311.0,1339,52.8,194,0,0,0,0,0,0,High,15.9,972,15,107,2.22,6.86,7.15,44.5,74.8
6838,M21697,M,301.0,311.0,1423,38.6,199,0,0,0,0,0,0,Medium,14.1,1195,14,252,2.32,5.83,5.61,54.3,80.6
6839,L54018,L,301.1,311.1,1570,41.6,202,0,0,0,0,0,0,Low,8.3,800,8,132,2.56,4.9,6.95,74.3,51.4
6840,L54019,L,301.2,311.2,1558,34.1,204,0,0,0,0,0,0,Low,11.7,1064,15,91,1.56,5.15,5.6,43.2,75.8
6841,L54020,L,301.1,311.1,1799,21.7,206,0,0,0,0,0,0,Low,6.3,656,11,759,3.51,5.51,4.21,81.5,60.5
6842,M21701,M,301.1,311.2,1591,35.0,208,0,0,0,0,0,0,Medium,11.7,1359,11,119,1.9,5.93,5.59,66.3,78.1
6843,L54022,L,301.2,311.2,1635,29.6,211,0,0,0,0,0,0,Low,9.1,902,9,695,3.63,5.78,5.3,26.9,45.5
6844,L54023,L,301.3,311.3,1509,42.5,213,0,0,0,0,0,0,Low,10.6,1189,10,42,2.19,5.75,6.67,49.8,67.5
6845,M21704,M,301.3,311.4,1838,23.2,215,0,0,0,0,0,0,Medium,14.3,1262,18,519,3.28,6.96,5.03,56.9,50.5
6846,M21705,M,301.3,311.5,1648,32.4,0,0,0,0,0,0,0,Medium,7.6,40,8,67,2.23,5.65,5.31,57.8,68.4
6847,M21706,M,301.2,311.5,1498,49.5,3,0,0,0,0,0,0,Medium,5.4,39,7,754,3.19,5.63,8.31,40.1,84.1
6848,L54027,L,301.2,311.4,1757,28.0,6,0,0,0,0,0,0,Low,2.1,38,4,309,1.61,5.96,4.97,45.8,65.1
6849,M21708,M,301.1,311.3,1389,53.3,8,0,0,0,0,0,0,Medium,4.4,49,5,74,1.68,5.8,7.26,36.4,61.7
6850,L54029,L,301.1,311.3,1498,37.6,11,0,0,0,0,0,0,Low,2.1,80,3,100,2.17,6.09,5.89,78.0,57.1
6851,M21710,M,301.0,311.2,1521,35.8,13,0,0,0,0,0,0,Medium,5.6,13,5,177,1.69,5.38,5.37,28.7,61.8
6852,M21711,M,301.0,311.2,1394,41.3,16,0,0,0,0,0,0,Medium,4.3,92,7,143,1.88,6.09,6.14,29.0,69.7
6853,H36266,H,301.0,311.2,1602,32.7,19,0,0,0,0,0,0,High,3.3,117,5,99,1.91,4.85,5.76,42.2,80.9
6854,L54033,L,300.9,311.1,1417,40.7,24,0,0,0,0,0,0,Low,3.7,173,3,107,1.48,5.44,5.89,46.2,78.7
6855,L54034,L,301.0,311.2,1511,42.9,26,0,0,0,0,0,0,Low,4.9,163,6,100,1.45,5.73,6.51,45.3,81.6
6856,M21715,M,301.1,311.3,1654,30.7,28,0,0,0,0,0,0,Medium,3.6,159,4,34,2.77,5.65,5.58,51.4,87.6
6857,M21716,M,301.1,311.3,1836,22.8,31,0,0,0,0,0,0,Medium,6.6,205,5,367,1.26,5.93,4.16,72.2,76.1
6858,L54037,L,301.1,311.3,1622,35.6,34,0,0,0,0,0,0,Low,3.0,154,3,187,0.85,5.37,5.58,42.1,81.8
6859,L54038,L,301.0,311.2,1467,45.4,36,0,0,0,0,0,0,Low,3.2,143,5,298,1.13,6.0,7.29,46.0,100.0
6860,M21719,M,301.1,311.3,1909,22.7,38,0,0,0,0,0,0,Medium,3.6,181,2,173,3.21,6.15,4.58,65.3,77.8
6861,L54040,L,301.1,311.2,1910,20.2,41,0,0,0,0,0,0,Low,3.6,201,6,212,3.41,5.73,4.03,78.9,71.4
6862,H36275,H,301.1,311.3,2207,16.6,43,0,0,0,0,0,0,High,4.0,345,5,1170,3.2,5.96,3.66,66.9,51.7
6863,M21722,M,301.1,311.2,1384,49.4,48,0,0,0,0,0,0,Medium,2.6,121,2,220,0.78,5.77,7.4,22.1,65.5
6864,L54043,L,301.1,311.3,1630,29.5,51,0,0,0,0,0,0,Low,4.6,274,6,520,2.13,5.87,5.23,56.0,54.1
6865,L54044,L,301.1,311.3,1268,60.0,53,0,0,0,0,0,0,Low,4.8,318,6,86,2.37,5.85,7.19,74.5,55.2
6866,L54045,L,301.1,311.4,1531,38.7,55,0,0,0,0,0,0,Low,8.6,236,11,331,1.01,7.6,7.1,24.3,100.0
6867,M21726,M,301.0,311.3,1454,41.5,57,0,0,0,0,0,0,Medium,6.2,372,6,194,2.4,5.99,5.88,55.2,62.1
6868,L54047,L,301.0,311.3,1342,50.9,60,0,0,0,0,0,0,Low,8.2,304,12,585,2.81,5.39,6.91,50.2,73.1
6869,L54048,L,301.0,311.2,1363,46.3,62,0,0,0,0,0,0,Low,4.4,454,6,203,1.36,5.85,6.45,86.5,72.2
6870,L54049,L,301.0,311.2,1412,42.1,64,0,0,0,0,0,0,Low,6.8,281,7,114,2.14,5.22,5.6,60.3,72.0
6871,H36284,H,301.0,311.3,1597,39.2,66,0,0,0,0,0,0,High,5.8,329,8,556,1.33,4.61,6.24,63.8,67.8
6872,L54051,L,301.0,311.3,1349,47.0,71,0,0,0,0,0,0,Low,4.6,301,9,56,1.83,6.06,6.44,72.3,75.6
6873,L54052,L,301.0,311.3,1472,35.3,73,0,0,0,0,0,0,Low,4.0,354,3,943,0.72,6.59,5.34,15.0,32.6
6874,L54053,L,301.0,311.4,1478,39.5,75,0,0,0,0,0,0,Low,7.2,416,7,160,1.06,6.29,5.87,63.4,74.4
6875,H36288,H,300.9,311.3,1295,58.9,77,0,0,0,0,0,0,High,8.0,550,6,353,1.51,6.14,8.45,43.6,76.7
6876,M21735,M,300.8,311.2,1592,32.9,82,0,0,0,0,0,0,Medium,6.7,343,5,190,1.4,6.49,5.57,38.1,79.5
6877,L54056,L,300.8,311.2,1430,54.4,85,0,0,0,0,0,0,Low,6.3,567,4,512,1.1,5.77,8.52,48.8,53.9
6878,M21737,M,300.8,311.2,1488,40.1,87,0,0,0,0,0,0,Medium,9.1,515,11,296,3.14,4.51,6.14,51.5,76.8
6879,H36292,H,300.9,311.2,1518,35.0,90,0,0,0,0,0,0,High,7.8,500,7,285,1.2,6.27,5.75,60.0,58.6
6880,H36293,H,300.8,311.2,2237,17.0,95,0,0,0,0,0,0,High,5.9,499,4,106,2.91,5.69,4.02,68.0,37.7
6881,M21740,M,300.9,311.3,1801,24.6,100,0,0,0,0,0,0,Medium,13.0,818,12,400,2.33,6.23,4.81,77.9,45.7
6882,L54061,L,301.0,311.4,1573,37.6,103,0,0,0,0,0,0,Low,7.6,582,9,38,0.69,6.27,5.87,43.1,53.9
6883,L54062,L,300.9,311.4,2073,21.4,105,0,0,0,0,0,0,Low,4.1,441,3,549,2.75,5.93,4.92,54.6,83.6
6884,L54063,L,300.9,311.3,1953,19.4,107,0,0,0,0,0,0,Low,6.8,611,9,644,1.81,6.01,4.0,15.0,63.7
6885,L54064,L,300.8,311.2,1492,39.0,109,0,0,0,0,0,0,Low,9.9,613,12,185,1.65,6.32,6.1,41.6,50.6
6886,L54065,L,300.8,311.2,1397,48.7,111,0,0,0,0,0,0,Low,6.4,557,8,4,1.82,5.82,7.62,61.3,84.9
6887,M21746,M,300.8,311.3,1465,43.2,113,0,0,0,0,0,0,Medium,7.8,642,11,947,1.4,6.45,6.53,66.5,67.3
6888,L54067,L,300.8,311.3,1782,26.9,116,0,0,0,0,0,0,Low,11.5,792,15,4,1.5,7.31,4.93,95.0,82.7
6889,M21748,M,300.9,311.4,1434,45.4,118,0,0,0,0,0,0,Medium,7.1,636,12,278,2.46,6.14,7.27,51.8,70.2
6890,H36303,H,300.9,311.4,1387,42.7,121,0,0,0,0,0,0,High,7.9,462,7,197,2.43,6.23,6.08,42.9,75.7
6891,M21750,M,300.9,311.4,1532,41.5,126,0,0,0,0,0,0,Medium,8.2,886,14,423,1.94,6.79,6.59,53.1,55.8
6892,L54071,L,300.9,311.5,1505,41.1,129,0,0,0,0,0,0,Low,9.1,731,11,440,1.75,6.68,5.99,51.8,72.5
6893,L54072,L,301.0,311.6,1440,43.3,131,0,0,0,0,0,0,Low,10.8,948,21,78,1.04,5.94,6.23,39.3,74.8
6894,L54073,L,301.0,311.6,1470,43.4,133,0,0,0,0,0,0,Low,8.1,594,9,543,1.91,4.97,7.02,62.1,40.6
6895,L54074,L,301.1,311.7,1408,46.3,135,0,0,0,0,0,0,Low,9.7,745,9,75,1.55,5.46,6.91,34.6,65.9
6896,M21755,M,301.0,311.6,1357,45.6,137,0,0,0,0,0,0,Medium,10.1,916,18,466,0.73,6.15,6.13,62.0,65.6
6897,M21756,M,301.0,311.6,1454,40.0,140,0,0,0,0,0,0,Medium,8.4,731,13,102,1.35,5.75,5.91,57.2,53.5
6898,L54077,L,301.0,311.6,1352,63.5,143,0,0,0,0,0,0,Low,10.9,1015,12,21,2.68,5.61,8.57,59.7,70.7
6899,M21758,M,301.0,311.6,1448,43.9,145,0,0,0,0,0,0,Medium,14.2,981,11,218,2.4,6.22,6.78,65.3,59.9
6900,L54079,L,300.9,311.6,1671,33.5,148,0,0,0,0,0,0,Low,12.2,1142,17,130,2.17,5.57,6.0,77.5,51.1
6901,L54080,L,301.0,311.7,1670,31.3,150,0,0,0,0,0,0,Low,18.0,1059,22,56,2.0,6.75,5.31,55.8,87.8
6902,L54081,L,301.0,311.7,1547,34.5,152,0,0,0,0,0,0,Low,8.2,568,10,147,1.85,5.54,5.29,55.8,77.0
6903,L54082,L,301.0,311.6,1461,40.6,154,0,0,0,0,0,0,Low,11.2,1025,19,255,2.44,6.01,5.69,60.2,63.5
6904,M21763,M,301.0,311.6,1609,35.8,156,0,0,0,0,0,0,Medium,7.0,726,5,217,1.47,5.77,6.47,49.8,82.2
6905,M21764,M,300.9,311.5,1704,31.3,159,0,0,0,0,0,0,Medium,12.6,997,20,966,2.35,5.73,5.51,72.4,74.2
6906,M21765,M,301.0,311.5,1550,34.9,162,0,0,0,0,0,0,Medium,7.5,662,10,15,2.75,6.15,5.82,35.0,61.6
6907,M21766,M,301.0,311.5,1530,43.9,165,0,0,0,0,0,0,Medium,13.7,1080,13,159,2.24,4.53,6.66,61.6,87.5
6908,L54087,L,300.9,311.3,1449,40.2,168,0,0,0,0,0,0,Low,8.6,865,10,68,1.97,5.99,5.99,50.7,84.5
6909,L54088,L,300.9,311.3,1613,32.7,170,0,0,0,0,0,0,Low,9.7,877,18,148,2.17,6.45,5.2,63.8,81.4
6910,L54089,L,300.8,311.2,1376,48.1,172,0,0,0,0,0,0,Low,6.3,523,7,502,1.31,6.55,7.15,43.0,82.8
6911,L54090,L,300.8,311.2,1434,45.6,174,0,0,0,0,0,0,Low,10.6,782,10,683,2.46,6.3,7.11,87.8,89.4
6912,L54091,L,300.8,311.1,1480,41.1,176,0,0,0,0,0,0,Low,15.5,1095,18,24,1.45,6.32,6.63,64.8,84.1
6913,M21772,M,300.8,311.2,1634,31.9,178,0,0,0,0,0,0,Medium,9.0,791,7,393,2.5,6.28,5.24,50.7,76.1
6914,L54093,L,300.8,311.2,1481,38.5,181,0,0,0,0,0,1,Low,6.5,559,4,430,1.92,6.8,6.0,58.5,63.0
6915,H36328,H,300.9,311.3,1668,28.9,183,0,0,0,0,0,0,High,12.9,1433,13,300,3.75,6.11,4.74,57.1,62.8
6916,L54095,L,301.0,311.4,1484,36.2,188,0,0,0,0,0,0,Low,12.1,1257,12,72,2.19,5.89,5.66,62.6,84.5
6917,M21776,M,300.9,311.3,1603,31.8,190,0,0,0,0,0,0,Medium,14.9,1023,18,389,1.25,5.52,5.54,55.6,59.5
6918,L54097,L,301.0,311.4,1481,37.5,193,0,0,0,0,0,0,Low,11.9,1135,12,82,2.41,5.84,5.7,72.6,90.0
6919,L54098,L,301.0,311.5,1559,31.8,195,0,0,0,0,0,0,Low,12.6,1111,16,229,1.73,6.33,5.15,15.0,64.0
6920,L54099,L,301.0,311.5,1444,39.8,197,0,0,0,0,0,0,Low,12.8,1456,11,373,2.76,6.47,5.73,45.4,92.1
6921,M21780,M,301.2,311.6,1423,48.0,199,0,0,0,0,0,0,Medium,6.8,737,6,30,3.38,5.75,6.85,56.0,82.7
6922,L54101,L,301.1,311.6,1432,48.1,202,0,0,0,0,0,0,Low,13.2,1517,14,167,2.31,5.74,6.92,34.0,71.2
6923,L54102,L,301.2,311.7,1463,48.3,204,0,0,0,0,0,0,Low,14.7,1122,20,427,3.12,6.34,7.13,61.7,52.3
6924,L54103,L,301.2,311.7,1433,49.3,206,0,0,0,0,0,0,Low,9.7,870,17,424,3.15,6.76,7.75,68.8,51.5
6925,L54104,L,301.2,311.6,1461,52.9,208,1,0,0,0,1,0,Low,10.5,1103,12,1184,2.59,7.39,7.8,83.8,58.8
6926,M21785,M,301.1,311.6,1266,55.5,210,0,0,0,0,0,0,Medium,16.5,1461,19,45,3.08,6.39,7.35,69.4,91.6
6927,H36340,H,301.1,311.6,1417,53.4,0,0,0,0,0,0,0,High,2.0,7,1,1224,2.91,5.73,8.25,62.7,33.1
6928,L54107,L,301.1,311.6,1488,43.4,5,0,0,0,0,0,0,Low,4.9,28,5,68,1.47,5.45,6.87,64.7,85.0
6929,L54108,L,301.1,311.7,1816,24.5,7,0,0,0,0,0,0,Low,2.7,41,4,363,1.81,6.93,5.26,48.9,74.3
6930,M21789,M,301.0,311.6,1301,55.0,9,0,0,0,0,0,0,Medium,5.2,59,6,13,2.25,6.28,7.75,46.9,91.8
6931,M21790,M,300.9,311.5,1836,21.8,12,0,0,0,0,0,0,Medium,1.8,75,0,704,1.85,5.75,4.12,56.1,71.3
6932,M21791,M,300.8,311.4,1521,39.9,15,0,0,0,0,0,0,Medium,3.8,68,2,260,1.44,5.68,5.9,64.4,79.4
6933,L54112,L,300.8,311.4,1322,67.2,18,1,0,0,1,0,0,Low,4.6,92,8,22,3.04,7.02,9.85,42.1,78.8
6934,L54113,L,300.8,311.4,1492,40.6,20,0,0,0,0,0,0,Low,1.5,109,3,817,1.6,5.84,6.2,69.3,64.1
6935,L54114,L,300.8,311.4,1536,40.9,22,0,0,0,0,0,0,Low,3.2,90,2,331,3.15,6.74,6.32,60.7,66.2
6936,L54115,L,300.7,311.2,1878,24.3,24,0,0,0,0,0,0,Low,2.2,151,2,164,3.09,6.41,4.56,60.8,64.4
6937,L54116,L,300.6,311.1,1471,40.7,26,0,0,0,0,0,0,Low,2.1,166,3,372,1.53,5.84,5.92,44.0,66.2
6938,H36351,H,300.6,311.1,1452,40.2,28,0,0,0,0,0,0,High,3.8,208,10,171,1.68,7.05,6.04,58.8,63.4
6939,L54118,L,300.7,311.2,1452,44.4,33,0,0,0,0,0,0,Low,5.0,193,8,2,0.97,6.02,6.57,76.0,70.0
6940,M21799,M,300.7,311.3,1348,53.0,35,0,0,0,0,0,0,Medium,3.5,254,4,98,1.69,5.79,7.55,70.3,84.7
6941,H36354,H,300.8,311.4,1453,44.6,38,0,0,0,0,0,0,High,4.2,247,4,333,1.62,6.88,7.54,60.8,57.7
6942,L54121,L,300.8,311.4,1316,57.6,43,0,0,0,0,0,0,Low,4.9,399,5,627,2.9,6.57,7.96,45.0,61.7
6943,M21802,M,300.8,311.4,1732,26.9,45,0,0,0,0,0,0,Medium,6.6,254,5,252,2.09,5.7,5.3,49.8,53.3
6944,L54123,L,300.7,311.3,1522,35.2,48,0,0,0,0,0,0,Low,7.8,266,13,507,1.69,6.5,5.52,55.2,62.1
6945,M21804,M,300.7,311.3,1487,39.8,50,0,0,0,0,0,0,Medium,12.3,237,21,103,1.28,6.67,6.13,50.5,89.3
6946,M21805,M,300.8,311.4,1852,22.2,53,0,0,0,0,0,0,Medium,6.9,218,13,259,1.32,6.34,3.81,68.8,70.8
6947,L54126,L,300.7,311.2,1486,46.8,56,0,0,0,0,0,0,Low,5.0,174,1,80,1.33,5.72,7.73,29.0,60.7
6948,M21807,M,300.7,311.3,1562,37.1,58,0,0,0,0,0,0,Medium,6.7,264,11,19,1.27,6.18,5.81,43.6,73.1
6949,L54128,L,300.7,311.2,1457,51.4,61,0,0,0,0,0,0,Low,3.4,221,4,55,2.33,5.42,8.15,57.8,70.9
6950,M21809,M,300.7,311.2,1769,26.5,63,0,0,0,0,0,0,Medium,4.1,254,6,253,2.86,5.73,4.3,40.0,64.5
6951,H36364,H,300.7,311.3,1374,53.1,66,0,0,0,0,0,0,High,4.7,220,7,140,1.54,5.86,7.38,39.6,77.4
6952,L54131,L,300.8,311.3,1524,43.5,71,0,0,0,0,0,0,Low,2.9,274,5,260,1.7,6.51,6.98,66.1,65.3
6953,L54132,L,300.8,311.3,1498,40.2,73,0,0,0,0,0,0,Low,4.1,315,5,283,2.55,6.57,6.24,48.0,71.5
6954,L54133,L,300.8,311.3,1462,41.4,75,0,0,0,0,0,0,Low,11.8,299,15,258,1.4,5.2,6.07,38.2,60.9
6955,M21814,M,300.8,311.2,1429,52.3,77,0,0,0,0,0,0,Medium,5.8,454,14,99,2.54,6.32,7.9,46.5,82.3
6956,L54135,L,300.7,311.2,1399,47.9,80,0,0,0,0,0,0,Low,3.9,403,3,44,1.0,6.01,7.28,45.1,94.6
6957,M21816,M,300.8,311.2,1434,39.1,82,0,0,0,0,0,0,Medium,5.7,488,9,904,2.73,6.23,5.44,79.7,52.2
6958,L54137,L,300.7,311.1,1324,52.2,85,0,0,0,0,0,0,Low,6.1,397,11,65,1.62,6.99,7.41,37.1,73.4
6959,L54138,L,300.6,311.0,1563,40.7,87,0,0,0,0,0,0,Low,8.1,564,7,4,1.12,5.77,7.02,64.0,78.4
6960,L54139,L,300.6,311.0,1543,34.7,89,0,0,0,0,0,0,Low,6.8,538,8,170,2.65,5.82,5.88,72.4,72.6
6961,L54140,L,300.7,311.0,1413,52.0,91,0,0,0,0,0,1,Low,10.2,842,15,204,2.57,6.48,7.7,52.5,77.9
6962,M21821,M,300.7,311.0,1378,41.2,93,0,0,0,0,0,0,Medium,4.2,333,7,75,1.02,6.06,5.85,35.5,84.3
6963,M21822,M,300.7,311.1,1373,49.9,96,0,0,0,0,0,0,Medium,10.4,565,13,707,2.17,5.14,7.4,74.4,44.4
6964,H36377,H,300.7,311.0,1981,19.9,99,0,0,0,0,0,0,High,8.7,449,9,752,2.62,6.97,4.09,55.6,64.5
6965,M21824,M,300.7,311.0,1263,52.3,104,0,0,0,0,0,0,Medium,3.4,362,5,253,1.3,6.22,7.35,57.6,72.9
6966,L54145,L,300.7,311.0,1312,52.1,107,0,0,0,0,0,0,Low,5.3,515,9,472,1.35,6.64,7.99,39.8,84.2
6967,L54146,L,300.7,311.0,1969,20.7,109,0,0,0,0,0,0,Low,7.8,408,8,4,2.83,5.68,4.02,55.1,76.4
6968,M21827,M,300.8,311.2,1365,51.7,111,0,0,0,0,0,0,Medium,9.4,762,8,258,2.38,5.23,7.52,41.4,60.0
6969,L54148,L,300.9,311.2,1789,25.5,114,0,0,0,0,0,0,Low,5.8,343,10,17,1.28,5.9,4.76,21.7,92.1
6970,M21829,M,300.8,311.1,1583,32.1,116,0,0,0,0,0,0,Medium,6.2,430,9,1007,1.57,6.13,4.79,34.1,70.3
6971,L54150,L,300.7,311.0,1436,44.9,119,0,0,0,0,0,0,Low,10.4,627,15,305,2.08,6.75,6.88,27.9,82.5
6972,M21831,M,300.7,311.0,1559,42.8,121,0,0,0,0,0,0,Medium,6.8,459,7,313,1.73,5.76,6.94,57.7,85.7
6973,L54152,L,300.7,311.0,1377,49.9,124,0,0,0,0,0,0,Low,11.2,922,10,10,1.71,6.66,7.49,45.1,65.2
6974,L54153,L,300.7,311.0,1462,41.9,126,0,0,0,0,0,0,Low,8.8,729,7,419,1.05,5.23,6.7,76.5,56.2
6975,L54154,L,300.7,311.0,1318,48.2,128,0,0,0,0,0,0,Low,5.0,462,7,183,2.12,5.84,6.71,63.6,77.9
6976,M21835,M,300.7,311.0,1378,51.6,130,0,0,0,0,0,0,Medium,13.5,1071,18,56,1.93,6.2,7.79,59.2,73.3
6977,L54156,L,300.6,310.9,1344,46.7,133,0,0,0,0,0,0,Low,7.0,614,13,719,1.71,5.39,6.16,80.8,46.8
6978,L54157,L,300.7,311.1,2377,14.3,135,0,0,0,0,0,0,Low,7.0,621,6,71,3.04,6.86,3.55,33.2,72.4
6979,L54158,L,300.7,311.1,1427,50.3,137,0,0,0,0,0,0,Low,6.1,470,8,94,2.57,5.92,7.96,87.2,85.3
6980,L54159,L,300.9,311.2,1353,60.4,139,0,0,0,0,0,0,Low,9.7,1064,8,844,1.37,5.66,8.92,41.1,31.0
6981,L54160,L,300.8,311.3,1505,45.5,141,0,0,0,0,0,0,Low,13.0,547,20,128,1.54,5.43,7.11,73.9,80.8
6982,H36395,H,300.8,311.2,1612,32.5,143,0,0,0,0,0,0,High,11.8,897,13,66,2.07,5.26,5.6,33.4,53.5
6983,L54162,L,300.7,311.1,1440,43.0,148,0,0,0,0,0,0,Low,8.3,866,5,14,1.94,6.46,6.22,58.4,73.6
6984,M21843,M,300.7,311.0,1334,53.9,150,0,0,0,0,0,0,Medium,16.0,1117,20,10,3.57,5.6,8.11,75.8,73.2
6985,M21844,M,300.7,311.0,1706,25.0,153,0,0,0,0,0,0,Medium,10.3,1037,14,568,2.38,6.17,4.68,63.7,56.9
6986,H36399,H,300.8,311.1,1698,24.8,156,0,0,0,0,0,0,High,8.1,747,11,38,2.96,5.71,4.44,56.4,75.1
6987,L54166,L,300.7,311.1,1688,30.7,161,0,0,0,0,0,0,Low,10.7,1087,14,276,2.77,6.54,5.53,84.3,89.0
6988,L54167,L,300.7,311.1,2437,13.8,163,0,0,0,0,0,0,Low,12.3,759,12,132,4.17,6.13,3.61,37.0,68.3
6989,L54168,L,300.7,311.1,1478,46.8,165,0,0,0,0,0,0,Low,13.5,984,15,61,2.15,6.47,7.47,56.1,76.0
6990,M21849,M,300.7,311.1,1608,35.3,167,0,0,0,0,0,0,Medium,11.8,1154,10,90,1.56,7.52,5.86,36.9,74.0
6991,L54170,L,300.7,311.1,2478,13.4,170,1,0,0,1,0,0,Low,10.7,1005,12,48,4.84,5.65,3.6,53.2,74.8
6992,L54171,L,300.8,311.1,1509,33.4,172,0,0,0,0,0,0,Low,11.4,865,13,367,2.19,6.08,5.8,40.9,63.6
6993,L54172,L,300.7,311.0,1596,36.9,174,0,0,0,0,0,0,Low,12.5,1005,9,7,2.22,6.12,6.44,53.0,61.7
6994,M21853,M,300.7,311.0,1740,25.6,176,0,0,0,0,0,0,Medium,10.1,921,10,1143,1.95,6.2,4.59,43.3,47.3
6995,L54174,L,300.6,310.8,1375,53.2,179,0,0,0,0,0,0,Low,9.3,817,10,87,3.2,5.82,7.53,44.4,95.5
6996,M21855,M,300.6,310.7,1705,31.2,181,0,0,0,0,0,0,Medium,10.4,724,16,266,0.96,6.39,5.63,51.4,81.5
6997,M21856,M,300.5,310.6,1621,32.0,184,0,0,0,0,0,0,Medium,9.4,1057,16,267,1.55,7.27,5.84,63.6,63.7
6998,M21857,M,300.6,310.7,1566,38.2,187,0,0,0,0,0,0,Medium,14.3,1319,18,229,1.44,5.97,6.41,47.6,90.2
6999,M21858,M,300.6,310.7,1388,42.9,190,0,0,0,0,0,0,Medium,11.3,975,9,567,1.73,6.03,5.68,48.1,43.4
7000,M21859,M,300.6,310.7,1457,36.7,193,0,0,0,0,0,0,Medium,13.3,884,20,28,2.25,5.43,5.32,44.5,75.7
7001,M21860,M,300.6,310.6,1463,45.5,196,0,0,0,0,0,0,Medium,16.0,1498,21,471,3.07,5.07,6.62,51.3,45.3
7002,L54181,L,300.5,310.5,1564,38.2,199,0,0,0,0,0,0,Low,14.8,1327,11,504,2.49,5.43,6.46,19.7,83.3
7003,H36416,H,300.5,310.6,1411,47.2,201,0,0,0,0,0,0,High,12.0,1269,12,120,3.4,5.26,6.54,46.5,61.7
7004,L54183,L,300.5,310.6,1540,46.7,206,0,0,0,0,0,0,Low,11.3,1167,16,26,4.29,5.32,7.94,62.0,85.5
7005,L54184,L,300.5,310.6,1950,20.3,208,0,0,0,0,0,0,Low,14.2,1319,17,83,3.54,5.55,4.5,30.7,84.9
7006,M21865,M,300.6,310.7,1339,52.9,0,0,0,0,0,0,0,Medium,0.4,5,1,436,2.67,5.47,7.74,58.9,78.7
7007,H36420,H,300.6,310.6,1419,39.6,3,0,0,0,0,0,0,High,2.2,33,3,62,1.99,5.49,5.28,76.1,72.5
7008,L54187,L,300.5,310.6,1499,45.2,8,0,0,0,0,0,0,Low,1.5,70,1,100,1.91,5.43,6.8,57.2,45.4
7009,L54188,L,300.5,310.6,1368,49.6,10,0,0,0,0,0,0,Low,2.4,98,6,228,1.11,5.45,7.01,52.8,72.5
7010,L54189,L,300.5,310.5,1536,36.2,12,0,0,0,0,0,0,Low,1.0,75,2,8,1.56,7.39,5.67,70.8,70.7
7011,M21870,M,300.5,310.5,1469,42.9,14,0,0,0,0,0,0,Medium,1.8,98,3,107,1.03,5.52,6.3,57.3,70.5
7012,L54191,L,300.5,310.5,2633,12.2,17,1,0,0,1,0,0,Low,6.5,117,7,115,3.57,5.56,3.23,72.7,64.3
7013,L54192,L,300.4,310.4,1298,61.4,19,0,0,0,0,0,0,Low,2.1,136,1,75,2.7,6.33,8.38,47.4,61.6
7014,M21873,M,300.4,310.4,1544,36.3,21,0,0,0,0,0,0,Medium,2.4,141,5,25,1.31,5.21,5.72,79.3,59.6
7015,H36428,H,300.5,310.5,1403,47.7,24,0,0,0,0,0,0,High,2.9,140,1,261,2.21,5.06,6.9,54.5,73.1
7016,L54195,L,300.5,310.5,1452,42.9,29,0,0,0,0,0,0,Low,5.0,143,5,578,1.34,5.33,6.76,65.5,59.8
7017,L54196,L,300.6,310.5,1509,43.1,31,0,0,0,0,0,0,Low,2.6,50,1,29,1.79,5.92,6.04,57.2,63.6
7018,M21877,M,300.7,310.6,1474,37.0,33,0,0,0,0,0,0,Medium,2.1,186,5,196,0.8,6.05,5.25,71.6,60.0
7019,M21878,M,300.7,310.7,1377,46.7,36,0,0,0,0,0,0,Medium,2.4,243,5,87,0.8,6.41,6.57,81.4,64.7
7020,L54199,L,300.8,310.8,1741,27.1,39,0,0,0,0,0,0,Low,3.6,200,3,154,2.79,6.21,4.84,51.3,50.4
7021,L54200,L,300.8,310.8,1460,53.8,41,0,0,0,0,0,0,Low,4.0,227,8,65,2.75,7.04,7.97,42.5,71.5
7022,H36435,H,300.7,310.6,1631,32.6,43,0,0,0,0,0,0,High,6.4,215,9,128,2.02,6.01,5.57,26.4,68.2
7023,L54202,L,300.7,310.5,1561,33.2,48,0,0,0,0,0,0,Low,3.8,329,1,294,1.09,5.99,5.33,55.9,52.1
7024,M21883,M,300.7,310.6,1572,38.5,50,0,0,0,0,0,0,Medium,8.4,241,11,189,1.06,5.45,6.82,55.4,73.7
7025,L54204,L,300.6,310.6,2127,18.7,53,0,0,0,0,0,0,Low,2.7,254,5,8,1.71,5.91,3.95,77.0,69.1
7026,H36439,H,300.6,310.6,1448,44.7,55,0,0,0,0,0,0,High,2.1,180,2,9,1.56,5.56,6.81,61.5,80.6
7027,L54206,L,300.6,310.7,1543,39.6,60,0,0,0,0,0,0,Low,3.3,169,2,322,1.82,5.27,6.31,25.6,83.8
7028,L54207,L,300.6,310.6,1508,34.8,62,0,0,0,0,0,0,Low,7.2,326,10,122,1.24,7.07,5.48,46.8,66.8
7029,M21888,M,300.6,310.6,1403,50.4,64,0,0,0,0,0,0,Medium,6.1,387,5,803,2.84,5.29,7.28,50.0,75.2
7030,L54209,L,300.6,310.6,1454,39.7,67,0,0,0,0,0,0,Low,3.8,340,9,390,0.2,7.1,6.31,54.1,64.6
7031,L54210,L,300.7,310.8,1772,27.3,69,0,0,0,0,0,0,Low,12.0,397,16,259,2.43,6.65,5.16,63.5,78.7
7032,L54211,L,300.7,310.8,1479,49.1,71,0,0,0,0,0,0,Low,4.8,242,5,144,1.78,5.99,7.18,47.3,79.4
7033,L54212,L,300.7,310.9,1723,31.0,73,0,0,0,0,0,0,Low,6.1,363,13,404,1.9,5.14,5.94,67.6,53.3
7034,M21893,M,300.7,310.8,1469,46.4,75,0,0,0,0,0,0,Medium,7.7,416,6,257,0.2,5.93,7.32,76.6,71.5
7035,H36448,H,300.6,310.6,1830,26.2,78,0,0,0,0,0,0,High,6.9,456,9,411,1.59,5.35,4.93,41.5,70.0
7036,L54215,L,300.6,310.6,1497,38.2,83,0,0,0,0,0,0,Low,6.4,567,11,602,0.78,6.96,6.22,92.6,72.5
7037,L54216,L,300.7,310.6,1540,52.7,85,0,0,0,0,0,0,Low,10.7,433,10,400,2.88,6.43,8.23,67.1,67.2
7038,L54217,L,300.6,310.6,1514,39.5,87,0,0,0,0,0,0,Low,10.4,530,8,196,1.15,6.61,6.32,48.8,71.3
7039,L54218,L,300.7,310.6,1654,34.2,89,0,0,0,0,0,0,Low,10.8,351,7,318,0.6,5.81,5.59,43.9,55.9
7040,H36453,H,300.6,310.5,1519,37.0,91,0,0,0,0,0,0,High,6.9,613,10,151,1.72,5.95,6.11,67.8,75.1
7041,L54220,L,300.7,310.6,1720,30.3,96,0,0,0,0,0,0,Low,11.0,497,14,87,2.44,6.32,5.56,76.3,59.3
7042,L54221,L,300.6,310.5,1470,37.7,98,0,0,0,0,0,0,Low,4.2,387,4,130,1.9,5.77,5.8,57.9,71.6
7043,L54222,L,300.6,310.5,1642,29.9,100,0,0,0,0,0,0,Low,9.9,892,11,59,1.7,6.87,5.28,74.4,76.4
7044,M21903,M,300.7,310.6,2006,19.1,102,0,0,0,0,0,0,Medium,6.6,301,7,506,2.76,5.58,3.7,81.2,83.1
7045,M21904,M,300.7,310.6,1505,35.6,105,0,0,0,0,0,0,Medium,5.9,615,5,284,0.9,6.8,5.84,76.6,46.6
7046,M21905,M,300.7,310.6,1609,27.6,108,0,0,0,0,0,0,Medium,12.0,535,7,11,1.85,5.41,4.47,76.5,86.9
7047,M21906,M,300.7,310.5,1863,22.2,111,0,0,0,0,0,0,Medium,5.9,503,10,322,2.36,5.6,4.7,53.2,83.9
7048,L54227,L,300.6,310.4,1401,42.6,114,0,0,0,0,0,0,Low,10.8,549,16,295,1.53,5.84,6.24,49.4,68.3
7049,L54228,L,300.6,310.4,2007,19.8,116,0,0,0,0,0,0,Low,5.6,574,6,23,2.08,5.68,3.89,49.3,81.9
7050,L54229,L,300.6,310.4,1494,47.3,118,0,0,0,0,0,0,Low,6.6,497,12,358,1.2,5.57,8.23,48.9,62.9
7051,L54230,L,300.6,310.4,1457,47.7,120,0,0,0,0,0,0,Low,5.9,543,7,548,1.41,4.79,7.53,46.6,48.5
7052,L54231,L,300.6,310.4,1556,37.7,122,0,0,0,0,0,0,Low,4.7,394,8,149,2.24,6.07,5.82,34.3,87.9
7053,H36466,H,300.6,310.4,1510,42.8,124,0,0,0,0,0,0,High,5.7,572,8,216,1.11,5.57,6.86,86.2,71.8
7054,H36467,H,300.7,310.5,1567,38.7,129,0,0,0,0,0,0,High,4.8,478,11,81,1.39,5.73,6.67,44.9,79.4
7055,H36468,H,300.7,310.5,1476,43.1,134,0,0,0,0,0,0,High,5.7,556,12,208,2.01,6.39,5.63,51.4,46.4
7056,L54235,L,300.8,310.6,1663,30.6,139,0,0,0,0,0,0,Low,10.6,1158,13,145,1.08,5.51,5.37,54.0,73.6
7057,M21916,M,300.8,310.5,1409,50.6,141,0,0,0,0,0,0,Medium,8.4,366,15,129,1.59,6.0,7.47,53.4,57.5
7058,L54237,L,300.8,310.6,1666,36.2,144,0,0,0,0,0,0,Low,12.6,806,14,255,0.87,5.53,6.33,50.9,90.5
7059,L54238,L,300.7,310.6,1520,45.9,146,0,0,0,0,0,0,Low,4.9,509,12,67,3.23,7.02,6.72,61.0,78.8
7060,L54239,L,300.6,310.5,1644,33.8,148,0,0,0,0,0,0,Low,9.0,833,7,340,1.8,6.47,5.74,60.6,76.0
7061,H36474,H,300.6,310.4,1479,35.6,150,0,0,0,0,0,0,High,10.4,620,5,396,2.16,5.96,5.1,61.2,49.7
7062,L54241,L,300.6,310.4,1446,49.7,155,0,0,0,0,0,0,Low,12.2,1010,14,45,3.57,6.07,7.66,47.4,84.6
7063,M21922,M,300.6,310.4,1407,51.1,157,0,0,0,0,0,0,Medium,7.7,698,9,6,1.54,5.02,7.31,46.7,76.5
7064,L54243,L,300.7,310.4,1234,51.7,160,0,0,0,0,0,0,Low,8.4,838,17,115,2.36,5.65,6.74,76.0,84.8
7065,M21924,M,300.8,310.5,1696,29.7,162,0,0,0,0,0,0,Medium,5.3,547,8,241,1.94,6.86,5.27,64.1,79.3
7066,L54245,L,300.8,310.6,1384,52.9,165,0,0,0,0,0,0,Low,13.8,788,23,159,2.37,5.69,7.75,65.1,91.0
7067,M21926,M,300.8,310.7,1572,36.2,167,0,0,0,0,0,0,Medium,8.9,702,13,113,2.19,5.89,5.81,56.7,70.6
7068,M21927,M,300.8,310.7,1386,42.1,170,0,0,0,0,0,0,Medium,15.5,1537,22,7,2.95,4.99,6.11,49.8,85.7
7069,L54248,L,300.8,310.7,1461,42.8,173,0,0,0,0,0,0,Low,8.8,917,18,197,2.53,6.3,6.6,76.6,71.4
7070,L54249,L,300.8,310.7,1525,39.4,175,0,0,0,0,0,0,Low,9.4,855,6,820,3.21,5.91,6.72,66.7,44.9
7071,L54250,L,300.7,310.7,1333,61.0,177,0,0,0,0,0,0,Low,12.5,868,21,351,3.21,5.42,8.63,78.3,72.6
7072,H36485,H,300.7,310.6,1505,40.6,179,0,0,0,0,0,0,High,6.9,749,14,11,1.9,5.18,6.63,45.9,61.9
7073,M21932,M,300.7,310.6,1439,41.7,184,0,0,0,0,0,0,Medium,10.0,1066,14,88,2.98,7.23,6.51,59.6,76.9
7074,L54253,L,300.7,310.6,1491,43.2,187,0,0,0,0,0,0,Low,8.8,963,10,309,2.06,5.71,6.74,59.1,60.1
7075,M21934,M,300.7,310.6,1488,39.2,189,0,0,0,0,0,0,Medium,12.2,718,17,226,2.43,5.57,6.3,58.3,67.0
7076,L54255,L,300.7,310.5,1536,47.4,192,0,0,0,0,0,0,Low,15.4,1776,22,41,3.1,6.46,7.8,72.2,61.3
7077,L54256,L,300.7,310.5,1960,21.0,194,0,0,0,0,0,0,Low,10.7,928,6,126,3.73,4.67,3.94,33.0,93.4
7078,M21937,M,300.7,310.5,1594,31.0,196,0,0,0,0,0,0,Medium,10.4,1149,11,43,2.6,6.86,5.33,16.8,65.1
7079,L54258,L,300.7,310.5,1357,52.6,199,0,0,0,0,0,0,Low,13.9,1341,11,55,3.51,5.74,7.87,71.8,72.0
7080,L54259,L,300.7,310.5,1445,41.1,201,0,0,0,0,0,0,Low,8.7,953,11,290,2.16,5.81,6.35,55.7,66.1
7081,L54260,L,300.7,310.4,1543,47.3,203,0,0,0,0,0,0,Low,7.8,750,8,335,2.73,5.5,7.25,71.0,68.3
7082,L54261,L,300.7,310.4,1366,52.6,205,0,0,0,0,0,0,Low,14.1,860,20,6,3.47,6.04,7.21,53.9,63.1
7083,L54262,L,300.7,310.3,1458,40.0,207,0,0,0,0,0,0,Low,13.0,1150,14,432,2.67,5.55,5.86,39.2,65.4
7084,L54263,L,300.7,310.4,1416,61.8,209,1,0,0,1,1,0,Low,10.0,887,11,451,3.26,5.96,9.31,54.5,68.0
7085,L54264,L,300.6,310.3,1794,24.4,211,0,0,0,0,0,0,Low,10.6,885,13,481,3.71,5.28,4.77,51.9,67.7
7086,L54265,L,300.6,310.3,1484,41.0,213,0,0,0,0,0,0,Low,16.5,1109,20,177,2.87,6.05,5.72,49.2,88.0
7087,L54266,L,300.6,310.4,2514,13.4,215,0,0,0,0,0,0,Low,14.1,1367,14,48,3.51,5.61,3.45,80.7,81.8
7088,L54267,L,300.6,310.3,1648,30.5,217,1,1,0,0,0,0,Low,16.5,1368,24,35,3.3,6.01,5.26,63.8,97.2
7089,M21948,M,300.6,310.3,1614,32.7,0,0,0,0,0,0,0,Medium,5.2,5,5,210,1.99,5.73,5.58,44.8,71.1
7090,L54269,L,300.6,310.2,1622,34.1,3,0,0,0,0,0,0,Low,4.7,5,5,189,1.67,6.91,5.54,49.6,70.4
7091,M21950,M,300.6,310.2,1478,40.1,5,0,0,0,0,0,0,Medium,11.2,65,14,16,1.65,5.86,6.19,72.2,63.0
7092,L54271,L,300.6,310.2,1318,51.0,8,0,0,0,0,0,0,Low,4.3,48,10,99,2.66,6.42,7.08,50.7,67.0
7093,L54272,L,300.7,310.2,1493,35.9,10,0,0,0,0,0,0,Low,5.6,87,7,708,0.46,5.9,5.58,61.4,63.2
7094,H36507,H,300.7,310.3,1369,50.7,12,0,0,0,0,0,0,High,2.2,70,4,161,2.46,6.5,7.37,71.4,69.8
7095,L54274,L,300.6,310.2,1447,45.9,17,0,0,0,0,0,0,Low,3.1,73,5,852,0.22,5.64,6.9,87.1,75.1
7096,L54275,L,300.6,310.1,1485,49.9,19,0,0,0,0,0,0,Low,3.0,74,3,40,1.46,5.8,7.86,46.7,73.8
7097,L54276,L,300.6,310.2,1489,47.8,21,0,0,0,0,0,0,Low,2.3,144,3,307,0.71,6.01,7.17,69.7,57.1
7098,M21957,M,300.6,310.2,1233,52.3,23,0,0,0,0,0,0,Medium,2.5,151,2,680,2.87,4.76,6.73,56.6,47.8
7099,L54278,L,300.7,310.2,1642,32.6,26,0,0,0,0,0,0,Low,3.7,165,8,162,1.54,6.15,5.47,58.7,95.0
7100,M21959,M,300.7,310.2,1373,44.1,28,0,0,0,0,0,0,Medium,4.2,161,5,971,1.59,5.53,6.37,59.2,60.9
7101,L54280,L,300.7,310.2,1569,32.8,31,0,0,0,0,0,0,Low,8.2,124,5,808,1.43,5.71,5.39,63.0,48.6
7102,L54281,L,300.8,310.2,1850,22.8,33,0,0,0,0,0,0,Low,3.1,231,5,646,1.97,6.42,4.3,85.5,83.8
7103,M21962,M,300.8,310.3,1494,42.2,35,0,0,0,0,0,0,Medium,2.4,160,2,241,1.43,5.97,6.48,58.5,66.5
7104,H36517,H,300.8,310.3,1777,30.1,38,0,0,0,0,0,0,High,1.9,144,3,413,2.48,5.63,5.52,72.1,47.0
7105,L54284,L,300.9,310.4,1454,43.1,43,0,0,0,0,0,0,Low,6.5,274,9,248,1.71,6.13,6.46,49.7,58.5
7106,L54285,L,300.9,310.4,1536,34.2,45,0,0,0,0,0,0,Low,10.5,270,17,78,1.1,5.58,4.96,59.3,71.1
7107,L54286,L,300.8,310.5,1482,39.0,47,0,0,0,0,0,0,Low,4.1,221,4,189,0.47,5.96,6.44,25.8,67.7
7108,H36521,H,300.9,310.5,1512,41.2,49,0,0,0,0,0,0,High,4.7,213,5,9,2.24,5.41,6.43,19.1,78.2
7109,M21968,M,300.8,310.5,1511,35.8,54,0,0,0,0,0,0,Medium,4.6,284,6,2,1.8,6.53,5.82,91.6,99.5
7110,L54289,L,300.9,310.5,1599,40.5,57,0,0,0,0,0,0,Low,6.2,264,8,148,1.48,5.26,6.2,71.7,67.8
7111,M21970,M,300.8,310.4,1518,36.0,59,0,0,0,0,0,0,Medium,4.2,394,5,96,2.14,6.22,5.77,44.2,73.2
7112,M21971,M,300.8,310.4,1450,39.4,62,0,0,0,0,0,0,Medium,5.8,293,9,82,2.81,4.81,5.92,62.8,65.2
7113,L54292,L,300.9,310.4,1427,47.0,65,0,0,0,0,0,0,Low,4.3,243,7,451,1.78,5.97,6.46,67.9,67.0
7114,L54293,L,300.9,310.4,1561,32.7,67,0,0,0,0,0,0,Low,7.1,329,6,562,2.4,6.18,5.76,65.2,94.5
7115,H36528,H,300.9,310.4,1457,43.8,69,0,0,0,0,0,0,High,8.6,522,11,62,1.62,5.41,7.13,19.3,57.0
7116,M21975,M,301.0,310.6,1460,53.6,74,0,0,0,0,0,0,Medium,6.2,368,5,688,3.15,6.31,8.36,37.2,35.9
7117,L54296,L,301.0,310.5,1601,33.2,77,0,0,0,0,0,0,Low,5.3,394,7,221,1.74,5.95,5.8,50.4,57.0
7118,L54297,L,300.9,310.5,1570,40.1,79,0,0,0,0,0,0,Low,5.6,534,4,98,1.36,5.75,6.73,42.4,57.8
7119,L54298,L,300.9,310.5,1565,35.9,81,0,0,0,0,0,0,Low,8.0,452,12,195,2.41,6.05,5.77,49.0,73.5
7120,L54299,L,301.0,310.5,1378,44.4,83,0,0,0,0,0,0,Low,7.6,604,12,197,1.7,6.78,5.84,37.9,84.8
7121,L54300,L,300.9,310.5,2288,16.1,85,0,0,0,0,0,0,Low,5.6,370,7,776,2.79,6.04,3.65,67.5,61.8
7122,M21981,M,300.9,310.4,1375,44.7,87,0,0,0,0,0,0,Medium,5.2,418,3,100,2.15,5.31,6.26,57.8,80.6
7123,L54302,L,300.9,310.4,1788,27.8,90,0,0,0,0,0,0,Low,12.4,721,10,29,1.91,5.38,5.74,44.1,75.7
7124,M21983,M,300.9,310.4,1576,40.4,92,0,0,0,0,0,0,Medium,10.2,440,14,17,0.57,5.46,6.36,50.6,70.3
7125,M21984,M,300.8,310.3,1868,24.5,95,0,0,0,0,0,0,Medium,6.1,508,13,210,1.89,5.65,4.71,56.9,73.6
7126,L54305,L,300.7,310.1,1261,56.6,98,0,0,0,0,0,0,Low,5.6,512,6,33,1.86,6.3,7.5,77.6,57.8
7127,M21986,M,300.6,310.0,1542,33.9,100,0,0,0,0,0,0,Medium,6.8,577,4,132,1.05,6.34,5.6,47.2,100.0
7128,L54307,L,300.6,310.0,1438,53.8,103,0,0,0,0,0,0,Low,7.1,677,9,281,2.72,6.32,8.01,60.5,67.1
7129,L54308,L,300.6,310.0,1511,36.9,105,0,0,0,0,0,0,Low,9.1,688,13,38,1.23,4.07,5.72,42.1,68.5
7130,L54309,L,300.6,310.0,1635,31.0,107,0,0,0,0,0,0,Low,7.8,643,9,17,1.44,6.17,5.97,33.7,64.5
7131,L54310,L,300.6,309.9,1428,48.8,109,0,0,0,0,0,0,Low,8.9,578,7,165,1.8,5.79,7.11,83.3,71.4
7132,M21991,M,300.5,309.8,1410,44.4,111,0,0,0,0,0,0,Medium,6.6,564,7,290,1.82,6.37,7.34,43.3,74.1
7133,L54312,L,300.5,309.9,1423,47.9,114,0,0,0,0,0,0,Low,16.5,634,15,192,2.08,6.69,6.99,35.3,72.7
7134,M21993,M,300.5,309.9,1552,41.3,116,0,0,0,0,0,0,Medium,6.2,664,9,184,1.68,5.08,6.74,59.1,71.8
7135,M21994,M,300.5,310.0,1406,50.2,119,0,0,0,0,0,0,Medium,8.0,671,9,46,2.0,5.91,7.68,41.3,66.8
7136,L54315,L,300.5,309.9,1443,48.3,122,0,0,0,0,0,0,Low,12.6,343,15,403,1.12,6.49,7.16,60.6,68.0
7137,M21996,M,300.5,309.9,1343,63.7,124,0,0,0,0,0,0,Medium,10.3,742,8,38,2.88,6.3,8.36,37.2,97.3
7138,M21997,M,300.6,310.0,1486,41.2,127,0,0,0,0,0,0,Medium,8.9,806,13,653,0.92,6.65,6.5,75.4,57.0
7139,L54318,L,300.6,310.1,1297,50.0,130,0,0,0,0,0,0,Low,6.2,354,7,100,2.59,6.72,6.36,48.5,86.7
7140,L54319,L,300.6,310.1,1495,42.3,132,0,0,0,0,0,0,Low,6.1,630,4,7,1.38,5.83,5.84,51.7,70.4
7141,L54320,L,300.5,309.9,1382,46.5,134,0,0,0,0,0,0,Low,11.0,1012,16,462,1.01,5.55,6.87,70.7,65.1
7142,M22001,M,300.4,309.8,1356,44.4,136,0,0,0,0,0,0,Medium,5.9,607,7,184,1.85,5.52,5.96,68.0,83.7
7143,H36556,H,300.3,309.7,1452,41.5,139,0,0,0,0,0,0,High,7.8,885,9,204,2.1,6.54,6.59,60.7,41.6
7144,H36557,H,300.3,309.7,1582,30.8,144,0,0,0,0,0,0,High,11.3,627,13,54,1.64,6.35,5.16,81.7,82.3
7145,M22004,M,300.4,309.8,1517,40.3,149,0,0,0,0,0,0,Medium,8.3,816,9,149,2.2,6.16,6.63,61.1,61.7
7146,L54325,L,300.5,310.0,1413,44.5,152,0,0,0,0,0,0,Low,8.7,950,9,48,2.81,6.0,7.02,30.2,73.5
7147,L54326,L,300.4,309.9,1496,31.8,154,0,0,0,0,0,0,Low,6.4,537,12,101,2.06,6.26,5.16,55.3,76.0
7148,L54327,L,300.3,309.8,1466,41.2,156,0,0,0,0,0,0,Low,10.0,735,10,56,1.12,6.07,6.66,53.9,89.2
7149,M22008,M,300.3,309.8,1617,40.8,158,0,0,0,0,0,0,Medium,6.2,648,8,282,2.09,5.75,6.68,35.7,71.2
7150,L54329,L,300.2,309.8,1506,41.8,161,0,0,0,0,0,0,Low,8.4,815,7,155,1.68,6.73,6.96,65.1,75.9
7151,L54330,L,300.2,309.8,1401,49.3,163,0,0,0,0,0,0,Low,12.1,946,10,192,1.2,5.32,7.43,34.2,58.3
7152,H36565,H,300.2,309.9,1906,22.9,165,0,0,0,0,0,0,High,9.1,774,11,10,1.85,6.43,4.68,51.2,61.6
7153,L54332,L,300.2,309.9,1566,36.4,170,0,0,0,0,0,0,Low,11.9,677,15,21,3.29,5.3,6.28,41.1,77.2
7154,L54333,L,300.2,310.0,1493,47.3,172,0,0,0,0,0,0,Low,11.7,885,20,159,2.17,6.21,7.79,68.1,78.7
7155,L54334,L,300.3,310.1,1483,39.9,174,0,0,0,0,0,0,Low,8.5,589,7,125,2.04,6.68,6.29,30.2,86.1
7156,M22015,M,300.2,309.9,1569,31.2,176,0,0,0,0,0,0,Medium,10.3,732,15,921,1.56,6.43,4.65,59.8,61.5
7157,M22016,M,300.2,310.0,1664,30.7,179,0,0,0,0,0,0,Medium,7.6,829,8,227,3.7,6.02,5.72,74.3,62.6
7158,L54337,L,300.2,310.0,1486,40.1,182,0,0,0,0,0,0,Low,10.1,926,13,82,2.52,4.93,6.08,38.8,74.5
7159,L54338,L,300.2,310.0,1389,53.6,184,0,0,0,0,0,0,Low,16.6,924,20,1,2.68,5.43,7.93,58.0,68.7
7160,L54339,L,300.1,310.0,1511,41.7,186,0,0,0,0,0,0,Low,13.2,1368,10,9,2.83,6.25,6.82,30.4,63.6
7161,M22020,M,300.2,310.1,1485,40.5,188,0,0,0,0,0,0,Medium,10.9,1021,11,275,3.15,5.82,5.64,41.3,60.8
7162,L54341,L,300.2,310.2,1440,42.9,191,0,0,0,0,0,0,Low,9.7,981,7,43,1.22,5.67,6.36,40.2,57.1
7163,L54342,L,300.2,310.2,1378,43.9,193,0,0,0,0,0,0,Low,11.0,1147,11,132,3.28,4.36,6.39,86.3,60.2
7164,M22023,M,300.1,310.1,1501,39.3,195,0,0,0,0,0,0,Medium,12.0,882,12,96,1.94,5.78,7.11,41.5,54.6
7165,M22024,M,300.2,310.1,1474,44.0,198,0,0,0,0,0,0,Medium,17.4,1052,18,806,1.63,6.03,7.1,44.2,68.1
7166,L54345,L,300.2,310.1,1392,47.9,201,0,0,0,0,0,0,Low,14.0,863,17,45,4.09,5.67,6.67,57.8,57.9
7167,M22026,M,300.3,310.2,1429,44.7,203,0,0,0,0,0,0,Medium,8.2,934,10,34,2.94,6.0,7.09,45.0,65.6
7168,L54347,L,300.3,310.3,1362,60.3,206,1,0,0,0,1,0,Low,11.1,1055,11,149,3.16,5.81,9.23,70.7,64.8
7169,L54348,L,300.3,310.3,1704,29.5,0,0,0,0,0,0,0,Low,1.9,15,3,722,2.95,6.34,5.2,55.9,66.7
7170,L54349,L,300.3,310.2,1492,52.3,2,0,0,0,0,0,0,Low,1.0,5,1,90,1.73,5.93,8.2,52.1,76.1
7171,M22030,M,300.3,310.2,1442,39.5,4,0,0,0,0,0,0,Medium,4.8,5,3,395,0.89,5.83,6.12,49.9,69.6
7172,M22031,M,300.2,310.2,1438,51.5,7,0,0,0,0,0,0,Medium,2.1,27,4,128,2.51,5.95,7.96,38.7,52.0
7173,M22032,M,300.1,310.1,1402,46.6,10,0,0,0,0,0,0,Medium,1.1,12,2,903,0.78,5.68,6.83,73.1,58.9
7174,L54353,L,300.1,310.1,1684,30.8,13,0,0,0,0,0,0,Low,3.8,63,6,13,1.82,6.54,5.14,64.4,69.1
7175,L54354,L,300.2,310.2,1530,48.5,15,0,0,0,0,0,0,Low,1.0,17,3,2,1.01,5.63,7.13,82.4,62.8
7176,L54355,L,300.1,310.1,1569,43.5,17,0,0,0,0,0,0,Low,5.8,27,5,130,1.02,6.41,6.81,69.9,68.5
7177,L54356,L,300.1,310.1,1650,31.6,19,0,0,0,0,0,0,Low,6.6,92,9,69,2.09,5.44,5.31,47.5,65.2
7178,L54357,L,300.2,310.2,1415,49.6,21,0,0,0,0,0,0,Low,5.2,127,5,24,1.3,7.0,7.3,46.6,48.2
7179,L54358,L,300.2,310.2,1600,31.5,23,0,0,0,0,0,0,Low,4.4,103,6,91,2.14,7.39,5.47,79.6,78.7
7180,L54359,L,300.2,310.1,1523,42.3,25,0,0,0,0,0,0,Low,3.2,117,2,257,0.25,6.25,6.46,52.5,51.0
7181,M22040,M,300.2,310.2,1628,30.3,27,0,0,0,0,0,0,Medium,4.1,125,8,88,1.57,6.28,4.93,55.4,91.9
7182,L54361,L,300.2,310.3,1331,52.1,30,0,0,0,0,0,0,Low,3.4,137,0,41,1.67,5.99,7.44,51.5,51.4
7183,L54362,L,300.3,310.3,2158,16.8,32,0,0,0,0,0,0,Low,2.0,168,4,1071,2.4,5.94,3.65,54.6,62.9
7184,L54363,L,300.2,310.3,1445,50.9,34,0,0,0,0,0,0,Low,5.4,166,7,372,1.68,5.55,7.45,59.0,65.7
7185,M22044,M,300.2,310.3,1593,36.1,36,0,0,0,0,0,0,Medium,7.6,142,9,29,1.87,5.37,5.98,74.7,95.1
7186,L54365,L,300.3,310.4,1672,29.2,39,0,0,0,0,0,0,Low,3.1,194,5,18,2.02,6.22,5.05,95.0,55.6
7187,M22046,M,300.4,310.5,1644,31.4,41,0,0,0,0,0,0,Medium,6.5,238,10,1310,1.49,5.44,5.1,52.9,62.6
7188,L54367,L,300.4,310.5,1402,54.3,44,0,0,0,0,0,0,Low,4.2,203,6,80,1.8,6.4,8.25,52.4,85.0
7189,L54368,L,300.4,310.4,1286,56.8,46,0,0,0,0,0,0,Low,4.3,326,7,7,2.49,6.56,8.08,55.4,73.4
7190,L54369,L,300.4,310.4,1486,46.3,48,0,0,0,0,0,0,Low,2.8,300,0,418,2.03,6.76,7.04,64.8,80.3
7191,L54370,L,300.3,310.3,1345,46.3,50,0,0,0,0,0,0,Low,6.8,320,10,425,0.38,5.49,7.24,51.3,54.7
7192,L54371,L,300.3,310.3,1629,34.1,52,0,0,0,0,0,0,Low,6.1,306,3,149,0.87,5.3,5.61,31.8,77.3
7193,M22052,M,300.2,310.2,1429,43.8,54,0,0,0,0,0,0,Medium,2.7,208,6,537,0.84,6.39,6.56,32.2,56.1
7194,L54373,L,300.1,310.1,1306,64.7,57,0,0,0,0,0,0,Low,5.4,410,4,255,2.35,6.5,8.27,79.1,68.8
7195,L54374,L,300.1,310.1,1380,52.6,59,0,0,0,0,0,0,Low,5.6,383,4,17,0.85,6.42,7.42,46.6,83.6
7196,M22055,M,300.1,310.1,1443,49.3,61,0,0,0,0,0,0,Medium,5.5,281,6,643,2.13,6.48,8.13,40.0,58.5
7197,H36610,H,300.1,310.1,1426,42.7,64,0,0,0,0,0,0,High,8.8,431,10,552,0.94,5.45,6.49,90.5,56.6
7198,L54377,L,300.0,310.0,1486,41.8,69,0,0,0,0,0,0,Low,5.4,388,8,72,1.92,5.98,6.52,64.1,69.2
7199,M22058,M,300.0,309.9,1530,34.5,71,0,0,0,0,0,0,Medium,4.5,475,7,31,1.13,5.81,5.3,48.0,71.0
7200,L54379,L,300.0,309.9,1507,41.4,74,0,0,0,0,0,0,Low,5.0,292,5,322,2.03,6.45,6.08,36.8,67.7
7201,L54380,L,300.0,309.9,1608,33.4,76,0,0,0,0,0,0,Low,4.4,312,6,338,1.45,6.28,5.97,75.2,74.6
7202,L54381,L,300.0,309.8,1474,40.6,78,0,0,0,0,0,0,Low,4.0,331,5,83,1.36,6.31,6.39,34.3,74.9
7203,L54382,L,300.0,309.7,1326,61.9,80,0,0,0,0,0,0,Low,7.6,353,12,77,2.89,6.23,8.24,33.7,82.5
7204,M22063,M,299.8,309.6,1434,48.0,82,0,0,0,0,0,0,Medium,4.5,401,7,74,1.49,6.09,6.88,61.2,73.8
7205,L54384,L,299.8,309.6,1526,41.7,85,0,0,0,0,0,0,Low,5.1,520,4,92,0.53,5.8,6.85,37.2,50.1
7206,L54385,L,299.8,309.7,1483,39.6,87,0,0,0,0,0,0,Low,6.7,604,9,283,0.5,6.1,6.46,37.7,67.7
7207,L54386,L,299.8,309.7,1457,51.9,89,0,0,0,0,0,0,Low,5.4,363,5,426,2.56,6.37,7.35,61.6,75.8
7208,M22067,M,299.7,309.6,1540,34.4,91,0,0,0,0,0,0,Medium,5.9,388,10,255,0.78,6.56,5.53,60.2,93.3
7209,L54388,L,299.8,309.7,1707,29.1,94,0,0,0,0,0,0,Low,10.7,614,14,474,1.56,6.67,5.26,30.9,38.4
7210,L54389,L,299.8,309.7,1624,34.2,96,0,0,0,0,0,0,Low,5.7,509,6,39,2.53,6.31,5.85,64.0,71.4
7211,M22070,M,299.8,309.6,1331,50.2,98,0,0,0,0,0,0,Medium,8.8,555,7,8,1.54,6.78,6.95,28.7,83.4
7212,L54391,L,299.8,309.7,1431,40.3,101,0,0,0,0,0,0,Low,7.5,702,7,593,1.03,6.4,5.6,57.6,58.8
7213,M22072,M,299.8,309.7,1705,28.5,103,0,0,0,0,0,0,Medium,4.6,514,12,749,1.95,5.03,5.11,35.9,42.6
7214,M22073,M,299.8,309.8,1427,45.2,106,0,0,0,0,0,0,Medium,10.5,635,13,340,2.44,6.52,7.02,61.6,64.7
7215,M22074,M,299.9,309.8,1625,41.2,109,0,0,0,0,0,0,Medium,6.7,731,14,167,2.68,5.39,6.51,55.7,73.6
7216,L54395,L,299.9,309.8,1477,47.7,112,0,0,0,0,0,0,Low,9.9,835,14,28,1.3,6.89,7.44,46.3,80.0
7217,M22076,M,300.0,309.9,1651,28.1,114,0,0,0,0,0,0,Medium,7.9,868,6,26,2.06,4.75,4.96,43.7,48.6
7218,L54397,L,299.9,309.8,1716,28.2,117,0,0,0,0,0,0,Low,9.1,683,8,217,1.76,4.72,4.79,55.8,78.4
7219,H36632,H,299.9,309.8,1400,48.7,119,0,0,0,0,0,0,High,6.3,650,10,449,1.77,7.05,6.92,45.5,74.3
7220,M22079,M,299.8,309.7,1556,37.7,124,0,0,0,0,0,0,Medium,7.2,804,7,58,1.85,7.13,5.88,42.6,74.1
7221,L54400,L,299.8,309.7,1429,42.6,127,0,0,0,0,0,0,Low,6.5,540,12,5,1.71,6.71,6.39,50.8,65.1
7222,H36635,H,299.7,309.6,1433,49.6,129,0,0,0,0,0,0,High,6.2,721,12,23,1.24,6.89,7.03,65.9,93.2
7223,M22082,M,299.8,309.7,1320,61.7,134,0,0,0,0,0,0,Medium,7.5,637,11,100,1.91,5.33,7.81,33.8,68.8
7224,L54403,L,299.8,309.6,1374,51.6,137,0,0,0,0,0,0,Low,10.0,705,14,95,3.05,6.68,7.59,45.2,75.0
7225,L54404,L,299.8,309.6,1598,31.0,139,0,0,0,0,0,0,Low,16.5,924,18,726,1.45,5.44,5.46,72.9,63.9
7226,M22085,M,299.8,309.7,1910,21.8,141,0,0,0,0,0,0,Medium,8.7,716,13,240,2.65,6.6,4.29,47.9,79.0
7227,L54406,L,299.7,309.6,1399,51.3,144,0,0,0,0,0,0,Low,11.0,1044,9,1500,3.06,5.78,6.78,91.2,45.0
7228,L54407,L,299.7,309.6,1720,27.1,146,0,0,0,0,0,0,Low,11.2,700,13,24,1.97,5.89,4.59,72.8,75.8
7229,H36642,H,299.8,309.7,1368,47.4,148,0,0,0,0,0,0,High,9.4,1026,6,35,2.87,6.64,6.62,46.1,73.6
7230,L54409,L,299.8,309.8,1749,33.4,153,0,0,0,0,0,0,Low,6.7,665,10,109,1.84,5.95,6.17,41.0,56.5
7231,L54410,L,299.8,309.8,1542,39.4,155,0,0,0,0,0,0,Low,11.5,894,21,171,2.56,6.3,6.11,65.3,53.2
7232,L54411,L,299.8,309.9,1553,36.6,157,0,0,0,0,0,0,Low,6.6,599,8,82,2.04,5.58,6.02,87.5,82.4
7233,M22092,M,299.9,309.9,1639,42.1,159,0,0,0,0,0,0,Medium,10.7,1057,16,93,2.0,5.57,6.91,40.4,73.4
7234,L54413,L,299.9,310.0,1447,45.9,162,0,0,0,0,0,0,Low,11.1,1032,15,145,2.64,5.86,7.36,78.9,72.8
7235,M22094,M,299.8,310.0,1397,48.1,164,0,0,0,0,0,0,Medium,7.7,818,6,122,2.17,5.39,6.5,70.2,84.4
7236,L54415,L,299.8,310.0,1361,53.8,167,0,0,0,0,0,0,Low,5.8,636,13,127,2.21,6.46,7.58,40.9,70.3
7237,M22096,M,299.8,310.0,1460,37.1,169,0,0,0,0,0,0,Medium,6.0,580,13,181,1.07,6.19,5.5,77.5,82.1
7238,M22097,M,299.8,310.0,1632,33.7,172,0,0,0,0,0,0,Medium,9.1,882,9,268,2.68,5.17,5.81,55.1,58.4
7239,L54418,L,299.8,310.0,1697,36.0,175,0,0,0,0,0,0,Low,8.1,567,13,1305,2.89,6.86,5.96,63.4,71.9
7240,L54419,L,299.8,310.1,1553,42.0,177,0,0,0,0,0,0,Low,11.0,1028,11,297,3.36,6.9,6.87,54.6,96.8
7241,M22100,M,299.9,310.1,1362,56.3,179,0,0,0,0,0,0,Medium,9.9,721,15,217,3.21,6.04,7.81,29.1,82.9
7242,M22101,M,299.9,310.0,1484,42.1,182,0,0,0,0,0,0,Medium,12.4,1207,13,234,1.79,5.7,6.61,42.5,85.4
7243,H36656,H,299.9,310.1,1447,51.4,185,0,0,0,0,0,0,High,12.2,943,13,687,2.86,6.8,7.56,63.1,61.6
7244,M22103,M,300.0,310.2,1393,51.2,190,0,0,0,0,0,0,Medium,16.6,1760,20,179,2.76,5.51,7.88,72.3,84.9
7245,L54424,L,300.0,310.2,1760,26.9,193,0,0,0,0,0,0,Low,11.6,1358,12,59,3.54,6.91,4.95,48.1,69.7
7246,L54425,L,300.0,310.1,1477,34.6,195,0,0,0,0,0,0,Low,8.8,887,16,7,3.18,5.98,5.26,46.6,90.9
7247,L54426,L,299.9,310.1,1681,29.1,197,0,0,0,0,0,0,Low,14.5,1436,16,460,4.23,6.76,5.04,74.7,48.0
7248,M22107,M,300.0,310.1,1314,53.5,199,0,0,0,0,0,0,Medium,11.5,945,10,199,3.01,6.51,7.26,86.4,58.9
7249,L54428,L,300.0,310.1,1762,28.0,202,0,0,0,0,0,0,Low,8.8,869,12,181,3.71,7.57,5.33,67.5,87.9
7250,L54429,L,299.9,310.0,1402,44.7,204,0,0,0,0,0,0,Low,12.9,1211,11,137,3.64,6.49,6.58,52.4,65.5
7251,M22110,M,300.1,310.2,1429,42.0,206,0,0,0,0,0,0,Medium,13.1,1372,13,103,3.09,7.18,6.2,65.0,74.4
7252,M22111,M,300.2,310.3,1448,40.1,209,0,0,0,0,0,0,Medium,11.5,1231,14,249,2.39,5.72,6.3,62.5,48.3
7253,H36666,H,300.2,310.4,1501,42.9,212,0,0,0,0,0,0,High,15.3,1394,16,107,2.54,5.45,7.45,65.0,77.2
7254,L54433,L,300.3,310.5,1522,39.1,217,0,0,0,0,0,0,Low,13.1,1187,20,238,3.32,5.87,6.02,70.5,58.9
7255,L54434,L,300.3,310.4,1493,37.5,219,0,0,0,0,0,0,Low,20.2,1131,20,78,3.19,6.07,5.93,63.6,62.5
7256,M22115,M,300.2,310.3,1704,29.4,221,0,0,0,0,0,0,Medium,12.1,1267,15,545,2.45,6.02,5.03,84.6,56.5
7257,H36670,H,300.2,310.3,1408,42.5,0,0,0,0,0,0,0,High,5.8,5,5,286,0.87,6.02,6.43,59.7,60.9
7258,L54437,L,300.2,310.4,1518,41.8,5,0,0,0,0,0,0,Low,0.9,27,2,269,1.83,6.22,7.07,44.5,68.8
7259,L54438,L,300.3,310.4,1742,25.9,7,0,0,0,0,0,0,Low,6.2,55,8,389,0.52,6.43,4.4,70.0,64.9
7260,M22119,M,300.4,310.5,1500,43.0,9,0,0,0,0,0,0,Medium,3.1,87,6,161,1.66,5.25,6.87,56.5,55.7
7261,L54440,L,300.4,310.5,2424,14.5,12,0,0,0,0,0,0,Low,2.6,97,4,286,2.61,5.82,3.37,62.8,77.5
7262,L54441,L,300.4,310.5,1818,25.1,14,0,0,0,0,0,0,Low,3.7,64,3,486,1.46,5.69,4.64,67.7,56.8
7263,M22122,M,300.4,310.6,1545,35.6,16,0,0,0,0,0,0,Medium,4.2,97,8,48,1.26,6.12,5.73,71.2,75.0
7264,L54443,L,300.4,310.6,1429,46.9,19,0,0,0,0,0,0,Low,6.1,101,6,193,1.86,5.99,7.23,29.8,86.5
7265,M22124,M,300.4,310.6,1448,44.9,21,0,0,0,0,0,0,Medium,1.8,91,3,595,1.62,6.84,6.44,63.3,53.6
7266,L54445,L,300.4,310.6,1384,48.7,24,0,0,0,0,0,0,Low,1.8,144,2,929,1.07,6.32,6.62,46.0,67.2
7267,L54446,L,300.4,310.5,1578,32.8,26,0,0,0,0,0,0,Low,4.7,178,2,105,0.54,6.62,5.22,54.5,64.3
7268,L54447,L,300.5,310.5,1695,26.7,28,0,0,0,0,0,0,Low,4.0,119,10,21,1.9,5.81,4.78,21.6,83.1
7269,L54448,L,300.5,310.6,1543,36.2,30,0,0,0,0,0,0,Low,5.8,73,5,78,1.84,6.52,5.42,67.2,58.3
7270,M22129,M,300.4,310.5,1540,33.4,32,0,0,0,0,0,0,Medium,2.8,145,3,187,1.99,5.66,6.03,67.5,75.1
7271,L54450,L,300.2,310.4,1808,25.8,35,0,0,0,0,0,0,Low,2.6,143,3,552,0.97,5.37,4.71,70.8,45.3
7272,M22131,M,300.3,310.4,1293,49.7,37,0,0,0,0,0,0,Medium,4.9,208,3,167,2.03,6.85,6.43,58.6,66.0
7273,L54452,L,300.2,310.3,1202,59.5,40,0,0,0,0,0,0,Low,5.2,322,5,557,2.71,6.05,6.99,40.3,54.1
7274,M22133,M,300.2,310.3,1704,29.2,42,0,0,0,0,0,0,Medium,5.1,178,3,42,1.49,5.94,5.34,29.9,78.2
7275,M22134,M,300.2,310.3,1478,38.1,45,0,0,0,0,0,0,Medium,3.6,279,3,379,1.24,5.52,5.74,70.1,68.4
7276,L54455,L,300.2,310.3,1514,38.7,48,0,0,0,0,0,0,Low,8.0,273,9,71,1.21,5.43,6.31,67.5,76.1
7277,M22136,M,300.1,310.3,1350,48.8,50,0,0,0,0,0,0,Medium,4.1,139,8,307,1.47,7.01,7.02,55.9,74.9
7278,L54457,L,300.1,310.2,1475,54.2,53,0,0,0,0,0,0,Low,7.6,293,11,17,2.84,6.68,9.16,53.8,72.4
7279,H36692,H,300.0,310.1,1714,28.7,55,0,0,0,0,0,0,High,5.2,376,5,13,1.46,5.43,4.84,70.1,93.7
7280,L54459,L,300.0,310.1,1465,40.9,60,0,0,0,0,0,0,Low,3.0,213,13,564,1.01,5.56,6.25,36.9,50.1
7281,L54460,L,299.9,310.2,1288,69.6,62,1,0,0,1,0,0,Low,7.2,471,7,437,1.52,6.25,9.27,49.1,63.3
7282,L54461,L,300.0,310.2,1675,29.7,64,0,0,0,0,0,0,Low,6.9,353,11,150,2.14,5.71,4.67,75.7,73.5
7283,L54462,L,300.0,310.2,1486,36.4,66,0,0,0,0,0,0,Low,2.4,219,3,382,0.97,5.52,5.79,32.4,73.8
7284,M22143,M,300.0,310.2,1443,58.7,68,0,0,0,0,0,0,Medium,11.6,396,12,517,1.8,5.63,8.73,67.2,68.5
7285,M22144,M,300.1,310.3,1345,57.1,71,0,0,0,0,0,0,Medium,6.2,585,6,147,3.14,5.95,8.33,40.6,71.0
7286,M22145,M,300.2,310.4,1202,61.7,74,0,0,0,0,0,0,Medium,5.5,335,10,719,1.72,5.24,7.83,46.8,61.5
7287,M22146,M,300.1,310.4,1480,37.1,77,0,0,0,0,0,0,Medium,7.6,457,3,970,0.56,5.51,5.73,52.4,57.3
7288,M22147,M,300.2,310.4,1530,35.7,80,0,0,0,0,0,0,Medium,5.0,297,4,39,0.62,6.64,6.09,59.7,78.4
7289,M22148,M,300.2,310.6,1983,20.8,83,0,0,0,0,0,0,Medium,6.9,512,7,141,1.34,5.27,4.16,56.1,72.4
7290,L54469,L,300.3,310.6,1433,53.8,86,0,0,0,0,0,0,Low,5.3,316,7,372,1.61,6.0,8.4,62.5,67.4
7291,L54470,L,300.3,310.6,1806,24.4,88,0,0,0,0,0,0,Low,2.3,235,2,450,1.89,6.1,4.69,65.4,60.8
7292,L54471,L,300.2,310.5,1416,46.7,90,0,0,0,0,0,0,Low,7.5,565,10,99,1.49,6.64,7.48,41.8,78.2
7293,M22152,M,300.1,310.4,1556,38.1,92,0,0,0,0,0,0,Medium,6.2,554,9,140,2.06,5.21,6.13,50.9,81.8
7294,L54473,L,300.1,310.5,1627,29.2,95,0,0,0,0,0,0,Low,9.2,500,10,194,1.92,5.45,5.53,51.1,52.3
7295,L54474,L,300.1,310.6,1809,24.3,97,0,0,0,0,0,0,Low,9.6,626,11,42,2.08,5.9,4.5,70.1,86.4
7296,M22155,M,300.1,310.5,1329,57.4,99,0,0,0,0,0,0,Medium,4.5,463,3,38,2.43,6.65,8.16,50.0,75.4
7297,H36710,H,300.0,310.4,1881,21.9,102,0,0,0,0,0,0,High,5.4,575,6,481,2.41,6.31,4.18,35.7,65.0
7298,L54477,L,300.1,310.5,1500,39.8,107,0,0,0,0,0,0,Low,13.6,610,11,503,1.36,6.97,6.51,48.2,76.0
7299,L54478,L,300.1,310.5,1532,36.0,109,0,0,0,0,0,0,Low,5.0,582,2,750,2.47,5.6,5.62,70.6,73.0
7300,L54479,L,300.1,310.5,1492,50.9,111,0,0,0,0,0,0,Low,5.7,511,13,584,1.5,5.59,9.01,60.7,57.1
7301,L54480,L,300.2,310.6,1431,42.3,113,0,0,0,0,0,0,Low,6.3,650,8,75,1.12,5.6,6.4,62.2,87.0
7302,L54481,L,300.1,310.4,1554,39.4,115,0,0,0,0,0,0,Low,11.7,731,16,184,1.01,5.58,6.38,38.4,73.4
7303,L54482,L,300.1,310.5,1494,44.2,117,0,0,0,0,0,0,Low,8.0,703,10,127,1.06,5.48,6.59,75.9,60.0
7304,L54483,L,300.1,310.6,1374,45.4,119,0,0,0,0,0,0,Low,6.6,627,9,30,0.9,6.27,5.87,63.1,66.1
7305,L54484,L,300.1,310.5,1394,44.3,121,0,0,0,0,0,0,Low,8.1,669,11,33,0.87,4.98,6.57,61.1,83.8
7306,M22165,M,300.0,310.5,1790,25.7,123,0,0,0,0,0,0,Medium,14.2,735,18,29,1.8,6.67,4.56,49.9,75.0
7307,L54486,L,300.1,310.5,1356,45.8,126,0,0,0,0,0,0,Low,8.6,614,10,281,1.51,5.93,6.74,77.3,49.6
7308,M22167,M,300.0,310.4,1385,52.1,128,0,0,0,0,0,0,Medium,12.4,1072,22,21,1.66,6.29,6.54,33.2,91.5
7309,L54488,L,300.0,310.4,1333,49.1,131,0,0,0,0,0,0,Low,7.4,825,5,480,1.32,5.22,6.48,31.5,77.5
7310,L54489,L,300.0,310.4,1505,44.9,133,0,0,0,0,0,0,Low,11.6,761,11,92,2.43,5.54,7.1,45.9,81.7
7311,L54490,L,300.0,310.5,1606,33.5,135,0,0,0,0,0,0,Low,8.5,898,8,335,2.61,5.61,6.03,50.0,65.4
7312,H36725,H,300.0,310.5,1558,36.7,137,0,0,0,0,0,0,High,7.4,488,14,487,2.07,5.68,5.96,55.0,76.0
7313,L54492,L,300.0,310.5,1412,52.4,142,0,0,0,0,0,0,Low,7.5,751,14,716,2.34,5.72,7.81,60.4,43.6
7314,L54493,L,299.9,310.4,1408,38.4,144,0,0,0,0,0,0,Low,8.8,760,5,5,2.58,5.99,5.34,70.5,58.9
7315,L54494,L,299.9,310.3,1268,53.3,146,0,0,0,0,0,0,Low,9.3,827,10,18,2.45,5.71,7.07,55.7,73.2
7316,L54495,L,299.9,310.4,1470,50.0,148,0,0,0,0,0,0,Low,18.8,762,28,170,1.31,6.44,7.53,48.1,70.4
7317,L54496,L,299.9,310.4,1497,47.0,150,0,0,0,0,0,0,Low,10.6,1070,9,71,1.42,6.51,7.97,51.5,74.6
7318,L54497,L,299.9,310.3,1638,29.1,152,0,0,0,0,0,0,Low,9.8,816,13,92,2.06,7.01,4.48,66.7,45.9
7319,H36732,H,299.9,310.3,1535,43.9,154,0,0,0,0,0,0,High,10.6,1015,13,173,2.37,6.15,7.31,47.1,72.7
7320,L54499,L,299.8,310.2,1654,32.7,159,0,0,0,0,0,0,Low,8.5,929,12,227,2.94,5.85,5.46,53.7,44.9
7321,H36734,H,299.8,310.2,1411,49.7,161,0,0,0,0,0,0,High,16.6,1603,17,195,3.09,6.1,7.27,47.3,76.3
7322,L54501,L,299.8,310.2,1911,23.5,166,0,0,0,0,0,0,Low,13.9,1113,13,224,3.22,6.19,4.65,63.7,45.0
7323,H36736,H,299.8,310.2,1573,33.3,168,0,0,0,0,0,0,High,5.9,603,9,353,2.78,5.55,5.34,64.3,81.5
7324,L54503,L,299.9,310.2,1479,46.3,173,0,0,0,0,0,0,Low,8.1,741,12,199,2.14,6.53,6.78,69.9,76.2
7325,M22184,M,299.9,310.4,1820,26.6,175,0,0,0,0,0,0,Medium,8.1,663,12,171,2.44,6.38,4.67,53.4,77.2
7326,L54505,L,299.9,310.4,1419,45.7,178,0,0,0,0,0,0,Low,9.9,676,15,985,2.12,5.02,7.63,54.5,55.9
7327,M22186,M,299.9,310.5,1335,52.9,180,0,0,0,0,0,0,Medium,11.2,813,18,909,2.82,7.19,7.34,38.6,66.3
7328,M22187,M,299.9,310.5,1576,39.4,183,0,0,0,0,0,0,Medium,9.4,1075,17,18,2.87,6.18,6.16,31.1,87.9
7329,L54508,L,300.0,310.5,1517,42.2,186,0,0,0,0,0,0,Low,18.8,1239,21,190,4.29,5.47,6.94,49.5,53.1
7330,M22189,M,299.9,310.4,1576,34.3,188,0,0,0,0,0,0,Medium,9.6,732,10,43,2.23,5.4,5.9,51.7,52.2
7331,H36744,H,299.8,310.2,1537,36.6,191,0,0,0,0,0,0,High,10.6,974,11,81,2.08,6.13,5.9,52.5,84.5
7332,L54511,L,299.8,310.3,1524,34.2,196,0,0,0,0,0,0,Low,8.8,546,16,325,2.92,5.49,5.18,70.3,61.5
7333,M22192,M,299.8,310.3,1805,23.7,198,0,0,0,0,0,0,Medium,15.9,1159,17,96,2.75,5.39,4.69,36.0,70.0
7334,M22193,M,299.9,310.4,1367,53.3,201,0,0,0,0,0,0,Medium,7.6,656,11,286,3.91,5.82,7.31,31.3,75.9
7335,L54514,L,299.8,310.4,1694,30.3,204,0,0,0,0,0,0,Low,11.4,1137,16,120,3.78,6.27,5.13,29.4,89.0
7336,L54515,L,299.9,310.4,1328,49.9,206,0,0,0,0,0,0,Low,7.2,767,9,20,4.17,5.84,6.56,49.0,82.2
7337,H36750,H,299.9,310.5,1549,42.8,208,0,0,0,0,0,0,High,8.2,754,12,67,3.07,5.51,6.56,78.7,87.7
7338,L54517,L,299.9,310.5,1539,32.8,213,0,0,0,0,0,0,Low,15.9,1465,25,142,3.76,6.9,5.48,73.2,76.6
7339,L54518,L,299.8,310.5,1496,38.8,215,0,0,0,0,0,0,Low,12.6,1280,15,320,2.01,6.29,5.91,70.7,59.4
7340,L54519,L,299.8,310.4,1579,36.4,0,0,0,0,0,0,0,Low,2.0,15,2,213,2.42,5.47,6.75,46.7,80.9
7341,L54520,L,299.7,310.3,1386,46.6,2,0,0,0,0,0,0,Low,7.3,5,5,40,2.23,6.16,6.85,37.4,51.0
7342,L54521,L,299.7,310.3,1505,37.7,4,0,0,0,0,0,0,Low,3.0,5,1,534,1.66,6.08,5.98,61.9,79.4
7343,M22202,M,299.7,310.3,1661,34.5,6,0,0,0,0,0,0,Medium,3.2,18,6,24,1.66,5.98,6.07,80.7,68.8
7344,L54523,L,299.6,310.2,1468,48.0,9,0,0,0,0,0,0,Low,4.3,65,6,109,0.2,6.06,7.16,52.3,82.6
7345,L54524,L,299.6,310.1,1384,49.8,11,0,0,0,0,0,0,Low,5.2,52,6,486,2.33,5.95,7.52,42.5,61.7
7346,L54525,L,299.6,310.2,1381,60.5,13,0,0,0,0,0,0,Low,3.5,105,5,323,2.11,6.36,8.37,47.7,51.1
7347,L54526,L,299.6,310.2,1469,47.0,15,0,0,0,0,0,0,Low,1.5,36,3,54,1.56,6.02,7.05,49.3,79.6
7348,L54527,L,299.6,310.2,1627,36.6,17,0,0,0,0,0,0,Low,3.9,49,2,127,1.86,6.11,6.51,81.6,78.1
7349,H36762,H,299.7,310.3,1462,40.4,19,0,0,0,0,0,0,High,6.3,123,7,289,1.72,6.27,6.61,53.7,60.1
7350,L54529,L,299.7,310.2,1633,36.5,24,0,0,0,0,0,0,Low,4.3,103,6,190,1.26,5.96,6.89,72.2,80.6
7351,L54530,L,299.7,310.2,1469,39.5,26,0,0,0,0,0,0,Low,4.9,86,8,319,1.01,6.44,5.94,65.1,71.9
7352,L54531,L,299.7,310.2,1458,43.4,28,0,0,0,0,0,0,Low,3.0,134,6,125,1.01,6.82,6.81,63.9,66.9
7353,M22212,M,299.7,310.2,1440,42.8,30,0,0,0,0,0,0,Medium,3.9,300,7,161,1.6,5.86,5.87,73.2,77.1
7354,L54533,L,299.8,310.3,1687,30.4,33,0,0,0,0,0,0,Low,4.5,193,7,81,2.52,5.65,5.79,74.4,74.1
7355,M22214,M,299.7,310.3,1429,47.7,35,0,0,0,0,0,0,Medium,2.9,151,5,450,1.9,5.22,7.08,51.3,61.2
7356,L54535,L,299.6,310.2,1588,34.1,38,0,0,0,0,0,0,Low,8.7,288,13,63,1.84,6.4,5.87,38.4,76.7
7357,L54536,L,299.6,310.2,1333,51.2,40,0,0,0,0,0,0,Low,5.2,199,1,147,1.84,5.96,7.38,51.6,68.4
7358,L54537,L,299.6,310.1,1487,42.9,42,0,0,0,0,0,0,Low,3.6,227,8,89,1.27,5.33,6.84,48.9,66.2
7359,M22218,M,299.5,310.1,1659,31.5,44,0,0,0,0,0,0,Medium,3.6,317,3,327,1.37,5.65,5.3,75.7,53.1
7360,M22219,M,299.4,310.0,1512,43.2,47,0,0,0,0,0,0,Medium,6.7,190,11,57,1.35,6.29,6.59,61.7,77.9
7361,L54540,L,299.5,310.1,1585,35.2,50,0,0,0,0,0,0,Low,3.4,270,2,85,0.79,6.46,6.11,30.3,65.7
7362,L54541,L,299.5,310.0,1502,38.5,52,0,0,0,0,0,0,Low,5.2,322,4,137,2.3,6.33,5.9,43.3,77.8
7363,L54542,L,299.5,310.0,1594,35.1,54,0,0,0,0,0,0,Low,5.6,314,5,354,1.82,5.96,5.65,47.3,68.6
7364,L54543,L,299.5,310.0,1412,48.9,56,0,0,0,0,0,0,Low,3.1,232,2,528,1.97,6.48,7.19,67.3,65.9
7365,L54544,L,299.5,309.9,1402,51.7,58,0,0,0,0,0,0,Low,4.9,316,8,417,2.22,6.12,7.54,47.2,78.0
7366,L54545,L,299.6,310.1,2057,20.4,60,0,0,0,0,0,0,Low,8.4,323,11,629,2.14,6.06,4.3,71.3,62.1
7367,H36780,H,299.6,310.1,1531,36.8,62,0,0,0,0,0,0,High,3.3,313,2,182,1.74,5.52,5.86,37.8,64.6
7368,M22227,M,299.5,310.1,1359,61.1,67,0,0,0,0,0,0,Medium,7.5,292,9,50,2.07,6.74,8.81,25.8,75.7
7369,M22228,M,299.6,310.2,1620,30.0,70,0,0,0,0,0,0,Medium,5.2,277,4,83,1.38,6.38,4.83,57.7,80.0
7370,M22229,M,299.6,310.1,1646,29.6,73,0,0,0,0,0,0,Medium,3.9,295,4,692,1.72,5.75,4.8,27.7,69.2
7371,M22230,M,299.6,310.1,1455,46.1,76,0,0,0,0,0,0,Medium,3.5,346,1,206,1.75,6.7,7.22,51.3,66.3
7372,L54551,L,299.6,310.2,1512,44.0,79,0,0,0,0,0,0,Low,5.0,323,6,202,2.51,5.27,7.11,57.9,100.0
7373,L54552,L,299.6,310.2,1473,42.7,81,0,0,0,0,0,0,Low,6.6,602,12,65,0.99,5.55,6.47,70.9,61.0
7374,L54553,L,299.6,310.1,1553,38.0,83,0,0,0,0,0,0,Low,7.1,584,7,171,1.01,5.27,6.01,66.6,68.1
7375,L54554,L,299.5,310.0,1379,50.4,85,0,0,0,0,0,0,Low,7.9,490,9,178,1.66,5.81,7.57,37.2,70.9
7376,M22235,M,299.4,309.9,1567,40.6,87,0,0,0,0,0,0,Medium,4.8,503,5,470,2.23,5.58,6.27,39.3,74.5
7377,L54556,L,299.5,310.0,1481,43.1,90,0,0,0,0,0,0,Low,8.1,639,4,218,1.73,6.59,6.31,36.0,77.8
7378,L54557,L,299.5,310.0,1349,52.7,92,0,0,0,0,0,0,Low,14.4,819,11,945,3.39,6.14,7.16,46.2,77.1
7379,L54558,L,299.5,310.0,1388,52.4,94,0,0,0,0,0,0,Low,8.1,763,20,569,1.98,5.9,6.68,75.0,75.0
7380,M22239,M,299.6,310.1,1357,48.7,96,0,0,0,0,0,0,Medium,8.0,551,14,83,2.06,6.3,7.61,95.0,73.6
7381,L54560,L,299.6,310.2,1743,24.8,99,0,0,0,0,0,0,Low,4.5,496,7,26,1.94,6.42,4.23,58.9,88.4
7382,L54561,L,299.7,310.3,1495,43.1,101,0,0,0,0,0,0,Low,6.1,659,5,414,1.72,6.8,7.09,52.8,66.2
7383,L54562,L,299.8,310.4,1698,28.3,103,0,0,0,0,0,0,Low,6.2,571,7,381,1.36,5.92,5.1,50.2,54.3
7384,M22243,M,299.7,310.4,1410,44.5,105,0,0,0,0,0,0,Medium,11.0,611,18,749,1.68,6.03,6.69,44.0,80.1
7385,L54564,L,299.7,310.4,1614,36.2,108,0,0,0,0,0,0,Low,5.4,459,7,10,1.01,5.38,6.63,25.7,74.9
7386,M22245,M,299.8,310.5,1375,53.9,110,0,0,0,0,0,0,Medium,8.3,582,10,438,2.3,6.18,7.94,74.5,54.7
7387,M22246,M,299.8,310.6,1574,31.8,113,0,0,0,0,0,0,Medium,5.8,509,4,383,1.88,6.14,5.23,62.1,90.2
7388,H36801,H,299.8,310.6,1423,44.6,116,0,0,0,0,0,0,High,5.1,518,1,82,1.51,5.7,7.14,50.5,80.4
7389,M22248,M,299.8,310.6,1694,31.3,121,0,0,0,0,0,0,Medium,9.4,880,11,77,1.42,6.01,4.96,61.7,81.2
7390,L54569,L,299.8,310.6,1707,32.5,124,0,0,0,0,0,0,Low,9.3,667,13,185,1.38,5.84,6.18,60.6,53.8
7391,M22250,M,299.7,310.5,1490,41.2,126,0,0,0,0,0,0,Medium,12.6,894,16,394,0.93,6.24,6.46,70.7,84.4
7392,L54571,L,299.7,310.6,1675,31.3,129,0,0,0,0,0,0,Low,7.8,665,8,115,1.34,5.85,5.47,60.1,55.8
7393,M22252,M,299.7,310.5,1492,39.3,131,0,0,0,0,0,0,Medium,10.3,818,15,213,3.01,6.13,6.07,53.0,91.6
7394,M22253,M,299.7,310.5,1594,35.4,134,0,0,0,0,0,0,Medium,8.0,649,20,3,1.88,5.67,6.01,56.1,67.2
7395,L54574,L,299.7,310.6,1479,38.0,137,0,0,0,0,0,0,Low,11.2,1006,20,145,1.46,6.46,5.74,43.3,57.4
7396,M22255,M,299.7,310.6,1572,38.0,139,0,0,0,0,0,0,Medium,7.2,730,11,57,1.31,6.29,5.95,40.1,92.2
7397,L54576,L,299.7,310.6,1616,35.1,142,0,0,0,0,0,0,Low,6.8,666,8,13,1.78,6.64,5.96,67.2,51.7
7398,L54577,L,299.7,310.6,1737,26.1,144,0,0,0,0,0,0,Low,5.9,595,10,138,2.44,6.02,4.92,83.7,78.5
7399,M22258,M,299.7,310.7,1498,37.8,146,0,0,0,0,0,0,Medium,9.7,964,4,550,2.06,5.96,5.89,41.5,56.0
7400,L54579,L,299.6,310.6,1642,35.1,149,0,0,0,0,0,0,Low,10.9,756,14,95,2.59,5.14,6.18,31.0,91.8
7401,M22260,M,299.6,310.6,1633,34.2,151,0,0,0,0,0,0,Medium,13.6,807,22,36,2.64,6.5,6.06,32.6,68.7
7402,L54581,L,299.8,310.8,1409,51.9,154,0,0,0,0,0,0,Low,9.4,578,14,58,2.34,6.1,7.91,46.8,76.8
7403,M22262,M,299.8,310.8,1463,43.5,156,0,0,0,0,0,0,Medium,13.2,1180,15,105,1.54,5.87,6.85,44.2,51.5
7404,L54583,L,299.8,310.8,1376,48.6,159,0,0,0,0,0,0,Low,11.2,1044,10,223,2.12,6.53,7.22,68.3,72.6
7405,L54584,L,299.8,310.8,1553,32.2,161,0,0,0,0,0,0,Low,8.2,425,11,31,2.52,6.43,5.31,72.4,92.0
7406,M22265,M,299.8,310.8,1530,35.2,163,0,0,0,0,0,0,Medium,22.2,933,29,162,1.65,5.75,5.04,80.7,96.5
7407,L54586,L,299.8,310.9,1545,40.7,166,0,0,0,0,0,0,Low,14.9,1429,22,180,3.37,6.21,6.35,75.6,89.3
7408,H36821,H,299.8,310.9,1427,47.2,168,0,0,0,0,0,0,High,11.9,989,18,194,1.92,6.06,6.96,63.8,92.9
7409,L54588,L,299.9,310.9,1292,51.1,173,0,0,0,0,0,0,Low,18.2,1830,25,45,2.9,6.73,7.2,39.0,76.6
7410,L54589,L,299.8,310.9,2084,17.6,175,0,0,0,0,0,0,Low,14.9,814,25,717,3.28,5.31,3.75,59.2,59.9
7411,L54590,L,299.9,311.0,1747,27.6,177,0,0,0,0,0,0,Low,8.5,756,6,129,3.08,6.75,5.3,44.8,66.7
7412,L54591,L,300.0,311.1,1425,47.8,179,0,0,0,0,0,0,Low,11.4,1220,11,732,1.29,6.66,7.64,21.8,46.9
7413,L54592,L,300.0,311.0,1637,33.6,181,0,0,0,0,0,0,Low,12.7,1036,19,90,3.06,5.74,6.39,54.6,80.2
7414,M22273,M,300.1,311.1,1616,35.2,183,0,0,0,0,0,0,Medium,7.3,725,5,98,2.26,5.67,6.15,47.2,79.5
7415,L54594,L,300.1,311.1,1619,33.4,186,0,0,0,0,0,0,Low,15.8,1522,20,163,2.02,6.21,5.47,37.0,75.2
7416,L54595,L,300.1,311.2,1489,39.1,188,0,0,0,0,0,0,Low,14.3,1412,23,110,2.95,5.2,6.22,47.4,82.8
7417,M22276,M,300.1,311.2,1452,42.4,190,0,0,0,0,0,0,Medium,12.3,1067,17,94,1.33,6.15,6.71,83.9,59.6
7418,M22277,M,300.1,311.3,1495,41.0,193,0,0,0,0,0,0,Medium,12.5,1178,17,96,3.6,6.11,5.94,70.2,71.1
7419,M22278,M,300.2,311.4,1427,39.7,196,0,0,0,0,0,0,Medium,9.3,1068,12,46,2.61,6.31,6.29,83.0,86.0
7420,L54599,L,300.1,311.4,1572,36.2,199,0,0,0,0,0,0,Low,15.8,1439,20,63,2.56,5.59,5.81,57.1,57.4
7421,L54600,L,300.1,311.3,1547,40.0,201,0,0,0,0,0,0,Low,11.3,973,11,202,1.88,7.46,6.55,30.2,62.8
7422,M22281,M,300.1,311.4,1342,48.5,203,0,0,0,0,0,0,Medium,14.7,1112,24,269,2.76,6.15,6.47,28.0,80.2
7423,L54602,L,300.0,311.2,1351,44.1,206,0,0,0,0,0,0,Low,9.3,950,11,300,3.45,6.73,6.57,35.3,58.2
7424,L54603,L,300.0,311.3,1407,47.3,208,0,0,0,0,0,0,Low,9.0,1029,14,72,3.09,6.29,6.32,89.2,72.8
7425,M22284,M,300.1,311.4,1575,29.8,210,0,0,0,0,0,0,Medium,13.1,1095,15,181,3.16,6.48,4.9,57.9,54.7
7426,M22285,M,300.0,311.4,1791,24.1,213,0,0,0,0,0,0,Medium,17.4,1624,21,13,3.82,5.25,4.41,59.5,65.6
7427,M22286,M,300.0,311.4,1692,29.0,216,1,1,0,0,0,0,Medium,12.4,1035,10,31,2.59,7.02,5.34,54.9,100.0
7428,L54607,L,300.0,311.4,1634,31.9,0,0,0,0,0,0,0,Low,9.3,23,11,220,0.74,6.29,5.34,61.5,60.3
7429,M22288,M,300.0,311.4,1864,23.3,2,0,0,0,0,0,0,Medium,0.2,7,2,68,1.48,6.21,4.83,37.7,79.6
7430,L54609,L,300.0,311.4,1590,33.6,5,0,0,0,0,0,0,Low,0.5,15,1,5,1.63,6.33,5.51,49.4,79.6
7431,M22290,M,300.0,311.4,1384,46.1,7,0,0,0,0,0,0,Medium,1.1,37,2,34,1.56,6.31,6.88,26.5,67.3
7432,M22291,M,300.0,311.4,1352,61.8,10,0,0,0,0,0,0,Medium,4.8,55,8,489,2.34,6.2,9.06,60.5,71.3
7433,L54612,L,300.1,311.4,1484,43.1,13,0,0,0,0,0,0,Low,6.0,31,2,180,1.86,5.88,6.83,62.7,42.9
7434,M22293,M,300.1,311.4,1913,21.9,15,0,0,0,0,0,0,Medium,3.6,109,5,122,1.9,5.29,4.51,43.5,95.0
7435,L54614,L,300.0,311.4,1508,38.2,18,0,0,0,0,0,0,Low,4.7,102,2,384,0.88,7.02,5.55,24.2,59.8
7436,L54615,L,299.9,311.3,1504,40.7,20,0,0,0,0,0,0,Low,2.8,187,4,84,0.92,5.41,6.23,49.9,59.4
7437,L54616,L,300.0,311.4,1487,41.2,22,0,0,0,0,0,0,Low,1.7,83,2,142,1.87,6.62,6.26,68.8,61.2
7438,L54617,L,299.8,311.3,1727,30.0,24,0,0,0,0,0,0,Low,1.5,112,1,178,2.51,6.25,5.61,35.2,54.7
7439,L54618,L,299.9,311.3,1647,27.5,26,0,0,0,0,0,0,Low,5.6,219,4,203,2.58,5.56,5.02,40.2,68.6
7440,L54619,L,300.0,311.3,1493,41.4,28,0,0,0,0,0,0,Low,6.3,99,4,313,1.21,6.44,6.56,53.7,74.4
7441,L54620,L,300.0,311.4,1655,29.6,30,0,0,0,0,0,0,Low,2.3,188,2,183,1.85,5.72,5.05,56.0,63.7
7442,M22301,M,299.9,311.4,1337,54.8,32,0,0,0,0,0,0,Medium,2.6,171,2,87,2.42,7.19,7.68,63.1,68.9
7443,L54622,L,300.0,311.5,1601,36.9,35,0,0,0,0,0,0,Low,3.0,163,3,756,1.84,5.96,6.28,76.9,77.2
7444,H36857,H,300.1,311.6,1589,37.9,37,0,0,0,0,0,0,High,3.0,255,2,752,1.98,6.51,6.28,42.1,55.2
7445,L54624,L,300.2,311.7,1286,55.1,42,0,0,0,0,0,0,Low,4.8,199,4,74,2.57,5.79,7.17,37.7,80.9
7446,L54625,L,300.2,311.7,1553,41.3,44,0,0,0,0,0,0,Low,3.2,166,10,469,1.13,5.48,6.33,47.5,42.9
7447,L54626,L,300.2,311.8,1379,51.0,46,0,0,0,0,0,0,Low,8.1,245,8,847,1.58,6.02,6.99,38.5,63.8
7448,M22307,M,300.3,311.9,1677,30.8,48,0,0,0,0,0,0,Medium,3.1,211,5,643,2.04,6.89,5.1,41.6,61.0
7449,L54628,L,300.3,311.8,1488,38.4,51,0,0,0,0,0,0,Low,6.3,203,8,241,0.9,5.09,6.03,52.8,69.7
7450,L54629,L,300.3,311.8,1418,45.9,53,0,0,0,0,0,0,Low,2.9,280,3,521,1.32,5.68,6.6,44.9,45.2
7451,L54630,L,300.3,311.8,1451,41.0,55,0,0,0,0,0,0,Low,5.7,510,6,301,1.59,5.98,6.43,71.4,72.5
7452,L54631,L,300.3,311.8,1508,43.1,57,0,0,0,0,0,0,Low,5.9,383,4,572,1.27,5.49,6.05,36.1,66.0
7453,L54632,L,300.3,311.7,1579,33.6,59,0,0,0,0,0,0,Low,5.2,234,1,113,1.84,5.32,5.33,53.2,79.9
7454,H36867,H,300.3,311.7,1432,47.7,61,0,0,0,0,0,0,High,10.3,434,11,3,1.36,6.58,7.09,32.0,91.4
7455,L54634,L,300.2,311.6,1446,47.3,66,0,0,0,0,0,0,Low,6.1,359,9,62,0.34,5.64,7.22,59.2,56.4
7456,M22315,M,300.2,311.7,1597,39.5,68,0,0,0,0,0,0,Medium,6.1,351,7,151,1.83,5.56,6.63,59.0,73.4
7457,M22316,M,300.2,311.7,1397,50.2,71,0,0,0,0,0,0,Medium,3.1,248,4,109,1.87,5.7,7.7,84.3,64.5
7458,L54637,L,300.1,311.6,1530,36.6,74,0,0,0,0,0,0,Low,4.8,441,1,65,2.3,5.88,6.3,70.1,95.5
7459,M22318,M,300.1,311.6,1433,51.4,76,0,0,0,0,0,0,Medium,5.5,461,5,73,1.75,6.33,7.89,30.3,71.2
7460,L54639,L,300.0,311.5,1591,32.0,79,0,0,0,0,0,0,Low,6.2,452,9,207,1.69,5.3,5.36,62.9,85.4
7461,L54640,L,300.0,311.5,1445,41.6,81,0,0,0,0,0,0,Low,5.3,367,5,261,1.26,5.88,6.46,52.1,60.7
7462,L54641,L,300.0,311.5,1749,28.3,83,0,0,0,0,0,0,Low,7.1,461,10,273,1.47,5.6,5.16,63.2,66.3
7463,L54642,L,300.0,311.3,1703,30.4,85,0,0,0,0,0,0,Low,9.1,342,11,29,1.53,5.23,5.75,43.4,53.9
7464,H36877,H,300.1,311.4,1518,46.9,87,0,0,0,0,0,0,High,7.2,561,9,332,1.18,5.74,7.44,67.6,77.9
7465,L54644,L,300.1,311.3,1535,42.3,92,0,0,0,0,0,0,Low,8.2,476,14,60,1.64,6.51,6.73,54.3,53.0
7466,M22325,M,300.1,311.4,1390,52.1,94,0,0,0,0,0,0,Medium,4.9,444,5,222,2.07,6.23,7.77,46.3,70.6
7467,H36880,H,300.3,311.6,1801,23.6,97,0,0,0,0,0,0,High,11.7,584,8,36,1.4,6.34,4.3,39.0,84.3
7468,H36881,H,300.3,311.6,1463,41.6,102,0,0,0,0,0,0,High,6.0,434,10,644,2.0,4.68,6.86,35.4,64.9
7469,L54648,L,300.3,311.6,1560,37.7,107,0,0,0,0,0,0,Low,11.6,586,16,25,1.16,5.6,5.69,42.0,49.1
7470,L54649,L,300.3,311.6,1607,33.5,109,0,0,0,0,0,0,Low,5.9,472,7,52,1.66,6.24,5.35,48.7,69.9
7471,L54650,L,300.4,311.6,1332,54.6,111,0,0,0,0,0,0,Low,6.0,514,8,236,2.63,5.83,8.03,68.4,85.1
7472,L54651,L,300.3,311.7,1365,53.3,113,0,0,0,0,0,0,Low,6.1,557,7,571,2.84,6.08,8.24,73.8,70.2
7473,M22332,M,300.3,311.6,1617,32.5,115,0,0,0,0,0,0,Medium,6.9,719,9,67,0.27,6.0,6.05,37.9,70.7
7474,M22333,M,300.3,311.6,1304,62.8,118,0,0,0,0,0,0,Medium,11.0,728,11,153,3.06,5.22,8.35,47.6,59.5
7475,L54654,L,300.3,311.7,1989,22.3,121,0,0,0,0,0,0,Low,5.1,462,3,487,2.42,5.68,4.63,40.9,70.5
7476,H36889,H,300.3,311.6,1339,53.4,123,0,0,0,0,0,0,High,7.3,499,9,17,2.36,5.52,7.61,33.4,69.4
7477,L54656,L,300.2,311.5,1492,41.8,128,0,0,0,0,0,0,Low,7.6,821,6,483,1.2,6.18,6.68,57.0,54.2
7478,M22337,M,300.1,311.3,1518,40.2,130,0,0,0,0,0,0,Medium,13.9,695,17,113,1.95,5.77,6.73,71.2,69.9
7479,L54658,L,300.1,311.3,1479,39.5,133,0,0,0,0,0,0,Low,15.4,1253,19,130,2.17,5.28,6.26,67.2,80.6
7480,M22339,M,300.1,311.3,1523,34.1,135,0,0,0,0,0,0,Medium,11.8,844,11,86,1.95,5.92,6.14,56.8,65.4
7481,M22340,M,300.2,311.4,1570,35.3,138,0,0,0,0,0,0,Medium,7.2,531,9,47,2.23,6.82,6.13,58.4,73.7
7482,H36895,H,300.2,311.4,1506,36.1,141,0,0,0,0,0,0,High,8.4,740,10,249,2.8,5.0,6.04,47.0,66.5
7483,M22342,M,300.2,311.6,1510,47.5,146,0,0,0,0,0,0,Medium,7.9,763,12,42,2.86,6.6,7.19,55.8,59.7
7484,L54663,L,300.2,311.6,1671,28.8,149,0,0,0,0,0,0,Low,20.5,1664,24,321,1.65,5.55,5.27,39.7,64.9
7485,M22344,M,300.3,311.6,1312,53.4,151,0,0,0,0,0,0,Medium,8.0,890,12,347,2.8,6.03,7.76,80.0,68.9
7486,L54665,L,300.3,311.6,1595,38.8,154,0,0,0,0,0,0,Low,10.1,744,14,174,2.67,5.05,6.79,78.4,73.1
7487,L54666,L,300.3,311.7,1635,31.8,156,0,0,0,0,0,0,Low,7.3,726,8,52,2.28,6.11,4.99,45.0,87.1
7488,L54667,L,300.3,311.7,1707,33.6,158,0,0,0,0,0,0,Low,6.1,637,5,124,2.63,6.16,5.78,64.3,75.2
7489,L54668,L,300.3,311.7,1545,43.5,160,0,0,0,0,0,1,Low,9.0,858,13,376,1.17,7.04,6.78,59.6,55.1
7490,M22349,M,300.2,311.6,1751,28.0,162,0,0,0,0,0,0,Medium,9.6,924,9,114,2.34,6.21,5.1,62.7,80.2
7491,M22350,M,300.4,311.8,1707,30.0,165,0,0,0,0,0,0,Medium,13.7,1251,11,377,2.18,4.89,5.29,45.9,60.2
7492,L54671,L,300.4,311.8,1320,57.9,168,0,0,0,0,0,0,Low,12.9,905,15,35,2.28,6.14,9.26,32.2,63.3
7493,M22352,M,300.3,311.7,1319,51.4,170,0,0,0,0,0,0,Medium,12.1,1199,15,149,3.14,6.19,6.94,72.6,92.0
7494,L54673,L,300.2,311.7,1448,54.2,173,0,0,0,0,0,0,Low,12.4,1436,12,127,2.03,5.24,8.25,71.7,76.3
7495,L54674,L,300.2,311.8,1436,48.2,175,0,0,0,0,0,0,Low,11.3,1217,14,8,3.03,4.77,7.49,51.1,72.4
7496,L54675,L,300.3,311.9,1609,34.0,177,0,0,0,0,0,0,Low,7.4,634,7,377,2.28,4.9,5.77,27.1,61.1
7497,L54676,L,300.2,311.8,1464,44.5,179,0,0,0,0,0,0,Low,10.2,1021,8,167,3.04,6.15,7.5,37.1,82.4
7498,M22357,M,300.3,311.8,1483,45.1,181,0,0,0,0,0,0,Medium,11.4,900,10,1015,2.64,5.86,7.2,63.5,72.3
7499,M22358,M,300.2,311.8,1748,28.5,184,0,0,0,0,0,0,Medium,12.3,1098,14,187,2.79,6.51,5.16,54.1,83.8
7500,L54679,L,300.3,311.8,1746,26.3,187,0,0,0,0,0,0,Low,17.7,1600,27,91,2.72,6.72,4.75,44.4,84.2
7501,L54680,L,300.2,311.8,1410,51.4,189,0,0,0,0,0,0,Low,6.7,774,9,126,2.57,6.47,7.97,51.5,77.6
7502,L54681,L,300.2,311.7,1640,30.8,191,0,0,0,0,0,0,Low,19.8,1771,31,179,2.77,6.43,5.65,46.8,53.2
7503,H36916,H,300.3,311.7,1655,29.9,193,0,0,0,0,0,0,High,10.5,1203,14,143,1.45,6.63,5.35,78.8,67.1
7504,M22363,M,300.3,311.7,1646,28.9,198,0,0,0,0,0,0,Medium,12.6,1069,13,211,2.57,6.18,4.87,25.8,77.7
7505,L54684,L,300.4,311.8,1589,42.0,201,0,0,0,0,0,0,Low,13.9,951,22,502,3.08,6.26,6.81,65.7,59.4
7506,L54685,L,300.5,311.9,1546,39.4,203,0,0,0,0,0,0,Low,10.9,1282,17,84,2.61,4.81,6.59,50.7,64.1
7507,L54686,L,300.5,311.9,1511,41.8,205,0,0,0,0,0,0,Low,16.4,1695,18,4,3.17,5.65,7.17,61.6,72.1
7508,L54687,L,300.5,311.9,1750,28.3,207,0,0,0,0,0,0,Low,12.8,1332,17,36,2.57,5.3,5.4,53.9,60.1
7509,M22368,M,300.5,311.9,1730,27.5,209,0,0,0,0,0,0,Medium,11.5,1300,11,257,2.45,6.68,4.91,64.7,47.9
7510,L54689,L,300.6,311.9,1372,60.1,212,1,0,0,0,1,0,Low,11.6,1373,8,738,3.71,5.49,8.59,65.8,58.1
7511,L54690,L,300.5,311.8,1524,38.9,214,1,1,0,0,0,0,Low,12.7,908,14,34,2.43,5.39,5.6,34.7,80.4
7512,L54691,L,300.4,311.8,1601,36.1,0,0,0,0,0,0,0,Low,1.0,29,1,75,2.0,5.77,6.42,58.0,74.9
7513,M22372,M,300.5,311.8,1636,34.4,2,0,0,0,0,0,0,Medium,12.6,5,12,81,1.43,6.85,5.57,43.2,96.5
7514,L54693,L,300.4,311.8,2261,14.9,5,0,0,0,0,0,0,Low,0.9,5,0,122,2.84,6.91,3.74,27.7,83.2
7515,L54694,L,300.4,311.8,1636,32.3,7,0,0,0,0,0,0,Low,1.2,38,0,304,0.27,5.88,5.58,69.9,74.2
7516,M22375,M,300.4,311.9,1335,58.3,9,0,0,0,0,0,0,Medium,0.9,93,1,118,2.12,6.3,9.02,82.0,83.7
7517,M22376,M,300.3,311.7,1236,57.5,12,0,0,0,0,0,0,Medium,1.2,54,1,398,2.09,6.03,7.86,52.3,41.7
7518,L54697,L,300.3,311.7,1445,47.3,15,0,0,0,0,0,0,Low,1.8,94,3,64,0.72,6.36,7.31,38.2,52.7
7519,L54698,L,300.2,311.5,1500,40.8,17,0,0,0,0,0,0,Low,2.9,74,2,24,1.64,4.83,6.44,70.1,79.1
7520,L54699,L,300.2,311.6,1999,21.0,19,0,0,0,0,0,0,Low,4.8,133,8,47,2.22,6.62,4.27,39.9,90.5
7521,L54700,L,300.2,311.6,1529,35.5,21,0,0,0,0,0,0,Low,3.4,230,3,84,1.04,5.97,5.72,29.3,52.7
7522,M22381,M,300.2,311.6,1467,40.7,23,0,0,0,0,0,0,Medium,4.5,107,9,337,2.27,5.67,6.23,37.0,48.3
7523,L54702,L,300.1,311.5,1334,54.0,26,0,0,0,0,0,0,Low,8.5,133,13,47,1.5,5.69,7.01,87.0,82.9
7524,M22383,M,300.1,311.5,1343,46.2,28,0,0,0,0,0,0,Medium,3.1,144,3,106,2.25,6.25,6.93,73.4,73.0
7525,L54704,L,300.2,311.5,1639,31.1,31,0,0,0,0,0,0,Low,3.1,195,1,23,1.66,6.81,5.28,68.0,76.6
7526,H36939,H,300.1,311.5,1383,49.1,33,0,0,0,0,0,0,High,2.0,134,4,648,2.42,6.84,7.02,48.5,56.1
7527,L54706,L,300.1,311.4,1660,31.4,38,0,0,0,0,0,0,Low,4.0,203,2,366,2.09,5.54,4.98,34.3,56.8
7528,L54707,L,300.1,311.3,1470,45.2,40,0,0,0,0,0,0,Low,8.0,167,12,858,0.49,6.44,6.83,46.5,51.8
7529,M22388,M,300.1,311.3,1748,26.6,42,0,0,0,0,0,0,Medium,3.8,189,5,68,1.28,5.46,5.06,57.8,71.7
7530,L54709,L,300.1,311.4,1467,35.7,45,0,0,0,0,0,0,Low,5.0,154,3,333,1.0,5.57,5.29,79.2,51.0
7531,M22390,M,300.1,311.4,1617,39.3,47,0,0,0,0,0,0,Medium,4.5,255,3,9,3.09,5.92,6.34,52.6,57.5
7532,H36945,H,300.1,311.4,1377,56.7,50,0,0,0,0,0,0,High,4.8,316,5,380,2.85,6.32,8.09,56.5,62.3
7533,M22392,M,300.0,311.3,1629,32.1,55,0,0,0,0,0,0,Medium,14.8,444,21,21,2.59,6.27,5.52,38.3,95.4
7534,L54713,L,300.0,311.2,1504,37.9,58,0,0,0,0,0,0,Low,5.1,237,8,344,0.83,6.11,6.28,36.6,54.6
7535,L54714,L,300.0,311.2,1418,47.3,60,0,0,0,0,0,0,Low,7.3,320,9,47,1.89,5.16,7.48,29.6,76.1
7536,L54715,L,300.0,311.2,1629,31.7,62,0,0,0,0,0,0,Low,5.6,259,11,7,1.27,6.31,5.4,15.0,72.1
7537,L54716,L,300.1,311.3,2579,12.5,64,1,0,0,1,0,0,Low,3.3,125,8,423,4.18,7.16,3.16,59.6,53.4
7538,L54717,L,300.1,311.3,1305,64.7,66,0,0,0,0,0,0,Low,4.0,313,3,138,2.93,6.46,8.6,93.6,67.9
7539,M22398,M,300.2,311.4,1450,38.5,68,0,0,0,0,0,0,Medium,10.7,498,12,21,1.36,6.7,6.15,75.3,74.6
7540,L54719,L,300.2,311.3,1487,36.9,71,0,0,0,0,0,0,Low,3.6,386,2,28,1.1,6.38,5.43,62.9,77.8
7541,M22400,M,300.2,311.3,1587,31.2,73,0,0,0,0,0,0,Medium,5.2,476,5,127,2.04,6.48,5.36,68.6,66.9
7542,M22401,M,300.3,311.5,1528,40.9,76,0,0,0,0,0,0,Medium,4.9,434,2,65,1.76,5.17,7.32,56.8,84.6
7543,M22402,M,300.4,311.6,1401,49.9,79,0,0,0,0,0,0,Medium,8.8,472,12,211,1.7,5.55,7.67,63.7,64.4
7544,L54723,L,300.3,311.5,1446,45.0,82,0,0,0,0,0,0,Low,10.6,467,18,249,1.2,6.74,6.94,67.6,56.9
7545,L54724,L,300.2,311.4,1425,44.2,84,0,0,0,0,0,0,Low,6.3,685,5,372,2.01,6.54,7.05,55.7,90.7
7546,L54725,L,300.2,311.4,1891,22.6,86,0,0,0,0,0,0,Low,4.6,305,6,225,2.1,5.75,4.57,26.1,71.1
7547,H36960,H,300.2,311.5,1454,42.8,88,0,0,0,0,0,0,High,8.6,456,12,216,1.15,6.14,6.4,70.0,59.5
7548,L54727,L,300.1,311.4,1430,40.9,93,0,0,0,0,0,0,Low,5.5,503,6,902,1.63,6.58,6.19,43.5,73.2
7549,L54728,L,300.2,311.4,1495,43.6,95,0,0,0,0,0,0,Low,7.3,428,7,30,2.03,6.21,6.46,43.1,54.7
7550,L54729,L,300.3,311.4,1544,41.6,97,0,0,0,0,0,0,Low,5.7,456,4,415,1.58,6.61,6.3,50.7,70.1
7551,M22410,M,300.3,311.4,1554,34.3,99,0,0,0,0,0,0,Medium,13.5,508,16,350,1.98,5.78,5.55,55.7,47.2
7552,M22411,M,300.2,311.3,1491,37.3,102,0,0,0,0,0,0,Medium,5.1,447,3,150,0.97,6.65,5.62,68.6,45.3
7553,L54732,L,300.3,311.3,1525,40.7,105,0,0,0,0,0,0,Low,8.9,573,11,408,2.43,6.2,6.27,74.9,59.3
7554,L54733,L,300.3,311.3,1505,39.6,107,0,0,0,0,0,0,Low,5.3,439,11,249,1.01,5.43,5.91,60.8,52.9
7555,M22414,M,300.3,311.4,1371,50.2,109,0,0,0,0,0,0,Medium,6.8,499,9,137,2.25,7.21,7.11,67.8,95.3
7556,L54735,L,300.3,311.3,1332,60.5,112,0,0,0,0,0,0,Low,5.4,569,5,204,2.35,7.32,8.14,55.6,63.9
7557,L54736,L,300.3,311.4,1471,37.0,114,0,0,0,0,0,0,Low,8.8,609,10,1,0.94,5.68,5.71,39.9,69.8
7558,M22417,M,300.4,311.5,1750,27.3,116,0,0,0,0,0,0,Medium,9.3,465,15,635,1.68,5.73,4.84,77.2,61.2
7559,M22418,M,300.3,311.4,1386,48.1,119,0,0,0,0,0,0,Medium,6.8,752,7,96,2.86,6.47,6.74,37.0,73.4
7560,M22419,M,300.4,311.4,1355,56.2,122,0,0,0,0,0,0,Medium,5.6,530,12,118,1.63,5.99,7.89,36.3,73.5
7561,M22420,M,300.3,311.3,1377,53.8,125,0,0,0,0,0,0,Medium,10.0,598,9,72,1.51,6.04,7.12,53.9,83.3
7562,L54741,L,300.3,311.1,1388,49.4,128,0,0,0,0,0,0,Low,8.4,802,11,273,1.35,6.87,6.86,52.7,81.2
7563,M22422,M,300.3,311.1,1350,58.7,130,0,0,0,0,0,0,Medium,9.2,848,14,340,2.93,5.35,8.81,56.9,66.3
7564,M22423,M,300.4,311.2,1831,23.4,133,0,0,0,0,0,0,Medium,7.5,803,8,42,2.18,5.59,4.64,80.9,77.3
7565,M22424,M,300.3,311.2,1381,65.2,136,1,0,0,1,0,0,Medium,12.5,842,18,163,2.51,6.1,9.44,51.1,86.0
7566,M22425,M,300.3,311.2,1783,25.6,139,0,0,0,0,0,0,Medium,9.5,1060,7,960,1.91,6.03,4.42,40.1,53.2
7567,L54746,L,300.3,311.0,1613,34.7,142,0,0,0,0,0,0,Low,9.9,936,7,567,1.59,6.84,5.56,61.4,58.7
7568,M22427,M,300.2,311.0,2370,14.7,144,0,0,0,0,0,0,Medium,7.5,733,7,293,2.98,6.49,3.6,81.3,62.4
7569,L54748,L,300.2,311.0,1627,33.7,147,0,0,0,0,0,0,Low,8.9,555,8,14,1.32,5.58,5.85,69.1,64.4
7570,L54749,L,300.2,311.0,1255,71.8,149,1,0,0,1,0,0,Low,16.8,669,27,9,2.45,6.37,9.14,56.9,79.0
7571,H36984,H,300.2,311.0,1777,27.5,151,0,0,0,0,0,0,High,13.4,1553,13,322,2.4,5.6,5.26,53.3,85.2
7572,L54751,L,300.3,311.1,1606,30.9,156,0,0,0,0,0,0,Low,7.0,680,11,157,1.69,6.82,5.15,68.9,67.1
7573,L54752,L,300.3,311.1,1676,28.6,158,0,0,0,0,0,0,Low,9.6,946,12,524,2.45,5.73,5.24,35.6,72.1
7574,L54753,L,300.3,311.1,1605,37.1,160,0,0,0,0,0,0,Low,6.9,746,9,294,2.22,5.4,6.37,48.3,81.6
7575,L54754,L,300.4,311.1,1487,37.4,162,0,0,0,0,0,0,Low,9.6,865,12,648,2.68,6.65,6.08,40.5,79.0
7576,L54755,L,300.4,311.2,1471,46.5,164,0,0,0,0,0,0,Low,12.1,901,11,499,2.33,4.94,7.17,80.4,74.8
7577,M22436,M,300.3,311.1,1477,44.2,166,0,0,0,0,0,0,Medium,10.1,863,7,314,2.5,5.69,6.66,87.6,72.9
7578,L54757,L,300.4,311.2,1530,32.0,169,0,0,0,0,0,0,Low,11.5,924,19,555,1.8,4.43,5.35,76.5,58.3
7579,L54758,L,300.4,311.2,1673,28.9,171,0,0,0,0,0,0,Low,6.5,633,6,602,1.38,6.28,5.1,51.5,54.2
7580,L54759,L,300.4,311.2,1436,56.8,173,0,0,0,0,0,0,Low,11.9,966,18,918,2.73,5.51,8.62,30.9,59.0
7581,L54760,L,300.4,311.3,1495,51.2,175,0,0,0,0,0,0,Low,8.7,710,11,943,2.32,6.83,8.21,57.5,61.8
7582,M22441,M,300.4,311.2,1366,56.1,177,0,0,0,0,0,0,Medium,7.2,768,7,64,2.33,6.74,8.49,45.4,53.7
7583,H36996,H,300.4,311.2,1489,45.3,180,0,0,0,0,0,0,High,9.3,818,7,29,2.92,5.69,7.21,54.8,83.1
7584,L54763,L,300.3,311.1,1480,46.6,185,0,0,0,0,0,0,Low,14.4,1555,21,179,2.36,7.35,7.6,57.0,57.9
7585,L54764,L,300.4,311.2,1472,37.3,187,0,0,0,0,0,0,Low,21.3,759,13,176,2.56,5.44,5.09,76.1,81.6
7586,L54765,L,300.4,311.1,1397,50.8,189,0,0,0,0,0,0,Low,14.1,1121,16,242,2.14,5.39,7.62,56.9,68.0
7587,L54766,L,300.4,311.1,1589,35.5,191,0,0,0,0,0,0,Low,9.9,868,15,159,2.67,5.67,6.33,60.5,77.1
7588,L54767,L,300.4,311.1,1405,54.1,193,0,0,0,0,0,0,Low,17.5,1358,27,19,3.62,6.14,8.38,75.9,85.0
7589,L54768,L,300.4,311.1,2013,20.1,195,0,0,0,0,0,0,Low,15.3,1373,18,5,4.49,6.35,4.03,60.0,80.7
7590,L54769,L,300.4,311.0,1802,26.0,197,0,0,0,0,0,0,Low,6.2,652,7,203,2.16,6.89,4.75,46.9,64.2
7591,M22450,M,300.4,311.0,1433,46.1,199,0,0,0,0,0,0,Medium,18.5,1330,20,262,2.92,6.11,7.52,38.0,87.6
7592,M22451,M,300.5,311.1,1296,61.3,202,1,0,0,0,1,0,Medium,7.4,811,7,200,2.69,5.89,9.32,61.6,68.5
7593,M22452,M,300.5,311.2,1551,36.6,205,0,0,0,0,0,0,Medium,15.6,1049,14,135,1.97,5.95,6.09,66.9,63.2
7594,L54773,L,300.5,311.2,1270,67.5,208,1,0,0,0,1,0,Low,12.6,1162,22,314,4.11,6.55,10.56,61.4,74.3
7595,L54774,L,300.6,311.3,1531,38.5,0,0,0,0,0,0,0,Low,2.4,5,0,354,1.79,5.41,6.11,62.2,58.5
7596,H37009,H,300.5,311.2,1397,45.2,2,0,0,0,0,0,0,High,1.5,40,2,223,2.12,5.62,7.03,82.8,55.0
7597,L54776,L,300.5,311.1,1547,37.2,7,0,0,0,0,0,0,Low,3.1,18,5,95,1.49,7.12,5.76,58.3,65.2
7598,L54777,L,300.5,311.0,2074,18.9,9,0,0,0,0,0,0,Low,4.4,85,5,11,3.13,5.43,4.21,53.2,74.8
7599,L54778,L,300.5,311.1,1491,42.6,11,0,0,0,0,0,0,Low,4.1,69,3,820,1.98,5.28,6.25,74.7,50.3
7600,L54779,L,300.5,311.0,1759,28.3,13,0,0,0,0,0,0,Low,3.3,50,3,86,1.87,6.96,5.38,55.5,69.5
7601,M22460,M,300.4,311.0,1595,35.4,15,0,0,0,0,0,0,Medium,2.9,97,6,142,2.08,6.23,5.73,52.3,45.8
7602,L54781,L,300.4,311.2,1351,62.0,18,0,0,0,0,0,0,Low,5.3,154,5,402,2.29,6.84,8.36,67.3,82.2
7603,L54782,L,300.4,311.2,1705,28.7,20,0,0,0,0,0,0,Low,2.5,96,1,38,2.48,5.03,5.51,42.6,75.2
7604,L54783,L,300.4,311.2,1406,43.6,22,0,0,0,0,0,0,Low,3.4,141,8,11,1.74,6.9,6.61,30.5,65.4
7605,L54784,L,300.4,311.3,1639,34.6,24,0,0,0,0,0,0,Low,4.6,150,7,248,1.57,3.86,5.71,68.3,85.9
7606,H37019,H,300.4,311.3,2026,20.3,26,0,0,0,0,0,0,High,3.0,72,2,624,1.91,5.9,4.17,83.5,45.4
7607,M22466,M,300.4,311.3,1350,56.5,31,0,0,0,0,0,0,Medium,2.0,161,1,43,2.09,7.1,7.38,85.3,62.4
7608,M22467,M,300.5,311.3,1468,41.1,34,0,0,0,0,0,0,Medium,4.5,194,3,819,1.69,6.81,6.12,45.4,52.4
7609,L54788,L,300.5,311.4,1642,27.1,37,0,0,0,0,0,0,Low,4.0,139,6,855,1.73,6.47,4.5,53.0,49.4
7610,L54789,L,300.5,311.3,1490,41.8,39,0,0,0,0,0,0,Low,4.6,229,5,225,1.93,6.99,6.65,27.1,64.8
7611,M22470,M,300.5,311.3,1507,43.4,41,0,0,0,0,0,0,Medium,4.1,244,5,146,1.39,5.95,6.92,52.2,79.3
7612,L54791,L,300.5,311.4,1611,32.7,44,0,0,0,0,0,0,Low,4.1,268,4,710,2.0,5.26,5.25,95.0,71.9
7613,M22472,M,300.5,311.4,1743,27.6,46,0,0,0,0,0,0,Medium,4.2,204,6,4,0.47,5.68,4.79,46.9,87.1
7614,L54793,L,300.5,311.3,1475,46.3,49,0,0,0,0,0,0,Low,3.4,255,6,294,1.55,5.25,7.8,84.9,85.8
7615,L54794,L,300.5,311.4,1432,47.5,51,0,0,0,0,0,0,Low,9.7,392,17,121,1.57,5.89,7.44,34.4,63.9
7616,L54795,L,300.5,311.4,1442,47.0,53,0,0,0,0,0,0,Low,5.8,295,10,846,0.55,5.16,7.43,58.5,63.2
7617,M22476,M,300.6,311.4,1468,40.4,55,0,0,0,0,0,0,Medium,4.7,199,6,282,2.09,6.54,6.2,57.4,60.6
7618,L54797,L,300.5,311.4,1556,45.3,58,0,0,0,0,0,0,Low,7.7,288,6,464,1.73,4.91,6.95,70.5,56.7
7619,M22478,M,300.5,311.4,1312,51.4,60,0,0,0,0,0,0,Medium,4.1,364,2,205,2.26,5.8,7.2,48.9,52.8
7620,L54799,L,300.6,311.5,1459,47.0,63,0,0,0,0,0,0,Low,3.7,252,4,79,1.51,5.62,6.96,26.7,91.9
7621,L54800,L,300.5,311.5,1651,36.9,65,0,0,0,0,0,0,Low,3.8,279,6,42,2.23,5.77,7.25,78.3,89.4
7622,L54801,L,300.5,311.5,1490,38.4,67,0,0,0,0,0,0,Low,6.1,352,8,1500,1.56,5.85,5.76,41.0,72.6
7623,M22482,M,300.6,311.6,1473,31.5,69,0,0,0,0,0,0,Medium,4.2,383,2,149,1.87,6.9,5.2,39.9,81.9
7624,L54803,L,300.6,311.7,1734,29.9,72,0,0,0,0,0,0,Low,7.4,377,7,393,1.96,5.7,5.36,46.0,72.6
7625,L54804,L,300.6,311.7,1507,45.5,74,0,0,0,0,0,0,Low,7.2,490,7,156,1.97,5.34,7.18,37.1,66.4
7626,L54805,L,300.6,311.7,1556,34.9,76,0,0,0,0,0,0,Low,4.4,360,5,351,1.65,6.24,6.1,40.4,81.9
7627,H37040,H,300.5,311.6,1351,53.5,78,0,0,0,0,0,0,High,3.9,383,7,360,2.31,5.99,7.15,53.7,73.1
7628,L54807,L,300.5,311.7,1445,44.8,83,0,0,0,0,0,0,Low,8.2,618,9,7,1.69,5.93,7.2,69.3,59.7
7629,L54808,L,300.5,311.7,1619,32.7,85,0,0,0,0,0,0,Low,4.5,489,7,113,0.76,5.77,5.42,51.2,74.2
7630,M22489,M,300.5,311.7,1269,64.0,87,0,0,0,0,0,0,Medium,5.3,477,10,538,1.73,5.88,8.79,36.1,48.2
7631,L54810,L,300.5,311.6,1534,37.7,90,0,0,0,0,0,0,Low,5.0,336,7,766,1.25,6.06,6.35,32.5,64.1
7632,L54811,L,300.5,311.6,1444,49.3,92,0,0,0,0,0,0,Low,8.6,788,13,628,2.52,5.56,7.75,70.9,73.8
7633,L54812,L,300.5,311.6,1744,26.8,94,0,0,0,0,0,0,Low,6.1,558,7,580,1.89,6.39,4.59,40.7,59.6
7634,L54813,L,300.4,311.5,1441,44.6,96,0,0,0,0,0,0,Low,8.9,576,13,416,0.83,7.44,6.57,62.7,57.8
7635,M22494,M,300.3,311.3,1506,40.7,98,0,0,0,0,0,0,Medium,5.0,461,4,72,1.33,5.62,6.47,49.4,97.1
7636,L54815,L,300.3,311.4,1526,38.5,101,0,0,0,0,0,0,Low,6.0,553,9,161,1.28,5.92,5.85,62.1,75.3
7637,L54816,L,300.4,311.5,1704,29.7,103,0,0,0,0,0,0,Low,5.4,330,6,350,1.69,6.26,5.4,65.4,75.2
7638,H37051,H,300.4,311.4,1445,52.4,105,0,0,0,0,0,0,High,6.7,481,5,436,2.46,6.55,8.35,60.5,70.7
7639,L54818,L,300.5,311.5,1661,35.9,110,0,0,0,0,0,0,Low,6.1,634,5,72,2.07,6.31,6.09,47.0,85.7
7640,L54819,L,300.5,311.4,1466,41.8,112,0,0,0,0,0,0,Low,7.4,587,7,608,2.12,5.43,6.71,55.4,71.8
7641,L54820,L,300.4,311.3,1608,35.1,114,0,0,0,0,0,0,Low,7.1,663,12,510,1.52,4.97,5.91,48.9,62.4
7642,M22501,M,300.4,311.4,1352,57.3,116,0,0,0,0,0,0,Medium,5.7,502,5,110,2.5,5.18,8.22,72.0,53.2
7643,M22502,M,300.4,311.4,1604,31.7,119,0,0,0,0,0,0,Medium,10.0,838,13,202,2.26,6.42,5.51,62.9,64.4
7644,H37057,H,300.4,311.4,1427,50.7,122,0,0,0,0,0,0,High,7.6,790,12,624,1.89,5.79,8.03,30.7,63.9
7645,L54824,L,300.4,311.4,1424,44.6,127,0,0,0,0,0,0,Low,6.9,595,11,231,0.44,5.59,6.32,68.2,83.6
7646,L54825,L,300.4,311.4,1662,29.3,129,0,0,0,0,0,0,Low,6.3,474,12,225,1.56,5.72,5.34,60.6,89.4
7647,L54826,L,300.4,311.4,1936,23.9,131,0,0,0,0,0,0,Low,13.0,1190,13,46,3.26,6.27,5.06,21.7,71.4
7648,L54827,L,300.4,311.4,1728,31.7,133,0,0,0,0,0,0,Low,5.6,507,5,267,2.09,6.93,5.78,44.0,93.0
7649,L54828,L,300.4,311.4,1552,28.8,135,0,0,0,0,0,0,Low,9.7,736,8,14,1.69,5.53,4.44,71.7,81.4
7650,H37063,H,300.4,311.5,1662,29.0,137,0,0,0,0,0,0,High,13.6,1119,14,453,1.5,5.32,5.18,58.7,69.2
7651,L54830,L,300.3,311.4,1343,57.7,142,0,0,0,0,0,0,Low,17.3,1576,22,44,2.17,6.28,8.29,74.5,77.9
7652,M22511,M,300.4,311.5,1476,32.6,144,0,0,0,0,0,0,Medium,9.9,1099,11,39,1.79,6.16,4.99,63.6,84.0
7653,L54832,L,300.3,311.4,1346,51.1,147,0,0,0,0,0,0,Low,10.6,782,14,131,2.7,5.73,7.48,60.0,73.8
7654,L54833,L,300.4,311.5,1492,44.6,149,0,0,0,0,0,0,Low,10.9,799,14,38,1.04,6.44,6.74,63.6,75.4
7655,M22514,M,300.3,311.5,1540,41.5,151,0,0,0,0,0,0,Medium,12.9,668,17,93,1.25,6.21,6.91,49.3,85.0
7656,L54835,L,300.4,311.5,1596,32.5,154,0,0,0,0,0,0,Low,8.5,919,9,283,2.2,5.37,5.45,70.7,83.8
7657,L54836,L,300.5,311.6,1541,47.8,156,0,0,0,0,0,0,Low,15.0,1085,30,170,2.29,5.89,8.02,56.9,72.5
7658,L54837,L,300.5,311.6,1661,30.0,158,0,0,0,0,0,0,Low,8.3,946,12,84,1.06,6.62,4.88,58.5,73.1
7659,M22518,M,300.4,311.6,1359,55.4,160,0,0,0,0,0,0,Medium,11.3,842,12,1048,2.38,6.64,6.8,75.5,44.8
7660,L54839,L,300.5,311.6,1528,42.4,163,0,0,0,0,0,0,Low,12.0,845,15,91,2.84,6.13,6.35,68.6,69.5
7661,M22520,M,300.5,311.6,1246,52.9,165,0,0,0,0,0,0,Medium,13.2,1086,11,24,2.54,7.57,6.93,62.1,89.0
7662,L54841,L,300.5,311.6,1575,32.5,168,0,0,0,0,0,0,Low,6.8,743,10,23,1.66,6.18,5.9,45.3,75.8
7663,M22522,M,300.5,311.6,1658,30.4,170,0,0,0,0,0,0,Medium,14.7,1079,23,275,2.26,6.16,5.38,48.7,81.1
7664,L54843,L,300.5,311.6,1385,54.8,173,0,0,0,0,0,0,Low,20.4,1171,19,57,3.55,5.88,8.54,55.2,66.2
7665,H37078,H,300.5,311.7,1454,50.3,175,0,0,0,0,0,0,High,9.5,1026,9,19,2.91,5.93,7.96,29.2,78.7
7666,L54845,L,300.5,311.6,1497,40.5,180,0,0,0,0,0,0,Low,8.0,740,13,69,1.8,6.3,5.7,65.1,81.0
7667,M22526,M,300.6,311.7,1424,50.8,182,0,0,0,0,0,0,Medium,9.8,1021,11,332,3.02,5.68,7.62,49.4,88.9
7668,L54847,L,300.6,311.7,1528,43.9,185,0,0,0,0,0,0,Low,13.6,1193,23,352,2.26,6.45,6.8,60.1,45.3
7669,L54848,L,300.6,311.8,1539,37.0,187,0,0,0,0,0,0,Low,8.0,762,13,221,1.69,6.43,5.7,45.7,83.0
7670,L54849,L,300.7,311.8,1336,58.4,189,1,0,0,0,1,0,Low,8.9,599,12,673,3.78,5.23,8.19,78.2,63.4
7671,L54850,L,300.5,311.6,1525,37.6,191,0,0,0,0,0,0,Low,10.1,956,14,95,2.75,5.09,6.12,34.9,74.4
7672,M22531,M,300.5,311.6,1456,51.1,193,0,0,0,0,0,0,Medium,9.3,792,10,437,2.35,5.87,7.11,17.2,43.7
7673,M22532,M,300.5,311.7,2141,17.2,196,0,0,0,0,0,0,Medium,8.7,761,17,58,4.06,6.97,3.69,70.3,56.5
7674,M22533,M,300.5,311.6,1476,39.1,199,0,0,0,0,0,0,Medium,10.4,1199,10,431,1.2,7.11,5.87,31.7,73.0
7675,L54854,L,300.5,311.6,1509,47.2,202,0,0,0,0,0,0,Low,11.0,1011,17,134,2.84,3.69,7.41,40.2,90.5
7676,L54855,L,300.5,311.6,1447,45.4,204,0,0,0,0,0,0,Low,13.0,1483,12,25,4.09,6.17,7.13,24.8,77.6
7677,L54856,L,300.6,311.7,1448,49.1,206,0,0,0,0,0,0,Low,10.7,1198,19,8,4.2,6.06,7.18,71.5,93.4
7678,L54857,L,300.6,311.7,1428,52.6,208,0,0,0,0,0,0,Low,16.4,1279,19,304,3.02,5.48,8.05,66.9,35.2
7679,M22538,M,300.6,311.7,1389,52.1,210,0,0,0,0,0,0,Medium,13.9,1225,17,25,4.79,5.95,8.35,68.7,54.9
7680,L54859,L,300.7,311.7,1635,32.4,213,0,0,0,0,0,0,Low,14.8,1366,18,58,3.31,5.56,5.56,73.5,53.1
7681,L54860,L,300.7,311.7,1395,43.7,215,0,0,0,0,0,0,Low,12.7,1213,13,1500,2.74,5.88,6.5,67.0,58.1
7682,L54861,L,300.7,311.8,1443,43.7,217,0,0,0,0,0,0,Low,17.8,1009,17,326,3.02,5.91,6.52,49.5,75.3
7683,M22542,M,300.7,311.7,1412,49.1,219,0,0,0,0,0,0,Medium,12.5,1197,14,185,2.92,5.37,6.99,57.8,71.6
7684,L54863,L,300.7,311.7,1524,43.5,222,0,0,0,0,0,0,Low,17.6,1841,23,116,3.48,5.87,6.76,67.1,84.5
7685,M22544,M,300.7,311.8,1407,42.4,224,0,0,0,0,0,0,Medium,14.0,1418,17,446,2.75,5.85,6.49,61.0,63.2
7686,L54865,L,300.8,311.7,1397,43.5,227,0,0,0,0,0,0,Low,19.8,1765,26,122,3.21,6.43,6.01,44.1,88.4
7687,M22546,M,300.7,311.7,1504,36.9,229,0,0,0,0,0,0,Medium,12.1,1157,14,77,2.85,6.09,5.62,55.7,93.1
7688,M22547,M,300.7,311.7,2097,18.9,232,1,1,0,0,0,0,Medium,12.3,1109,18,208,2.99,6.39,4.02,57.1,50.2
7689,L54868,L,300.6,311.7,1553,39.8,0,0,0,0,0,0,0,Low,5.5,8,4,165,1.22,6.28,6.62,69.0,80.7
7690,L54869,L,300.6,311.7,1432,39.2,2,0,0,0,0,0,0,Low,3.7,22,5,51,1.45,6.83,5.79,58.8,82.7
7691,M22550,M,300.5,311.6,1577,36.5,4,0,0,0,0,0,0,Medium,4.8,39,10,80,1.58,5.8,5.92,59.0,60.0
7692,M22551,M,300.5,311.5,1370,56.1,7,0,0,0,0,0,0,Medium,1.5,27,0,9,2.72,6.62,7.92,43.7,57.3
7693,H37106,H,300.5,311.6,1506,36.2,10,0,0,0,0,0,0,High,1.3,54,2,130,1.87,6.03,5.77,61.4,71.3
7694,L54873,L,300.6,311.6,1964,21.4,15,0,0,0,0,0,0,Low,7.1,62,9,178,2.04,6.84,4.69,49.2,75.3
7695,H37108,H,300.6,311.7,1500,36.7,17,0,0,0,0,0,0,High,4.7,41,2,1,1.26,6.21,6.17,63.4,83.3
7696,L54875,L,300.6,311.7,1488,47.7,22,0,0,0,0,0,0,Low,4.6,102,3,190,1.91,5.46,7.0,52.8,87.8
7697,H37110,H,300.6,311.5,1282,60.2,24,0,0,0,0,0,0,High,4.6,173,8,27,2.25,6.04,8.13,42.9,75.6
7698,L54877,L,300.5,311.4,1400,45.1,29,0,0,0,0,0,0,Low,3.2,96,4,118,1.4,5.9,6.88,51.6,75.4
7699,L54878,L,300.6,311.5,1419,38.6,31,0,0,0,0,0,0,Low,3.0,195,2,392,1.03,5.5,6.27,46.8,96.6
7700,M22559,M,300.7,311.5,1441,40.6,33,0,0,0,0,0,0,Medium,2.4,132,1,11,1.3,5.72,5.78,48.8,78.9
7701,M22560,M,300.7,311.6,1348,62.5,36,0,0,0,0,0,0,Medium,2.4,190,3,184,2.85,4.84,8.91,53.6,64.8
7702,H37115,H,300.8,311.7,1468,38.7,39,0,0,0,0,0,0,High,2.9,268,4,231,0.91,5.64,6.23,54.4,79.1
7703,M22562,M,300.7,311.7,1701,30.8,44,0,0,0,0,0,0,Medium,4.5,399,3,747,2.14,6.37,5.33,32.2,54.7
7704,H37117,H,300.7,311.7,1864,23.6,47,0,0,0,0,0,0,High,3.8,235,5,84,3.72,6.27,4.49,73.8,68.1
7705,M22564,M,300.6,311.6,1630,31.8,52,0,0,0,0,0,0,Medium,8.8,273,11,10,1.42,5.66,5.31,47.5,62.5
7706,L54885,L,300.5,311.5,1316,49.7,55,0,0,0,0,0,0,Low,3.3,327,2,638,1.75,6.26,6.98,79.0,66.2
7707,L54886,L,300.5,311.5,1708,31.2,57,0,0,0,0,0,0,Low,4.4,210,7,236,1.58,6.73,5.5,62.4,87.6
7708,H37121,H,300.5,311.4,1679,27.5,59,0,0,0,0,0,0,High,10.8,465,16,253,1.99,5.51,4.95,38.0,75.9
7709,L54888,L,300.5,311.4,1709,32.3,64,0,0,0,0,0,0,Low,8.2,368,12,158,1.66,5.09,5.61,41.7,80.7
7710,L54889,L,300.5,311.4,1445,41.5,66,0,0,0,0,0,0,Low,6.0,421,7,339,1.37,6.02,6.66,59.8,77.6
7711,M22570,M,300.5,311.4,1390,51.9,68,0,0,0,0,0,0,Medium,5.2,452,5,117,1.08,6.85,7.74,40.3,90.8
7712,L54891,L,300.4,311.4,1309,55.5,71,0,0,0,0,0,0,Low,2.9,312,8,631,2.03,6.83,6.93,71.3,53.8
7713,L54892,L,300.5,311.5,1499,37.6,73,0,0,0,0,0,0,Low,5.1,286,6,135,0.8,5.87,6.09,63.6,65.5
7714,M22573,M,300.5,311.4,2072,18.8,75,0,0,0,0,0,0,Medium,7.8,456,14,37,1.97,6.36,3.77,89.0,79.1
7715,L54894,L,300.5,311.5,1487,43.0,78,0,0,0,0,0,0,Low,5.8,520,6,483,2.27,6.0,6.51,62.3,65.9
7716,L54895,L,300.5,311.5,1302,49.6,80,0,0,0,0,0,0,Low,10.2,582,16,151,1.36,7.23,6.74,41.0,63.1
7717,M22576,M,300.5,311.5,1378,48.2,82,0,0,0,0,0,0,Medium,4.9,316,4,316,1.59,6.36,6.78,66.0,71.7
7718,L54897,L,300.5,311.6,1365,53.0,85,0,0,0,0,0,0,Low,5.8,323,9,270,2.4,5.12,7.84,56.5,44.8
7719,H37132,H,300.6,311.7,1427,44.6,87,0,0,0,0,0,0,High,6.4,473,7,222,1.47,5.78,7.34,55.5,83.0
7720,H37133,H,300.6,311.7,1535,33.3,92,0,0,0,0,0,0,High,11.4,728,9,123,1.9,6.02,4.8,62.5,63.2
7721,H37134,H,300.5,311.6,1476,41.7,97,0,0,0,0,0,0,High,11.1,680,11,89,2.52,5.42,6.26,42.3,49.7
7722,L54901,L,300.5,311.6,1425,42.4,102,0,0,0,0,0,0,Low,7.7,494,9,35,1.79,6.16,6.39,62.6,86.9
7723,L54902,L,300.5,311.7,1409,54.7,104,0,0,0,0,0,0,Low,5.8,461,5,238,1.39,5.75,8.01,64.1,71.9
7724,L54903,L,300.5,311.6,1730,30.2,106,0,0,0,0,0,0,Low,10.1,925,16,140,2.46,6.35,4.95,59.9,78.7
7725,M22584,M,300.5,311.6,1454,41.4,108,0,0,0,0,0,0,Medium,14.8,616,25,91,1.29,5.4,6.69,26.0,95.6
7726,L54905,L,300.6,311.7,1744,26.9,111,0,0,0,0,0,0,Low,10.7,414,9,434,0.77,5.79,4.95,56.5,78.6
7727,M22586,M,300.8,311.9,1761,29.0,113,0,0,0,0,0,0,Medium,7.9,640,9,131,1.22,6.68,5.55,33.7,88.2
7728,M22587,M,300.7,311.9,1657,30.9,116,0,0,0,0,0,0,Medium,4.4,422,6,240,1.62,6.02,5.51,35.5,75.2
7729,L54908,L,300.7,311.8,1420,47.0,119,0,0,0,0,0,0,Low,9.2,539,13,360,2.15,6.17,6.89,38.2,94.5
7730,H37143,H,300.7,311.9,1329,59.2,121,0,0,0,0,0,0,High,8.8,851,11,71,2.13,5.51,7.71,51.8,79.8
7731,L54910,L,300.6,311.9,1472,44.2,126,0,0,0,0,0,0,Low,11.9,671,15,412,1.77,5.83,6.84,50.8,50.7
7732,L54911,L,300.6,312.0,1566,30.1,128,0,0,0,0,0,0,Low,7.4,723,12,167,1.34,5.64,4.6,78.0,53.3
7733,L54912,L,300.6,312.0,1430,42.7,130,0,0,0,0,0,0,Low,8.8,848,9,64,2.65,5.93,6.74,68.1,84.5
7734,L54913,L,300.6,312.0,1481,40.9,132,0,0,0,0,0,0,Low,8.1,874,7,107,1.11,7.41,6.72,73.5,62.6
7735,L54914,L,300.6,312.0,1670,29.4,134,0,0,0,0,0,0,Low,12.2,492,15,316,2.66,6.38,5.25,68.2,71.3
7736,L54915,L,300.6,312.0,1406,55.1,136,0,0,0,0,0,0,Low,8.7,912,7,32,2.23,6.24,8.04,37.2,82.3
7737,H37150,H,300.6,312.1,1354,46.9,138,0,0,0,0,0,0,High,9.2,567,10,339,2.11,5.78,7.0,44.2,64.5
7738,M22597,M,300.5,312.0,1985,19.3,143,0,0,0,0,0,0,Medium,9.2,843,16,74,0.95,5.6,4.26,15.3,60.4
7739,M22598,M,300.5,312.0,1263,60.8,146,0,0,0,0,0,0,Medium,8.1,766,9,555,3.64,6.16,8.28,54.9,50.9
7740,L54919,L,300.5,311.9,1576,31.1,149,0,0,0,0,0,0,Low,7.6,720,13,61,1.33,6.31,5.47,77.2,70.4
7741,L54920,L,300.5,312.0,1453,45.1,151,0,0,0,0,0,0,Low,14.1,941,18,111,2.38,6.09,7.33,55.9,79.0
7742,L54921,L,300.5,312.0,1478,39.0,153,0,0,0,0,0,0,Low,19.2,706,16,861,1.46,5.6,6.5,38.0,43.3
7743,M22602,M,300.5,311.9,1323,57.9,155,0,0,0,0,0,0,Medium,17.2,1378,13,155,1.86,6.16,8.55,42.7,97.3
7744,L54923,L,300.5,311.9,1710,28.4,158,0,0,0,0,0,0,Low,6.5,727,3,4,2.8,6.39,4.42,62.2,81.8
7745,L54924,L,300.4,311.7,1314,59.5,160,0,0,0,0,0,0,Low,17.9,1615,22,181,2.5,6.82,8.39,47.7,76.5
7746,L54925,L,300.4,311.7,1460,39.6,162,0,0,0,0,0,0,Low,9.4,875,14,357,1.91,6.66,6.1,69.3,67.5
7747,M22606,M,300.4,311.7,1508,45.4,164,0,0,0,0,0,0,Medium,8.1,700,8,29,2.01,5.78,7.46,67.3,76.1
7748,M22607,M,300.5,311.8,1331,55.3,167,0,0,0,0,0,0,Medium,9.1,745,6,424,1.63,4.48,7.13,51.3,71.6
7749,L54928,L,300.4,311.7,1515,47.4,170,0,0,0,0,0,0,Low,12.7,1230,13,282,1.67,5.31,7.08,38.2,71.5
7750,L54929,L,300.4,311.6,1674,33.0,172,0,0,0,0,0,0,Low,13.6,1201,21,611,1.17,5.23,6.32,63.5,79.7
7751,L54930,L,300.4,311.7,1444,51.2,174,0,0,0,0,0,0,Low,11.0,1069,14,234,2.06,6.15,8.0,45.1,86.4
7752,M22611,M,300.4,311.7,1398,42.6,176,0,0,0,0,0,0,Medium,12.4,914,15,1192,3.16,5.39,6.34,62.6,54.4
7753,M22612,M,300.4,311.7,1832,24.2,179,0,0,0,0,0,0,Medium,15.4,1536,19,130,3.49,5.51,4.52,64.3,64.4
7754,M22613,M,300.5,311.8,1591,42.0,182,0,0,0,0,0,0,Medium,10.9,986,9,41,3.57,5.78,6.64,47.1,64.0
7755,M22614,M,300.4,311.7,1478,39.9,185,0,0,0,0,0,0,Medium,10.1,917,13,1500,2.92,7.9,5.96,79.0,45.6
7756,M22615,M,300.4,311.8,1362,47.6,188,0,0,0,0,0,0,Medium,13.2,1053,17,870,2.84,6.97,6.55,51.0,55.4
7757,L54936,L,300.5,311.8,1368,57.9,191,1,0,0,0,1,0,Low,9.3,895,11,561,4.1,5.85,8.58,69.6,71.7
7758,M22617,M,300.3,311.7,1723,28.3,193,0,0,0,0,0,0,Medium,11.6,957,19,87,2.51,7.06,5.19,67.1,94.5
7759,L54938,L,300.4,311.8,1689,30.8,196,0,0,0,0,0,0,Low,12.4,1154,7,62,3.7,6.04,5.21,50.7,78.3
7760,L54939,L,300.4,311.8,1272,59.2,198,1,0,0,0,1,0,Low,20.2,1664,33,516,3.43,5.63,8.25,37.4,57.1
7761,M22620,M,300.4,311.7,1511,33.0,200,0,0,0,0,0,0,Medium,10.5,1034,13,287,2.58,6.24,4.49,55.5,54.8
7762,H37175,H,300.4,311.6,1715,30.8,203,0,0,0,0,0,0,High,16.3,1371,19,59,2.97,5.39,4.75,67.0,72.8
7763,M22622,M,300.3,311.5,1400,43.8,0,0,0,0,0,0,0,Medium,3.2,6,4,15,2.42,4.84,6.67,52.1,78.5
7764,L54943,L,300.4,311.6,1200,76.6,3,1,0,0,1,0,0,Low,6.0,5,3,126,4.46,4.9,10.45,49.8,61.4
7765,M22624,M,300.4,311.7,1555,38.7,5,0,0,0,0,0,0,Medium,2.8,14,3,512,0.83,6.67,5.43,61.9,65.3
7766,H37179,H,300.3,311.6,1427,56.2,8,0,0,0,0,0,0,High,2.0,34,0,112,2.81,5.97,8.19,59.1,88.4
7767,L54946,L,300.3,311.4,1318,52.7,13,0,0,0,0,0,0,Low,1.9,16,2,66,1.88,5.4,7.93,43.7,68.9
7768,H37181,H,300.2,311.4,1319,54.6,15,0,0,0,0,0,0,High,3.9,115,6,150,2.11,6.27,6.94,33.4,70.5
7769,M22628,M,300.2,311.4,1960,20.9,20,0,0,0,0,0,0,Medium,3.4,112,4,348,2.28,5.03,4.49,64.0,78.1
7770,L54949,L,300.3,311.5,1552,38.9,23,0,0,0,0,0,0,Low,2.9,125,3,27,2.18,5.34,6.22,43.6,93.9
7771,L54950,L,300.3,311.5,1548,32.2,25,0,0,0,0,0,0,Low,4.2,141,5,14,0.77,6.23,5.47,47.8,83.7
7772,L54951,L,300.3,311.6,1709,29.5,27,0,0,0,0,0,0,Low,1.3,138,0,394,1.02,7.09,5.6,71.1,50.3
7773,H37186,H,300.3,311.5,1464,41.0,29,0,0,0,0,0,0,High,3.4,146,1,130,1.55,5.2,6.4,94.7,90.3
7774,L54953,L,300.3,311.4,1759,24.8,34,0,0,0,0,0,0,Low,3.7,141,4,3,1.04,5.27,4.37,85.9,67.6
7775,L54954,L,300.3,311.5,1634,31.9,36,0,0,0,0,0,0,Low,2.2,200,4,483,1.83,5.85,5.19,55.4,60.0
7776,L54955,L,300.3,311.5,1663,33.6,38,0,0,0,0,0,0,Low,2.8,216,2,387,2.36,6.35,5.71,77.4,51.9
7777,M22636,M,300.3,311.5,1445,47.3,40,0,0,0,0,0,0,Medium,2.1,126,3,27,2.02,6.22,6.56,34.0,68.8
7778,L54957,L,300.3,311.5,1695,25.6,43,0,0,0,0,0,0,Low,4.9,303,6,15,2.04,5.66,4.71,51.2,78.8
7779,L54958,L,300.4,311.6,1517,39.0,45,0,0,0,0,0,0,Low,3.6,188,5,10,1.03,5.9,5.6,48.8,61.3
7780,L54959,L,300.5,311.7,1811,26.8,47,0,0,0,0,0,0,Low,3.9,224,3,332,2.99,6.08,5.46,46.2,66.7
7781,L54960,L,300.4,311.6,1815,23.5,49,0,0,0,0,0,0,Low,2.4,221,2,64,2.78,6.98,4.29,58.1,55.2
7782,L54961,L,300.4,311.7,1513,40.0,51,0,0,0,0,0,0,Low,7.4,270,20,57,2.32,6.53,6.26,60.9,81.1
7783,M22642,M,300.4,311.6,1518,36.4,53,0,0,0,0,0,0,Medium,8.3,259,6,1011,1.88,5.49,5.61,49.6,49.8
7784,L54963,L,300.3,311.5,1667,28.8,56,0,0,0,0,0,0,Low,3.4,323,4,174,1.18,5.04,5.45,57.7,74.5
7785,L54964,L,300.3,311.5,1403,60.1,58,0,0,0,0,0,0,Low,5.7,448,8,182,1.63,6.47,9.06,41.2,64.8
7786,L54965,L,300.2,311.5,1383,42.1,60,0,0,0,0,0,0,Low,3.6,191,4,345,2.23,5.24,6.42,15.0,70.6
7787,L54966,L,300.3,311.5,1466,46.2,62,0,0,0,0,0,0,Low,5.8,291,3,8,1.42,6.27,6.91,57.0,65.5
7788,L54967,L,300.3,311.5,1378,47.5,64,0,0,0,0,0,0,Low,4.2,297,4,137,0.93,6.47,7.1,61.4,59.0
7789,M22648,M,300.2,311.5,1547,40.9,66,0,0,0,0,0,0,Medium,7.9,373,4,254,0.2,6.62,6.88,68.9,71.4
7790,L54969,L,300.2,311.5,1495,38.5,69,0,0,0,0,0,0,Low,4.0,369,4,32,2.14,5.33,6.05,35.8,89.9
7791,L54970,L,300.1,311.4,1729,29.3,71,0,0,0,0,0,0,Low,7.6,428,1,93,2.54,6.44,5.37,33.7,52.6
7792,L54971,L,300.1,311.4,1418,47.7,73,0,0,0,0,0,0,Low,8.2,588,15,133,3.12,6.69,7.19,23.6,59.3
7793,H37206,H,300.1,311.4,1485,40.4,75,0,0,0,0,0,0,High,4.1,394,4,252,1.63,5.85,6.36,60.5,82.0
7794,L54973,L,300.1,311.5,1434,40.8,80,0,0,0,0,0,0,Low,5.4,425,8,73,1.56,5.46,6.37,43.8,74.0
7795,M22654,M,300.2,311.6,1415,55.8,82,0,0,0,0,0,0,Medium,3.2,272,5,1100,0.98,6.05,7.91,45.1,54.9
7796,H37209,H,300.1,311.6,1674,29.6,85,0,0,0,0,0,0,High,13.4,587,19,128,2.42,6.01,4.42,63.9,97.9
7797,L54976,L,300.1,311.5,1454,52.4,90,0,0,0,0,0,0,Low,6.7,543,6,118,1.91,6.61,7.7,76.5,68.1
7798,L54977,L,300.0,311.4,1476,39.0,92,0,0,0,0,0,0,Low,6.6,593,10,125,1.48,6.03,5.83,47.2,60.8
7799,L54978,L,300.0,311.5,1812,28.3,94,0,0,0,0,0,0,Low,3.2,328,4,154,1.51,6.14,5.44,67.9,61.7
7800,L54979,L,300.0,311.4,1374,41.9,96,0,0,0,0,0,0,Low,8.5,642,16,623,1.45,6.41,6.06,62.4,75.7
7801,M22660,M,300.1,311.4,1524,40.6,98,0,0,0,0,0,0,Medium,5.7,460,7,113,1.74,5.9,6.29,77.8,51.7
7802,L54981,L,300.0,311.4,1383,49.6,101,0,0,0,0,0,0,Low,7.5,422,10,123,1.67,6.11,6.5,60.6,60.3
7803,L54982,L,299.9,311.3,1429,58.2,103,0,0,0,0,0,0,Low,11.7,583,11,63,1.46,5.54,8.44,44.9,68.1
7804,M22663,M,299.8,311.3,1517,41.2,105,0,0,0,0,0,0,Medium,10.8,763,14,357,2.02,6.01,6.66,45.4,49.2
7805,M22664,M,299.9,311.4,1480,44.9,108,0,0,0,0,0,0,Medium,7.5,772,7,252,1.93,5.89,7.39,77.6,58.8
7806,L54985,L,299.9,311.4,1706,28.8,111,0,0,0,0,0,0,Low,5.5,458,10,407,1.66,5.88,4.96,84.2,80.5
7807,L54986,L,300.0,311.5,1349,48.6,113,0,0,0,0,0,0,Low,7.4,800,7,104,2.68,5.37,6.83,41.5,60.7
7808,M22667,M,300.0,311.5,1451,49.0,115,0,0,0,0,0,0,Medium,5.5,497,3,9,1.7,6.01,7.34,27.7,52.4
7809,L54988,L,299.9,311.4,1627,36.7,118,0,0,0,0,0,0,Low,9.9,590,14,285,1.82,5.57,5.91,61.1,68.8
7810,M22669,M,300.0,311.4,1537,35.4,120,0,0,0,0,0,0,Medium,6.5,602,6,252,0.23,5.92,5.93,36.8,43.6
7811,L54990,L,300.1,311.5,2218,17.0,123,0,0,0,0,0,0,Low,9.0,595,9,113,2.16,5.96,4.02,36.1,87.7
7812,M22671,M,300.0,311.4,1466,39.0,125,0,0,0,0,0,0,Medium,8.7,844,11,871,1.75,7.04,6.76,42.6,51.0
7813,L54992,L,300.0,311.5,1666,32.0,128,0,0,0,0,0,0,Low,11.5,863,13,33,1.6,5.62,5.25,46.3,67.2
7814,L54993,L,300.0,311.5,1455,41.7,130,0,0,0,0,0,0,Low,6.1,608,11,37,1.85,5.55,6.3,30.4,72.1
7815,L54994,L,300.0,311.4,1927,24.6,132,0,0,0,0,0,0,Low,7.4,787,11,265,0.91,5.82,4.98,66.6,78.5
7816,M22675,M,299.9,311.3,1703,28.4,134,0,0,0,0,0,0,Medium,19.9,1379,25,354,2.26,5.38,4.86,51.4,61.2
7817,L54996,L,299.8,311.2,1533,35.9,137,0,0,0,0,0,0,Low,6.4,641,12,210,1.56,4.71,6.1,61.8,42.0
7818,H37231,H,299.8,311.3,1785,25.4,139,0,0,0,0,0,0,High,13.0,949,16,363,2.92,5.74,4.66,44.8,56.9
7819,L54998,L,299.8,311.2,2142,16.6,144,0,0,0,0,0,0,Low,9.0,658,14,141,2.67,5.83,3.59,56.9,79.6
7820,L54999,L,299.8,311.2,1369,46.2,146,0,0,0,0,0,0,Low,6.0,556,9,31,2.31,6.11,6.91,53.2,59.5
7821,M22680,M,299.8,311.2,1706,29.2,148,0,0,0,0,0,0,Medium,7.7,765,7,372,2.45,5.8,4.95,62.6,61.4
7822,L55001,L,299.9,311.3,1802,24.4,151,0,0,0,0,0,0,Low,6.9,599,10,374,2.87,5.48,4.66,38.0,67.4
7823,H37236,H,299.9,311.3,1413,41.8,153,0,0,0,0,0,0,High,11.4,753,15,627,2.04,6.19,5.91,68.2,52.2
7824,L55003,L,300.0,311.3,1484,53.2,158,0,0,0,0,0,0,Low,6.4,567,9,195,2.49,5.78,8.12,54.1,75.2
7825,L55004,L,299.9,311.3,1535,38.1,160,0,0,0,0,0,0,Low,13.2,1103,21,727,1.89,5.66,6.12,44.0,51.6
7826,M22685,M,299.9,311.2,1579,35.5,162,0,0,0,0,0,0,Medium,10.7,892,15,88,2.75,6.34,6.05,57.8,92.5
7827,L55006,L,299.8,311.1,1300,64.2,165,0,0,0,0,0,0,Low,9.4,727,8,191,2.95,6.02,8.74,71.8,83.1
7828,M22687,M,299.8,311.1,1452,44.3,167,0,0,0,0,0,0,Medium,16.2,914,13,584,1.83,6.8,6.55,66.2,62.2
7829,M22688,M,299.8,311.1,1562,35.7,170,0,0,0,0,0,0,Medium,9.7,707,16,197,2.65,5.35,5.95,68.4,89.1
7830,L55009,L,299.8,311.2,1664,28.3,173,0,0,0,0,0,0,Low,11.9,1039,12,68,3.09,7.01,4.71,55.8,76.6
7831,H37244,H,299.9,311.2,1495,35.8,175,0,0,0,0,0,0,High,5.1,553,4,1192,3.11,6.27,5.9,41.9,54.7
7832,M22691,M,300.0,311.4,1533,42.6,180,0,0,0,0,0,0,Medium,10.4,518,10,1,3.33,5.38,7.81,52.3,81.6
7833,L55012,L,300.0,311.4,1484,37.0,183,0,0,0,0,0,0,Low,11.7,877,15,109,2.41,5.85,5.77,55.6,75.5
7834,L55013,L,300.0,311.4,1604,38.7,185,0,0,0,0,0,0,Low,10.0,822,8,416,2.89,5.64,6.67,70.8,74.9
7835,L55014,L,300.0,311.4,1483,45.6,187,0,0,0,0,0,0,Low,8.0,732,9,209,3.81,6.36,6.65,42.8,74.0
7836,L55015,L,300.1,311.5,1549,34.7,189,0,0,0,0,0,0,Low,11.5,1326,13,562,3.09,5.62,5.61,71.5,67.8
7837,L55016,L,300.1,311.4,1604,35.0,191,0,0,0,0,0,0,Low,15.7,1436,20,218,3.56,5.46,6.08,69.8,91.9
7838,L55017,L,300.2,311.5,1685,31.0,193,0,0,0,0,0,0,Low,8.4,703,15,535,3.33,6.25,5.58,74.7,82.6
7839,L55018,L,300.2,311.6,1372,49.2,195,0,0,0,0,0,0,Low,15.9,929,18,643,2.38,5.92,6.82,66.7,48.1
7840,L55019,L,300.3,311.6,1374,47.4,197,0,0,0,0,0,0,Low,13.2,1103,21,1212,2.64,4.71,6.64,54.6,50.1
7841,L55020,L,300.2,311.6,1606,31.0,199,0,0,0,0,0,0,Low,11.6,1057,13,413,1.75,6.65,5.14,46.5,64.9
7842,L55021,L,300.1,311.5,1471,47.2,201,0,0,0,0,0,0,Low,25.0,1856,44,386,2.69,5.92,7.17,76.0,45.2
7843,L55022,L,300.1,311.5,1659,31.1,203,0,0,0,0,0,0,Low,11.5,1077,21,210,2.51,5.87,5.19,62.9,91.1
7844,M22703,M,300.1,311.7,1400,48.5,205,0,0,0,0,0,0,Medium,18.5,1296,34,181,2.56,6.62,7.52,32.3,59.8
7845,L55024,L,300.1,311.7,1503,42.6,208,0,0,0,0,0,0,Low,7.9,904,3,140,2.57,6.34,7.01,73.5,82.9
7846,L55025,L,300.2,311.8,1798,23.2,210,0,0,0,0,0,0,Low,18.8,909,31,155,2.67,7.26,4.09,55.5,53.6
7847,M22706,M,300.2,311.6,1608,35.0,212,0,0,0,0,0,0,Medium,13.1,956,20,16,2.19,5.58,6.5,60.2,71.5
7848,L55027,L,300.2,311.6,1322,50.9,215,0,0,0,0,0,0,Low,9.7,1021,13,19,3.83,6.52,7.34,83.3,70.5
7849,H37262,H,300.2,311.6,1547,37.7,217,0,0,0,0,0,0,High,22.9,1640,34,94,2.52,5.6,5.94,52.4,82.7
7850,M22709,M,300.3,311.7,1374,47.9,222,1,1,0,0,0,0,Medium,8.8,1024,9,364,3.02,6.27,6.81,26.0,69.1
7851,M22710,M,300.3,311.7,1447,36.8,0,0,0,0,0,0,0,Medium,1.2,38,3,524,2.24,6.64,5.53,58.4,74.4
7852,L55031,L,300.4,311.7,1373,47.2,3,0,0,0,0,0,0,Low,4.0,43,8,462,1.31,5.73,6.39,47.2,67.3
7853,L55032,L,300.3,311.7,1515,37.5,5,0,0,0,0,0,0,Low,6.3,15,7,115,1.99,7.45,5.43,50.9,65.7
7854,L55033,L,300.3,311.7,1317,56.5,7,0,0,0,0,0,0,Low,3.5,35,3,424,1.47,6.43,7.55,44.1,56.4
7855,L55034,L,300.3,311.8,1551,37.2,9,0,0,0,0,0,0,Low,1.0,52,2,217,1.66,5.79,6.32,30.5,80.2
7856,M22715,M,300.3,311.8,1592,32.1,11,0,0,0,0,0,0,Medium,2.2,104,5,111,2.03,4.28,4.91,65.0,60.7
7857,L55036,L,300.4,311.8,1433,42.2,14,0,0,0,0,0,0,Low,2.2,61,2,69,1.16,6.05,6.28,77.7,71.7
7858,L55037,L,300.5,311.9,1432,43.1,16,0,0,0,0,0,0,Low,3.8,39,4,360,2.18,6.92,6.35,62.3,53.5
7859,L55038,L,300.5,311.9,1350,51.7,18,0,0,0,0,0,0,Low,3.1,91,7,19,2.3,6.27,7.12,42.8,75.4
7860,M22719,M,300.5,311.9,1370,44.8,20,0,0,0,0,0,0,Medium,6.4,74,10,40,1.85,6.43,6.31,54.2,80.4
7861,L55040,L,300.5,312.0,1415,44.6,23,0,0,0,0,0,0,Low,1.4,114,1,60,2.3,5.94,6.84,93.8,71.1
7862,L55041,L,300.5,312.0,1498,42.9,25,0,0,0,0,0,0,Low,5.5,176,8,305,2.06,5.97,6.43,65.3,46.2
7863,M22722,M,300.5,312.0,1382,54.1,27,0,0,0,0,0,0,Medium,2.5,196,3,8,2.1,6.04,7.66,56.0,84.2
7864,M22723,M,300.5,311.9,1511,44.5,30,0,0,0,0,0,0,Medium,8.7,219,9,92,0.74,5.77,7.2,36.9,67.8
7865,L55044,L,300.5,311.9,1330,59.5,33,0,0,0,0,0,0,Low,5.8,203,9,324,3.53,6.04,7.92,56.8,91.4
7866,L55045,L,300.5,311.9,1383,50.5,35,0,0,0,0,0,0,Low,4.0,205,3,521,1.62,5.99,7.58,48.9,69.8
7867,L55046,L,300.5,311.9,1431,49.4,37,0,0,0,0,0,0,Low,3.8,227,4,1484,0.47,6.36,7.87,66.4,56.4
7868,L55047,L,300.5,312.0,1461,38.1,39,0,0,0,0,0,0,Low,5.6,263,3,243,2.5,5.94,5.66,53.9,45.4
7869,H37282,H,300.4,311.9,1438,46.7,41,0,0,0,0,0,1,High,6.9,148,9,169,2.11,6.64,7.43,74.4,64.3
7870,M22729,M,300.5,312.0,1779,27.7,46,0,0,0,0,0,0,Medium,5.1,219,3,103,1.97,7.24,4.96,76.0,80.2
7871,M22730,M,300.6,312.1,1293,52.3,49,0,0,0,0,0,0,Medium,4.0,200,4,224,1.98,5.81,6.52,29.2,70.1
7872,L55051,L,300.6,312.2,1308,54.7,52,0,0,0,0,0,0,Low,3.5,290,7,418,2.68,7.09,8.11,61.8,47.7
7873,L55052,L,300.6,312.3,1532,37.2,54,0,0,0,0,0,0,Low,4.5,272,8,80,2.89,6.39,5.98,77.6,59.4
7874,L55053,L,300.7,312.4,1470,38.6,56,0,0,0,0,0,0,Low,8.8,372,16,932,1.27,5.68,6.0,71.0,56.9
7875,L55054,L,300.7,312.3,1548,37.9,58,0,0,0,0,0,0,Low,7.0,296,6,31,1.09,6.86,5.96,21.1,73.0
7876,L55055,L,300.7,312.3,1898,24.0,60,0,0,0,0,0,0,Low,8.1,217,8,814,2.01,6.32,4.54,83.3,34.6
7877,H37290,H,300.7,312.2,1335,49.0,62,0,0,0,0,0,0,High,4.0,356,6,109,1.03,6.49,6.84,33.3,91.8
7878,L55057,L,300.7,312.3,1420,53.8,67,0,0,0,0,0,0,Low,3.2,322,7,84,2.01,4.67,8.85,28.1,73.2
7879,L55058,L,300.7,312.3,1418,49.0,69,0,0,0,0,0,0,Low,8.0,454,9,9,2.6,6.43,7.13,29.5,85.6
7880,M22739,M,300.8,312.3,1535,40.3,71,0,0,0,0,0,0,Medium,3.3,317,5,202,1.67,5.97,6.82,63.4,86.2
7881,H37294,H,300.7,312.4,1457,47.2,74,0,0,0,0,0,0,High,10.3,488,18,200,2.03,6.28,7.96,40.6,62.7
7882,L55061,L,300.8,312.4,1493,39.1,79,0,0,0,0,0,0,Low,6.9,308,7,1011,2.11,6.37,6.07,43.3,56.6
7883,H37296,H,300.7,312.3,1670,27.3,81,0,0,0,0,0,0,High,6.6,409,4,404,1.61,6.21,4.79,46.4,61.2
7884,H37297,H,300.7,312.3,1446,45.4,86,0,0,0,0,0,0,High,3.8,348,5,343,0.98,6.31,6.77,72.8,77.9
7885,L55064,L,300.8,312.4,1465,59.1,91,1,0,0,1,0,0,Low,7.5,590,9,223,2.25,6.56,8.81,65.6,80.8
7886,L55065,L,300.7,312.3,1590,36.3,93,0,0,0,0,0,0,Low,8.1,707,11,84,1.57,5.83,5.88,35.2,64.9
7887,M22746,M,300.6,312.2,2174,18.5,95,0,0,0,0,0,0,Medium,8.4,614,9,228,3.07,6.97,3.71,43.4,61.7
7888,L55067,L,300.7,312.4,1590,37.9,98,0,0,0,0,0,0,Low,13.9,759,16,104,2.1,6.37,6.17,31.2,61.1
7889,L55068,L,300.7,312.3,1577,33.2,100,0,0,0,0,0,0,Low,7.4,760,7,577,0.39,5.53,5.28,44.2,70.6
7890,M22749,M,300.7,312.4,1371,61.7,102,0,0,0,0,0,0,Medium,5.9,477,9,91,1.55,6.3,8.89,61.3,68.5
7891,L55070,L,300.8,312.4,1767,25.6,105,0,0,0,0,0,0,Low,6.7,527,6,19,2.62,5.32,5.32,50.4,60.0
7892,L55071,L,300.8,312.5,1517,39.2,107,0,0,0,0,0,0,Low,12.1,669,17,155,0.82,6.48,6.37,37.6,76.9
7893,M22752,M,300.9,312.6,1555,40.6,109,0,0,0,0,0,0,Medium,7.8,602,7,6,2.21,5.39,6.7,68.2,60.8
7894,L55073,L,300.9,312.7,1416,43.8,112,0,0,0,0,0,0,Low,9.5,656,11,353,0.2,5.92,6.36,55.6,56.9
7895,M22754,M,300.8,312.6,1588,35.6,114,0,0,0,0,0,0,Medium,10.3,407,10,416,2.72,5.81,6.1,40.7,63.7
7896,L55075,L,300.8,312.6,1422,50.0,117,0,0,0,0,0,0,Low,9.2,728,9,167,1.94,6.54,7.45,77.6,74.0
7897,L55076,L,300.8,312.6,1376,53.6,119,0,0,0,0,0,0,Low,9.3,877,12,18,2.78,5.6,7.4,59.9,77.3
7898,L55077,L,300.8,312.5,1434,50.7,121,0,0,0,0,0,0,Low,10.4,533,11,1073,2.05,6.3,7.78,54.1,58.6
7899,L55078,L,300.8,312.5,1423,47.3,123,0,0,0,0,0,0,Low,13.5,728,6,107,2.69,5.22,6.71,61.3,60.7
7900,L55079,L,300.9,312.4,1364,52.5,125,0,0,0,0,0,0,Low,7.2,406,12,15,2.92,6.69,7.36,33.1,85.2
7901,L55080,L,300.8,312.4,1825,23.8,127,0,0,0,0,0,0,Low,7.7,747,7,189,1.96,5.92,4.51,32.5,69.6
7902,L55081,L,300.8,312.4,1365,44.5,129,0,0,0,0,0,0,Low,6.5,566,4,299,0.75,5.78,6.27,43.6,77.3
7903,M22762,M,300.7,312.3,1430,47.2,131,0,0,0,0,0,0,Medium,11.6,505,16,56,0.75,6.16,7.64,67.9,68.2
7904,L55083,L,300.8,312.3,1435,44.8,134,0,0,0,0,0,0,Low,11.2,826,14,38,1.14,6.19,7.06,45.4,53.5
7905,M22764,M,300.8,312.4,1811,25.1,136,0,0,0,0,0,0,Medium,9.3,863,12,382,1.56,5.65,4.48,49.1,84.8
7906,M22765,M,300.8,312.4,1465,43.7,139,0,0,0,0,0,0,Medium,5.6,618,5,51,2.65,6.98,6.39,84.8,58.7
7907,L55086,L,300.9,312.4,1372,51.0,142,0,0,0,0,0,0,Low,9.4,603,14,189,1.82,6.69,7.42,30.6,61.7
7908,L55087,L,300.8,312.3,1858,26.3,144,0,0,0,0,0,0,Low,12.4,1022,18,289,2.51,4.97,5.49,68.3,79.3
7909,L55088,L,300.7,312.3,1715,26.8,146,0,0,0,0,0,0,Low,12.5,981,13,697,1.19,6.0,4.73,37.4,71.2
7910,L55089,L,300.7,312.2,1590,38.5,148,0,0,0,0,0,0,Low,13.9,1512,14,79,1.73,5.85,5.98,69.1,79.9
7911,M22770,M,300.8,312.2,1664,25.7,150,0,0,0,0,0,0,Medium,7.4,652,7,256,2.09,4.31,4.53,43.6,42.9
7912,L55091,L,300.7,312.1,1512,36.9,153,0,0,0,0,0,0,Low,12.7,878,15,387,1.86,6.08,5.75,52.8,59.1
7913,L55092,L,300.7,312.1,1498,44.0,155,0,0,0,0,0,0,Low,7.1,833,3,220,1.2,5.55,7.6,41.4,66.7
7914,L55093,L,300.7,312.1,1395,41.9,157,0,0,0,0,0,0,Low,12.4,1255,11,404,2.31,5.93,5.87,34.0,57.4
7915,H37328,H,300.7,312.1,1490,43.1,159,0,0,0,0,0,0,High,9.8,1100,13,378,2.49,6.24,6.39,38.2,56.3
7916,H37329,H,300.8,312.1,1527,35.1,164,0,0,0,0,0,0,High,9.6,1014,12,105,1.89,6.43,5.49,52.5,85.4
7917,L55096,L,300.8,312.1,1512,37.1,169,0,0,0,0,0,0,Low,13.8,1067,13,110,0.83,6.18,5.58,46.8,84.3
7918,L55097,L,300.9,312.1,1474,42.4,171,0,0,0,0,0,0,Low,9.6,883,21,124,2.52,4.68,6.67,37.0,62.5
7919,L55098,L,300.8,312.1,1505,41.3,173,0,0,0,0,0,0,Low,7.8,819,12,240,2.33,6.0,6.43,60.9,71.5
7920,L55099,L,300.8,312.0,1496,40.0,175,0,0,0,0,0,0,Low,7.8,506,7,25,3.0,4.94,6.58,25.9,60.3
7921,L55100,L,300.8,312.0,1382,49.3,177,0,0,0,0,0,0,Low,9.6,963,5,580,1.94,5.4,8.05,57.0,77.7
7922,L55101,L,300.7,311.9,1419,47.7,179,0,0,0,0,0,0,Low,8.3,735,11,19,3.58,7.18,6.99,46.9,64.7
7923,L55102,L,300.7,311.9,1462,39.7,181,0,0,0,0,0,0,Low,12.9,1195,14,365,1.95,6.08,5.67,62.8,56.9
7924,M22783,M,300.8,312.0,1450,45.0,183,0,0,0,0,0,0,Medium,18.4,1460,20,216,3.79,4.96,6.67,75.9,89.7
7925,H37338,H,300.7,311.9,1389,46.5,186,0,0,0,0,0,0,High,11.7,1058,15,774,2.13,5.92,6.51,45.8,65.8
7926,M22785,M,300.7,311.9,1697,28.2,191,0,0,0,0,0,0,Medium,14.2,1477,16,162,2.98,7.26,5.18,49.5,50.5
7927,L55106,L,300.7,311.9,1335,57.1,194,1,0,0,0,1,0,Low,11.8,997,12,466,2.16,5.75,8.21,63.1,61.2
7928,L55107,L,300.7,311.9,1476,42.0,196,0,0,0,0,0,0,Low,13.9,1231,13,67,2.35,4.8,6.68,55.6,70.9
7929,L55108,L,300.6,311.7,1497,43.6,198,0,0,0,0,0,0,Low,15.9,1708,14,279,2.49,5.96,6.8,66.2,46.9
7930,M22789,M,300.6,311.6,1669,29.2,200,0,0,0,0,0,0,Medium,7.9,676,8,34,3.07,7.28,5.02,42.7,54.6
7931,L55110,L,300.6,311.6,1455,48.0,203,0,0,0,0,0,0,Low,12.7,1233,15,70,2.68,5.76,7.66,63.0,71.2
7932,L55111,L,300.7,311.7,1499,38.4,205,0,0,0,0,0,0,Low,19.2,1637,26,301,2.52,6.93,6.36,57.0,80.4
7933,L55112,L,300.7,311.8,1478,41.9,207,0,0,0,0,0,0,Low,7.2,844,10,124,3.33,5.99,7.08,59.8,87.4
7934,L55113,L,300.8,311.8,1928,21.8,209,0,0,0,0,0,0,Low,14.1,1293,13,193,2.96,7.38,4.64,47.9,95.6
7935,M22794,M,300.8,311.9,1621,28.3,211,0,0,0,0,0,0,Medium,11.6,840,19,325,2.65,5.85,4.86,49.7,71.2
7936,M22795,M,300.8,311.9,1356,44.3,214,0,0,0,0,0,0,Medium,16.6,1334,17,465,3.12,5.89,6.01,40.0,62.0
7937,L55116,L,300.8,311.7,1490,46.4,217,0,0,0,0,0,0,Low,11.3,1285,16,793,3.08,6.4,7.6,62.9,65.7
7938,L55117,L,300.8,311.7,1578,31.4,219,0,0,0,0,0,0,Low,9.7,1100,6,243,2.87,5.59,5.19,55.4,74.1
7939,L55118,L,300.8,311.7,1681,31.3,221,0,0,0,0,0,0,Low,9.5,965,8,423,3.19,5.73,5.59,55.4,56.7
7940,L55119,L,300.8,311.8,1417,43.4,223,0,0,0,0,0,0,Low,12.6,1019,13,268,2.15,5.93,6.45,40.9,73.5
7941,M22800,M,300.7,311.7,1532,40.0,0,0,0,0,0,0,0,Medium,5.1,7,4,383,2.73,7.03,5.74,62.3,69.3
7942,M22801,M,300.7,311.7,1499,38.9,3,0,0,0,0,0,0,Medium,0.8,38,0,419,1.18,4.87,6.38,37.2,88.2
7943,L55122,L,300.8,311.7,1432,45.8,6,0,0,0,0,0,0,Low,3.4,48,6,38,1.14,5.31,6.64,64.1,69.2
7944,L55123,L,300.8,311.7,1753,29.0,8,0,0,0,0,0,0,Low,5.3,55,6,42,2.04,6.92,5.41,30.7,72.2
7945,L55124,L,300.8,311.7,1414,49.0,10,0,0,0,0,0,0,Low,2.6,96,0,22,1.15,6.08,7.42,83.3,59.3
7946,L55125,L,300.8,311.7,1655,32.2,12,0,0,0,0,0,0,Low,3.7,64,5,214,1.51,5.32,5.47,95.0,50.1
7947,L55126,L,300.8,311.6,1516,35.6,14,0,0,0,0,0,0,Low,1.3,60,2,20,2.26,6.3,5.91,68.2,71.7
7948,L55127,L,300.8,311.7,1426,45.5,16,0,0,0,0,0,0,Low,4.3,62,4,867,1.69,5.97,7.47,54.1,75.4
7949,L55128,L,300.8,311.7,1479,39.4,18,0,0,0,0,0,0,Low,2.7,63,3,47,1.05,5.64,6.03,43.0,70.1
7950,M22809,M,300.7,311.5,1569,36.4,20,0,0,0,0,0,0,Medium,2.5,60,1,254,0.91,5.42,5.87,41.3,68.4
7951,L55130,L,300.8,311.6,1568,36.0,23,0,0,0,0,0,0,Low,4.9,220,4,90,1.81,5.76,5.9,51.2,82.6
7952,M22811,M,300.9,311.8,1843,24.5,25,0,0,0,0,0,0,Medium,1.1,83,0,228,1.5,4.6,4.86,64.9,82.8
7953,M22812,M,300.9,311.9,1480,40.9,28,0,0,0,0,0,0,Medium,3.2,198,8,72,0.93,5.67,6.14,54.4,68.2
7954,L55133,L,301.0,312.0,1447,36.8,31,0,0,0,0,0,0,Low,6.5,203,7,72,1.7,6.6,5.43,95.0,77.1
7955,L55134,L,301.0,311.9,1454,41.9,33,0,0,0,0,0,0,Low,2.7,267,1,395,2.01,6.4,6.36,48.7,63.5
7956,M22815,M,300.9,311.9,1310,56.1,35,0,0,0,0,0,0,Medium,3.2,327,5,223,1.76,5.8,7.43,49.7,57.2
7957,H37370,H,300.9,311.9,1513,38.0,38,0,0,0,0,0,0,High,3.9,266,7,105,0.6,5.16,5.83,52.8,58.0
7958,H37371,H,300.9,311.9,2140,16.5,43,0,0,0,0,0,0,High,4.3,216,2,5,2.3,5.58,3.79,59.1,83.6
7959,L55138,L,301.0,312.1,1377,49.9,48,0,0,0,0,0,0,Low,4.8,219,6,280,2.26,4.63,6.93,44.2,80.3
7960,L55139,L,301.0,312.1,1585,32.3,50,0,0,0,0,0,0,Low,10.5,284,13,223,1.84,6.21,5.44,67.8,51.9
7961,H37374,H,301.1,312.2,1491,42.6,52,0,0,0,0,0,0,High,7.0,473,5,310,1.11,6.31,6.32,29.9,73.9
7962,L55141,L,301.0,312.2,1264,59.0,57,0,0,0,0,0,0,Low,7.0,445,17,647,2.57,6.52,7.87,75.7,77.0
7963,L55142,L,301.0,312.2,1372,47.0,59,0,0,0,0,0,0,Low,7.2,205,7,50,1.33,6.63,6.48,57.8,84.3
7964,L55143,L,301.0,312.2,1510,39.9,61,0,0,0,0,0,0,Low,4.6,410,1,108,0.86,6.47,6.28,48.2,64.3
7965,L55144,L,300.9,312.1,1423,40.2,63,0,0,0,0,0,0,Low,5.1,198,6,177,2.37,6.03,6.4,74.1,74.7
7966,L55145,L,301.1,312.3,1464,35.3,65,0,0,0,0,0,0,Low,7.8,441,10,749,2.2,5.66,5.2,61.5,62.0
7967,L55146,L,301.0,312.2,1602,35.9,67,0,0,0,0,0,0,Low,6.6,352,5,259,1.11,5.63,5.75,42.3,60.4
7968,M22827,M,301.0,312.2,1629,32.6,69,0,0,0,0,0,0,Medium,5.4,296,5,75,2.01,5.91,5.63,45.9,89.8
7969,L55148,L,300.9,312.2,1811,23.2,72,0,0,0,0,0,0,Low,6.6,462,4,183,1.18,6.37,4.33,46.3,77.7
7970,L55149,L,300.9,312.1,1711,28.8,74,0,0,0,0,0,0,Low,3.0,252,7,491,2.71,5.36,5.91,62.7,91.3
7971,M22830,M,300.9,312.1,1297,48.6,76,0,0,0,0,0,0,Medium,5.4,420,5,824,2.21,6.17,6.09,63.3,48.1
7972,L55151,L,301.0,312.1,1405,46.1,79,0,0,0,0,0,0,Low,9.9,366,12,570,1.83,5.4,6.78,49.2,65.4
7973,L55152,L,301.1,312.2,1397,54.9,81,0,0,0,0,0,0,Low,5.6,485,7,147,1.33,6.32,9.07,57.1,85.4
7974,L55153,L,301.1,312.3,1682,29.7,83,0,0,0,0,0,0,Low,5.7,376,6,115,2.44,5.52,5.31,95.0,47.1
7975,L55154,L,301.2,312.3,1528,38.4,85,0,0,0,0,0,0,Low,4.9,299,9,43,1.74,7.11,6.23,39.1,77.6
7976,M22835,M,301.2,312.3,1548,38.3,87,0,0,0,0,0,0,Medium,7.4,477,8,166,1.89,5.78,5.73,51.2,49.0
7977,H37390,H,301.2,312.4,1395,47.8,90,0,0,0,0,0,0,High,4.7,275,5,200,2.49,6.14,6.86,63.8,50.1
7978,L55157,L,301.2,312.4,1378,59.0,95,0,0,0,0,0,0,Low,7.0,591,9,6,2.71,5.29,8.55,75.1,69.6
7979,L55158,L,301.2,312.4,1480,53.5,97,0,0,0,0,0,0,Low,8.4,443,13,94,1.33,6.34,7.42,53.7,84.4
7980,M22839,M,301.2,312.4,1428,36.6,99,0,0,0,0,0,0,Medium,7.1,486,13,825,2.18,6.59,5.73,28.0,54.1
7981,M22840,M,301.2,312.4,1505,39.6,102,0,0,0,0,0,0,Medium,8.3,667,26,168,1.04,5.48,5.92,77.4,60.6
7982,L55161,L,301.0,312.3,1445,36.4,105,0,0,0,0,0,0,Low,5.6,486,4,52,1.31,5.91,5.85,72.8,78.0
7983,L55162,L,301.0,312.3,1488,42.6,107,0,0,0,0,0,0,Low,6.5,549,9,218,1.32,5.42,6.01,51.5,78.0
7984,L55163,L,301.0,312.2,1601,33.0,109,0,0,0,0,0,0,Low,9.3,745,8,320,0.86,5.84,5.7,61.8,74.4
7985,L55164,L,301.0,312.3,1550,34.9,111,0,0,0,0,0,0,Low,9.5,540,10,464,1.11,6.51,5.93,80.9,45.7
7986,L55165,L,301.0,312.2,1540,34.1,113,0,0,0,0,0,0,Low,10.8,554,20,169,0.9,7.18,5.19,56.6,75.8
7987,L55166,L,301.1,312.3,1587,34.5,115,0,0,0,0,0,0,Low,8.1,580,10,430,1.01,6.42,5.97,60.9,78.9
7988,H37401,H,301.0,312.2,1489,40.3,117,0,0,0,0,0,0,High,14.2,609,13,350,1.43,5.25,6.23,59.2,69.0
7989,L55168,L,301.1,312.3,1486,34.9,122,0,0,0,0,0,0,Low,7.3,638,8,109,1.98,5.91,5.13,43.1,78.9
7990,L55169,L,301.1,312.4,1430,37.9,124,0,0,0,0,0,0,Low,8.2,739,9,68,2.63,6.43,5.37,49.6,89.3
7991,M22850,M,301.1,312.4,1809,25.1,126,0,0,0,0,0,0,Medium,11.3,666,11,407,2.33,4.09,4.73,72.0,54.0
7992,L55171,L,301.1,312.3,1534,39.0,129,0,0,0,0,0,0,Low,9.3,771,12,64,2.56,6.18,6.31,46.1,72.2
7993,M22852,M,301.1,312.3,1852,25.9,131,0,0,0,0,0,0,Medium,4.8,374,6,12,1.37,6.05,5.19,69.8,61.7
7994,L55173,L,301.1,312.3,1595,31.9,134,0,0,0,0,0,0,Low,11.0,1019,13,278,2.77,7.25,5.29,52.7,65.6
7995,L55174,L,301.0,312.3,1424,43.5,136,0,0,0,0,0,0,Low,7.7,799,11,217,1.48,6.01,6.71,49.9,58.7
7996,L55175,L,301.0,312.2,1776,28.8,138,0,0,0,0,0,0,Low,9.1,822,7,99,3.39,6.84,5.41,82.3,73.7
7997,M22856,M,301.0,312.2,1499,41.5,140,0,0,0,0,0,0,Medium,4.7,451,3,272,1.07,5.85,6.52,55.6,89.4
7998,M22857,M,301.0,312.2,2710,9.7,143,1,0,0,1,0,0,Medium,9.8,1051,19,787,4.27,6.28,2.57,34.3,55.9
7999,L55178,L,300.9,312.1,1359,51.7,146,0,0,0,0,0,0,Low,8.5,648,10,194,1.51,6.25,6.99,56.9,72.9
8000,M22859,M,300.9,312.1,1617,31.0,148,0,0,0,0,0,0,Medium,6.4,735,9,1076,1.28,6.99,5.28,25.9,71.4
8001,M22860,M,300.8,312.0,1443,53.3,151,0,0,0,0,0,0,Medium,7.2,747,10,797,3.72,6.89,8.29,71.4,50.2
8002,L55181,L,300.8,312.0,1374,50.2,154,0,0,0,0,0,0,Low,6.6,635,5,1265,1.76,5.77,7.67,30.5,45.0
8003,M22862,M,300.9,312.1,1851,23.0,156,0,0,0,0,0,0,Medium,6.7,589,6,127,2.6,5.01,4.59,43.9,71.9
8004,M22863,M,300.8,312.0,1274,67.3,159,0,0,0,0,0,0,Medium,11.5,923,18,79,2.5,6.64,9.31,82.2,68.5
8005,L55184,L,300.9,312.0,1533,44.0,162,0,0,0,0,0,0,Low,8.5,807,9,84,2.15,7.05,7.41,51.5,89.2
8006,L55185,L,300.8,312.0,1477,37.3,164,0,0,0,0,0,0,Low,18.2,1383,16,172,3.23,5.07,5.71,66.6,59.6
8007,L55186,L,300.9,312.1,1462,46.0,166,0,0,0,0,0,0,Low,8.6,855,12,212,2.41,7.08,7.38,50.0,67.7
8008,M22867,M,301.0,312.1,1664,28.4,168,0,0,0,0,0,0,Medium,9.4,1093,15,638,2.01,5.45,5.12,62.3,76.4
8009,L55188,L,300.8,311.9,1414,41.1,171,0,0,0,0,0,0,Low,8.6,915,11,77,1.88,6.83,6.32,41.9,75.3
8010,H37423,H,300.9,312.0,2129,17.8,173,0,0,0,0,0,0,High,14.7,1398,19,296,3.08,5.89,4.02,51.7,60.2
8011,L55190,L,300.8,311.8,1323,61.1,178,0,0,0,0,0,0,Low,8.0,828,10,867,3.2,6.85,8.68,34.4,52.1
8012,L55191,L,300.8,311.8,1427,43.3,180,0,0,0,0,0,0,Low,13.5,1444,16,487,2.56,6.27,6.54,58.3,70.2
8013,M22872,M,300.9,312.0,1375,56.1,182,0,0,0,0,0,0,Medium,13.7,966,17,339,3.46,6.72,7.46,67.2,49.1
8014,M22873,M,300.9,312.0,1402,50.7,185,0,0,0,0,0,0,Medium,17.6,1288,17,299,2.38,5.84,7.98,56.4,84.5
8015,L55194,L,300.9,312.0,1500,44.2,188,0,0,0,0,0,0,Low,10.8,1217,13,444,2.84,5.2,7.3,59.0,66.7
8016,M22875,M,301.0,312.0,1558,37.5,190,0,0,0,0,0,0,Medium,8.1,717,7,96,1.49,6.65,6.18,38.7,79.2
8017,M22876,M,300.9,312.0,1447,41.4,193,0,0,0,0,0,0,Medium,10.3,881,21,619,2.56,6.68,6.52,70.6,59.1
8018,L55197,L,301.0,312.0,1518,39.3,196,0,0,0,0,0,0,Low,11.5,800,11,164,2.07,5.77,6.09,68.3,70.3
8019,L55198,L,301.0,311.9,1889,23.5,198,0,0,0,0,0,0,Low,7.7,710,6,20,3.04,6.2,4.49,64.9,77.3
8020,L55199,L,301.0,312.1,1675,30.7,200,0,0,0,0,0,0,Low,13.6,1274,13,59,3.14,5.63,5.28,36.4,78.8
8021,H37434,H,300.9,312.0,1720,27.9,202,0,0,0,0,0,0,High,11.8,764,11,37,3.76,5.11,4.99,70.2,94.0
8022,M22881,M,301.0,312.0,1499,34.6,207,0,0,0,0,0,0,Medium,15.7,1580,14,168,2.49,6.2,5.44,62.4,77.8
8023,L55202,L,300.9,312.0,1441,43.8,210,0,0,0,0,0,0,Low,7.9,938,12,148,3.0,6.4,6.17,50.0,77.2
8024,H37437,H,300.9,312.0,1397,42.7,212,0,0,0,0,0,0,High,12.8,1280,20,546,2.88,5.78,5.64,56.0,61.7
8025,L55204,L,300.9,312.0,1493,38.7,217,0,0,0,0,0,0,Low,12.7,1369,17,195,1.74,6.78,5.67,45.6,80.5
8026,M22885,M,300.8,312.0,1422,50.7,219,0,0,0,0,0,0,Medium,9.6,987,9,159,3.43,5.57,7.25,55.5,67.4
8027,L55206,L,300.7,311.9,1399,50.2,222,1,0,0,0,1,0,Low,8.9,896,18,75,4.51,6.78,7.82,61.9,79.2
8028,L55207,L,300.6,311.9,1425,44.9,224,0,0,0,0,0,0,Low,7.9,917,7,351,3.62,5.35,6.06,57.4,69.0
8029,L55208,L,300.6,311.8,1501,44.8,226,0,0,0,0,0,0,Low,16.3,1164,23,367,2.84,6.31,7.28,86.1,54.1
8030,M22889,M,300.6,311.9,1629,35.3,0,0,0,0,0,0,0,Medium,5.1,5,7,187,1.46,6.05,5.71,52.1,79.5
8031,L55210,L,300.6,312.0,1490,42.2,3,0,0,0,0,0,0,Low,7.8,61,11,9,1.17,6.61,6.46,53.9,65.1
8032,L55211,L,300.7,312.0,1550,32.4,5,0,0,0,0,0,0,Low,9.6,5,17,617,1.97,6.22,5.31,35.5,92.3
8033,L55212,L,300.8,312.0,1416,46.5,7,0,0,0,0,0,0,Low,2.9,5,3,46,1.77,6.29,6.92,56.6,79.4
8034,L55213,L,300.7,311.9,1485,38.8,9,0,0,0,0,0,0,Low,2.2,64,5,168,0.62,5.99,6.23,49.2,77.8
8035,L55214,L,300.7,311.8,1564,36.8,11,0,0,0,0,0,0,Low,3.8,38,5,253,2.01,6.33,5.19,42.7,49.9
8036,L55215,L,300.7,311.7,1910,19.7,13,0,0,0,0,0,0,Low,4.5,110,5,75,2.49,5.17,4.34,68.2,96.9
8037,L55216,L,300.7,311.7,1460,46.1,15,0,0,0,0,0,0,Low,2.3,79,1,117,1.71,4.61,7.37,68.9,59.9
8038,L55217,L,300.7,311.8,1603,34.1,17,0,0,0,0,0,0,Low,2.6,123,5,16,1.8,7.17,5.53,58.3,48.5
8039,L55218,L,300.7,311.8,1486,47.3,19,0,0,0,0,0,0,Low,3.1,86,5,132,1.26,5.03,7.63,51.1,74.5
8040,L55219,L,300.8,311.9,1560,31.8,21,0,0,0,0,0,0,Low,2.1,78,2,187,2.5,7.05,5.53,63.8,47.4
8041,L55220,L,300.8,311.9,1498,39.3,23,0,0,0,0,0,0,Low,4.9,152,5,19,0.63,5.57,7.16,75.0,76.2
8042,H37455,H,300.8,311.9,1431,48.5,25,0,0,0,0,0,0,High,2.2,168,3,84,1.8,6.94,7.59,72.0,69.8
8043,L55222,L,300.8,311.9,1486,45.1,30,0,0,0,0,0,0,Low,5.3,126,6,417,1.67,6.87,6.96,54.2,44.9
8044,L55223,L,300.7,311.9,1486,35.8,32,0,0,0,0,0,0,Low,8.4,273,7,403,1.27,5.92,5.51,66.9,62.7
8045,L55224,L,300.7,311.8,1441,38.1,34,0,0,0,0,0,0,Low,8.6,191,8,248,1.54,5.93,5.42,64.7,72.3
8046,M22905,M,300.7,311.9,1366,55.1,36,0,0,0,0,0,0,Medium,12.3,210,11,222,1.56,5.66,8.34,80.9,85.5
8047,L55226,L,300.6,311.8,1471,41.4,39,0,0,0,0,0,0,Low,7.4,441,13,53,1.16,6.03,6.54,83.1,64.0
8048,L55227,L,300.6,311.9,1463,38.2,41,0,0,0,0,0,0,Low,2.6,228,5,196,0.92,6.2,6.03,50.7,84.5
8049,L55228,L,300.6,311.9,1413,41.3,43,0,0,0,0,0,0,Low,3.8,123,6,13,1.39,7.3,6.22,66.9,86.1
8050,H37463,H,300.6,311.9,1604,30.5,45,0,0,0,0,0,0,High,10.5,164,15,595,2.52,4.88,4.47,40.1,58.5
8051,L55230,L,300.7,312.0,1401,51.1,50,0,0,0,0,0,0,Low,8.9,245,17,215,2.27,5.96,7.14,59.5,62.2
8052,L55231,L,300.6,311.8,1652,27.2,52,0,0,0,0,0,0,Low,3.8,219,4,105,0.98,6.4,4.05,59.3,60.1
8053,L55232,L,300.5,311.9,1403,45.7,54,0,0,0,0,0,0,Low,2.7,282,2,114,1.53,5.25,6.86,55.2,74.8
8054,L55233,L,300.5,311.9,1887,21.7,56,0,0,0,0,0,0,Low,5.7,252,5,191,2.1,6.63,4.14,66.3,64.2
8055,L55234,L,300.4,311.8,1405,47.9,58,0,0,0,0,0,0,Low,3.7,365,5,739,1.4,6.8,7.02,55.9,57.7
8056,H37469,H,300.2,311.6,1496,41.1,60,0,0,0,0,0,0,High,6.2,326,6,40,1.23,6.52,6.37,53.1,79.6
8057,L55236,L,300.1,311.5,1499,43.4,65,0,0,0,0,0,0,Low,7.2,403,8,398,2.35,5.77,7.45,37.6,77.7
8058,L55237,L,300.2,311.5,1549,37.2,67,0,0,0,0,0,0,Low,9.0,286,9,26,0.56,6.52,5.87,44.3,76.3
8059,L55238,L,300.3,311.6,1515,44.9,69,0,0,0,0,0,0,Low,2.1,207,5,74,1.92,5.94,6.97,66.7,63.2
8060,L55239,L,300.2,311.6,1540,37.7,71,0,0,0,0,0,0,Low,7.1,263,7,46,0.48,5.77,5.78,45.1,63.4
8061,H37474,H,300.2,311.5,1426,44.3,73,0,0,0,0,0,0,High,5.9,429,6,162,1.79,6.51,6.27,60.9,56.9
8062,M22921,M,300.2,311.6,1465,41.4,78,0,0,0,0,0,0,Medium,12.3,536,21,51,0.98,5.72,6.23,60.2,89.3
8063,M22922,M,300.3,311.6,1359,54.1,81,0,0,0,0,0,0,Medium,6.9,267,6,238,2.49,6.62,7.51,39.4,69.0
8064,M22923,M,300.3,311.7,1551,36.4,84,0,0,0,0,0,0,Medium,6.1,379,5,268,2.76,6.54,5.99,74.6,81.8
8065,L55244,L,300.5,311.8,1596,34.8,87,0,0,0,0,0,0,Low,4.8,432,6,38,1.62,6.65,5.34,62.0,91.9
8066,M22925,M,300.5,311.9,1670,26.3,89,0,0,0,0,0,0,Medium,7.2,561,8,305,2.57,5.51,4.32,55.5,53.9
8067,L55246,L,300.4,311.9,1868,21.3,92,0,0,0,0,0,0,Low,9.6,465,16,130,2.5,6.29,4.22,55.0,94.8
8068,M22927,M,300.6,312.0,1490,39.8,94,0,0,0,0,0,0,Medium,8.1,668,13,104,1.78,5.83,5.81,30.7,83.9
8069,M22928,M,300.5,311.9,1676,35.2,97,0,0,0,0,0,0,Medium,6.1,434,5,41,1.15,7.26,6.14,29.6,83.9
8070,M22929,M,300.5,311.9,1875,22.1,100,0,0,0,0,0,0,Medium,5.9,390,8,76,2.77,5.15,4.39,72.5,82.9
8071,M22930,M,300.5,312.0,1867,23.0,103,0,0,0,0,0,0,Medium,4.6,356,2,322,2.34,6.03,4.45,44.9,80.2
8072,L55251,L,300.5,312.0,1646,29.5,106,0,0,0,0,0,0,Low,5.0,471,12,172,1.11,5.92,5.01,44.6,72.7
8073,H37486,H,300.5,312.0,1375,43.2,108,0,0,0,0,0,0,High,8.1,823,7,51,1.01,6.04,6.27,28.9,61.2
8074,L55253,L,300.5,312.0,1558,36.7,113,0,0,0,0,0,0,Low,7.5,565,10,113,1.26,5.23,5.72,66.3,74.0
8075,L55254,L,300.4,312.0,1631,34.9,115,0,0,0,0,0,0,Low,8.1,364,7,92,1.19,5.54,6.52,56.5,54.2
8076,L55255,L,300.4,312.0,1366,43.0,117,0,0,0,0,0,0,Low,9.7,789,7,53,1.47,5.19,5.93,58.6,62.4
8077,L55256,L,300.3,311.8,1360,48.0,119,0,0,0,0,0,0,Low,11.2,653,14,305,2.15,5.18,7.16,60.4,56.2
8078,L55257,L,300.3,311.8,1547,39.7,121,0,0,0,0,0,0,Low,10.9,478,18,289,1.44,5.8,6.67,61.4,62.6
8079,L55258,L,300.3,311.7,1571,31.2,123,0,0,0,0,0,0,Low,14.6,613,16,107,1.74,7.37,4.6,53.6,67.8
8080,L55259,L,300.2,311.5,1528,36.1,125,0,0,0,0,0,0,Low,12.0,371,17,237,0.8,6.52,5.43,52.8,47.2
8081,H37494,H,300.2,311.5,1432,43.6,127,0,0,0,0,0,0,High,7.3,791,7,379,2.21,5.63,6.65,49.4,58.4
8082,L55261,L,300.2,311.6,1356,53.5,132,0,0,0,0,0,0,Low,11.5,903,12,59,2.63,5.97,8.42,31.4,74.3
8083,H37496,H,300.1,311.5,1422,46.2,134,0,0,0,0,0,0,High,6.3,531,3,361,3.03,5.34,7.15,34.6,49.4
8084,L55263,L,300.1,311.4,1438,42.2,139,0,0,0,0,0,0,Low,9.7,1002,9,10,1.02,4.42,6.77,81.6,67.6
8085,L55264,L,300.2,311.4,1483,44.4,141,0,0,0,0,0,0,Low,9.0,817,10,238,1.09,6.05,6.81,78.8,74.3
8086,L55265,L,300.2,311.4,1331,49.8,143,0,0,0,0,0,0,Low,13.4,723,15,400,1.29,5.91,7.5,20.2,43.9
8087,L55266,L,300.2,311.4,1463,37.5,145,0,0,0,0,0,0,Low,11.0,627,9,91,2.46,5.89,6.09,61.5,66.4
8088,L55267,L,300.1,311.4,1446,40.6,147,0,0,0,0,0,0,Low,8.7,710,8,987,0.91,5.75,5.15,36.9,56.0
8089,L55268,L,300.1,311.4,1356,45.7,149,0,0,0,0,0,0,Low,10.4,714,4,127,1.71,5.73,6.34,89.5,85.0
8090,L55269,L,300.1,311.3,1676,30.3,151,0,0,0,0,0,0,Low,11.1,894,11,744,1.15,6.27,5.14,38.5,78.8
8091,L55270,L,300.1,311.4,1910,23.0,153,0,0,0,0,0,0,Low,7.1,588,10,176,2.55,5.27,4.35,62.5,78.1
8092,L55271,L,300.2,311.6,1375,56.9,155,0,0,0,0,0,0,Low,4.0,298,4,408,2.75,6.12,8.28,55.4,87.8
8093,M22952,M,300.2,311.6,1513,40.8,157,0,0,0,0,0,0,Medium,8.5,713,12,449,2.2,4.97,6.97,64.0,90.9
8094,L55273,L,300.2,311.6,1511,35.7,160,0,0,0,0,0,0,Low,11.7,837,17,795,1.91,7.13,5.6,70.9,64.8
8095,H37508,H,300.2,311.6,1662,28.8,162,0,0,0,0,0,0,High,18.0,1197,22,148,1.55,6.42,4.84,39.4,64.2
8096,L55275,L,300.2,311.7,1493,48.3,167,0,0,0,0,0,0,Low,12.8,1046,17,60,2.67,5.65,7.65,77.6,71.0
8097,M22956,M,300.2,311.7,1555,37.4,169,0,0,0,0,0,0,Medium,9.7,961,12,153,2.21,5.78,6.21,44.6,72.0
8098,L55277,L,300.3,311.7,1452,41.5,172,0,0,0,0,0,0,Low,9.9,1054,12,270,2.16,6.48,6.42,29.0,76.9
8099,L55278,L,300.2,311.6,1500,39.0,174,0,0,0,0,0,0,Low,11.0,894,13,221,1.63,6.56,5.73,47.8,50.5
8100,L55279,L,300.2,311.7,1603,30.5,176,0,0,0,0,0,0,Low,5.5,615,9,936,2.6,5.64,5.45,52.7,52.7
8101,L55280,L,300.3,311.7,1682,27.8,178,0,0,0,0,0,0,Low,19.3,732,19,101,3.01,5.62,4.51,72.8,76.5
8102,L55281,L,300.3,311.8,1567,37.7,180,0,0,0,0,0,0,Low,12.2,985,20,90,1.86,5.63,5.84,64.4,77.5
8103,L55282,L,300.3,311.8,1413,46.0,182,0,0,0,0,0,0,Low,17.7,1333,17,61,1.67,6.46,7.07,63.0,73.7
8104,M22963,M,300.3,311.9,1429,41.6,184,0,0,0,0,0,0,Medium,11.1,670,16,173,2.76,5.84,6.63,44.3,57.8
8105,L55284,L,300.3,311.9,1692,31.5,187,0,0,0,0,0,0,Low,12.2,996,15,301,1.58,6.29,5.45,72.4,68.6
8106,L55285,L,300.4,311.9,1476,48.7,189,0,0,0,0,0,0,Low,16.4,1516,23,21,2.12,6.27,7.29,61.7,63.4
8107,M22966,M,300.4,312.0,1596,30.4,191,0,0,0,0,0,0,Medium,12.2,876,17,258,2.11,5.71,4.92,62.9,56.2
8108,H37521,H,300.3,311.9,1390,49.0,194,0,0,0,0,0,0,High,9.0,831,9,106,2.3,5.25,6.73,75.1,94.2
8109,M22968,M,300.3,311.8,1607,33.7,199,0,0,0,0,0,0,Medium,18.8,1918,22,103,3.15,6.61,5.5,47.7,50.5
8110,L55289,L,300.3,311.7,1821,26.3,202,0,0,0,0,0,0,Low,16.2,1336,22,336,3.79,6.03,4.78,81.6,69.0
8111,H37524,H,300.3,311.8,2141,18.5,204,0,0,0,0,0,0,High,10.3,1145,10,517,4.24,6.03,3.96,64.9,73.5
8112,M22971,M,300.4,311.8,1553,33.1,209,1,1,0,0,0,0,Medium,10.4,915,6,71,2.21,5.96,5.29,69.0,85.0
8113,M22972,M,300.4,311.8,1442,45.1,0,0,0,0,0,0,0,Medium,2.6,5,3,41,2.55,5.28,6.84,59.4,77.1
8114,L55293,L,300.4,311.7,1459,45.6,3,0,0,0,0,0,0,Low,0.7,38,2,635,0.91,5.78,7.23,50.2,61.3
8115,H37528,H,300.4,311.8,2496,13.5,5,0,0,0,0,0,0,High,4.3,5,5,164,3.24,6.06,3.52,88.9,85.3
8116,L55295,L,300.4,311.8,1367,57.2,10,0,0,0,0,0,0,Low,3.8,62,6,46,2.37,5.75,8.18,54.5,74.3
8117,L55296,L,300.3,311.8,2004,19.6,12,0,0,0,0,0,0,Low,3.7,109,4,234,3.22,6.14,4.06,44.9,84.4
8118,L55297,L,300.3,311.7,1406,47.5,14,0,0,0,0,0,0,Low,6.5,85,9,425,2.08,5.95,6.68,40.7,81.3
8119,L55298,L,300.3,311.8,1548,33.0,16,0,0,0,0,0,0,Low,6.3,139,5,75,2.59,5.15,5.31,83.2,71.1
8120,L55299,L,300.3,311.7,1333,55.2,18,0,0,0,0,0,0,Low,6.2,92,12,118,1.64,4.96,7.9,65.8,87.9
8121,L55300,L,300.2,311.6,1767,26.4,20,0,0,0,0,0,0,Low,3.3,95,2,58,2.44,6.19,5.0,36.9,58.4
8122,L55301,L,300.2,311.6,1827,27.0,22,0,0,0,0,0,0,Low,2.8,97,2,281,2.71,5.47,4.99,52.3,79.4
8123,M22982,M,300.2,311.6,1533,46.4,24,0,0,0,0,0,0,Medium,4.8,188,7,135,2.1,5.85,7.4,53.9,49.5
8124,H37537,H,300.2,311.5,1515,36.8,27,0,0,0,0,0,0,High,5.5,187,6,45,1.03,5.49,6.07,44.1,87.4
8125,L55304,L,300.2,311.4,1568,41.0,32,0,0,0,0,0,0,Low,5.8,138,7,5,1.45,6.63,6.84,65.8,100.0
8126,L55305,L,300.2,311.4,1452,47.8,34,0,0,0,0,0,0,Low,3.8,302,6,62,2.17,5.22,7.01,53.2,76.1
8127,L55306,L,300.2,311.4,1433,37.9,36,0,0,0,0,0,0,Low,4.8,131,6,248,1.96,6.54,5.32,55.6,73.2
8128,M22987,M,300.1,311.3,1650,33.8,38,0,0,0,0,0,0,Medium,7.2,118,11,11,1.17,5.13,5.11,39.0,95.1
8129,L55308,L,300.1,311.4,1629,31.3,41,0,0,0,0,0,0,Low,3.3,218,4,59,1.03,6.31,5.69,46.7,72.8
8130,L55309,L,300.0,311.3,1520,39.2,43,0,0,0,0,0,0,Low,2.6,272,3,439,2.3,5.9,6.96,40.1,36.1
8131,H37544,H,300.0,311.2,1393,43.1,45,0,0,0,0,0,0,High,2.8,313,3,3,2.15,6.07,6.52,95.0,78.3
8132,H37545,H,299.9,311.2,1364,49.6,50,0,0,0,0,0,0,High,4.1,258,8,122,2.65,6.21,6.78,15.8,61.8
8133,M22992,M,299.9,311.3,1389,50.0,55,0,0,0,0,0,0,Medium,4.5,410,8,296,3.0,5.93,7.16,45.4,67.6
8134,L55313,L,299.8,311.1,1466,46.1,58,0,0,0,0,0,0,Low,7.1,361,11,155,1.8,6.43,6.85,55.0,58.9
8135,L55314,L,299.7,311.1,1650,32.4,60,0,0,0,0,0,0,Low,5.9,270,12,497,0.81,5.71,5.51,47.5,83.6
8136,L55315,L,299.6,311.0,1554,36.3,62,0,0,0,0,0,0,Low,2.6,261,4,1,2.46,5.26,6.0,59.0,80.9
8137,M22996,M,299.6,310.9,1474,39.7,64,0,0,0,0,0,0,Medium,9.5,416,15,236,1.42,5.71,6.27,42.4,65.8
8138,H37551,H,299.5,310.8,1600,32.4,67,0,0,0,0,0,0,High,4.0,290,6,420,2.7,5.71,5.17,60.0,73.8
8139,L55318,L,299.5,310.8,1356,54.9,72,0,0,0,0,0,0,Low,3.6,281,5,160,1.65,6.2,7.92,73.9,71.1
8140,L55319,L,299.5,310.8,1571,38.2,74,0,0,0,0,0,0,Low,5.5,238,4,57,2.2,5.31,5.44,25.2,92.6
8141,L55320,L,299.6,310.9,1658,28.0,76,0,0,0,0,0,0,Low,4.9,367,7,383,1.13,6.51,5.21,47.1,73.5
8142,L55321,L,299.6,310.8,1393,49.9,78,0,0,0,0,0,0,Low,5.9,324,12,248,2.79,6.83,6.78,48.2,87.5
8143,M23002,M,299.7,311.0,1448,49.8,80,0,0,0,0,0,0,Medium,5.3,347,4,250,0.97,5.86,7.57,78.2,63.0
8144,L55323,L,299.7,310.9,1477,40.4,83,0,0,0,0,0,0,Low,9.5,356,5,121,1.54,6.34,6.41,59.4,75.2
8145,M23004,M,299.7,311.0,1506,42.7,85,0,0,0,0,0,0,Medium,8.3,595,9,852,1.48,7.27,6.81,42.0,70.9
8146,M23005,M,299.7,310.9,1685,32.1,88,0,0,0,0,0,0,Medium,6.4,496,9,857,1.41,6.07,5.81,56.8,60.7
8147,L55326,L,299.6,310.9,1533,31.8,91,0,0,0,0,0,0,Low,6.7,481,7,147,1.55,5.21,5.44,33.1,45.0
8148,L55327,L,299.5,310.8,1447,41.0,93,0,0,0,0,0,0,Low,9.9,512,13,4,1.06,5.81,6.02,78.4,72.0
8149,M23008,M,299.5,310.7,1488,39.5,95,0,0,0,0,0,0,Medium,5.0,445,5,204,1.32,5.61,6.22,61.1,59.1
8150,M23009,M,299.6,310.8,1427,50.4,98,0,0,0,0,0,0,Medium,8.5,504,8,374,2.01,6.18,7.29,53.7,82.5
8151,M23010,M,299.5,310.7,1424,41.3,101,0,0,0,0,0,0,Medium,6.7,463,6,216,0.99,6.72,6.51,59.8,79.2
8152,L55331,L,299.5,310.7,1472,40.9,104,0,0,0,0,0,0,Low,7.7,578,9,164,1.44,4.94,6.26,51.0,83.9
8153,L55332,L,299.5,310.7,1438,45.7,106,0,0,0,0,0,0,Low,6.9,690,7,157,2.11,6.83,6.84,39.9,61.9
8154,L55333,L,299.6,310.8,1507,42.4,108,0,0,0,0,0,0,Low,5.4,408,4,558,1.0,6.16,6.62,47.7,53.4
8155,L55334,L,299.6,310.7,1393,52.1,110,0,0,0,0,0,0,Low,5.8,491,8,179,2.06,6.47,7.73,71.3,55.9
8156,L55335,L,299.5,310.8,1283,52.4,112,0,0,0,0,0,0,Low,9.0,745,17,214,1.37,6.31,7.01,55.4,67.0
8157,L55336,L,299.6,310.8,1644,30.9,114,0,0,0,0,0,0,Low,6.2,649,8,1160,2.71,5.58,5.29,60.3,50.7
8158,L55337,L,299.6,310.8,1498,46.9,116,0,0,0,0,0,0,Low,8.1,935,8,476,1.99,6.32,7.21,72.0,77.2
8159,L55338,L,299.6,310.8,1400,40.8,118,0,0,0,0,0,0,Low,6.9,610,8,350,0.7,6.62,5.9,67.6,64.7
8160,H37573,H,299.6,310.9,1679,31.2,120,0,0,0,0,0,0,High,11.4,686,16,1142,2.89,6.7,5.51,47.1,40.7
8161,M23020,M,299.7,311.1,1618,30.3,125,0,0,0,0,0,0,Medium,10.1,739,14,241,1.91,6.63,5.39,67.1,81.7
8162,H37575,H,299.6,311.0,1714,30.2,128,0,0,0,0,0,0,High,6.3,451,6,225,1.32,5.67,5.51,57.5,58.9
8163,L55342,L,299.6,311.0,1574,35.0,133,0,0,0,0,0,0,Low,8.6,897,11,250,3.13,6.78,5.63,41.9,84.1
8164,L55343,L,299.7,311.1,1574,36.4,135,0,0,0,0,0,0,Low,5.2,604,3,818,1.6,6.62,5.88,65.6,90.3
8165,L55344,L,299.6,310.9,1472,40.9,137,0,0,0,0,0,0,Low,5.1,423,9,355,0.64,6.56,6.8,69.3,62.1
8166,L55345,L,299.6,311.0,1552,33.2,139,0,0,0,0,0,0,Low,7.1,579,9,406,2.46,5.26,4.98,31.0,36.2
8167,L55346,L,299.7,311.1,1603,31.4,141,0,0,0,0,0,0,Low,7.0,719,3,81,2.01,5.65,4.91,39.8,75.8
8168,H37581,H,299.7,311.1,1353,47.1,143,0,0,0,0,0,0,High,12.1,995,22,82,2.77,6.12,6.42,41.5,78.3
8169,L55348,L,299.7,311.1,1690,30.6,148,0,0,0,0,0,0,Low,12.6,1063,16,193,2.15,6.48,5.59,84.9,70.7
8170,M23029,M,299.8,311.2,1745,26.3,150,0,0,0,0,0,0,Medium,9.1,869,17,359,1.77,5.08,4.59,43.5,79.0
8171,L55350,L,299.9,311.3,1522,45.7,153,0,0,0,0,0,0,Low,10.7,993,11,275,1.35,5.34,6.95,27.6,69.0
8172,H37585,H,300.0,311.4,1641,34.5,155,0,0,0,0,0,0,High,10.5,969,20,904,1.63,6.04,6.21,36.7,44.8
8173,L55352,L,299.9,311.4,1596,28.9,160,0,0,0,0,0,0,Low,10.9,880,16,424,1.69,5.32,4.48,66.8,55.6
8174,H37587,H,299.9,311.4,1497,37.0,162,0,0,0,0,0,0,High,8.4,858,15,577,1.01,5.76,6.0,45.2,58.2
8175,L55354,L,299.9,311.3,1371,52.3,167,0,0,0,0,0,0,Low,18.6,738,21,26,2.11,5.98,7.97,42.2,71.4
8176,M23035,M,299.9,311.3,1445,41.2,169,0,0,0,0,0,0,Medium,10.6,1180,18,273,1.98,4.79,6.46,29.5,63.8
8177,L55356,L,299.8,311.2,1564,40.0,172,0,0,0,0,0,0,Low,10.4,1090,7,169,2.05,6.14,6.62,68.2,70.8
8178,L55357,L,299.7,311.1,1439,44.9,174,0,0,0,0,0,0,Low,10.8,917,10,170,0.38,5.91,7.01,68.1,57.9
8179,L55358,L,299.7,311.2,1352,52.1,176,0,0,0,0,0,0,Low,16.3,981,18,68,2.03,5.12,8.34,58.4,95.0
8180,L55359,L,299.8,311.3,1560,35.4,178,0,0,0,0,0,0,Low,6.7,593,6,67,2.21,5.62,5.79,41.0,68.2
8181,M23040,M,299.7,311.2,1616,42.3,180,0,0,0,0,0,0,Medium,8.5,881,7,802,2.04,6.46,7.17,46.3,46.6
8182,L55361,L,299.7,311.2,1835,23.7,183,0,0,0,0,0,0,Low,14.2,1447,17,723,3.14,5.71,5.04,46.0,63.8
8183,M23042,M,299.7,311.1,1649,32.7,185,0,0,0,0,0,0,Medium,11.5,854,11,40,2.21,5.96,5.49,51.1,67.7
8184,L55363,L,299.8,311.1,1452,47.3,188,0,0,0,0,0,0,Low,11.9,884,10,566,2.56,6.18,7.1,43.3,59.4
8185,L55364,L,299.8,311.1,2144,17.7,190,0,0,0,0,0,0,Low,12.4,1014,23,37,3.66,4.76,4.34,39.6,77.1
8186,L55365,L,299.7,311.1,1554,41.0,192,0,0,0,0,0,0,Low,20.0,1359,18,665,3.1,6.84,6.99,54.6,63.4
8187,L55366,L,299.7,311.0,1827,25.4,194,0,0,0,0,0,0,Low,9.9,645,14,195,3.02,6.2,4.56,76.6,56.2
8188,L55367,L,299.6,310.9,1448,46.3,196,0,0,0,0,0,0,Low,16.6,1365,15,156,1.66,6.26,7.06,37.8,79.9
8189,M23048,M,299.6,310.9,1530,38.8,198,0,0,0,0,0,0,Medium,13.0,897,11,230,3.39,6.37,6.44,58.0,68.9
8190,L55369,L,299.7,311.0,1983,21.0,201,0,0,0,0,0,0,Low,8.9,941,9,445,3.93,5.86,4.34,72.1,59.5
8191,M23050,M,299.7,310.9,1620,37.2,203,0,0,0,0,0,0,Medium,10.1,926,16,3,2.17,5.96,6.27,57.2,93.2
8192,M23051,M,299.6,310.9,1630,29.8,206,0,0,0,0,0,0,Medium,6.9,664,7,446,3.0,7.31,4.75,57.0,72.4
8193,L55372,L,299.6,310.9,1229,65.2,209,1,0,0,0,1,0,Low,9.3,947,8,3,3.28,5.22,8.66,42.8,62.3
8194,L55373,L,299.5,310.8,1873,22.3,211,0,0,0,0,0,0,Low,12.6,1274,10,1232,3.0,6.29,4.83,67.1,43.5
8195,L55374,L,299.4,310.7,1426,45.7,213,0,0,0,0,0,0,Low,10.5,841,15,46,3.35,5.39,6.96,71.0,67.9
8196,L55375,L,299.4,310.8,1376,53.9,215,1,0,0,0,1,0,Low,19.0,1337,27,66,3.48,6.88,8.14,75.1,84.7
8197,L55376,L,299.4,310.8,1622,33.6,217,0,0,0,0,0,0,Low,13.5,1114,7,2,3.19,6.02,5.46,64.1,66.7
8198,M23057,M,299.4,310.7,1492,45.7,219,0,0,0,0,0,0,Medium,16.8,1573,33,10,3.28,5.17,6.76,49.3,67.7
8199,M23058,M,299.3,310.7,1374,48.9,222,0,0,0,0,0,0,Medium,14.5,1493,12,452,4.07,6.35,6.76,54.2,53.1
8200,L55379,L,299.2,310.7,1737,27.0,225,1,1,0,0,0,0,Low,18.1,1168,18,89,3.7,6.58,4.99,41.0,82.3
8201,L55380,L,299.3,310.8,1426,42.4,0,0,0,0,0,0,0,Low,0.7,5,0,423,1.53,6.21,6.37,57.3,63.5
8202,M23061,M,299.3,310.9,1826,25.1,2,0,0,0,0,0,0,Medium,4.6,5,8,166,1.82,6.47,4.41,59.7,59.3
8203,L55382,L,299.3,310.9,1669,32.4,5,0,0,0,0,0,0,Low,0.8,57,1,470,1.67,6.82,5.56,61.8,41.9
8204,M23063,M,299.4,310.9,1473,40.1,7,0,0,0,0,0,0,Medium,3.0,8,6,303,1.3,6.47,6.2,75.0,65.2
8205,L55384,L,299.4,310.9,1751,27.8,10,0,0,0,0,0,0,Low,5.8,30,1,538,1.95,5.69,5.19,55.8,54.5
8206,M23065,M,299.4,310.9,1446,47.3,12,0,0,0,0,0,0,Medium,3.2,54,3,269,0.98,6.84,7.19,44.1,65.3
8207,L55386,L,299.3,310.8,1483,43.5,15,0,0,0,0,0,0,Low,7.9,155,12,81,1.59,6.29,7.05,52.4,86.9
8208,L55387,L,299.2,310.7,1535,42.6,17,0,0,0,0,0,0,Low,1.8,74,0,874,2.33,5.71,6.38,59.8,75.5
8209,L55388,L,299.2,310.7,1477,44.0,19,0,0,0,0,0,0,Low,1.1,114,1,355,1.62,6.28,7.43,66.5,56.4
8210,L55389,L,299.3,310.8,1391,46.9,21,0,0,0,0,0,0,Low,1.2,55,1,680,1.71,6.27,6.14,49.2,49.5
8211,H37624,H,299.2,310.7,1636,29.4,23,0,0,0,0,0,0,High,3.1,121,1,343,0.69,6.04,5.31,48.9,68.3
8212,L55391,L,299.2,310.6,1675,33.3,28,0,0,0,0,0,0,Low,4.8,160,3,1500,0.94,5.17,6.24,64.4,52.5
8213,H37626,H,299.2,310.5,1329,48.9,30,0,0,0,0,0,0,High,2.5,114,1,184,1.07,6.75,6.47,43.2,81.3
8214,M23073,M,299.2,310.5,1548,33.5,35,0,0,0,0,0,0,Medium,5.2,262,4,128,1.36,6.43,5.95,61.8,92.0
8215,L55394,L,299.2,310.5,1391,45.8,38,0,0,0,0,0,0,Low,6.4,283,10,396,1.45,5.67,6.63,68.3,68.6
8216,L55395,L,299.1,310.5,1437,43.1,40,0,0,0,0,0,0,Low,3.0,211,6,205,1.25,6.32,6.43,55.2,69.3
8217,L55396,L,299.2,310.6,1370,61.9,42,0,0,0,0,0,0,Low,3.6,283,3,397,2.52,6.29,9.28,64.9,61.0
8218,L55397,L,299.1,310.6,1577,37.1,44,0,0,0,0,0,0,Low,3.2,311,6,342,2.31,5.05,6.17,39.2,57.6
8219,L55398,L,299.1,310.5,1485,37.8,46,0,0,0,0,0,0,Low,8.2,191,8,737,1.88,5.94,5.74,51.3,65.4
8220,L55399,L,299.0,310.4,1504,34.3,48,0,0,0,0,0,0,Low,8.9,258,14,428,2.49,6.17,5.31,41.6,91.6
8221,M23080,M,298.9,310.3,1551,35.2,50,0,0,0,0,0,0,Medium,6.0,363,10,49,0.61,6.97,5.78,62.9,74.9
8222,M23081,M,299.1,310.5,1428,43.0,53,0,0,0,0,0,0,Medium,3.6,326,3,128,1.68,6.07,6.24,17.8,96.7
8223,L55402,L,299.0,310.5,1755,27.9,56,0,0,0,0,0,0,Low,10.6,358,8,97,1.74,6.97,5.27,67.0,88.3
8224,L55403,L,299.1,310.5,1329,54.9,58,0,0,0,0,0,0,Low,2.8,183,9,329,2.52,5.9,7.45,45.1,42.2
8225,L55404,L,299.1,310.5,1496,35.2,60,0,0,0,0,0,0,Low,2.8,258,4,34,1.07,5.86,5.39,43.3,82.3
8226,L55405,L,299.1,310.5,1532,36.6,62,0,0,0,0,0,0,Low,4.4,383,2,189,1.62,5.01,5.75,73.7,47.0
8227,L55406,L,299.1,310.5,1389,61.4,64,0,0,0,0,0,0,Low,3.4,275,2,94,2.18,6.06,8.05,52.7,81.9
8228,M23087,M,299.1,310.4,1524,51.4,66,0,0,0,0,0,0,Medium,5.0,491,4,571,2.26,5.82,8.09,48.0,57.2
8229,M23088,M,299.1,310.4,1422,49.3,69,0,0,0,0,0,0,Medium,5.1,434,3,357,2.61,5.71,7.5,59.4,68.8
8230,L55409,L,299.1,310.5,1739,27.4,72,0,0,0,0,0,0,Low,5.9,378,11,59,0.67,5.64,5.41,57.5,64.2
8231,L55410,L,299.1,310.5,1736,26.9,74,0,0,0,0,0,0,Low,7.1,305,10,45,1.63,5.38,5.26,53.0,81.0
8232,L55411,L,299.1,310.5,1419,48.8,76,0,0,0,0,0,0,Low,5.4,387,9,70,2.87,5.5,7.26,70.9,99.9
8233,L55412,L,299.1,310.6,1326,49.7,78,0,0,0,0,0,0,Low,5.1,352,12,55,2.48,6.05,6.9,21.2,100.0
8234,M23093,M,299.1,310.6,1449,43.2,80,0,0,0,0,0,0,Medium,5.6,414,4,11,1.9,6.39,6.33,39.1,64.8
8235,L55414,L,299.2,310.6,1534,39.7,83,0,0,0,0,0,0,Low,4.3,433,2,62,1.04,6.83,6.62,39.5,72.9
8236,M23095,M,299.2,310.6,1443,50.9,85,0,0,0,0,0,0,Medium,8.4,469,7,107,1.5,6.28,7.21,78.9,85.2
8237,L55416,L,299.2,310.6,1498,41.1,88,0,0,0,0,0,0,Low,9.6,485,9,145,1.58,5.06,6.16,75.5,74.2
8238,L55417,L,299.1,310.6,1796,26.0,90,0,0,0,0,0,0,Low,11.0,437,13,7,1.9,6.13,4.52,57.1,68.9
8239,L55418,L,299.1,310.4,1519,45.3,92,0,0,0,0,0,0,Low,5.3,409,4,163,1.0,6.82,7.17,54.2,83.5
8240,L55419,L,299.0,310.4,1339,49.6,94,0,0,0,0,0,0,Low,11.1,490,17,171,1.59,6.21,7.02,49.8,66.7
8241,L55420,L,299.0,310.4,1483,41.5,96,0,0,0,0,0,0,Low,10.6,690,12,718,2.94,6.74,6.08,70.5,65.4
8242,M23101,M,298.9,310.2,2099,20.0,98,0,0,0,0,0,0,Medium,6.5,666,9,20,2.7,5.73,4.19,37.1,83.2
8243,M23102,M,299.0,310.3,1689,29.7,101,0,0,0,0,0,0,Medium,5.2,474,1,22,0.87,5.62,5.4,68.4,77.5
8244,H37657,H,299.1,310.4,1369,54.5,104,0,0,0,0,0,0,High,5.6,328,11,297,3.13,5.74,7.72,79.7,60.0
8245,L55424,L,299.0,310.4,1512,38.8,109,0,0,0,0,0,0,Low,6.7,541,9,15,1.16,6.31,5.85,58.2,74.9
8246,M23105,M,299.0,310.3,1303,68.6,111,1,0,0,1,0,0,Medium,6.0,629,9,463,3.93,5.57,9.07,59.4,73.9
8247,L55426,L,299.0,310.3,1552,39.9,114,0,0,0,0,0,0,Low,7.6,573,8,18,2.15,5.82,6.71,57.3,71.5
8248,L55427,L,299.0,310.4,1713,28.0,116,0,0,0,0,0,0,Low,9.8,827,12,185,0.2,6.19,5.17,48.8,75.1
8249,L55428,L,298.9,310.3,1456,44.1,118,0,0,0,0,0,0,Low,8.7,456,10,49,0.35,6.82,6.68,30.5,81.7
8250,L55429,L,299.0,310.4,1524,39.8,120,0,0,0,0,0,0,Low,6.9,634,6,193,1.52,5.5,6.01,57.2,81.9
8251,M23110,M,299.0,310.4,1394,45.2,122,0,0,0,0,0,0,Medium,7.5,745,6,79,1.93,6.88,6.18,45.5,72.5
8252,L55431,L,299.0,310.4,1981,21.2,125,0,0,0,0,0,0,Low,6.2,671,5,212,2.64,6.82,4.0,41.8,61.8
8253,L55432,L,299.0,310.4,1565,36.1,127,0,0,0,0,0,0,Low,9.8,789,13,527,2.21,5.35,5.65,51.9,69.3
8254,L55433,L,299.1,310.4,1657,31.0,129,0,0,0,0,0,0,Low,7.1,493,9,133,1.64,5.68,5.55,65.8,68.8
8255,M23114,M,299.0,310.4,1625,37.1,131,0,0,0,0,0,0,Medium,14.0,719,19,12,0.83,5.65,6.07,61.3,61.6
8256,L55435,L,299.0,310.4,1606,31.1,134,0,0,0,0,0,0,Low,10.7,725,16,201,1.5,5.37,4.96,60.4,53.6
8257,H37670,H,299.0,310.5,1336,56.8,136,0,0,0,0,0,0,High,7.0,635,10,100,1.17,6.22,7.58,64.9,77.6
8258,M23117,M,299.0,310.6,1587,34.2,141,0,0,0,0,0,0,Medium,10.1,888,11,467,1.59,6.5,5.56,60.9,49.3
8259,L55438,L,299.1,310.6,1602,39.7,144,0,0,0,0,0,0,Low,6.6,705,9,306,2.6,6.04,7.01,68.3,85.6
8260,L55439,L,299.1,310.5,1471,38.4,146,0,0,0,0,0,0,Low,8.2,751,16,4,2.65,5.96,5.64,71.2,68.1
8261,H37674,H,299.1,310.6,1332,48.0,148,0,0,0,0,0,0,High,12.7,1154,15,232,1.78,7.0,6.49,68.4,50.6
8262,H37675,H,299.2,310.6,1434,48.4,153,0,0,0,0,0,0,High,14.6,757,14,1500,2.41,5.73,6.84,44.4,63.9
8263,L55442,L,299.1,310.6,1921,23.9,158,0,0,0,0,0,0,Low,8.3,858,3,611,1.76,6.02,5.03,67.3,60.9
8264,H37677,H,299.2,310.6,1704,30.6,160,0,0,0,0,0,0,High,13.5,837,12,182,2.84,5.91,5.45,48.3,73.5
8265,M23124,M,299.1,310.6,1397,49.5,165,0,0,0,0,0,0,Medium,10.5,874,15,111,1.93,5.62,6.73,40.6,61.4
8266,H37679,H,299.1,310.6,1791,28.0,168,0,0,0,0,0,0,High,11.6,851,16,380,2.29,5.48,4.97,45.5,81.4
8267,L55446,L,299.1,310.6,1818,24.1,173,0,0,0,0,0,0,Low,8.1,663,8,201,3.05,6.13,4.68,41.5,68.4
8268,L55447,L,299.2,310.7,1540,36.3,175,0,0,0,0,0,0,Low,11.9,1251,18,183,1.98,6.95,6.17,67.9,47.1
8269,M23128,M,299.2,310.8,1502,39.8,177,0,0,0,0,0,0,Medium,14.6,996,23,28,2.49,6.27,6.06,58.8,71.0
8270,H37683,H,299.2,310.8,1761,30.4,180,0,0,0,0,0,0,High,8.8,847,10,82,2.45,5.36,5.79,71.1,80.8
8271,M23130,M,299.1,310.8,1517,38.4,185,0,0,0,0,0,0,Medium,11.3,833,12,482,2.6,5.58,6.21,71.2,55.9
8272,L55451,L,299.1,310.7,1309,51.1,188,0,0,0,0,0,0,Low,8.2,890,7,226,2.82,6.16,7.66,53.1,53.0
8273,L55452,L,298.9,310.6,1363,52.6,190,0,0,0,0,0,0,Low,4.9,469,1,52,3.61,5.66,7.14,65.2,70.8
8274,M23133,M,299.0,310.6,1787,22.2,192,0,0,0,0,0,0,Medium,7.5,864,18,103,2.43,6.13,4.53,33.9,96.4
8275,L55454,L,298.9,310.5,1640,29.2,195,0,0,0,0,0,0,Low,8.7,759,9,218,3.15,6.29,5.21,42.0,87.5
8276,M23135,M,298.9,310.6,1720,25.3,197,0,0,0,0,0,0,Medium,12.6,1123,14,551,2.84,5.73,4.35,33.1,79.4
8277,L55456,L,298.8,310.5,1384,52.8,200,0,0,0,0,0,0,Low,14.0,1358,22,506,3.34,4.73,7.91,41.3,77.3
8278,H37691,H,298.8,310.5,1294,55.8,202,0,0,0,0,0,0,High,10.0,1126,14,53,2.84,6.04,7.27,43.3,71.9
8279,L55458,L,298.8,310.5,1464,46.4,207,0,0,0,0,0,0,Low,8.6,911,11,1200,3.81,6.62,7.19,47.1,44.4
8280,L55459,L,298.8,310.6,1803,25.4,209,0,0,0,0,0,0,Low,13.1,1028,18,33,3.47,6.19,4.94,48.1,77.6
8281,L55460,L,298.8,310.6,1602,39.1,211,0,0,0,0,0,0,Low,9.7,971,7,553,2.12,6.94,6.35,44.3,73.7
8282,H37695,H,298.9,310.6,1519,38.8,213,0,0,0,0,0,0,High,12.4,1161,11,277,3.32,6.46,6.73,38.6,54.6
8283,M23142,M,298.9,310.7,1638,33.6,218,0,0,0,0,0,0,Medium,12.2,1281,18,124,4.21,5.68,5.76,69.5,70.0
8284,H37697,H,298.9,310.6,1615,33.0,221,0,0,0,0,0,0,High,14.3,1219,14,44,2.47,5.64,5.59,52.6,90.9
8285,L55464,L,298.8,310.6,1651,33.3,0,0,0,0,0,0,0,Low,1.6,5,1,311,1.16,5.81,5.99,63.1,77.4
8286,L55465,L,298.9,310.6,1387,52.7,2,0,0,0,0,0,0,Low,2.5,34,5,41,2.9,5.82,7.94,43.9,86.1
8287,M23146,M,298.8,310.5,1678,32.8,4,0,0,0,0,0,0,Medium,5.4,7,5,39,1.39,6.09,6.02,39.3,44.4
8288,L55467,L,298.9,310.6,1585,38.1,7,0,0,0,0,0,0,Low,2.9,17,4,335,2.21,5.3,6.55,70.4,71.5
8289,M23148,M,298.8,310.6,1640,33.8,9,0,0,0,0,0,0,Medium,1.5,40,2,715,1.87,5.54,6.43,72.5,62.1
8290,L55469,L,298.9,310.6,1406,43.8,12,0,0,0,0,0,0,Low,4.0,47,2,119,1.32,5.83,6.53,58.7,58.2
8291,M23150,M,298.9,310.6,1679,35.8,14,0,0,0,0,0,0,Medium,1.5,111,2,1320,1.82,6.0,6.36,53.5,53.4
8292,L55471,L,298.9,310.5,1717,26.9,17,0,0,0,0,0,0,Low,1.3,18,0,3,2.52,6.42,5.16,79.0,89.8
8293,H37706,H,298.9,310.5,1429,39.9,19,0,0,0,0,0,0,High,1.3,81,1,33,1.76,5.73,5.97,71.4,71.0
8294,M23153,M,298.9,310.4,1533,44.4,24,0,0,0,0,0,0,Medium,4.9,87,4,230,1.09,4.74,6.71,51.5,76.5
8295,M23154,M,298.9,310.5,1525,38.5,27,0,0,0,0,0,0,Medium,4.8,157,9,40,1.32,6.59,6.0,40.4,69.1
8296,L55475,L,298.9,310.4,1739,26.3,30,0,0,0,0,0,0,Low,5.4,181,3,998,2.47,5.79,4.67,76.6,59.3
8297,L55476,L,298.9,310.3,1436,39.0,32,0,0,0,0,0,0,Low,4.4,163,2,150,2.56,5.86,6.36,18.2,48.7
8298,M23157,M,298.8,310.2,1595,33.1,34,0,0,0,0,0,0,Medium,7.4,151,7,102,2.09,6.44,5.32,53.5,63.3
8299,H37712,H,298.7,310.1,1435,45.6,37,0,0,0,0,0,0,High,4.8,215,8,13,3.12,6.68,6.44,48.2,65.7
8300,L55479,L,298.7,310.0,1637,31.8,42,0,0,0,0,0,0,Low,3.8,268,4,100,1.59,6.22,5.69,44.7,70.3
8301,L55480,L,298.7,310.1,1558,37.6,44,0,0,0,0,0,0,Low,2.7,182,5,357,2.03,6.01,6.76,42.9,55.6
8302,M23161,M,298.7,310.1,1644,34.1,46,0,0,0,0,0,0,Medium,5.3,278,5,217,1.92,5.83,5.45,53.3,79.5
8303,L55482,L,298.7,310.1,1641,31.1,49,0,0,0,0,0,0,Low,7.4,185,7,711,2.87,5.35,5.91,71.0,75.7
8304,L55483,L,298.8,310.2,1504,41.0,51,0,0,0,0,0,0,Low,2.8,240,0,65,1.54,6.16,6.15,42.5,79.5
8305,M23164,M,298.7,310.1,1506,50.7,53,0,0,0,0,0,0,Medium,7.1,399,11,338,2.63,5.34,7.27,78.0,72.5
8306,H37719,H,298.8,310.1,1380,44.0,56,0,0,0,0,0,0,High,4.2,234,3,367,1.56,5.99,5.88,50.2,69.5
8307,M23166,M,298.7,310.1,1549,42.5,61,0,0,0,0,0,0,Medium,9.2,474,9,276,1.19,7.15,6.92,35.2,83.9
8308,M23167,M,298.7,310.1,1402,69.7,64,1,0,0,1,0,0,Medium,3.1,310,0,298,3.94,5.27,10.02,42.9,54.7
8309,L55488,L,298.7,310.1,1401,45.3,67,0,0,0,0,0,0,Low,11.3,387,17,192,1.59,6.27,6.62,46.8,44.9
8310,M23169,M,298.7,310.0,1459,40.2,69,0,0,0,0,0,0,Medium,5.4,381,6,593,1.62,5.76,5.97,47.3,47.9
8311,L55490,L,298.7,309.9,1465,39.7,72,0,0,0,0,0,0,Low,4.7,521,4,11,0.96,5.54,5.69,38.5,67.5
8312,M23171,M,298.8,310.0,1295,52.7,74,0,0,0,0,0,0,Medium,4.2,406,10,513,2.61,5.76,7.39,64.2,66.6
8313,M23172,M,298.8,310.0,1529,38.5,77,0,0,0,0,0,0,Medium,11.9,372,13,75,0.79,6.06,6.0,64.0,82.9
8314,M23173,M,298.8,310.0,1484,44.9,80,0,0,0,0,0,0,Medium,7.9,488,13,29,0.91,7.41,7.37,52.4,72.0
8315,L55494,L,298.8,309.9,1739,30.6,83,0,0,0,0,0,0,Low,6.4,528,7,301,2.6,6.46,5.76,37.9,59.3
8316,H37729,H,298.7,309.8,1422,40.7,85,0,0,0,0,0,0,High,13.8,432,10,473,1.54,6.38,5.95,45.2,64.2
8317,L55496,L,298.8,309.8,1463,40.0,90,0,0,0,0,0,0,Low,6.2,396,7,132,1.29,5.69,5.97,55.2,83.7
8318,L55497,L,298.7,309.7,1667,30.4,92,0,0,0,0,0,0,Low,12.3,875,6,555,1.09,5.33,4.74,35.2,61.5
8319,H37732,H,298.7,309.7,1565,39.3,94,0,0,0,0,0,0,High,3.4,284,4,237,1.94,5.55,6.71,35.4,63.7
8320,L55499,L,298.7,309.7,1393,45.7,99,0,0,0,0,0,0,Low,5.7,453,8,244,2.22,6.77,6.73,50.3,82.2
8321,M23180,M,298.8,309.7,1453,47.7,101,0,0,0,0,0,0,Medium,6.5,438,9,142,2.05,5.72,7.43,31.7,95.7
8322,L55501,L,298.8,309.6,1442,50.0,104,0,0,0,0,0,0,Low,6.4,562,7,1336,0.85,6.19,7.2,65.0,51.2
8323,L55502,L,298.7,309.6,1364,44.9,106,0,0,0,0,0,0,Low,13.7,908,16,56,2.34,6.05,6.42,56.9,64.1
8324,H37737,H,298.7,309.5,1453,40.4,108,0,0,0,0,0,0,High,7.3,433,15,977,1.71,6.09,5.76,74.8,45.7
8325,M23184,M,298.7,309.5,1394,46.0,113,0,0,0,0,0,0,Medium,6.3,661,17,265,1.42,5.96,6.37,36.1,89.2
8326,M23185,M,298.7,309.5,1500,38.8,116,0,0,0,0,0,0,Medium,6.7,550,14,68,1.58,6.3,6.5,44.5,82.6
8327,H37740,H,298.6,309.5,1523,34.2,119,0,0,0,0,0,0,High,6.9,675,9,226,0.89,5.54,5.36,66.4,75.6
8328,M23187,M,298.7,309.6,1254,57.1,124,0,0,0,0,0,0,Medium,8.7,588,13,58,2.63,6.45,7.44,66.4,79.9
8329,L55508,L,298.6,309.5,1325,52.2,127,0,0,0,0,0,0,Low,8.6,825,5,38,1.88,7.27,6.7,31.0,69.4
8330,L55509,L,298.8,309.7,1424,49.6,129,0,0,0,0,0,0,Low,5.2,580,6,208,2.39,6.06,7.03,77.7,80.7
8331,L55510,L,298.8,309.7,1505,39.0,131,0,0,0,0,0,0,Low,11.1,927,15,71,1.8,5.8,5.79,43.0,86.6
8332,M23191,M,298.8,309.7,1392,48.7,133,0,0,0,0,0,0,Medium,4.8,374,5,8,2.06,5.95,6.99,75.8,77.1
8333,L55512,L,298.8,309.7,1529,44.0,136,0,0,0,0,0,0,Low,10.3,431,15,120,2.09,6.48,6.82,51.2,67.6
8334,M23193,M,298.8,309.7,1477,48.5,138,0,0,0,0,0,0,Medium,5.3,526,4,169,2.46,5.32,7.37,68.0,69.3
8335,M23194,M,298.8,309.7,1459,47.3,141,0,0,0,0,0,0,Medium,5.6,517,11,427,1.21,6.77,7.42,23.3,65.8
8336,M23195,M,299.0,309.8,2240,15.9,144,0,0,0,0,0,0,Medium,8.5,775,11,221,3.51,5.98,4.0,95.0,82.7
8337,L55516,L,298.9,309.7,1449,48.8,147,0,0,0,0,0,0,Low,8.5,605,7,1231,1.04,6.26,7.57,54.8,61.5
8338,M23197,M,298.8,309.7,1589,35.3,149,0,0,0,0,0,0,Medium,12.1,806,18,5,1.85,5.93,5.56,74.7,78.2
8339,L55518,L,298.8,309.7,1740,28.5,152,0,0,0,0,0,0,Low,11.4,1136,15,81,3.06,5.96,4.85,56.2,78.0
8340,M23199,M,298.8,309.7,1499,40.3,154,0,0,0,0,0,0,Medium,7.7,568,4,158,1.99,5.47,6.0,60.6,72.6
8341,M23200,M,298.8,309.7,1480,38.1,157,0,0,0,0,0,0,Medium,5.5,599,8,715,1.76,5.45,5.95,70.1,30.1
8342,L55521,L,298.8,309.7,1751,29.6,160,0,0,0,0,0,0,Low,8.1,817,9,417,2.07,5.22,5.7,81.3,58.8
8343,L55522,L,298.7,309.7,1510,40.6,162,0,0,0,0,0,0,Low,11.1,1115,11,435,1.33,5.16,6.73,55.0,64.1
8344,H37757,H,298.8,309.8,1437,48.2,164,0,0,0,0,0,0,High,10.6,1029,9,145,3.39,6.78,8.0,79.1,73.3
8345,L55524,L,298.8,309.7,1609,40.4,169,0,0,0,0,0,0,Low,15.6,1381,21,65,1.37,5.91,6.77,55.4,50.9
8346,H37759,H,298.8,309.8,1490,35.9,171,0,0,0,0,0,0,High,15.1,719,14,9,1.41,6.22,5.45,64.1,88.8
8347,L55526,L,298.7,309.7,1601,35.7,176,0,0,0,0,0,0,Low,13.1,1398,21,11,1.34,6.23,5.97,58.5,62.4
8348,L55527,L,298.7,309.6,1665,31.1,178,0,0,0,0,0,0,Low,11.1,876,12,757,3.44,6.05,4.93,58.1,66.8
8349,M23208,M,298.7,309.6,1452,42.7,180,0,0,0,0,0,0,Medium,15.9,1177,26,13,2.13,6.45,6.49,51.8,70.8
8350,M23209,M,298.7,309.5,1487,33.6,183,0,0,0,0,0,0,Medium,17.4,1385,23,368,2.7,6.78,5.14,50.3,72.7
8351,M23210,M,298.7,309.6,1382,48.1,186,0,0,0,0,0,0,Medium,8.8,926,11,52,3.02,6.11,6.54,52.5,55.5
8352,M23211,M,298.7,309.6,1686,26.2,189,0,0,0,0,0,0,Medium,14.5,1062,21,364,3.02,5.54,4.92,69.6,60.7
8353,L55532,L,298.6,309.6,1491,36.9,192,0,0,0,0,0,0,Low,7.5,798,7,124,2.52,6.71,5.55,73.1,88.1
8354,L55533,L,298.7,309.6,1442,55.6,194,0,0,0,0,0,0,Low,12.5,1399,8,86,3.26,5.2,8.19,25.3,66.7
8355,L55534,L,298.6,309.6,1390,50.3,196,0,0,0,0,0,0,Low,13.0,1243,15,41,3.68,6.44,6.75,48.9,57.1
8356,L55535,L,298.7,309.6,1502,46.7,198,0,0,0,0,0,0,Low,17.6,1904,19,398,2.78,6.12,7.4,29.0,69.3
8357,M23216,M,298.6,309.6,1344,59.4,200,0,0,0,0,0,0,Medium,22.5,1845,19,289,3.03,6.47,9.17,57.8,68.4
8358,L55537,L,298.5,309.5,1385,46.3,203,1,1,0,0,0,0,Low,6.1,690,3,279,3.57,5.38,6.78,35.6,62.6
8359,L55538,L,298.7,309.7,1547,37.4,0,0,0,0,0,0,0,Low,2.7,5,4,171,1.88,6.4,6.39,36.4,81.0
8360,M23219,M,298.6,309.6,1525,42.4,2,0,0,0,0,0,0,Medium,5.1,5,6,922,0.25,5.83,6.55,50.2,49.2
8361,L55540,L,298.6,309.6,1540,35.8,5,0,0,0,0,0,0,Low,0.5,13,2,129,1.29,5.66,5.96,32.2,62.6
8362,L55541,L,298.6,309.5,1450,44.3,7,0,0,0,0,0,0,Low,1.9,6,1,1245,1.5,6.95,6.47,63.4,57.9
8363,L55542,L,298.6,309.6,1353,62.5,9,0,0,0,0,0,0,Low,5.1,20,5,68,3.4,6.71,8.38,58.0,66.0
8364,L55543,L,298.8,309.7,1582,45.0,11,0,0,0,0,0,0,Low,3.1,72,3,83,1.82,6.3,7.61,44.0,63.5
8365,L55544,L,298.9,309.8,1396,49.0,13,0,0,0,0,0,0,Low,3.0,67,4,53,1.42,6.21,7.67,62.0,100.0
8366,M23225,M,298.8,309.8,1551,36.6,15,0,0,0,0,0,0,Medium,6.4,126,10,6,0.94,5.5,5.69,48.6,85.7
8367,M23226,M,298.9,309.8,1836,22.8,18,0,0,0,0,0,0,Medium,4.6,121,7,39,2.06,5.48,4.45,56.2,94.9
8368,L55547,L,298.9,309.8,1390,49.9,21,0,0,0,0,0,0,Low,2.8,174,4,232,2.49,6.36,6.55,94.1,70.1
8369,L55548,L,298.9,309.8,1534,42.1,23,0,0,0,0,0,0,Low,9.1,130,13,2,2.62,5.31,6.39,51.2,67.2
8370,L55549,L,298.8,309.7,1953,20.6,25,0,0,0,0,0,0,Low,3.8,195,5,51,1.42,6.59,4.76,56.5,59.5
8371,L55550,L,298.8,309.8,1634,33.6,27,0,0,0,0,0,0,Low,1.7,118,0,31,1.84,6.72,5.61,66.2,72.1
8372,L55551,L,298.7,309.7,1881,21.7,29,0,0,0,0,0,0,Low,3.8,145,5,437,1.87,6.56,4.14,95.0,42.8
8373,M23232,M,298.8,309.7,1448,44.8,31,0,0,0,0,0,0,Medium,3.6,147,6,18,1.58,6.39,7.01,45.7,49.0
8374,M23233,M,298.7,309.7,1362,50.5,34,0,0,0,0,0,0,Medium,4.5,126,6,90,1.48,5.52,6.82,49.1,67.5
8375,L55554,L,298.8,309.7,1225,63.4,37,0,0,0,0,0,0,Low,5.5,187,4,188,1.7,5.54,8.38,63.3,67.6
8376,M23235,M,298.8,309.6,1384,48.2,39,0,0,0,0,0,0,Medium,1.7,138,2,171,2.04,6.82,7.2,48.1,68.0
8377,L55556,L,298.8,309.8,1334,49.3,42,0,0,0,0,0,0,Low,5.0,356,6,246,1.64,6.27,6.77,58.7,77.1
8378,L55557,L,298.8,309.7,1336,50.3,44,0,0,0,0,0,0,Low,5.5,235,13,158,2.39,6.49,7.55,84.3,63.8
8379,M23238,M,298.8,309.9,1331,61.6,46,0,0,0,0,0,0,Medium,4.2,202,5,49,2.55,6.85,7.9,51.2,80.6
8380,L55559,L,298.8,309.9,1629,31.9,49,0,0,0,0,0,0,Low,2.7,131,3,253,2.69,7.2,5.34,48.2,70.3
8381,L55560,L,298.9,310.0,1776,25.7,51,0,0,0,0,0,0,Low,8.0,432,8,38,2.71,5.46,5.1,82.0,70.6
8382,H37795,H,298.8,310.0,1530,38.3,53,0,0,0,0,0,0,High,6.6,261,6,115,2.77,6.76,6.42,47.9,58.4
8383,L55562,L,298.9,310.0,1719,27.3,58,0,0,0,0,0,0,Low,1.7,206,0,157,1.32,4.97,4.8,59.6,97.8
8384,M23243,M,298.8,309.9,1495,35.2,60,0,0,0,0,0,0,Medium,6.3,399,6,218,2.28,5.8,5.32,26.4,90.2
8385,L55564,L,298.8,309.7,1450,43.1,63,0,0,0,0,0,0,Low,6.5,364,3,1003,1.64,5.3,6.62,64.8,51.3
8386,H37799,H,298.8,309.8,1563,38.8,65,0,0,0,0,0,0,High,4.5,298,4,54,1.96,6.31,5.72,58.8,87.7
8387,M23246,M,298.9,309.9,1501,37.1,70,0,0,0,0,0,0,Medium,5.4,319,6,40,1.52,7.06,5.84,32.7,81.0
8388,L55567,L,298.8,309.9,1351,47.2,73,0,0,0,0,0,0,Low,4.2,245,5,259,1.87,5.6,6.77,54.4,81.6
8389,L55568,L,298.9,309.9,1365,46.5,75,0,0,0,0,0,0,Low,6.4,369,7,635,1.51,5.0,6.39,69.3,54.7
8390,L55569,L,298.8,309.9,1525,39.7,77,0,0,0,0,0,0,Low,4.3,313,7,383,2.32,5.41,6.34,46.7,83.8
8391,M23250,M,298.8,309.8,1288,61.9,79,0,0,0,0,0,0,Medium,5.6,464,10,20,2.03,5.37,8.35,47.2,57.0
8392,L55571,L,298.6,309.6,1423,42.7,82,0,0,0,0,0,0,Low,6.8,549,6,73,1.56,4.51,5.89,72.5,49.2
8393,M23252,M,298.5,309.6,1502,39.4,84,0,0,0,0,0,0,Medium,7.7,511,6,166,1.93,6.31,6.18,54.0,68.4
8394,L55573,L,298.5,309.5,1428,43.5,87,0,0,0,0,0,0,Low,8.8,600,16,451,1.38,6.22,6.04,65.3,58.6
8395,M23254,M,298.6,309.5,1566,38.1,89,0,0,0,0,0,0,Medium,10.2,452,16,418,2.22,5.64,6.04,73.7,74.0
8396,M23255,M,298.5,309.5,1483,44.8,92,0,0,0,0,0,0,Medium,5.2,527,5,722,1.45,6.3,6.78,42.3,40.2
8397,H37810,H,298.6,309.6,1593,33.3,95,0,0,0,0,0,0,High,5.4,617,10,753,1.55,6.37,5.98,43.0,62.0
8398,L55577,L,298.5,309.6,1724,26.4,100,0,0,0,0,0,0,Low,8.4,482,8,739,2.62,6.89,4.97,60.4,52.5
8399,L55578,L,298.5,309.7,2617,12.1,102,1,0,0,1,0,0,Low,8.2,665,8,97,3.02,6.07,3.57,42.9,91.2
8400,L55579,L,298.6,309.7,1294,59.4,104,0,0,0,0,0,0,Low,3.9,427,2,21,3.01,5.46,7.81,54.9,55.9
8401,L55580,L,298.6,309.6,1533,40.7,106,0,0,0,0,0,0,Low,7.1,598,11,205,1.98,6.45,6.44,60.3,88.6
8402,H37815,H,298.5,309.4,1671,31.8,108,0,0,0,0,0,0,High,8.5,381,8,229,3.01,5.36,5.64,66.3,84.5
8403,L55582,L,298.5,309.5,1370,52.4,113,0,0,0,0,0,0,Low,7.3,678,5,228,1.71,6.26,7.55,50.2,69.3
8404,L55583,L,298.5,309.6,1462,45.1,115,0,0,0,0,0,0,Low,7.7,569,11,176,1.49,7.01,7.29,81.6,77.6
8405,L55584,L,298.4,309.5,1545,36.6,117,0,0,0,0,0,0,Low,6.2,582,10,551,1.76,6.13,6.12,94.2,73.7
8406,M23265,M,298.4,309.5,1484,41.7,119,0,0,0,0,0,0,Medium,5.5,541,8,260,1.34,6.44,6.78,42.7,69.1
8407,M23266,M,298.4,309.5,1344,45.3,122,0,0,0,0,0,0,Medium,10.3,662,10,409,1.95,5.12,6.28,95.0,77.8
8408,L55587,L,298.4,309.5,1357,50.1,125,0,0,0,0,0,0,Low,9.9,1002,17,91,2.02,6.85,7.39,46.4,67.5
8409,M23268,M,298.5,309.6,1572,33.0,127,0,0,0,0,0,0,Medium,6.3,519,4,114,0.92,4.36,5.3,32.8,83.9
8410,L55589,L,298.5,309.6,1861,26.9,130,0,0,0,0,0,0,Low,8.4,693,8,29,1.64,6.99,5.87,56.3,69.3
8411,L55590,L,298.5,309.5,1548,44.5,132,0,0,0,0,0,0,Low,6.2,584,6,83,2.78,7.27,7.1,62.3,70.0
8412,L55591,L,298.6,309.8,1496,37.7,134,0,0,0,0,0,0,Low,16.8,615,26,98,1.33,5.82,5.95,46.7,82.9
8413,M23272,M,298.6,309.7,1314,49.7,136,0,0,0,0,0,0,Medium,11.7,880,16,529,2.25,5.77,7.1,51.4,49.3
8414,M23273,M,298.6,309.7,1422,49.7,139,0,0,0,0,0,0,Medium,8.4,930,7,63,1.67,5.96,8.29,66.0,90.2
8415,L55594,L,298.6,309.8,1842,20.1,142,0,0,0,0,0,0,Low,10.3,633,18,200,1.79,6.63,4.09,29.2,68.1
8416,M23275,M,298.7,309.9,1434,53.0,144,0,0,0,0,0,0,Medium,9.5,778,11,204,2.93,5.11,7.62,53.3,77.0
8417,M23276,M,298.8,310.1,1585,31.3,147,0,0,0,0,0,0,Medium,8.6,635,10,33,2.07,5.84,5.47,36.8,74.7
8418,H37831,H,298.8,310.1,1704,30.7,150,0,0,0,0,0,0,High,8.8,793,16,890,1.59,6.17,5.04,47.6,64.0
8419,L55598,L,298.9,310.2,1971,23.2,155,0,0,0,0,0,0,Low,7.3,647,11,799,2.77,6.89,4.66,79.1,53.5
8420,L55599,L,299.0,310.3,1431,39.9,157,0,0,0,0,0,0,Low,11.4,762,12,136,2.16,5.41,5.75,59.6,77.2
8421,L55600,L,298.9,310.4,1546,37.7,159,0,0,0,0,0,0,Low,7.2,750,8,119,3.05,6.35,5.97,90.5,67.7
8422,L55601,L,298.9,310.3,1496,36.3,161,0,0,0,0,0,0,Low,13.5,915,15,256,0.76,6.15,5.91,47.0,100.0
8423,H37836,H,298.9,310.3,1243,63.0,163,0,0,0,0,0,0,High,9.9,863,15,116,3.72,6.7,8.65,73.5,63.7
8424,L55603,L,299.0,310.4,1452,46.2,168,0,0,0,0,0,0,Low,6.1,654,6,217,2.07,6.59,7.46,68.7,81.1
8425,L55604,L,299.1,310.6,1380,44.7,170,0,0,0,0,0,0,Low,7.8,876,9,1310,3.43,5.64,6.3,29.5,37.1
8426,L55605,L,299.2,310.6,1567,38.4,172,0,0,0,0,0,0,Low,8.2,813,13,451,3.24,7.84,5.85,46.0,52.8
8427,L55606,L,299.1,310.5,1628,35.9,174,0,0,0,0,0,0,Low,9.0,886,12,108,3.48,6.9,6.27,76.4,80.3
8428,L55607,L,299.1,310.4,1505,46.1,176,0,0,0,0,0,0,Low,7.6,850,10,566,2.17,5.37,7.35,61.7,24.9
8429,M23288,M,299.0,310.3,1827,28.0,178,0,0,0,0,0,0,Medium,8.8,622,11,228,2.0,5.53,4.87,43.2,55.5
8430,L55609,L,299.0,310.3,1577,40.0,181,0,0,0,0,0,0,Low,9.7,683,11,176,2.41,6.45,6.49,30.1,59.4
8431,L55610,L,298.9,310.2,1304,57.2,183,0,0,0,0,0,0,Low,11.8,952,14,101,2.55,5.78,7.41,26.5,79.4
8432,H37845,H,298.9,310.1,1324,54.6,185,0,0,0,0,0,0,High,12.2,903,22,371,2.94,5.98,6.76,68.2,63.6
8433,L55612,L,298.8,310.0,1537,39.9,190,0,0,0,0,0,0,Low,11.8,1209,9,198,1.69,7.04,6.47,37.6,51.0
8434,M23293,M,298.8,310.1,1501,48.7,192,0,0,0,0,0,0,Medium,12.0,1060,16,101,2.54,6.72,7.41,79.8,70.0
8435,M23294,M,298.7,309.9,1654,29.1,195,0,0,0,0,0,0,Medium,12.0,885,19,42,3.59,5.75,4.88,70.1,72.0
8436,M23295,M,298.7,310.0,1519,38.1,198,0,0,0,0,0,0,Medium,10.7,852,13,455,2.71,5.86,6.08,15.5,70.4
8437,L55616,L,298.7,309.9,1371,51.3,201,0,0,0,0,0,0,Low,10.2,870,13,186,2.41,4.82,6.65,62.0,49.6
8438,L55617,L,298.7,309.8,1181,65.9,203,1,0,0,0,1,0,Low,18.1,1445,17,140,4.16,6.38,7.69,44.4,71.3
8439,L55618,L,298.6,309.8,1469,42.8,205,0,0,0,0,0,0,Low,9.0,855,13,19,2.3,4.73,6.66,53.0,75.9
8440,L55619,L,298.6,309.8,1637,34.6,207,0,0,0,0,0,0,Low,11.3,1133,15,122,3.59,5.36,6.09,56.3,76.2
8441,L55620,L,298.6,309.8,1370,56.0,0,0,0,0,0,0,0,Low,2.8,5,4,253,2.79,5.34,8.58,51.4,76.5
8442,L55621,L,298.6,309.9,1630,30.6,2,0,0,0,0,0,0,Low,2.8,5,2,44,2.11,6.58,5.28,60.1,78.5
8443,L55622,L,298.6,310.0,1517,39.0,4,0,0,0,0,0,0,Low,2.8,14,2,73,2.58,6.2,6.37,36.5,84.9
8444,M23303,M,298.6,309.9,1668,32.3,6,0,0,0,0,0,0,Medium,0.7,21,0,453,1.66,6.33,5.67,67.8,80.1
8445,M23304,M,298.6,309.9,1818,24.9,9,0,0,0,0,0,0,Medium,5.7,73,8,283,3.2,5.1,4.95,30.9,53.5
8446,M23305,M,298.6,310.0,1541,36.9,12,0,0,0,0,0,0,Medium,3.6,48,4,148,1.87,6.77,5.61,50.2,75.1
8447,L55626,L,298.5,309.9,1482,42.1,15,0,0,0,0,0,0,Low,0.3,25,0,210,1.99,6.03,6.3,50.2,78.4
8448,L55627,L,298.6,310.1,1439,49.9,17,0,0,0,0,0,0,Low,0.8,54,2,67,0.61,5.28,7.48,77.7,68.2
8449,L55628,L,298.5,310.0,1492,41.2,19,0,0,0,0,0,0,Low,7.3,163,6,210,1.42,5.76,6.43,38.3,65.6
8450,L55629,L,298.4,309.9,1725,27.8,21,0,0,0,0,0,0,Low,2.1,63,2,60,1.72,7.01,4.71,60.0,100.0
8451,L55630,L,298.4,310.0,1559,44.2,23,0,0,0,0,0,0,Low,3.3,87,3,102,1.03,5.58,6.64,65.9,70.0
8452,L55631,L,298.5,310.0,1435,42.5,25,0,0,0,0,0,0,Low,2.5,176,3,185,0.97,6.22,6.09,66.4,84.0
8453,M23312,M,298.6,310.0,1512,37.5,27,0,0,0,0,0,0,Medium,13.6,161,18,447,2.25,6.03,5.72,50.8,80.1
8454,L55633,L,298.6,309.9,1564,37.1,30,0,0,0,0,0,0,Low,3.0,83,5,283,2.0,5.58,6.18,63.6,85.4
8455,L55634,L,298.6,310.0,1522,40.3,32,0,0,0,0,0,0,Low,3.0,159,4,627,1.96,6.34,5.76,76.3,79.2
8456,L55635,L,298.6,309.9,1356,59.5,34,0,0,0,0,0,0,Low,6.3,171,12,347,3.64,6.37,9.42,43.2,70.5
8457,L55636,L,298.6,309.9,1556,38.6,36,0,0,0,0,0,0,Low,2.1,151,4,520,1.91,5.92,6.01,49.6,65.7
8458,L55637,L,298.6,309.9,1393,45.5,38,0,0,0,0,0,0,Low,6.9,191,3,211,2.52,5.92,6.09,55.9,70.1
8459,L55638,L,298.7,309.9,1753,26.8,40,0,0,0,0,0,0,Low,4.6,304,7,58,2.1,5.36,4.58,42.4,76.8
8460,L55639,L,298.7,309.9,1651,29.5,42,0,0,0,0,0,0,Low,5.9,205,4,13,1.39,5.0,5.06,78.9,74.7
8461,L55640,L,298.7,309.9,1372,54.7,44,0,0,0,0,0,0,Low,5.3,274,3,31,2.15,6.57,7.48,51.2,72.5
8462,L55641,L,298.7,309.9,1446,43.3,46,0,0,0,0,0,0,Low,4.0,244,7,76,1.99,5.61,6.49,51.7,56.8
8463,M23322,M,298.7,309.8,1501,44.7,48,0,0,0,0,0,0,Medium,3.2,321,2,255,0.7,6.3,6.88,39.9,78.5
8464,M23323,M,298.7,309.9,1411,45.1,51,0,0,0,0,0,0,Medium,5.2,293,6,51,1.82,6.22,6.69,61.9,66.2
8465,H37878,H,298.6,309.7,1672,27.5,54,0,0,0,0,0,0,High,3.4,260,6,305,2.08,6.02,4.78,66.1,71.3
8466,M23325,M,298.7,309.8,1475,40.5,59,0,0,0,0,0,0,Medium,5.1,295,9,310,1.08,7.21,6.38,36.8,62.8
8467,L55646,L,298.7,309.8,1469,38.4,62,0,0,0,0,0,0,Low,8.0,415,5,82,0.71,5.2,6.39,64.6,60.1
8468,L55647,L,298.6,309.8,1704,28.3,64,0,0,0,0,0,0,Low,7.5,464,10,398,2.16,5.8,4.95,67.5,57.1
8469,H37882,H,298.6,309.7,1463,39.1,66,0,0,0,0,0,0,High,2.6,303,1,212,1.58,5.98,5.67,59.5,83.3
8470,M23329,M,298.6,309.7,1280,64.1,71,0,0,0,0,0,0,Medium,4.5,324,5,128,3.33,6.42,8.98,41.4,54.9
8471,L55650,L,298.7,309.9,1464,38.0,74,0,0,0,0,0,0,Low,4.2,328,8,322,1.61,5.92,5.94,50.3,67.0
8472,L55651,L,298.6,309.8,1332,46.4,76,0,0,0,0,0,0,Low,5.6,487,6,66,0.42,5.57,6.43,30.9,80.8
8473,L55652,L,298.5,309.7,1634,37.8,78,0,0,0,0,0,0,Low,6.3,409,8,338,1.73,5.14,6.52,34.1,63.0
8474,M23333,M,298.6,309.8,1430,43.1,80,0,0,0,0,0,0,Medium,3.9,265,6,33,2.02,5.82,6.27,67.3,67.1
8475,M23334,M,298.5,309.7,1523,44.6,83,0,0,0,0,0,0,Medium,4.6,414,7,199,0.88,5.29,7.59,76.5,66.4
8476,M23335,M,298.5,309.7,1557,37.7,86,0,0,0,0,0,0,Medium,6.4,687,3,251,0.63,6.46,6.43,49.7,61.8
8477,L55656,L,298.5,309.6,1585,32.2,89,0,0,0,0,0,0,Low,5.7,468,7,18,2.05,5.13,5.41,63.6,58.7
8478,H37891,H,298.5,309.6,1579,33.5,91,0,0,0,0,0,0,High,6.3,245,9,610,2.3,6.1,5.45,46.1,61.3
8479,M23338,M,298.5,309.7,1354,60.8,96,0,0,0,0,0,0,Medium,9.8,642,18,218,2.3,7.01,7.86,53.6,47.7
8480,L55659,L,298.6,309.7,1627,33.4,99,0,0,0,0,0,0,Low,7.4,518,12,184,1.93,6.7,5.91,61.2,69.5
8481,L55660,L,298.4,309.6,1477,35.6,101,0,0,0,0,0,0,Low,4.4,499,7,35,0.94,6.15,5.53,62.7,84.7
8482,M23341,M,298.3,309.4,1595,29.0,103,0,0,0,0,0,0,Medium,7.3,533,10,93,1.32,5.86,5.08,48.4,72.9
8483,L55662,L,298.4,309.5,1520,38.1,106,0,0,0,0,0,0,Low,11.0,546,15,204,1.81,6.51,5.63,67.2,76.1
8484,L55663,L,298.3,309.4,1618,31.5,108,0,0,0,0,0,0,Low,4.6,458,6,933,1.81,6.99,5.29,37.0,56.6
8485,L55664,L,298.4,309.5,1397,50.3,110,0,0,0,0,0,0,Low,6.3,551,9,303,2.15,5.46,7.27,77.2,64.7
8486,L55665,L,298.4,309.5,1450,47.9,112,0,0,0,0,0,0,Low,7.9,432,16,1500,2.09,5.19,6.59,41.9,42.5
8487,M23346,M,298.5,309.5,1501,40.2,114,0,0,0,0,0,0,Medium,5.6,634,6,256,2.91,5.37,5.84,63.4,82.7
8488,L55667,L,298.4,309.4,1392,50.1,117,0,0,0,0,0,0,Low,7.1,643,11,148,0.2,5.74,7.4,32.1,80.2
8489,L55668,L,298.4,309.4,1385,43.2,119,0,0,0,0,0,0,Low,13.8,763,13,12,1.95,5.87,7.08,37.0,80.9
8490,L55669,L,298.4,309.4,1461,46.3,121,0,0,0,0,0,0,Low,15.3,1010,18,42,1.39,7.07,7.54,29.7,89.8
8491,M23350,M,298.5,309.6,1364,58.7,123,0,0,0,0,0,0,Medium,11.9,589,13,125,1.84,6.19,7.62,35.2,84.1
8492,L55671,L,298.5,309.5,1579,38.6,126,0,0,0,0,0,0,Low,5.1,400,7,103,1.88,5.72,6.44,72.7,65.9
8493,M23352,M,298.4,309.5,1514,38.8,128,0,0,0,0,0,0,Medium,10.9,597,12,81,1.68,7.0,5.93,49.9,65.2
8494,M23353,M,298.3,309.5,1560,36.9,131,0,0,0,0,0,0,Medium,7.9,600,5,29,2.09,5.9,6.22,64.1,81.7
8495,L55674,L,298.3,309.5,1542,36.7,134,0,0,0,0,0,0,Low,7.6,773,8,291,1.7,6.52,5.96,63.5,73.0
8496,L55675,L,298.3,309.4,1668,27.1,136,0,0,0,0,0,0,Low,7.9,767,8,232,1.35,5.39,4.58,64.6,82.5
8497,M23356,M,298.3,309.4,1816,22.6,138,0,0,0,0,0,0,Medium,8.0,552,12,137,1.38,6.68,4.48,72.8,72.8
8498,M23357,M,298.3,309.4,1509,34.2,141,0,0,0,0,0,0,Medium,3.8,426,6,595,1.33,5.85,5.42,51.5,68.4
8499,L55678,L,298.4,309.6,1479,37.8,144,0,0,0,0,0,0,Low,6.6,527,4,72,2.13,5.82,5.93,48.8,88.7
8500,L55679,L,298.4,309.6,1655,30.2,146,0,0,0,0,0,0,Low,7.7,606,12,276,2.58,4.87,5.23,32.9,54.7
8501,L55680,L,298.3,309.5,1711,30.3,148,0,0,0,0,0,0,Low,10.5,792,14,574,1.06,5.61,5.43,56.3,59.2
8502,L55681,L,298.4,309.7,1581,34.6,150,0,0,0,0,0,0,Low,6.8,764,8,45,1.78,5.18,5.76,54.2,86.9
8503,H37916,H,298.6,309.8,1279,55.9,152,0,0,0,0,0,0,High,10.1,947,13,19,2.33,6.17,7.98,39.5,74.1
8504,L55683,L,298.5,309.8,1468,40.9,157,0,0,0,0,0,0,Low,14.7,1192,14,1106,2.09,5.41,6.57,44.8,56.1
8505,L55684,L,298.4,309.7,1419,41.3,159,0,0,0,0,0,0,Low,17.9,1090,15,1470,1.53,5.0,6.5,42.8,39.5
8506,L55685,L,298.4,309.7,1530,38.6,161,0,0,0,0,0,0,Low,7.8,797,15,256,1.11,6.35,5.56,35.8,75.4
8507,L55686,L,298.4,309.6,1710,27.3,163,1,0,0,0,0,0,Low,13.5,908,13,21,2.1,5.5,4.99,77.9,74.6
8508,L55687,L,298.4,309.7,1518,39.8,165,0,0,0,0,0,0,Low,15.0,1253,24,76,2.79,5.52,5.99,64.0,68.6
8509,M23368,M,298.4,309.7,1679,33.3,167,0,0,0,0,0,0,Medium,14.1,900,22,314,1.06,7.5,5.91,78.1,76.2
8510,M23369,M,298.4,309.7,1870,22.5,170,0,0,0,0,0,0,Medium,8.4,973,16,1075,1.98,5.54,4.67,68.4,45.9
8511,L55690,L,298.3,309.7,1484,44.3,173,0,0,0,0,0,0,Low,14.4,1243,19,54,2.19,6.61,6.51,71.8,80.3
8512,L55691,L,298.4,309.7,1457,44.2,175,0,0,0,0,0,0,Low,14.0,986,26,497,1.92,5.29,6.82,28.8,70.1
8513,H37926,H,298.3,309.6,1546,36.2,177,0,0,0,0,0,0,High,10.8,1000,13,522,1.59,6.16,5.7,44.9,68.2
8514,M23373,M,298.2,309.5,1478,36.5,182,0,0,0,0,0,0,Medium,11.6,1159,25,1029,1.85,6.34,5.93,72.4,64.9
8515,L55694,L,298.2,309.4,1447,47.1,185,0,0,0,0,0,0,Low,8.7,724,11,26,2.77,4.94,7.21,67.7,100.0
8516,L55695,L,298.2,309.4,1443,45.4,187,0,0,0,0,0,0,Low,18.6,1572,19,238,2.67,5.22,6.75,68.2,56.5
8517,L55696,L,298.3,309.6,1527,30.9,189,0,0,0,0,0,0,Low,14.6,1607,21,116,2.94,6.68,4.88,40.8,63.5
8518,M23377,M,298.3,309.6,1469,54.8,191,0,0,0,0,0,0,Medium,9.5,1000,13,236,3.43,5.8,8.55,63.9,66.9
8519,M23378,M,298.3,309.6,1681,27.1,194,0,0,0,0,0,0,Medium,8.4,986,7,316,1.92,5.99,5.18,36.1,62.2
8520,L55699,L,298.3,309.6,1420,44.1,197,0,0,0,0,0,0,Low,10.2,952,10,12,2.93,6.66,6.64,52.9,59.0
8521,M23380,M,298.3,309.5,1543,49.9,199,0,0,0,0,0,0,Medium,10.7,1205,7,115,3.4,6.82,8.27,62.7,61.5
8522,L55701,L,298.4,309.5,1376,50.4,202,0,0,0,0,0,0,Low,13.1,1305,20,144,2.7,5.66,7.61,39.8,90.8
8523,H37936,H,298.3,309.4,1631,29.8,0,0,0,0,0,0,0,High,1.0,5,1,959,2.45,5.94,5.05,56.5,44.5
8524,H37937,H,298.3,309.3,1529,41.7,5,0,0,0,0,0,0,High,1.8,29,3,384,1.17,5.69,6.35,50.7,76.2
8525,L55704,L,298.3,309.4,1468,46.2,10,0,0,0,0,0,0,Low,2.2,54,1,148,2.35,5.9,7.14,51.0,65.9
8526,L55705,L,298.3,309.4,1378,52.3,12,0,0,0,0,0,0,Low,3.9,129,4,153,2.37,5.67,7.89,49.0,73.8
8527,L55706,L,298.3,309.3,1401,51.9,14,0,0,0,0,0,0,Low,3.7,92,3,103,1.89,5.79,7.59,39.5,68.0
8528,L55707,L,298.4,309.3,1531,37.4,16,0,0,0,0,0,0,Low,2.2,20,2,240,0.95,7.18,5.68,42.0,63.4
8529,L55708,L,298.4,309.3,1512,35.8,18,0,0,0,0,0,0,Low,2.5,97,2,73,1.18,5.66,5.86,59.2,70.3
8530,M23389,M,298.5,309.4,1522,47.4,20,0,0,0,0,0,0,Medium,2.3,96,2,229,1.4,4.41,8.23,35.6,86.1
8531,M23390,M,298.5,309.3,1615,31.8,23,0,0,0,0,0,0,Medium,1.2,90,0,95,2.77,5.81,5.39,46.9,71.8
8532,L55711,L,298.6,309.3,1449,46.5,26,0,0,0,0,0,0,Low,6.5,126,12,337,2.37,4.95,6.77,59.3,67.4
8533,L55712,L,298.6,309.4,1315,55.5,28,0,0,0,0,0,0,Low,1.8,80,1,50,2.78,6.26,8.05,55.3,77.5
8534,M23393,M,298.6,309.4,1465,41.1,30,0,0,0,0,0,0,Medium,3.9,164,9,78,1.7,5.89,6.6,43.6,92.2
8535,M23394,M,298.6,309.5,1404,43.3,33,0,0,0,0,0,0,Medium,2.1,157,4,79,1.27,7.28,6.55,62.1,70.3
8536,L55715,L,298.6,309.5,1547,44.8,36,0,0,0,0,0,0,Low,5.8,216,10,136,2.16,6.62,7.35,63.0,65.7
8537,M23396,M,298.6,309.5,1426,45.4,38,0,0,0,0,0,0,Medium,4.4,221,4,675,1.11,4.73,6.84,66.5,54.5
8538,L55717,L,298.6,309.5,1730,30.2,41,0,0,0,0,0,0,Low,4.0,98,4,199,2.78,5.17,5.9,52.6,74.8
8539,L55718,L,298.5,309.4,1548,37.7,43,0,0,0,0,0,0,Low,2.2,174,3,156,0.66,5.8,6.34,73.0,59.9
8540,L55719,L,298.5,309.4,1517,40.2,45,0,0,0,0,0,0,Low,5.3,239,7,36,0.89,6.14,6.37,48.6,60.4
8541,L55720,L,298.6,309.5,1687,29.3,47,0,0,0,0,0,0,Low,2.0,204,0,558,2.18,6.51,5.28,35.1,58.2
8542,L55721,L,298.5,309.5,1738,25.2,49,0,0,0,0,0,0,Low,3.7,280,3,107,1.7,6.28,4.55,37.9,75.2
8543,H37956,H,298.4,309.4,1512,35.3,51,0,0,0,0,0,0,High,3.5,320,6,38,2.25,6.29,5.53,56.6,62.6
8544,M23403,M,298.5,309.4,1365,48.7,56,0,0,0,0,0,0,Medium,4.4,227,5,422,2.58,5.72,6.88,38.1,80.0
8545,H37958,H,298.5,309.4,2011,21.0,59,0,0,0,0,0,0,High,7.4,201,8,5,0.85,5.7,4.58,68.9,83.1
8546,L55725,L,298.4,309.3,1806,27.6,64,0,0,0,0,0,0,Low,7.0,401,6,10,1.48,6.14,5.17,68.7,77.4
8547,L55726,L,298.4,309.3,1716,28.4,66,0,0,0,0,0,0,Low,9.8,382,15,195,1.33,6.14,5.09,77.3,82.2
8548,M23407,M,298.4,309.4,1666,24.3,68,0,0,0,0,0,0,Medium,4.1,178,8,78,2.3,6.21,4.29,62.6,74.2
8549,L55728,L,298.5,309.4,1578,36.3,71,0,0,0,0,0,0,Low,7.1,369,5,33,0.79,5.45,6.23,30.5,94.8
8550,L55729,L,298.3,309.3,1558,37.2,73,0,0,0,0,0,0,Low,6.9,229,10,266,0.2,5.95,6.45,53.6,57.0
8551,L55730,L,298.3,309.2,1456,45.5,75,0,0,0,0,0,0,Low,8.2,392,8,157,1.05,6.6,6.72,53.0,50.9
8552,M23411,M,298.2,309.1,1457,49.0,77,0,0,0,0,0,0,Medium,4.0,394,5,439,2.17,5.67,7.68,61.6,50.5
8553,L55732,L,298.2,309.1,1467,44.5,80,0,0,0,0,0,0,Low,5.3,495,7,93,2.79,6.31,7.04,53.5,76.2
8554,M23413,M,298.1,309.0,1661,38.2,82,0,0,0,0,0,0,Medium,7.4,336,17,67,0.75,5.45,6.71,70.4,82.9
8555,L55734,L,298.1,309.0,1592,33.9,85,0,0,0,0,0,0,Low,9.2,299,12,85,1.12,5.93,5.17,50.9,84.7
8556,L55735,L,298.2,309.0,1596,37.2,87,0,0,0,0,0,0,Low,5.7,556,6,307,1.73,6.36,6.21,57.5,90.8
8557,L55736,L,298.2,309.0,1489,40.6,89,0,0,0,0,0,0,Low,5.9,566,2,228,2.14,6.49,6.39,57.8,64.2
8558,L55737,L,298.3,309.0,1471,48.3,91,0,0,0,0,0,0,Low,7.0,398,6,291,3.05,5.5,7.92,56.2,72.0
8559,M23418,M,298.3,309.0,1505,41.3,93,0,0,0,0,0,0,Medium,5.7,488,8,12,1.71,4.13,6.91,55.3,47.8
8560,L55739,L,298.3,309.0,1519,40.0,96,0,0,0,0,0,0,Low,9.9,614,11,89,1.98,6.81,6.57,49.8,60.7
8561,L55740,L,298.3,309.0,1408,45.4,98,0,0,0,0,0,0,Low,7.5,435,12,24,1.71,6.78,7.5,55.8,85.6
8562,L55741,L,298.2,308.9,1332,44.4,100,0,0,0,0,0,0,Low,8.3,366,15,539,2.49,4.84,6.37,46.1,60.4
8563,L55742,L,298.1,308.9,1351,52.4,102,0,0,0,0,0,0,Low,6.7,582,5,13,1.68,6.34,7.24,45.0,74.9
8564,L55743,L,298.0,308.9,1500,36.7,104,0,0,0,0,0,0,Low,5.9,516,5,75,1.5,6.04,6.04,43.0,66.1
8565,M23424,M,298.0,308.7,1614,30.7,106,0,0,0,0,0,0,Medium,7.3,728,11,360,0.36,6.79,5.16,53.6,60.5
8566,L55745,L,298.0,308.8,1489,36.5,109,0,0,0,0,0,0,Low,12.5,715,19,54,1.94,6.75,5.82,45.4,69.3
8567,M23426,M,297.9,308.7,1751,26.6,111,0,0,0,0,0,0,Medium,5.6,584,8,569,2.86,6.51,4.66,30.6,80.6
8568,L55747,L,298.0,308.7,1511,45.8,114,0,0,0,0,0,0,Low,5.3,561,11,149,2.11,5.83,7.06,76.6,90.2
8569,L55748,L,297.9,308.6,1691,29.6,116,0,0,0,0,0,0,Low,9.2,785,8,843,1.35,4.52,4.86,48.4,50.8
8570,L55749,L,297.9,308.6,1757,27.5,118,0,0,0,0,0,0,Low,8.0,772,4,71,1.06,6.21,5.07,45.7,85.9
8571,H37984,H,297.9,308.7,1545,35.9,120,0,0,0,0,0,0,High,12.0,834,18,276,2.59,5.3,5.62,44.9,85.3
8572,L55751,L,297.9,308.6,2262,15.7,125,0,0,0,0,0,0,Low,5.5,585,3,105,2.13,4.82,4.14,44.8,69.0
8573,M23432,M,297.7,308.5,1559,35.2,127,0,0,0,0,0,0,Medium,11.0,1076,15,88,1.39,7.72,6.1,45.2,54.7
8574,L55753,L,297.6,308.4,1626,32.4,130,0,0,0,0,0,0,Low,7.9,902,9,30,0.83,5.54,5.39,46.5,89.9
8575,L55754,L,297.6,308.3,1424,53.9,132,0,0,0,0,0,0,Low,10.8,1077,17,167,2.4,6.37,7.74,67.1,57.1
8576,M23435,M,297.6,308.3,1648,29.1,134,0,0,0,0,0,0,Medium,8.0,641,18,161,2.88,6.48,4.85,50.4,53.0
8577,L55756,L,297.6,308.3,1523,39.5,137,0,0,0,0,0,0,Low,11.7,1132,14,233,1.71,6.26,6.05,70.9,76.0
8578,L55757,L,297.6,308.3,1502,43.2,139,0,0,0,0,0,0,Low,8.5,754,14,270,2.5,4.3,6.48,70.3,62.9
8579,L55758,L,297.5,308.2,1489,40.7,141,0,0,0,0,0,0,Low,7.9,478,9,139,1.12,6.9,6.33,24.3,87.9
8580,M23439,M,297.4,308.1,1620,31.2,143,0,0,0,0,0,0,Medium,5.0,483,6,972,1.83,5.94,5.12,62.5,41.0
8581,L55760,L,297.5,308.1,1631,30.6,146,0,0,0,0,0,0,Low,13.0,1176,16,119,2.06,6.23,4.95,40.3,67.4
8582,M23441,M,297.5,308.0,1429,45.8,148,0,0,0,0,0,0,Medium,8.2,734,10,308,1.48,5.58,7.29,72.2,67.3
8583,M23442,M,297.5,308.1,1334,72.0,151,1,0,0,1,0,0,Medium,10.2,1007,12,297,2.74,5.58,9.78,47.6,83.3
8584,L55763,L,297.4,308.0,1423,38.0,154,0,0,0,0,0,0,Low,12.4,1071,17,81,1.47,5.48,5.5,47.9,64.1
8585,L55764,L,297.4,307.9,1390,47.7,156,0,0,0,0,0,0,Low,9.7,826,13,132,2.02,5.55,7.51,54.4,69.1
8586,M23445,M,297.4,307.9,1338,48.5,158,0,0,0,0,0,0,Medium,8.6,625,13,60,1.93,5.67,7.43,64.0,36.0
8587,H38000,H,297.3,307.9,1461,37.5,161,0,0,0,0,0,0,High,14.4,702,16,161,2.74,6.72,6.0,35.2,71.6
8588,M23447,M,297.4,307.9,1627,34.3,166,0,0,0,0,0,0,Medium,10.6,1019,6,109,0.95,5.72,5.91,58.2,45.5
8589,L55768,L,297.3,307.8,1385,44.4,169,0,0,0,0,0,0,Low,7.1,768,10,168,2.26,6.34,6.21,73.4,87.2
8590,M23449,M,297.3,307.8,1538,48.0,171,0,0,0,0,0,0,Medium,14.1,1573,19,41,1.53,5.68,8.14,58.1,75.8
8591,L55770,L,297.4,307.9,1557,35.5,174,0,0,0,0,0,0,Low,15.9,1129,15,20,2.86,6.22,5.64,56.1,94.3
8592,L55771,L,297.4,307.9,1606,33.4,176,0,0,0,0,0,0,Low,11.2,1129,15,627,1.89,5.95,5.21,41.1,55.4
8593,M23452,M,297.5,308.0,1430,44.5,178,0,0,0,0,0,0,Medium,11.6,919,23,650,2.31,5.65,6.52,57.2,63.4
8594,M23453,M,297.4,308.0,1601,34.6,181,0,0,0,0,0,0,Medium,10.7,1006,13,374,3.22,5.14,5.48,64.2,52.2
8595,L55774,L,297.4,308.0,1356,51.9,184,0,0,0,0,0,0,Low,9.5,1038,8,611,1.81,6.28,7.07,57.3,61.2
8596,M23455,M,297.5,308.2,1624,30.9,186,0,0,0,0,0,0,Medium,11.5,1055,15,135,3.35,5.37,5.62,57.8,75.3
8597,L55776,L,297.5,308.2,1327,56.5,189,0,0,0,0,0,0,Low,9.8,1018,9,367,3.41,6.36,8.43,65.2,64.8
8598,L55777,L,297.6,308.3,1410,47.0,191,0,0,0,0,0,0,Low,8.6,863,13,601,2.39,5.08,6.7,57.7,72.0
8599,L55778,L,297.6,308.3,1478,42.3,193,0,0,0,0,0,0,Low,10.3,954,9,357,1.04,5.58,6.33,45.1,55.7
8600,L55779,L,297.6,308.4,1460,40.3,195,0,0,0,0,0,0,Low,9.8,1121,11,92,3.6,4.69,5.9,59.9,97.7
8601,L55780,L,297.5,308.3,1435,40.3,197,0,0,0,0,0,0,Low,11.9,972,10,284,2.3,5.38,6.59,42.4,73.6
8602,H38015,H,297.4,308.2,1359,46.9,199,0,0,0,0,0,0,High,8.9,881,6,133,3.16,5.74,7.19,58.3,55.7
8603,L55782,L,297.4,308.1,1729,31.7,204,0,0,0,0,0,0,Low,14.5,1234,18,297,3.07,6.76,5.55,44.1,68.7
8604,H38017,H,297.3,308.0,1384,49.1,206,0,0,0,0,0,0,High,13.4,1119,17,134,4.24,6.89,7.51,92.4,65.2
8605,L55784,L,297.4,308.2,1297,52.1,211,0,0,0,0,0,0,Low,9.1,849,9,90,2.57,6.65,7.17,76.0,79.3
8606,L55785,L,297.5,308.4,1633,33.3,213,0,0,0,0,0,0,Low,15.0,1481,19,92,3.59,6.31,5.82,68.6,52.9
8607,M23466,M,297.5,308.4,1505,37.2,215,0,0,0,0,0,0,Medium,9.3,725,9,317,3.89,6.09,6.05,60.4,67.6
8608,L55787,L,297.5,308.4,1433,50.0,218,0,0,0,0,0,0,Low,15.1,1606,16,85,2.51,5.66,7.42,55.2,95.4
8609,L55788,L,297.4,308.4,1369,50.6,220,1,0,0,0,1,0,Low,10.7,1243,13,167,3.16,5.89,7.15,30.9,75.6
8610,L55789,L,297.4,308.3,1475,40.5,222,1,1,0,0,0,0,Low,14.9,1465,17,180,3.09,5.58,6.77,61.2,49.0
8611,L55790,L,297.4,308.3,1561,38.3,0,0,0,0,0,0,0,Low,5.0,5,10,195,2.04,6.63,6.27,40.4,73.2
8612,L55791,L,297.4,308.3,1472,45.5,2,0,0,0,0,0,0,Low,1.3,5,2,97,2.02,5.76,7.16,47.5,70.3
8613,L55792,L,297.5,308.4,1441,44.5,4,0,0,0,0,0,0,Low,4.6,27,3,234,2.26,6.68,7.35,38.0,79.8
8614,M23473,M,297.5,308.5,1401,50.5,6,0,0,0,0,0,0,Medium,1.0,34,3,144,1.93,5.2,7.61,22.3,77.4
8615,L55794,L,297.5,308.5,1691,33.1,9,0,0,0,0,0,0,Low,2.5,65,1,33,2.05,6.88,5.89,42.0,79.0
8616,L55795,L,297.6,308.6,1382,47.1,11,0,0,0,0,0,0,Low,2.9,94,4,1,1.02,5.58,6.69,56.2,69.3
8617,L55796,L,297.6,308.6,1355,46.4,13,0,0,0,0,0,0,Low,3.2,104,2,1054,1.11,5.76,6.35,15.5,31.4
8618,L55797,L,297.6,308.6,1529,45.3,15,0,0,0,0,0,0,Low,3.0,226,8,30,1.66,6.17,7.36,55.4,77.0
8619,L55798,L,297.7,308.7,1829,24.9,17,0,0,0,0,0,0,Low,1.3,69,2,45,1.82,5.1,4.62,83.2,61.0
8620,H38033,H,297.6,308.6,1480,39.8,19,0,0,0,0,0,0,High,2.5,64,1,69,1.91,5.98,6.08,47.8,83.7
8621,L55800,L,297.6,308.5,1475,42.4,24,0,0,0,0,0,0,Low,4.6,121,9,690,0.4,5.73,5.96,67.3,49.2
8622,M23481,M,297.6,308.5,1431,52.6,26,0,0,0,0,0,0,Medium,2.3,133,2,224,2.31,6.76,8.06,43.1,100.0
8623,L55802,L,297.5,308.3,1437,42.3,29,0,0,0,0,0,0,Low,3.8,199,5,156,1.97,5.62,6.12,95.0,58.6
8624,M23483,M,297.5,308.3,1476,45.6,31,0,0,0,0,0,0,Medium,9.7,145,6,494,0.35,6.86,7.75,60.0,68.3
8625,H38038,H,297.5,308.4,1490,39.7,34,0,0,0,0,0,0,High,4.5,186,4,235,2.5,6.07,5.96,53.7,46.0
8626,L55805,L,297.4,308.3,1632,33.5,39,0,0,0,0,0,0,Low,3.5,179,5,72,2.89,5.49,5.63,41.1,96.5
8627,L55806,L,297.4,308.2,1402,49.7,41,0,0,0,0,0,0,Low,4.5,263,7,251,2.55,6.2,7.28,51.6,58.7
8628,L55807,L,297.4,308.3,1347,45.8,43,0,0,0,0,0,0,Low,10.2,336,13,26,1.56,6.11,6.34,52.1,78.1
8629,L55808,L,297.5,308.4,1747,31.0,45,0,0,0,0,0,0,Low,6.0,284,5,534,1.73,5.32,5.17,50.2,70.4
8630,H38043,H,297.5,308.5,1557,39.1,47,0,0,0,0,0,0,High,2.9,197,0,63,1.24,5.72,6.41,33.1,83.5
8631,L55810,L,297.4,308.4,1371,57.4,52,0,0,0,0,0,0,Low,5.9,247,7,44,2.27,6.11,8.45,42.6,80.5
8632,H38045,H,297.3,308.3,1506,37.0,54,0,0,0,0,0,0,High,2.3,170,3,647,1.24,6.72,5.75,67.6,60.1
8633,L55812,L,297.3,308.3,1590,35.5,59,0,0,0,0,0,0,Low,5.8,388,7,394,1.85,6.79,5.85,43.0,77.6
8634,L55813,L,297.4,308.3,1336,53.7,61,0,0,0,0,0,0,Low,7.5,227,10,235,2.11,5.86,7.4,81.1,71.1
8635,L55814,L,297.3,308.3,1411,43.2,63,0,0,0,0,0,0,Low,6.1,427,5,367,1.92,6.54,6.13,80.5,47.5
8636,L55815,L,297.4,308.3,1704,27.3,65,0,0,0,0,0,0,Low,3.2,281,2,6,1.6,6.96,4.73,38.5,64.0
8637,L55816,L,297.5,308.4,1723,27.3,67,0,0,0,0,0,0,Low,5.3,348,5,117,1.24,5.67,5.31,38.4,85.5
8638,L55817,L,297.5,308.5,1459,39.7,69,0,0,0,0,0,0,Low,8.2,316,7,118,2.21,5.64,6.22,22.3,82.3
8639,L55818,L,297.6,308.5,1572,35.9,71,0,0,0,0,0,0,Low,4.1,346,2,33,1.01,5.88,6.17,93.1,54.8
8640,L55819,L,297.5,308.4,1384,56.0,73,0,0,0,0,0,0,Low,7.5,439,11,102,2.09,6.62,7.92,53.2,67.4
8641,L55820,L,297.6,308.6,1383,47.5,75,0,0,0,0,0,0,Low,8.0,265,13,42,1.68,6.42,7.22,50.9,61.2
8642,M23501,M,297.6,308.5,1360,48.6,77,0,0,0,0,0,0,Medium,5.3,250,3,73,1.89,5.96,7.34,54.1,72.1
8643,M23502,M,297.5,308.4,1596,36.6,80,0,0,0,0,0,0,Medium,6.4,474,9,61,1.58,6.33,6.01,62.8,70.1
8644,L55823,L,297.5,308.5,1448,54.3,83,0,0,0,0,0,0,Low,7.3,719,5,143,1.9,5.19,9.31,28.6,73.2
8645,M23504,M,297.6,308.5,1443,38.2,85,0,0,0,0,0,0,Medium,4.6,375,7,46,1.62,5.31,5.51,63.7,85.9
8646,M23505,M,297.6,308.6,1492,35.5,88,0,0,0,0,0,0,Medium,6.2,514,6,224,0.94,6.42,5.23,73.9,70.9
8647,L55826,L,297.5,308.6,1497,43.9,91,0,0,0,0,0,0,Low,7.8,463,8,68,1.47,4.82,6.61,58.8,67.1
8648,L55827,L,297.5,308.5,1530,38.5,93,0,0,0,0,0,0,Low,13.5,438,14,673,1.6,5.55,6.04,58.5,70.0
8649,M23508,M,297.4,308.4,1478,46.2,95,0,0,0,0,0,0,Medium,5.4,504,5,294,0.64,6.73,7.43,39.2,72.1
8650,L55829,L,297.4,308.4,1328,61.8,98,0,0,0,0,0,0,Low,8.6,604,8,300,3.26,6.27,8.31,75.4,59.9
8651,H38064,H,297.4,308.3,1771,27.4,100,0,0,0,0,0,0,High,9.3,536,8,19,3.18,6.48,4.59,61.4,64.3
8652,M23511,M,297.4,308.4,1564,35.0,105,0,0,0,0,0,0,Medium,5.0,313,3,351,1.97,5.93,5.58,42.0,66.1
8653,H38066,H,297.3,308.3,1461,41.5,108,0,0,0,0,0,0,High,6.9,546,11,743,1.27,7.5,6.26,61.6,51.1
8654,M23513,M,297.4,308.3,1335,57.9,113,0,0,0,0,0,0,Medium,7.1,788,7,237,2.09,7.16,8.26,72.4,57.2
8655,M23514,M,297.4,308.4,1441,46.8,116,0,0,0,0,0,0,Medium,9.5,807,20,102,1.12,5.7,6.18,33.7,82.8
8656,L55835,L,297.3,308.3,1268,60.6,119,0,0,0,0,0,0,Low,7.2,596,17,171,3.37,4.57,7.92,74.2,89.8
8657,M23516,M,297.3,308.3,1697,27.4,121,0,0,0,0,0,0,Medium,8.7,828,10,30,1.01,5.64,4.86,55.0,95.8
8658,L55837,L,297.4,308.4,1421,46.0,124,0,0,0,0,0,0,Low,10.9,944,9,203,2.26,7.65,6.87,59.8,69.7
8659,L55838,L,297.4,308.5,1496,36.4,126,0,0,0,0,0,0,Low,5.5,537,3,162,1.22,6.02,5.91,41.5,76.9
8660,L55839,L,297.5,308.5,1375,55.6,128,0,0,0,0,0,0,Low,6.1,588,6,519,2.99,5.24,7.64,23.6,57.4
8661,L55840,L,297.4,308.5,1295,52.1,130,0,0,0,0,0,0,Low,9.3,780,12,124,2.4,6.22,7.02,60.5,70.9
8662,L55841,L,297.4,308.5,1643,33.8,132,0,0,0,0,0,0,Low,11.8,639,17,265,2.29,5.73,5.84,38.2,58.9
8663,L55842,L,297.5,308.6,1514,36.9,134,0,0,0,0,0,0,Low,7.7,672,9,328,1.69,5.33,5.77,30.3,80.9
8664,L55843,L,297.5,308.6,1671,29.4,136,0,0,0,0,0,0,Low,7.3,588,10,147,2.86,4.87,5.25,39.0,69.2
8665,H38078,H,297.5,308.6,1355,58.9,138,0,0,0,0,0,0,High,7.6,626,5,134,1.49,5.73,7.97,68.3,83.4
8666,L55845,L,297.6,308.7,1365,50.6,143,0,0,0,0,0,0,Low,13.1,1450,17,13,1.08,5.95,7.41,72.1,84.4
8667,L55846,L,297.5,308.7,1407,42.5,145,0,0,0,0,0,0,Low,8.6,805,4,234,0.83,6.63,6.19,76.5,73.8
8668,M23527,M,297.5,308.8,1455,46.1,147,0,0,0,0,0,0,Medium,8.4,690,7,494,1.68,6.01,7.3,73.7,69.1
8669,L55848,L,297.5,308.8,1502,45.9,150,0,0,0,0,0,0,Low,10.0,883,12,47,1.56,6.12,7.64,42.9,62.9
8670,M23529,M,297.5,308.8,1471,52.3,152,0,0,0,0,0,0,Medium,9.6,766,13,540,2.02,5.35,8.41,38.7,52.5
8671,L55850,L,297.5,308.9,1581,30.4,155,0,0,0,0,0,0,Low,6.8,706,5,408,3.0,5.66,4.71,65.1,43.3
8672,L55851,L,297.5,308.8,1530,37.8,157,0,0,0,0,0,0,Low,8.1,805,9,61,1.59,6.02,5.86,62.3,64.0
8673,L55852,L,297.5,308.8,1312,50.3,159,0,0,0,0,0,0,Low,5.6,616,8,709,2.9,5.91,6.99,67.8,50.5
8674,L55853,L,297.4,308.6,1494,42.6,161,0,0,0,0,0,0,Low,11.3,650,15,371,2.04,6.22,6.55,66.1,77.2
8675,M23534,M,297.4,308.6,1528,29.1,163,0,0,0,0,0,0,Medium,9.5,933,16,468,2.7,5.47,4.51,55.8,75.8
8676,H38089,H,297.3,308.6,1688,29.4,166,0,0,0,0,0,0,High,10.8,947,9,101,2.56,6.38,5.42,71.2,71.7
8677,M23536,M,297.3,308.5,1520,42.4,171,0,0,0,0,0,0,Medium,17.7,1841,19,266,2.38,6.85,6.39,57.1,74.8
8678,M23537,M,297.3,308.5,1664,28.9,174,0,0,0,0,0,0,Medium,8.3,976,19,431,2.25,4.82,4.63,74.1,54.1
8679,L55858,L,297.3,308.5,1514,44.5,177,0,0,0,0,0,0,Low,11.5,1289,14,129,1.8,5.91,6.71,43.5,68.9
8680,L55859,L,297.3,308.5,1456,54.2,179,0,0,0,0,0,0,Low,9.8,905,15,286,1.9,7.13,8.41,31.0,50.5
8681,L55860,L,297.2,308.5,1494,39.6,181,0,0,0,0,0,0,Low,11.2,920,19,1,2.64,4.91,6.65,52.3,71.9
8682,L55861,L,297.2,308.4,1605,30.0,183,0,0,0,0,0,0,Low,9.9,795,11,107,3.59,5.48,5.51,52.8,70.6
8683,M23542,M,297.2,308.5,1353,46.5,185,0,0,0,0,0,0,Medium,6.6,708,3,382,2.22,6.66,6.5,48.7,52.2
8684,L55863,L,297.2,308.5,1447,47.9,188,0,0,0,0,0,0,Low,9.3,997,12,327,2.65,6.14,6.91,36.9,76.3
8685,L55864,L,297.2,308.5,1588,40.4,190,0,0,0,0,0,0,Low,8.0,586,12,81,1.92,5.98,6.73,51.7,64.9
8686,H38099,H,297.2,308.5,1524,41.4,192,0,0,0,0,0,0,High,11.0,929,13,425,2.39,5.19,6.66,40.4,42.3
8687,M23546,M,297.2,308.5,1611,31.6,197,0,0,0,0,0,0,Medium,12.8,1464,16,210,2.48,6.27,4.88,41.4,59.6
8688,M23547,M,297.2,308.5,1604,34.9,200,0,0,0,0,0,0,Medium,13.3,1224,14,431,2.31,6.69,5.32,42.8,73.5
8689,L55868,L,297.1,308.5,1483,46.9,203,0,0,0,0,0,0,Low,12.3,1203,10,595,2.23,6.24,6.81,26.4,43.2
8690,L55869,L,297.1,308.4,1543,39.6,205,0,0,0,0,0,0,Low,9.9,955,14,889,3.3,5.65,6.79,51.4,58.4
8691,L55870,L,297.1,308.5,1323,44.4,207,1,1,0,0,0,0,Low,18.1,1378,19,196,3.39,5.91,6.07,62.3,60.5
8692,L55871,L,297.1,308.5,1555,36.2,0,0,0,0,0,0,0,Low,2.1,5,0,610,2.43,5.44,5.73,38.7,53.5
8693,L55872,L,297.1,308.4,1583,31.9,2,0,0,0,0,0,0,Low,2.0,56,1,287,2.14,5.74,5.42,73.6,58.9
8694,M23553,M,297.2,308.5,1584,40.0,4,0,0,0,0,0,0,Medium,4.2,16,1,62,1.1,5.06,6.99,42.5,67.0
8695,L55874,L,297.2,308.5,1766,25.8,7,0,0,0,0,0,0,Low,4.4,49,2,27,1.55,5.65,4.59,54.4,66.9
8696,M23555,M,297.2,308.6,1498,44.4,9,0,0,0,0,0,0,Medium,5.9,31,5,396,1.82,6.48,7.01,43.9,76.9
8697,L55876,L,297.2,308.6,1413,49.8,12,0,0,0,0,0,0,Low,3.8,5,2,771,1.41,6.06,7.45,34.5,67.5
8698,L55877,L,297.3,308.6,1505,33.5,14,0,0,0,0,0,0,Low,4.1,49,4,273,2.4,5.86,5.51,47.2,79.4
8699,H38112,H,297.3,308.7,1438,46.2,16,0,0,0,0,0,0,High,3.0,72,6,175,1.7,5.49,6.95,44.3,71.5
8700,M23559,M,297.3,308.7,1655,34.1,21,0,0,0,0,0,0,Medium,10.8,173,11,43,1.2,6.05,5.48,53.2,72.0
8701,M23560,M,297.3,308.7,1451,43.8,24,0,0,0,0,0,0,Medium,2.6,189,4,134,1.98,6.21,6.65,59.5,73.9
8702,M23561,M,297.3,308.7,1466,38.4,27,0,0,0,0,0,0,Medium,5.2,221,8,502,1.97,5.53,6.0,84.6,70.4
8703,L55882,L,297.2,308.6,1774,23.0,30,0,0,0,0,0,0,Low,2.3,167,1,270,2.21,5.61,4.24,59.9,69.5
8704,M23563,M,297.2,308.6,1284,51.3,32,0,0,0,0,0,0,Medium,3.3,105,8,73,2.47,5.11,6.67,57.1,72.2
8705,L55884,L,297.1,308.5,1425,40.0,35,0,0,0,0,0,0,Low,4.2,229,4,471,1.73,6.48,5.58,51.6,78.0
8706,L55885,L,297.2,308.6,1437,52.4,37,0,0,0,0,0,0,Low,4.2,224,10,55,2.98,7.05,8.33,33.6,73.5
8707,L55886,L,297.2,308.6,1335,53.0,39,0,0,0,0,0,0,Low,2.1,202,2,351,2.69,5.74,7.68,59.9,70.0
8708,L55887,L,297.2,308.5,1471,41.7,41,0,0,0,0,0,0,Low,3.3,199,3,502,1.11,6.38,6.43,44.7,77.1
8709,M23568,M,297.2,308.5,1364,54.0,43,0,0,0,0,0,0,Medium,12.6,257,10,503,1.69,6.66,7.32,55.2,87.8
8710,L55889,L,297.1,308.5,1578,35.6,46,0,0,0,0,0,0,Low,4.8,262,11,148,1.55,5.92,6.09,49.2,63.0
8711,L55890,L,297.1,308.5,1712,32.1,48,0,0,0,0,0,0,Low,7.6,349,10,204,1.83,6.25,5.59,15.0,67.7
8712,L55891,L,297.1,308.5,1733,28.7,50,0,0,0,0,0,0,Low,5.9,339,7,54,1.46,5.46,4.75,50.5,84.2
8713,L55892,L,297.2,308.6,1652,32.1,52,0,0,0,0,0,0,Low,10.6,238,15,858,1.15,6.45,5.8,49.2,62.7
8714,L55893,L,297.2,308.6,1917,24.1,54,0,0,0,0,0,0,Low,5.5,283,6,8,2.03,5.57,4.34,64.8,71.5
8715,M23574,M,297.2,308.6,1444,41.1,56,0,0,0,0,0,0,Medium,5.6,356,6,63,1.1,6.17,6.14,68.0,100.0
8716,L55895,L,297.1,308.6,1442,37.1,59,0,0,0,0,0,0,Low,2.3,192,5,66,1.53,6.33,5.82,62.6,83.9
8717,M23576,M,297.1,308.6,1717,31.3,61,0,0,0,0,0,0,Medium,4.2,415,6,232,0.47,6.11,5.67,48.2,63.4
8718,L55897,L,297.1,308.7,1474,42.3,64,0,0,0,0,0,0,Low,3.6,262,1,417,2.17,6.51,6.76,61.9,57.0
8719,L55898,L,297.2,308.7,1509,39.3,66,0,0,0,0,0,0,Low,4.2,263,3,20,1.31,5.26,6.54,48.5,77.6
8720,L55899,L,297.2,308.8,1451,43.1,68,0,0,0,0,0,0,Low,3.3,296,3,179,1.74,6.33,6.24,56.7,76.0
8721,L55900,L,297.3,308.8,1554,36.1,70,0,0,0,0,0,0,Low,7.1,537,6,101,0.2,5.87,5.87,72.9,70.3
8722,L55901,L,297.2,308.7,1669,30.7,72,0,0,0,0,0,0,Low,4.3,211,5,400,1.82,5.96,5.35,59.1,67.6
8723,L55902,L,297.2,308.6,1366,50.4,74,0,0,0,0,0,0,Low,10.3,371,11,28,1.83,5.99,7.17,86.2,78.9
8724,L55903,L,297.2,308.6,1578,34.4,76,0,0,0,0,0,0,Low,11.4,422,10,196,1.59,5.87,5.87,69.8,69.7
8725,M23584,M,297.2,308.6,1513,39.0,78,0,0,0,0,0,0,Medium,6.7,317,8,117,1.64,6.85,6.38,41.9,72.8
8726,M23585,M,297.1,308.5,1515,42.1,81,0,0,0,0,0,0,Medium,7.3,373,6,377,1.19,6.37,7.01,50.0,55.2
8727,L55906,L,297.2,308.6,1562,33.0,84,0,0,0,0,0,0,Low,7.7,299,8,336,1.82,4.43,5.13,49.2,83.0
8728,L55907,L,297.2,308.7,1501,38.5,86,0,0,0,0,0,0,Low,7.5,520,10,343,0.2,6.44,6.14,51.0,57.1
8729,M23588,M,297.2,308.7,1398,38.1,88,0,0,0,0,0,0,Medium,9.0,433,11,820,1.66,6.31,5.28,59.6,75.3
8730,L55909,L,297.3,308.7,1352,53.8,91,0,0,0,0,0,0,Low,6.3,678,6,274,2.2,5.62,7.77,38.8,84.2
8731,H38144,H,297.3,308.7,1569,33.9,93,0,0,0,0,0,0,High,8.1,435,10,307,2.54,6.18,6.02,49.3,64.4
8732,H38145,H,297.2,308.6,1486,46.6,98,0,0,0,0,0,0,High,5.4,546,9,222,1.9,6.01,7.8,47.5,87.8
8733,L55912,L,297.2,308.6,1864,23.6,103,0,0,0,0,0,0,Low,5.2,507,6,131,0.69,6.06,4.31,51.8,76.3
8734,M23593,M,297.3,308.7,1447,44.5,105,0,0,0,0,0,0,Medium,10.3,611,16,276,1.34,5.55,6.37,79.1,62.0
8735,L55914,L,297.2,308.6,1392,41.5,108,0,0,0,0,0,0,Low,6.0,562,6,633,1.22,5.16,6.18,46.9,68.5
8736,L55915,L,297.3,308.6,1358,47.6,110,0,0,0,0,0,0,Low,7.4,770,8,228,1.72,6.82,6.57,38.1,63.9
8737,L55916,L,297.3,308.7,1491,40.2,112,0,0,0,0,0,0,Low,7.8,538,9,755,1.29,5.71,6.67,72.5,55.4
8738,L55917,L,297.3,308.7,1556,36.7,114,0,0,0,0,0,0,Low,4.8,425,2,64,1.63,5.59,6.2,60.3,69.3
8739,L55918,L,297.3,308.7,1531,36.7,116,0,0,0,0,0,0,Low,7.1,722,8,266,0.98,6.29,6.03,79.0,75.2
8740,H38153,H,297.4,308.7,1429,37.6,118,0,0,0,0,0,0,High,5.1,540,9,62,2.46,5.72,5.33,43.1,76.9
8741,M23600,M,297.4,308.8,1573,33.9,123,0,0,0,0,0,0,Medium,6.4,576,1,832,1.55,6.12,5.8,55.2,71.1
8742,L55921,L,297.4,308.8,1538,41.2,126,0,0,0,0,0,0,Low,9.4,647,9,582,2.87,5.54,6.83,57.9,81.5
8743,L55922,L,297.4,308.8,1467,39.0,128,0,0,0,0,0,0,Low,12.7,986,20,66,0.69,6.29,5.97,64.5,79.4
8744,H38157,H,297.4,308.7,1323,51.1,130,0,0,0,0,0,0,High,10.0,961,14,356,1.7,6.63,6.56,72.4,81.2
8745,M23604,M,297.4,308.7,1798,23.0,135,0,0,0,0,0,0,Medium,14.4,874,23,158,2.49,6.05,4.65,45.3,73.8
8746,L55925,L,297.4,308.6,1411,46.3,138,0,0,0,0,0,0,Low,14.2,1290,21,118,0.94,5.4,6.45,50.8,65.6
8747,L55926,L,297.3,308.5,1528,44.5,140,0,0,0,0,0,0,Low,9.6,521,12,126,2.55,6.25,6.59,35.7,72.9
8748,L55927,L,297.3,308.5,1504,42.0,142,0,0,0,0,0,0,Low,6.8,645,9,89,1.77,5.56,6.77,48.7,77.2
8749,L55928,L,297.3,308.5,1384,39.6,144,0,0,0,0,0,0,Low,8.5,805,12,321,1.79,6.13,6.03,95.0,86.7
8750,L55929,L,297.2,308.4,1677,26.4,146,0,0,0,0,0,0,Low,12.9,1298,17,394,2.81,4.79,4.46,47.3,57.4
8751,L55930,L,297.3,308.5,1764,30.8,148,0,0,0,0,0,0,Low,11.9,1215,17,333,1.92,6.52,5.42,48.7,67.0
8752,M23611,M,297.4,308.5,1472,42.0,150,0,0,0,0,0,0,Medium,6.8,797,10,59,1.46,6.17,6.58,73.5,76.2
8753,M23612,M,297.4,308.5,1465,55.9,153,0,0,0,0,0,0,Medium,6.7,502,8,181,2.29,6.18,9.39,67.5,80.3
8754,M23613,M,297.4,308.6,1657,33.1,156,0,0,0,0,0,0,Medium,10.9,942,13,117,1.95,6.58,6.24,44.7,70.0
8755,L55934,L,297.4,308.6,1635,30.5,159,0,0,0,0,0,0,Low,8.4,656,4,70,1.4,4.95,5.46,60.1,68.1
8756,M23615,M,297.4,308.7,1582,31.9,161,0,0,0,0,0,0,Medium,15.3,918,16,31,2.33,5.48,5.36,79.9,64.0
8757,L55936,L,297.5,308.7,1761,26.2,164,0,0,0,0,0,0,Low,15.3,867,16,168,2.22,5.72,4.78,84.8,64.8
8758,L55937,L,297.5,308.8,1587,34.9,166,0,0,0,0,0,0,Low,6.0,674,9,101,2.06,4.61,5.73,68.2,98.9
8759,M23618,M,297.5,308.7,1446,53.0,168,0,0,0,0,0,0,Medium,14.0,934,16,218,2.52,6.2,7.9,42.0,68.9
8760,M23619,M,297.5,308.7,1352,53.0,171,0,0,0,0,0,0,Medium,16.5,1094,26,73,3.15,5.41,7.57,54.6,92.3
8761,M23620,M,297.4,308.7,1392,46.4,174,0,0,0,0,0,0,Medium,5.8,666,10,322,2.57,6.77,6.61,51.0,72.1
8762,L55941,L,297.5,308.8,1417,49.8,177,0,0,0,0,0,0,Low,11.5,905,10,66,2.88,5.51,7.29,79.7,68.3
8763,H38176,H,297.5,308.8,1824,24.0,179,0,0,0,0,0,0,High,8.1,668,6,267,2.65,6.6,4.44,40.8,87.4
8764,L55943,L,297.5,308.8,1603,36.7,184,0,0,0,0,0,0,Low,16.5,1123,27,47,2.77,5.39,6.11,39.0,86.3
8765,L55944,L,297.4,308.8,1620,33.4,186,0,0,0,0,0,0,Low,12.4,674,10,221,3.71,6.68,5.64,37.3,70.2
8766,L55945,L,297.4,308.8,1353,49.4,188,0,0,0,0,0,0,Low,21.2,963,28,463,3.45,5.89,7.08,33.4,52.8
8767,L55946,L,297.5,308.8,1360,50.7,190,0,0,0,0,0,0,Low,11.5,894,13,367,2.27,5.62,7.42,54.6,71.7
8768,L55947,L,297.5,308.6,1380,53.5,192,0,0,0,0,0,0,Low,11.5,953,15,176,3.69,7.13,8.87,45.5,86.3
8769,M23628,M,297.5,308.7,1363,53.6,194,0,0,0,0,0,0,Medium,10.9,1162,12,14,3.32,6.62,8.12,30.0,87.6
8770,M23629,M,297.4,308.6,1452,41.2,197,0,0,0,0,0,0,Medium,10.0,1005,14,31,2.52,5.91,6.62,42.4,77.0
8771,L55950,L,297.4,308.6,1680,32.8,200,0,0,0,0,0,0,Low,13.6,1189,20,175,3.33,4.96,6.15,57.6,83.3
8772,L55951,L,297.5,308.6,1536,39.0,202,0,0,0,0,0,0,Low,8.3,812,15,184,3.04,5.42,6.43,61.7,64.7
8773,L55952,L,297.5,308.6,1621,28.9,0,0,0,0,0,0,0,Low,2.6,5,2,199,1.82,6.03,4.51,40.8,80.7
8774,L55953,L,297.5,308.6,1585,37.6,2,0,0,0,0,0,0,Low,0.7,25,2,132,1.42,5.64,6.41,35.1,76.9
8775,M23634,M,297.6,308.7,1408,51.5,4,0,0,0,0,0,0,Medium,3.3,76,3,726,1.53,5.47,7.47,72.6,62.0
8776,H38189,H,297.5,308.6,1536,38.7,7,0,0,0,0,0,0,High,1.3,112,4,385,2.06,5.9,6.06,45.4,94.0
8777,L55956,L,297.5,308.6,1352,52.6,12,0,0,0,0,0,0,Low,5.4,28,7,144,2.24,6.58,6.89,83.1,76.3
8778,H38191,H,297.5,308.6,1481,38.8,14,0,0,0,0,0,0,High,3.5,83,3,280,1.34,7.08,5.6,57.4,51.2
8779,L55958,L,297.5,308.7,1454,45.0,19,0,0,0,0,0,0,Low,2.3,106,2,316,1.64,5.48,6.78,24.8,78.9
8780,M23639,M,297.5,308.6,1349,51.5,21,0,0,0,0,0,0,Medium,3.3,136,5,385,1.75,5.66,7.38,42.9,99.7
8781,M23640,M,297.5,308.6,1327,52.1,24,0,0,0,0,0,0,Medium,2.2,74,3,184,1.39,6.68,7.25,53.5,59.3
8782,L55961,L,297.6,308.7,1552,42.3,27,0,0,0,0,0,0,Low,2.2,130,5,739,2.34,5.39,6.73,64.8,63.7
8783,L55962,L,297.5,308.7,1456,44.7,29,0,0,0,0,0,0,Low,2.8,135,2,78,1.72,5.7,6.99,36.3,73.0
8784,M23643,M,297.6,308.6,1254,45.8,31,0,0,0,0,0,0,Medium,4.0,273,3,256,0.56,6.11,6.23,51.9,77.2
8785,L55964,L,297.5,308.6,1437,43.3,34,0,0,0,0,0,0,Low,3.3,161,0,109,2.02,6.69,6.69,41.4,68.0
8786,L55965,L,297.5,308.6,1694,27.1,36,0,0,0,0,0,0,Low,1.5,156,1,183,2.0,5.02,4.95,64.8,75.7
8787,L55966,L,297.5,308.5,1306,50.7,38,0,0,0,0,0,0,Low,6.5,134,9,768,2.27,5.93,7.2,34.7,44.9
8788,M23647,M,297.5,308.5,1699,30.1,40,0,0,0,0,0,0,Medium,6.9,163,4,720,2.46,5.33,4.87,54.4,74.4
8789,L55968,L,297.4,308.5,1369,53.2,43,0,0,0,0,0,0,Low,5.1,327,8,245,1.97,6.76,7.77,47.9,66.9
8790,L55969,L,297.4,308.5,1471,43.9,45,0,0,0,0,0,0,Low,10.7,282,19,253,1.69,6.25,6.57,57.1,95.6
8791,L55970,L,297.4,308.5,1410,43.9,47,0,0,0,0,0,0,Low,4.9,367,7,896,0.8,5.89,7.08,48.9,71.7
8792,M23651,M,297.4,308.5,1412,45.5,49,0,0,0,0,0,0,Medium,3.9,159,4,227,1.36,5.88,7.11,36.7,65.4
8793,L55972,L,297.4,308.5,1418,51.2,52,0,0,0,0,0,0,Low,5.2,208,2,67,2.52,6.34,7.71,49.5,86.6
8794,L55973,L,297.4,308.5,1782,25.9,54,0,0,0,0,0,0,Low,4.9,278,8,222,1.93,5.52,4.79,33.9,85.0
8795,M23654,M,297.4,308.5,1497,36.4,56,0,0,0,0,0,0,Medium,4.0,309,3,311,1.28,5.82,5.09,37.6,56.7
8796,L55975,L,297.3,308.4,1459,39.4,59,0,0,0,0,0,0,Low,4.3,216,3,143,1.66,5.73,5.67,51.8,62.6
8797,L55976,L,297.2,308.3,1796,23.8,61,0,0,0,0,0,0,Low,2.4,214,4,96,1.43,5.9,4.37,25.4,67.3
8798,L55977,L,297.2,308.3,1569,31.2,63,0,0,0,0,0,0,Low,3.3,257,5,9,1.28,6.59,5.22,67.0,49.8
8799,L55978,L,297.3,308.4,1469,46.7,65,0,0,0,0,0,0,Low,7.3,317,4,167,2.21,5.55,7.04,57.7,76.0
8800,L55979,L,297.3,308.4,1472,41.3,67,0,0,0,0,0,0,Low,15.1,416,30,342,0.47,6.4,6.84,82.5,82.4
8801,L55980,L,297.4,308.5,1475,47.2,69,0,0,0,0,0,0,Low,3.7,283,4,18,1.45,6.16,7.08,85.3,79.3
8802,L55981,L,297.4,308.6,1488,36.4,71,0,0,0,0,0,0,Low,4.5,288,4,497,1.57,5.86,6.33,36.6,74.7
8803,L55982,L,297.4,308.6,1524,43.1,73,0,0,0,0,0,0,Low,5.5,422,5,135,1.83,6.43,6.45,64.2,76.1
8804,L55983,L,297.4,308.5,1486,48.6,75,0,0,0,0,0,0,Low,6.4,421,12,24,1.32,6.04,7.83,56.3,79.4
8805,M23664,M,297.5,308.6,1255,60.7,77,0,0,0,0,0,0,Medium,7.6,294,9,402,2.73,6.31,7.93,69.9,42.5
8806,M23665,M,297.4,308.6,1469,42.6,80,0,0,0,0,0,0,Medium,5.3,309,4,430,1.56,6.69,6.45,48.5,76.4
8807,L55986,L,297.4,308.5,1692,34.3,83,0,0,0,0,0,0,Low,4.8,493,6,228,2.56,5.72,6.06,49.0,73.1
8808,M23667,M,297.4,308.6,1604,32.8,85,0,0,0,0,0,0,Medium,5.9,529,10,122,2.06,5.69,5.29,52.1,72.4
8809,L55988,L,297.4,308.6,1446,48.1,88,0,0,0,0,0,0,Low,6.6,409,6,471,1.66,6.34,7.38,56.9,58.2
8810,L55989,L,297.3,308.5,1503,43.3,90,0,0,0,0,0,0,Low,5.5,441,9,252,2.23,5.96,6.56,52.3,59.2
8811,M23670,M,297.3,308.5,1625,32.8,92,0,0,0,0,0,0,Medium,6.4,549,7,297,1.72,6.56,5.64,61.9,69.2
8812,L55991,L,297.2,308.5,1574,35.8,95,0,0,0,0,0,0,Low,4.5,319,4,202,1.87,7.2,6.02,45.1,74.9
8813,M23672,M,297.2,308.4,1378,41.9,97,0,0,0,0,0,0,Medium,6.1,453,10,354,1.16,6.91,6.09,30.6,57.2
8814,L55993,L,297.1,308.4,1693,29.5,100,0,0,0,0,0,0,Low,5.1,482,3,568,1.25,5.39,5.09,46.7,78.1
8815,L55994,L,297.2,308.4,1462,51.2,102,0,0,0,0,0,0,Low,7.4,337,8,6,1.06,6.44,8.38,46.0,66.4
8816,H38229,H,297.3,308.5,1435,55.0,104,0,0,0,0,0,0,High,5.7,598,9,510,1.82,4.97,7.55,87.4,65.5
8817,M23676,M,297.2,308.5,1425,45.8,109,0,0,0,0,0,0,Medium,8.4,632,5,399,1.69,6.21,6.99,53.5,76.6
8818,H38231,H,297.3,308.6,1376,53.5,112,0,0,0,0,0,0,High,8.3,807,11,40,1.72,5.9,8.37,65.9,63.1
8819,M23678,M,297.4,308.7,1481,48.0,117,0,0,0,0,0,0,Medium,7.8,626,5,12,1.95,6.3,7.85,51.6,50.2
8820,H38233,H,297.4,308.7,1349,48.9,120,0,0,0,0,0,0,High,13.4,879,17,27,1.74,6.01,6.53,36.4,70.6
8821,L56000,L,297.3,308.7,1551,40.0,125,0,0,0,0,0,0,Low,10.9,592,10,138,1.58,5.72,6.26,38.8,74.2
8822,H38235,H,297.4,308.7,1623,33.8,127,0,0,0,0,0,0,High,9.9,588,17,28,2.42,6.07,5.71,58.9,86.4
8823,L56002,L,297.4,308.8,1462,49.7,132,0,0,0,0,0,0,Low,13.4,796,20,324,2.79,6.72,7.17,66.8,66.0
8824,M23683,M,297.3,308.8,1447,57.4,134,0,0,0,0,0,0,Medium,16.6,733,19,290,1.45,7.41,8.39,64.2,73.9
8825,M23684,M,297.3,308.9,1799,24.5,137,0,0,0,0,0,0,Medium,9.6,600,7,189,1.41,6.7,4.27,58.4,89.2
8826,M23685,M,297.3,308.8,1548,41.3,140,0,0,0,0,0,0,Medium,11.7,983,16,834,1.83,6.48,6.92,63.0,49.0
8827,M23686,M,297.2,308.8,1485,47.9,143,0,0,0,0,0,0,Medium,7.5,771,5,37,1.76,6.56,7.85,61.5,80.0
8828,L56007,L,297.2,308.7,1463,49.9,146,0,0,0,0,0,0,Low,8.9,590,19,199,1.25,5.94,7.38,59.9,85.1
8829,L56008,L,297.3,308.7,1587,35.8,148,0,0,0,0,0,0,Low,12.8,1222,15,41,2.14,5.94,5.85,62.2,64.8
8830,M23689,M,297.3,308.8,1469,44.1,150,0,0,0,0,0,0,Medium,13.2,659,17,46,1.24,6.44,6.45,58.6,66.5
8831,H38244,H,297.3,308.7,1430,42.8,153,0,0,0,0,0,0,High,14.5,1218,20,80,2.28,5.02,6.59,46.9,76.2
8832,H38245,H,297.4,308.7,1726,26.8,158,0,0,0,0,0,0,High,8.0,860,8,15,2.86,6.19,4.67,54.9,61.6
8833,L56012,L,297.4,308.8,1651,34.1,163,0,0,0,0,0,0,Low,12.6,1141,18,170,2.92,5.89,5.62,86.7,57.0
8834,L56013,L,297.4,308.8,1529,41.3,165,0,0,0,0,0,0,Low,9.9,612,10,209,1.64,5.86,6.85,61.4,66.1
8835,L56014,L,297.4,308.8,1473,46.2,167,0,0,0,0,0,0,Low,12.4,1173,15,141,2.28,5.38,7.55,72.1,60.9
8836,H38249,H,297.4,308.8,1324,53.5,169,0,0,0,0,0,0,High,21.2,1311,32,200,3.32,6.17,7.46,47.6,65.6
8837,L56016,L,297.4,308.9,1708,28.8,174,0,0,0,0,0,0,Low,11.7,895,11,174,1.24,5.53,4.72,52.4,71.5
8838,M23697,M,297.5,309.1,1540,38.5,176,0,0,0,0,0,0,Medium,9.8,1045,12,85,1.58,6.12,6.55,39.9,90.4
8839,L56018,L,297.5,309.0,1320,54.7,179,0,0,0,0,0,0,Low,12.4,1359,13,86,3.19,6.1,6.95,45.1,79.6
8840,M23699,M,297.4,308.9,1376,39.0,181,0,0,0,0,0,0,Medium,8.6,882,12,482,3.18,5.61,5.27,64.6,67.4
8841,M23700,M,297.3,308.7,1542,37.0,184,0,0,0,0,0,0,Medium,15.2,1627,16,104,0.91,6.64,5.86,37.8,56.7
8842,L56021,L,297.3,308.7,1506,39.3,187,0,0,0,0,0,0,Low,13.3,1296,19,425,1.67,5.86,6.28,81.9,44.6
8843,L56022,L,297.3,308.7,1492,43.6,189,0,0,0,0,0,0,Low,13.0,1169,17,191,2.26,6.33,6.66,57.3,66.0
8844,H38257,H,297.3,308.8,1564,38.0,191,0,0,0,0,0,0,High,12.9,823,25,17,2.59,5.37,6.63,80.7,83.1
8845,H38258,H,297.4,308.9,1645,30.8,196,0,0,0,0,0,0,High,11.1,775,13,776,3.86,5.81,5.37,73.5,81.2
8846,M23705,M,297.4,308.9,1348,59.1,201,0,0,0,0,0,0,Medium,8.9,842,13,56,4.01,5.5,8.36,57.9,76.9
8847,M23706,M,297.4,308.8,1325,62.4,204,1,1,0,0,1,0,Medium,11.4,1136,11,28,3.9,6.1,8.08,41.4,93.1
8848,L56027,L,297.5,308.9,1443,43.5,0,0,0,0,0,0,0,Low,4.5,5,6,988,0.73,6.21,7.01,48.5,44.6
8849,M23708,M,297.5,308.9,1436,44.8,2,0,0,0,0,0,0,Medium,1.7,9,3,292,1.64,6.21,6.69,54.6,71.6
8850,L56029,L,297.5,308.9,1596,30.7,5,0,0,0,0,0,0,Low,4.0,33,5,116,2.15,6.96,4.87,53.0,55.3
8851,L56030,L,297.6,309.0,1491,43.2,7,0,0,0,0,0,0,Low,1.0,48,2,54,0.89,6.55,6.53,58.1,66.7
8852,M23711,M,297.7,308.9,1573,35.1,9,0,0,0,0,0,0,Medium,3.7,40,7,311,1.37,5.1,6.18,83.8,83.2
8853,L56032,L,297.7,308.9,1575,39.9,12,0,0,0,0,0,0,Low,3.6,71,4,211,1.53,6.48,6.66,47.2,64.8
8854,L56033,L,297.7,308.9,1458,41.1,14,0,0,0,0,0,0,Low,2.7,124,6,188,1.09,5.58,6.21,40.2,61.3
8855,M23714,M,297.7,309.0,1433,41.8,16,0,0,0,0,0,0,Medium,1.0,25,0,22,1.93,6.47,6.1,62.0,62.4
8856,L56035,L,297.7,308.9,1662,28.1,19,0,0,0,0,0,0,Low,1.7,119,5,451,2.28,4.94,5.01,59.7,76.0
8857,M23716,M,297.7,308.9,1327,63.7,21,0,0,0,0,0,0,Medium,3.8,114,5,249,2.09,5.98,8.22,40.1,78.2
8858,L56037,L,297.7,308.9,1742,26.3,24,0,0,0,0,0,0,Low,3.9,76,2,58,1.25,6.15,4.83,71.2,74.0
8859,L56038,L,297.8,308.9,1506,33.5,26,0,0,0,0,0,0,Low,1.9,184,3,85,1.47,5.41,5.15,28.7,73.8
8860,L56039,L,297.9,309.1,1457,44.4,28,0,0,0,0,0,0,Low,2.2,230,4,398,1.83,6.81,6.3,70.3,49.7
8861,M23720,M,297.9,309.1,1488,37.3,30,0,0,0,0,0,0,Medium,1.8,106,1,745,2.64,7.19,5.71,72.5,50.9
8862,L56041,L,297.9,309.1,1619,34.7,33,0,0,0,0,0,0,Low,2.5,167,4,316,1.7,5.93,5.45,86.0,78.0
8863,M23722,M,298.0,309.2,1558,41.7,35,0,0,0,0,0,0,Medium,3.0,202,5,144,1.37,6.48,6.6,49.9,74.1
8864,L56043,L,298.0,309.2,1731,28.7,38,0,0,0,0,0,0,Low,4.8,237,5,42,1.4,6.49,4.63,56.5,75.5
8865,M23724,M,298.0,309.1,1574,34.8,40,0,0,0,0,0,0,Medium,6.6,182,5,46,1.72,5.61,5.55,57.3,81.9
8866,L56045,L,297.9,309.0,1290,49.8,43,0,0,0,0,0,0,Low,7.3,262,6,198,1.73,5.66,6.32,45.9,66.0
8867,H38280,H,297.9,308.9,1416,39.6,45,0,0,0,0,0,0,High,5.4,176,4,184,1.97,6.21,5.85,57.8,90.1
8868,L56047,L,297.9,308.9,1566,41.9,50,0,0,0,0,0,0,Low,6.5,189,5,263,1.73,6.89,6.81,60.6,52.5
8869,L56048,L,297.9,309.0,1456,46.5,52,0,0,0,0,0,0,Low,3.7,306,7,121,1.67,6.63,7.18,60.4,82.2
8870,L56049,L,297.9,309.0,1528,37.5,54,0,0,0,0,0,0,Low,6.5,306,3,288,0.98,5.09,6.36,68.2,76.6
8871,M23730,M,297.9,309.1,1338,49.6,56,0,0,0,0,0,0,Medium,6.0,208,12,52,2.14,6.76,7.37,65.6,78.1
8872,M23731,M,297.9,309.1,1558,39.2,59,0,0,0,0,0,0,Medium,2.4,223,0,146,1.5,6.7,6.27,53.8,43.2
8873,M23732,M,297.9,309.1,1614,38.1,62,0,0,0,0,0,0,Medium,10.4,513,7,265,2.09,4.28,6.44,32.2,74.9
8874,H38287,H,298.0,309.1,1557,36.4,65,0,0,0,0,0,0,High,6.6,262,7,93,0.73,6.44,5.63,78.9,65.9
8875,L56054,L,298.1,309.3,1443,45.3,70,0,0,0,0,0,0,Low,5.1,433,6,87,1.85,6.05,6.78,37.4,90.3
8876,H38289,H,298.1,309.3,1332,51.0,72,0,0,0,0,0,0,High,4.6,497,2,573,2.41,6.83,7.6,59.9,52.4
8877,M23736,M,298.1,309.3,1752,25.2,77,0,0,0,0,0,0,Medium,6.1,391,10,1212,1.93,6.54,4.41,33.3,59.0
8878,M23737,M,298.1,309.2,1460,45.8,80,0,0,0,0,0,0,Medium,6.7,579,7,108,2.19,6.37,7.69,47.7,66.2
8879,L56058,L,298.1,309.2,1802,26.9,83,0,0,0,0,0,0,Low,4.5,452,8,16,2.23,6.06,4.57,57.2,54.8
8880,L56059,L,298.0,309.2,1527,39.5,85,0,0,0,0,0,0,Low,7.0,544,6,110,1.17,6.22,6.37,58.9,71.2
8881,L56060,L,298.0,309.2,1458,39.8,87,0,0,0,0,0,0,Low,5.9,511,8,202,0.81,5.08,5.82,38.7,78.4
8882,H38295,H,298.0,309.2,1520,37.9,89,0,0,0,0,0,0,High,8.6,495,11,333,2.12,5.03,5.33,78.6,65.7
8883,L56062,L,298.0,309.2,1378,49.7,94,0,0,0,0,0,0,Low,5.8,660,3,436,1.54,6.41,7.51,48.0,66.9
8884,M23743,M,297.9,309.2,1529,38.1,96,0,0,0,0,0,0,Medium,7.8,360,10,82,1.47,6.07,6.12,71.5,77.3
8885,L56064,L,298.0,309.2,1527,32.4,99,0,0,0,0,0,0,Low,6.4,485,4,1081,1.22,6.36,5.29,48.4,60.6
8886,M23745,M,298.0,309.2,1438,42.9,101,0,0,0,0,0,0,Medium,7.1,385,9,585,2.18,5.74,6.21,50.3,52.3
8887,L56066,L,297.9,309.0,1583,36.7,104,0,0,0,0,0,0,Low,11.3,579,11,32,0.27,5.56,6.32,86.8,93.8
8888,L56067,L,297.8,308.9,1530,37.6,106,0,0,0,0,0,0,Low,8.8,667,9,386,2.08,5.7,5.89,57.3,59.5
8889,M23748,M,297.7,308.9,1530,39.1,108,0,0,0,0,0,0,Medium,7.9,379,9,1017,1.23,5.52,6.56,27.2,59.6
8890,M23749,M,297.7,308.8,2089,19.1,111,0,0,0,0,0,0,Medium,5.8,628,11,151,3.71,6.55,4.07,56.4,88.7
8891,L56070,L,297.7,308.8,1616,34.2,114,0,0,0,0,0,0,Low,5.9,623,6,390,2.24,6.4,6.06,53.9,57.0
8892,M23751,M,297.7,308.9,1681,28.3,116,0,0,0,0,0,0,Medium,5.9,488,2,140,1.31,6.29,5.08,48.3,77.1
8893,L56072,L,297.6,308.8,1475,43.0,119,0,0,0,0,0,0,Low,8.6,859,14,244,2.49,6.87,7.15,36.1,62.4
8894,L56073,L,297.5,308.7,1371,46.5,121,0,0,0,0,0,0,Low,7.8,513,12,617,1.34,5.57,6.81,44.7,49.4
8895,M23754,M,297.5,308.7,1546,38.0,123,0,0,0,0,0,0,Medium,8.3,575,10,316,1.93,5.22,6.5,80.5,85.0
8896,H38309,H,297.4,308.6,1461,40.1,126,0,0,0,0,0,0,High,9.7,507,17,122,1.77,5.86,6.24,45.9,72.9
8897,L56076,L,297.4,308.7,1638,31.9,131,0,0,0,0,0,0,Low,7.2,582,7,757,3.05,6.21,5.72,59.0,57.3
8898,M23757,M,297.3,308.7,1577,35.6,133,0,0,0,0,0,0,Medium,5.1,546,6,588,1.1,5.57,5.91,46.3,58.7
8899,L56078,L,297.4,308.6,1532,38.7,136,0,0,0,0,0,0,Low,11.3,694,10,3,0.21,5.35,6.24,37.2,70.3
8900,M23759,M,297.3,308.5,1710,27.7,138,0,0,0,0,0,0,Medium,12.6,871,16,86,1.25,5.45,5.28,46.8,53.0
8901,M23760,M,297.3,308.6,1584,29.4,141,0,0,0,0,0,0,Medium,6.1,511,7,190,1.81,6.45,4.9,67.2,86.1
8902,L56081,L,297.3,308.6,1446,50.1,144,0,0,0,0,0,0,Low,14.9,1135,19,437,1.48,6.39,7.0,70.9,74.5
8903,H38316,H,297.4,308.7,1522,46.3,146,0,0,0,0,0,0,High,9.7,1103,15,251,1.15,6.87,7.52,48.4,46.6
8904,M23763,M,297.4,308.7,1382,49.9,151,0,0,0,0,0,0,Medium,7.8,691,6,225,2.01,6.9,7.71,48.1,72.0
8905,L56084,L,297.4,308.7,1584,38.2,154,0,0,0,0,0,0,Low,5.4,539,13,923,2.56,6.17,6.36,89.0,63.0
8906,L56085,L,297.3,308.6,1385,55.2,156,0,0,0,0,0,0,Low,10.8,735,14,2,0.81,4.93,8.0,62.5,77.1
8907,L56086,L,297.3,308.7,1592,34.4,158,0,0,0,0,0,0,Low,6.7,628,7,153,2.17,6.14,5.59,70.8,79.7
8908,M23767,M,297.2,308.6,1404,43.7,160,0,0,0,0,0,0,Medium,16.6,1384,20,560,2.14,6.06,6.24,64.9,75.2
8909,L56088,L,297.2,308.5,1518,44.3,163,0,0,0,0,0,0,Low,8.8,954,11,923,2.62,6.18,6.74,77.7,55.6
8910,L56089,L,297.1,308.4,1529,40.4,165,0,0,0,0,0,0,Low,20.5,1373,32,23,1.44,5.62,6.4,54.3,77.4
8911,L56090,L,297.1,308.4,1550,37.0,167,0,0,0,0,0,0,Low,8.4,787,10,25,3.17,5.28,5.59,59.0,66.9
8912,L56091,L,297.1,308.3,1773,23.8,169,0,0,0,0,0,0,Low,12.6,1303,11,137,2.63,6.09,3.98,50.3,100.0
8913,L56092,L,297.2,308.5,1446,43.7,171,0,0,0,0,0,0,Low,14.8,1246,23,335,2.45,5.11,6.59,36.9,90.7
8914,M23773,M,297.2,308.5,1487,46.9,173,0,0,0,0,0,0,Medium,10.0,807,8,304,2.07,6.62,7.59,49.0,60.5
8915,M23774,M,297.3,308.5,1524,49.3,176,0,0,0,0,0,0,Medium,7.9,725,7,45,3.27,5.19,7.25,24.0,73.9
8916,L56095,L,297.1,308.3,1403,54.1,179,0,0,0,0,0,0,Low,9.7,968,12,117,4.32,4.87,8.83,42.4,62.8
8917,L56096,L,297.1,308.2,2267,15.7,181,0,0,0,0,0,0,Low,14.4,857,25,322,3.3,6.15,3.89,61.3,84.3
8918,M23777,M,297.1,308.2,1529,37.9,183,0,0,0,0,0,0,Medium,9.3,853,9,31,2.5,5.78,6.14,74.9,79.8
8919,L56098,L,297.1,308.2,1402,51.2,186,0,0,0,0,0,0,Low,10.6,1001,17,1,3.17,4.89,8.11,37.7,74.4
8920,L56099,L,297.2,308.3,1693,28.0,188,0,0,0,0,0,0,Low,11.7,1298,15,341,3.53,5.52,4.86,66.7,78.2
8921,L56100,L,297.1,308.3,1496,45.8,190,0,0,0,0,0,0,Low,13.5,864,21,132,3.2,6.43,7.19,51.3,64.3
8922,L56101,L,297.1,308.1,1633,33.3,192,0,0,0,0,0,0,Low,8.3,861,11,490,2.95,6.11,5.24,53.0,60.1
8923,L56102,L,297.1,308.2,1399,42.6,194,0,0,0,0,0,0,Low,7.9,829,7,100,2.84,5.77,6.28,70.1,63.5
8924,M23783,M,297.0,308.1,1363,45.3,196,0,0,0,0,0,0,Medium,12.9,970,15,96,3.19,6.01,6.66,63.1,86.9
8925,H38338,H,297.1,308.2,1527,42.2,199,0,0,0,0,0,0,High,11.9,1416,19,303,3.2,5.88,6.66,36.0,60.3
8926,M23785,M,297.2,308.2,1405,42.5,204,0,0,0,0,0,0,Medium,10.4,912,17,463,3.27,5.32,6.18,51.5,54.5
8927,M23786,M,297.3,308.3,1459,59.6,207,1,0,0,1,1,0,Medium,10.8,1092,14,208,3.2,5.13,8.58,49.2,81.9
8928,M23787,M,297.4,308.4,1789,25.0,210,0,0,0,0,0,0,Medium,12.0,1193,17,137,4.84,5.83,5.04,67.1,43.9
8929,L56108,L,297.4,308.4,1531,41.5,213,0,0,0,0,0,0,Low,11.3,1226,16,29,2.99,6.39,6.05,70.3,76.6
8930,M23789,M,297.4,308.4,1620,35.8,215,0,0,0,0,0,0,Medium,12.7,1357,20,100,3.3,5.78,6.59,64.7,77.4
8931,L56110,L,297.4,308.4,1571,39.4,0,0,0,0,0,0,0,Low,0.4,5,0,3,2.21,6.19,6.23,53.5,81.4
8932,L56111,L,297.4,308.4,1434,39.9,2,0,0,0,0,0,0,Low,4.6,22,4,68,1.86,6.66,5.49,40.8,59.1
8933,L56112,L,297.4,308.4,1474,43.6,4,0,0,0,0,0,0,Low,2.2,43,1,178,2.15,5.21,6.66,45.6,80.5
8934,M23793,M,297.3,308.3,1544,41.7,6,0,0,0,0,0,0,Medium,5.6,64,4,134,1.21,6.44,6.68,54.7,46.3
8935,L56114,L,297.3,308.2,1601,35.7,9,0,0,0,0,0,0,Low,10.3,44,12,65,1.71,5.03,6.02,59.6,68.3
8936,L56115,L,297.4,308.3,1801,26.9,11,0,0,0,0,0,0,Low,1.3,53,4,388,2.0,7.25,4.9,51.1,64.1
8937,L56116,L,297.4,308.3,1465,42.0,13,0,0,0,0,0,0,Low,4.8,127,4,216,2.08,5.69,6.95,74.5,89.2
8938,M23797,M,297.4,308.4,1340,52.6,15,0,0,0,0,0,0,Medium,1.4,49,3,125,2.1,6.71,7.62,67.7,71.2
8939,M23798,M,297.4,308.4,1517,41.0,18,0,0,0,0,0,0,Medium,1.9,78,3,181,1.67,6.06,6.54,81.7,89.4
8940,M23799,M,297.3,308.4,1434,44.8,21,0,0,0,0,0,0,Medium,3.3,133,4,15,1.81,5.43,6.63,37.5,81.7
8941,H38354,H,297.3,308.3,1935,19.3,24,0,0,0,0,0,0,High,11.1,265,10,111,3.03,4.68,4.41,67.6,100.0
8942,M23801,M,297.3,308.3,1595,32.2,29,0,0,0,0,0,0,Medium,2.7,115,4,380,0.2,6.13,5.3,72.8,62.1
8943,L56122,L,297.3,308.3,2188,17.0,32,0,0,0,0,0,0,Low,3.4,148,6,2,2.87,5.96,3.88,42.0,72.2
8944,M23803,M,297.3,308.4,1449,44.4,34,0,0,0,0,0,0,Medium,3.8,121,3,86,1.4,6.17,6.6,60.0,88.0
8945,L56124,L,297.3,308.3,1471,38.2,37,0,0,0,0,0,0,Low,4.3,266,6,133,0.44,5.62,6.23,55.7,83.8
8946,L56125,L,297.4,308.2,1639,33.8,39,0,0,0,0,0,0,Low,1.8,113,3,151,1.09,5.99,5.83,52.8,82.0
8947,M23806,M,297.3,308.2,1846,24.5,41,0,0,0,0,0,0,Medium,8.5,379,12,182,1.41,6.24,4.52,39.5,78.8
8948,M23807,M,297.3,308.2,1452,38.2,44,0,0,0,0,0,0,Medium,3.7,255,3,485,1.25,6.54,5.95,49.6,65.9
8949,M23808,M,297.4,308.3,1483,41.9,47,0,0,0,0,0,0,Medium,3.0,285,1,134,1.0,6.0,6.72,45.1,55.2
8950,L56129,L,297.4,308.3,1284,60.3,50,0,0,0,0,0,0,Low,4.4,171,2,485,2.45,4.96,7.85,69.1,49.0
8951,L56130,L,297.4,308.2,1419,50.0,52,0,0,0,0,0,0,Low,7.4,214,6,120,2.37,5.95,7.64,77.4,77.5
8952,L56131,L,297.3,308.1,1763,28.4,54,0,0,0,0,0,0,Low,2.6,178,4,45,2.02,5.57,5.81,41.3,59.0
8953,M23812,M,297.2,308.0,1478,42.5,56,0,0,0,0,0,0,Medium,5.2,396,3,99,1.11,6.14,7.09,67.0,80.9
8954,L56133,L,297.3,308.0,1518,36.0,59,0,0,0,0,0,0,Low,4.0,211,3,989,1.65,6.07,6.06,57.0,53.1
8955,L56134,L,297.3,308.0,1447,49.0,61,0,0,0,0,0,0,Low,4.0,303,6,304,2.22,6.42,7.48,60.4,84.0
8956,M23815,M,297.4,308.0,1355,55.1,63,0,0,0,0,0,0,Medium,6.6,514,8,342,2.87,5.63,7.86,49.4,75.6
8957,L56136,L,297.4,308.1,1348,57.4,66,0,0,0,0,0,0,Low,12.1,594,19,56,1.78,5.64,8.57,44.2,65.2
8958,L56137,L,297.4,308.1,1348,53.7,68,0,0,0,0,0,0,Low,5.0,313,9,65,3.11,6.65,6.91,77.2,83.9
8959,M23818,M,297.4,308.1,1734,27.7,70,0,0,0,0,0,0,Medium,6.6,377,7,78,1.98,5.3,4.99,47.9,81.0
8960,L56139,L,297.3,308.0,1420,46.5,73,0,0,0,0,0,0,Low,6.2,545,10,54,1.81,5.94,6.66,67.7,75.8
8961,L56140,L,297.3,307.9,1797,24.7,75,0,0,0,0,0,0,Low,6.4,417,14,654,1.55,5.94,4.5,66.3,72.6
8962,M23821,M,297.3,308.0,1403,45.0,77,0,0,0,0,0,0,Medium,6.3,368,5,5,0.86,4.77,6.73,53.1,66.2
8963,L56142,L,297.3,307.9,1628,30.2,80,0,0,0,0,0,0,Low,8.1,463,3,20,0.86,5.98,5.29,64.4,68.0
8964,M23823,M,297.2,307.9,1687,30.4,82,0,0,0,0,0,0,Medium,7.3,688,11,9,2.87,5.96,5.15,49.3,64.1
8965,M23824,M,297.2,307.9,1456,44.9,85,0,0,0,0,0,0,Medium,4.2,268,3,239,2.51,6.06,6.27,62.0,45.4
8966,L56145,L,297.1,307.9,1496,44.7,88,0,0,0,0,0,0,Low,7.7,381,13,99,2.01,5.45,7.38,29.3,56.7
8967,L56146,L,297.1,307.8,1636,30.3,90,0,0,0,0,0,0,Low,6.0,523,7,581,1.06,5.25,5.26,47.0,59.0
8968,L56147,L,297.1,307.8,1536,40.4,92,0,0,0,0,0,0,Low,5.3,530,9,298,1.5,5.2,6.43,56.2,67.2
8969,L56148,L,297.1,307.8,1454,50.6,94,0,0,0,0,0,0,Low,5.3,458,1,104,1.04,6.72,7.33,32.0,83.3
8970,L56149,L,297.0,307.8,1396,50.0,96,0,0,0,0,0,0,Low,9.9,662,12,255,1.54,6.16,7.43,38.0,52.1
8971,L56150,L,297.0,307.6,1575,37.4,98,0,0,0,0,0,0,Low,8.1,386,6,123,0.67,5.57,5.91,31.9,61.4
8972,L56151,L,296.9,307.6,1514,35.7,100,0,0,0,0,0,0,Low,10.3,772,7,91,1.28,5.26,5.51,63.8,69.2
8973,M23832,M,296.8,307.4,1455,49.9,102,0,0,0,0,0,0,Medium,9.9,529,9,65,1.68,5.25,7.94,35.6,72.3
8974,L56153,L,296.8,307.4,1549,48.3,105,0,0,0,0,0,0,Low,12.9,734,16,12,1.51,6.04,8.06,38.9,82.5
8975,L56154,L,296.8,307.5,1474,42.4,107,0,0,0,0,0,0,Low,10.2,739,14,154,0.96,5.95,6.69,47.5,53.9
8976,H38389,H,296.7,307.4,1661,34.2,109,0,0,0,0,0,0,High,5.1,361,3,14,1.66,4.98,6.25,67.3,94.3
8977,L56156,L,296.7,307.4,1535,34.6,114,0,0,0,0,0,0,Low,5.6,597,9,360,1.87,5.27,5.25,15.0,64.2
8978,M23837,M,296.9,307.5,1556,31.2,116,0,0,0,0,0,0,Medium,5.6,579,8,210,2.36,5.47,5.32,48.1,89.0
8979,L56158,L,296.9,307.6,1435,45.0,119,0,0,0,0,0,0,Low,9.7,1018,8,529,1.23,6.51,7.07,71.3,73.5
8980,M23839,M,296.9,307.5,1332,51.1,121,0,0,0,0,0,0,Medium,11.2,743,16,128,2.31,5.5,7.55,41.6,57.6
8981,L56160,L,297.0,307.6,1513,42.4,124,0,0,0,0,0,0,Low,6.1,581,10,386,1.88,5.93,6.85,59.5,58.6
8982,L56161,L,297.0,307.7,1502,39.4,126,0,0,0,0,0,0,Low,6.7,655,5,1048,1.72,6.56,6.22,62.9,25.8
8983,L56162,L,297.0,307.7,1315,60.1,128,0,0,0,0,0,0,Low,10.7,1121,10,207,2.93,6.62,8.52,31.6,56.8
8984,M23843,M,297.0,307.7,1261,51.1,130,0,0,0,0,0,0,Medium,7.6,630,9,220,2.04,6.4,7.13,50.1,67.6
8985,L56164,L,297.1,307.8,1406,60.4,133,0,0,0,0,0,0,Low,8.5,657,7,481,2.45,6.93,8.91,45.5,57.4
8986,L56165,L,297.1,307.8,1584,42.3,135,0,0,0,0,0,0,Low,7.1,499,11,152,2.08,6.12,7.34,57.4,57.0
8987,M23846,M,297.1,307.8,1443,43.9,137,0,0,0,0,0,0,Medium,8.3,827,11,125,2.83,5.53,5.56,62.9,65.7
8988,L56167,L,297.2,307.9,1580,35.8,140,0,0,0,0,0,0,Low,15.4,1276,16,86,0.86,6.94,5.41,59.4,63.7
8989,L56168,L,297.2,307.9,1825,24.6,142,0,0,0,0,0,0,Low,10.2,956,11,262,2.3,6.22,4.94,63.8,58.5
8990,L56169,L,297.2,307.9,1469,48.2,144,0,0,0,0,0,0,Low,12.6,995,24,54,1.76,5.55,7.54,42.2,75.8
8991,L56170,L,297.2,307.9,1493,38.4,146,0,0,0,0,0,0,Low,7.7,634,12,13,1.09,6.3,6.13,50.6,53.3
8992,M23851,M,297.3,308.0,1598,29.4,148,0,0,0,0,0,0,Medium,14.0,1511,17,603,2.24,4.79,4.81,65.4,72.7
8993,H38406,H,297.2,307.9,1450,37.2,151,0,0,0,0,0,0,High,9.3,908,7,186,1.62,6.06,5.16,62.2,69.6
8994,M23853,M,297.2,307.9,1632,37.5,156,0,0,0,0,0,0,Medium,6.2,608,5,1120,1.81,4.66,6.79,29.8,56.9
8995,M23854,M,297.1,307.9,1980,20.3,159,0,0,0,0,0,0,Medium,7.1,788,14,87,2.9,5.42,4.36,59.2,70.0
8996,L56175,L,297.2,308.0,1474,43.7,162,0,0,0,0,0,0,Low,8.0,643,9,154,2.54,5.64,7.17,34.5,67.1
8997,L56176,L,297.2,307.9,1540,37.1,164,0,0,0,0,0,0,Low,12.0,1326,7,179,1.42,5.28,5.36,36.6,50.6
8998,M23857,M,297.1,307.9,1609,38.9,166,0,0,0,0,0,0,Medium,11.9,1343,10,80,2.34,5.97,6.9,70.4,100.0
8999,L56178,L,297.1,308.0,1467,42.8,169,0,0,0,0,0,0,Low,8.9,568,9,199,2.97,5.51,6.89,66.8,79.2
9000,L56179,L,297.1,307.9,1492,39.4,171,0,0,0,0,0,0,Low,13.2,898,16,384,2.21,5.98,6.33,44.3,65.6
9001,L56180,L,297.0,307.9,1493,46.1,173,0,0,0,0,0,0,Low,9.0,928,12,24,2.28,6.71,7.24,56.6,80.7
9002,L56181,L,297.0,307.8,1500,39.9,175,0,0,0,0,0,0,Low,25.0,1197,32,265,2.06,5.39,6.07,61.7,67.1
9003,L56182,L,297.1,307.8,1477,36.6,177,0,0,0,0,0,0,Low,12.0,948,16,28,1.0,6.38,5.82,41.9,61.0
9004,L56183,L,297.1,307.9,1342,49.1,179,0,0,0,0,0,0,Low,13.1,1250,19,431,1.48,7.35,6.75,20.9,53.5
9005,M23864,M,297.1,307.8,1538,34.3,181,0,0,0,0,0,0,Medium,6.3,716,11,106,2.9,5.99,5.72,59.2,91.4
9006,L56185,L,297.2,307.9,1337,58.1,184,0,0,0,0,0,0,Low,7.4,472,6,79,4.3,5.09,7.95,77.0,70.7
9007,L56186,L,297.3,307.9,1417,41.8,186,0,0,0,0,0,0,Low,8.3,892,13,301,3.3,6.21,6.12,45.1,79.3
9008,L56187,L,297.4,308.0,1383,46.2,188,0,0,0,0,0,0,Low,10.8,1181,9,158,3.73,5.86,6.41,54.1,81.4
9009,M23868,M,297.4,308.0,1440,42.4,190,0,0,0,0,0,0,Medium,19.7,1927,22,401,2.23,6.82,6.39,70.6,64.0
9010,L56189,L,297.3,307.9,1579,34.4,193,0,0,0,0,0,0,Low,21.5,1584,22,351,2.49,5.26,5.7,76.0,66.6
9011,L56190,L,297.2,307.9,1441,40.0,195,0,0,0,0,0,0,Low,8.5,696,15,669,1.76,5.85,6.42,60.8,53.5
9012,M23871,M,297.2,307.9,1530,35.9,197,0,0,0,0,0,0,Medium,16.6,1419,20,135,1.92,5.8,5.79,47.5,73.2
9013,L56192,L,297.2,308.0,1705,26.0,200,0,0,0,0,0,0,Low,18.1,1189,17,88,3.34,5.82,3.99,56.9,84.1
9014,H38427,H,297.2,308.0,1435,43.0,202,0,0,0,0,0,0,High,8.2,916,6,20,2.21,5.62,7.27,49.7,87.1
9015,M23874,M,297.2,308.1,1340,61.3,207,1,0,0,0,1,0,Medium,9.8,727,10,23,3.3,6.06,8.35,49.4,57.3
9016,L56195,L,297.2,308.1,1431,49.7,210,1,0,0,0,0,0,Low,15.2,1124,12,748,2.9,6.48,6.83,63.6,55.7
9017,L56196,L,297.3,308.2,1396,52.7,212,1,0,0,0,1,0,Low,15.2,1198,17,353,3.81,6.02,8.12,60.9,54.9
9018,M23877,M,297.3,308.1,1369,52.0,214,0,0,0,0,0,0,Medium,14.6,1083,19,33,3.27,6.41,7.78,61.3,90.5
9019,L56198,L,297.3,308.1,1615,35.4,217,1,1,0,0,0,0,Low,13.0,1371,23,373,2.64,6.58,5.89,50.7,67.3
9020,L56199,L,297.2,308.1,1662,31.3,0,0,0,0,0,0,0,Low,3.2,12,8,66,1.77,5.73,5.12,76.8,78.2
9021,L56200,L,297.3,308.2,1553,33.5,2,0,0,0,0,0,0,Low,5.9,5,6,575,2.12,4.91,5.52,42.9,63.5
9022,M23881,M,297.4,308.2,1536,34.6,4,0,0,0,0,0,0,Medium,3.8,17,2,130,1.19,5.71,5.45,28.5,64.0
9023,L56202,L,297.4,308.3,1548,46.6,7,0,0,0,0,0,0,Low,0.9,15,2,443,1.22,5.27,7.57,45.4,88.9
9024,L56203,L,297.4,308.3,1706,30.9,9,0,0,0,0,0,0,Low,1.4,62,2,268,1.28,6.57,5.54,60.6,84.3
9025,L56204,L,297.4,308.3,1366,45.5,11,0,0,0,0,0,0,Low,5.5,21,8,109,2.86,6.01,5.89,51.9,77.0
9026,L56205,L,297.5,308.4,1440,35.9,13,0,0,0,0,0,0,Low,0.9,98,1,257,1.05,6.32,5.26,39.3,58.2
9027,M23886,M,297.5,308.4,1685,28.1,15,0,0,0,0,0,0,Medium,4.4,77,5,38,1.81,6.29,4.84,74.5,70.3
9028,M23887,M,297.4,308.3,1444,44.0,18,0,0,0,0,0,0,Medium,5.1,92,8,5,0.47,6.67,6.62,25.0,77.5
9029,L56208,L,297.4,308.3,1395,48.7,21,0,0,0,0,0,0,Low,4.5,140,5,1007,3.22,6.58,7.12,52.5,50.2
9030,L56209,L,297.4,308.3,1483,38.8,23,0,0,0,0,0,0,Low,5.2,95,3,218,1.15,5.32,5.53,53.7,59.3
9031,M23890,M,297.5,308.4,1403,44.3,25,0,0,0,0,0,0,Medium,5.2,105,9,146,1.91,5.49,6.31,89.9,70.3
9032,H38445,H,297.5,308.4,1793,23.9,28,0,0,0,0,0,0,High,1.0,102,1,288,1.91,5.89,4.43,68.7,63.4
9033,L56212,L,297.4,308.3,1723,28.8,33,0,0,0,0,0,0,Low,1.4,123,2,313,1.41,6.86,5.13,62.7,48.3
9034,L56213,L,297.4,308.2,1386,41.0,35,0,0,0,0,0,0,Low,2.5,147,4,380,1.91,5.14,6.26,88.1,47.1
9035,H38448,H,297.4,308.2,1585,46.2,37,0,0,0,0,0,0,High,4.4,131,5,162,1.49,6.0,7.94,65.4,73.5
9036,M23895,M,297.3,308.1,1731,27.7,42,0,0,0,0,0,0,Medium,4.4,163,3,72,2.45,6.34,5.72,68.5,73.9
9037,L56216,L,297.3,308.3,1519,37.7,45,0,0,0,0,0,0,Low,4.2,394,3,400,3.1,5.76,5.68,47.6,74.6
9038,L56217,L,297.3,308.2,1896,24.4,47,0,0,0,0,0,0,Low,7.3,144,9,7,2.66,6.95,5.07,74.9,89.8
9039,L56218,L,297.3,308.3,2358,14.9,49,0,0,0,0,0,0,Low,12.6,339,22,190,2.37,5.45,3.74,40.3,51.5
9040,M23899,M,297.3,308.3,1341,51.9,51,0,0,0,0,0,0,Medium,6.7,289,7,284,1.86,5.8,7.17,45.7,59.8
9041,L56220,L,297.3,308.3,1550,37.0,54,0,0,0,0,0,0,Low,5.6,314,7,101,0.57,6.34,6.11,79.6,52.4
9042,L56221,L,297.3,308.3,1309,61.5,56,0,0,0,0,0,0,Low,5.4,248,4,456,1.1,5.86,8.93,54.4,86.7
9043,M23902,M,297.3,308.4,1599,32.9,58,0,0,0,0,0,0,Medium,4.8,414,4,42,0.87,6.27,5.43,57.8,72.8
9044,L56223,L,297.4,308.4,1343,40.0,61,0,0,0,0,0,0,Low,3.5,334,6,440,1.53,6.8,5.92,82.5,47.4
9045,L56224,L,297.4,308.4,1378,39.9,63,0,0,0,0,0,0,Low,7.4,299,8,185,1.7,5.76,5.84,45.0,72.4
9046,L56225,L,297.4,308.4,1603,34.6,65,0,0,0,0,0,0,Low,7.4,377,7,371,1.86,4.47,5.83,55.9,54.2
9047,L56226,L,297.4,308.4,1664,28.1,67,0,0,0,0,0,0,Low,7.0,251,9,177,2.05,6.75,5.48,33.4,81.5
9048,L56227,L,297.3,308.4,1488,37.4,69,0,0,0,0,0,0,Low,4.2,121,6,208,1.59,6.77,5.57,67.2,62.1
9049,M23908,M,297.3,308.4,1370,50.5,71,0,0,0,0,0,0,Medium,3.5,337,5,307,2.41,4.92,7.5,67.3,64.5
9050,L56229,L,297.3,308.5,1545,34.3,74,0,0,0,0,0,0,Low,4.5,471,5,193,1.68,5.91,5.86,60.3,52.2
9051,M23910,M,297.4,308.5,1566,31.4,76,0,0,0,0,0,0,Medium,5.7,563,4,63,1.15,5.98,5.27,43.4,66.5
9052,L56231,L,297.4,308.6,1820,24.6,79,0,0,0,0,0,0,Low,10.4,440,15,284,2.52,5.67,4.62,62.1,65.4
9053,M23912,M,297.4,308.6,1901,22.1,81,0,0,0,0,0,0,Medium,5.2,562,6,547,1.47,6.13,4.45,43.9,65.6
9054,M23913,M,297.4,308.5,1638,32.2,84,0,0,0,0,0,0,Medium,5.3,372,11,276,1.16,5.98,5.15,34.1,91.9
9055,M23914,M,297.3,308.4,1521,38.2,87,0,0,0,0,0,0,Medium,5.1,425,5,193,2.77,5.92,5.82,69.9,33.7
9056,H38469,H,297.3,308.4,1864,23.1,90,0,0,0,0,0,0,High,5.1,537,2,343,1.46,6.08,4.7,57.6,75.4
9057,L56236,L,297.3,308.3,1430,41.9,95,0,0,0,0,0,0,Low,6.2,319,11,105,2.02,7.11,6.1,49.5,65.3
9058,M23917,M,297.3,308.4,1686,34.5,97,0,0,0,0,0,0,Medium,12.2,643,11,105,2.14,5.46,5.76,64.3,69.0
9059,M23918,M,297.2,308.3,1326,57.2,100,0,0,0,0,0,0,Medium,6.7,531,3,59,1.58,5.59,8.09,36.3,63.8
9060,L56239,L,297.2,308.3,1805,25.6,103,0,0,0,0,0,0,Low,4.2,446,1,35,3.61,6.44,4.72,69.2,66.3
9061,H38474,H,297.2,308.3,1453,45.8,105,0,0,0,0,0,0,High,5.2,400,9,2,1.53,6.47,7.14,64.3,55.1
9062,M23921,M,297.2,308.4,1863,26.0,110,0,0,0,0,0,0,Medium,4.5,370,6,93,1.85,5.26,5.55,32.5,84.2
9063,L56242,L,297.2,308.3,1576,35.3,113,0,0,0,0,0,0,Low,6.3,530,8,1043,1.41,5.53,5.79,73.3,49.3
9064,L56243,L,297.2,308.3,1419,39.7,115,0,0,0,0,0,0,Low,5.9,463,5,316,1.78,5.71,5.77,90.8,90.5
9065,L56244,L,297.2,308.4,1833,25.2,117,0,0,0,0,0,0,Low,13.5,700,18,239,1.62,5.57,4.59,76.6,81.3
9066,H38479,H,297.2,308.4,2182,17.3,119,0,0,0,0,0,0,High,7.3,476,10,126,1.74,5.24,3.8,74.6,81.6
9067,L56246,L,297.2,308.3,1656,30.3,124,0,0,0,0,0,0,Low,8.0,559,9,216,2.15,6.8,5.15,53.7,100.0
9068,L56247,L,297.1,308.2,1351,56.6,126,0,0,0,0,0,0,Low,5.4,476,8,342,1.48,5.62,7.41,27.0,61.7
9069,H38482,H,297.1,308.2,1790,30.3,128,0,0,0,0,0,0,High,13.0,991,26,118,1.09,6.13,5.96,53.3,81.8
9070,M23929,M,297.2,308.2,1678,28.1,133,0,0,0,0,0,0,Medium,12.4,867,15,106,1.45,5.94,4.86,52.7,51.6
9071,L56250,L,297.1,308.2,1427,45.2,136,0,0,0,0,0,0,Low,8.8,593,9,354,3.17,6.06,6.94,51.7,73.9
9072,L56251,L,297.0,308.1,1429,54.0,138,0,0,0,0,0,0,Low,15.2,1394,19,57,1.97,6.25,8.25,47.9,81.2
9073,H38486,H,297.2,308.1,1770,27.2,140,0,0,0,0,0,0,High,5.9,631,4,153,3.08,5.56,5.17,60.0,82.0
9074,L56253,L,297.2,308.1,1689,31.2,145,0,0,0,0,0,0,Low,8.1,577,5,13,1.95,6.0,5.46,45.7,65.2
9075,M23934,M,297.2,308.1,1554,41.3,147,0,0,0,0,0,0,Medium,14.1,921,17,71,1.89,4.65,7.02,42.7,77.8
9076,L56255,L,297.3,308.1,1506,36.0,150,0,0,0,0,0,0,Low,10.9,909,10,894,1.94,5.2,5.95,51.8,50.8
9077,L56256,L,297.2,308.1,1474,44.3,152,0,0,0,0,0,0,Low,12.9,1028,9,102,1.57,6.12,6.92,53.4,67.5
9078,L56257,L,297.3,308.1,1762,26.1,154,0,0,0,0,0,0,Low,9.7,935,12,835,2.29,5.76,4.53,47.3,54.6
9079,L56258,L,297.3,308.1,1566,35.7,156,0,0,0,0,0,0,Low,9.1,928,10,288,2.32,5.23,6.23,75.1,70.7
9080,H38493,H,297.3,308.1,1554,42.4,158,0,0,0,0,0,0,High,8.9,961,12,41,2.15,5.75,6.71,62.2,76.4
9081,L56260,L,297.2,308.0,1869,25.4,163,0,0,0,0,0,0,Low,14.3,1024,18,43,2.2,6.45,5.22,66.0,88.8
9082,L56261,L,297.3,308.0,1527,35.1,165,0,0,0,0,0,0,Low,9.7,898,10,272,2.64,7.21,5.74,69.3,82.5
9083,L56262,L,297.2,307.9,1309,49.6,167,0,0,0,0,0,0,Low,13.3,972,18,99,1.27,5.13,6.49,48.6,71.4
9084,M23943,M,297.2,307.9,1541,35.7,169,0,0,0,0,0,0,Medium,6.6,596,9,246,2.53,5.26,5.87,81.4,78.0
9085,L56264,L,297.2,307.9,1326,75.4,172,1,0,0,1,1,0,Low,13.7,989,18,13,4.05,7.28,10.22,66.4,76.8
9086,H38499,H,297.1,307.9,1365,54.0,174,0,0,0,0,0,0,High,9.5,824,10,58,2.81,5.95,7.52,62.9,65.6
9087,L56266,L,297.1,307.8,1428,43.7,179,0,0,0,0,0,0,Low,11.2,1115,19,263,3.02,6.38,6.98,37.3,68.5
9088,L56267,L,297.1,307.8,1681,27.6,181,0,0,0,0,0,0,Low,11.3,1134,12,122,2.79,6.07,4.56,41.2,78.8
9089,M23948,M,297.1,307.9,1662,26.9,183,0,0,0,0,0,0,Medium,16.7,1447,11,560,0.85,6.17,4.71,63.0,76.0
9090,L56269,L,297.2,307.9,1989,20.3,186,0,0,0,0,0,0,Low,15.4,1446,23,10,3.61,5.32,4.44,39.4,79.0
9091,M23950,M,297.2,307.9,1747,29.0,188,0,0,0,0,0,0,Medium,15.8,1337,17,85,2.77,5.97,5.33,47.8,84.0
9092,M23951,M,297.2,308.0,1765,31.1,191,0,0,0,0,0,0,Medium,14.2,941,29,64,2.92,5.8,5.5,57.5,85.8
9093,L56272,L,297.3,308.1,1568,34.4,194,0,0,0,0,0,0,Low,8.7,790,9,386,2.72,6.46,5.81,49.9,75.4
9094,M23953,M,297.3,308.1,1709,30.6,196,0,0,0,0,0,0,Medium,17.2,1595,30,480,2.89,6.89,5.34,66.5,63.9
9095,M23954,M,297.3,308.1,1370,58.8,199,0,0,0,0,0,0,Medium,12.2,1188,14,275,2.7,5.71,8.29,69.4,67.7
9096,L56275,L,297.3,308.1,1458,45.7,202,0,0,0,0,0,0,Low,14.2,1494,17,35,2.41,6.23,6.26,39.4,65.8
9097,L56276,L,297.2,308.1,1712,30.9,204,0,0,0,0,0,0,Low,12.7,1110,20,43,3.47,6.03,5.82,48.8,80.4
9098,L56277,L,297.3,308.1,1642,36.9,206,0,0,0,0,0,0,Low,7.1,777,9,61,2.85,6.23,6.55,50.7,56.5
9099,L56278,L,297.3,308.1,1468,49.8,0,0,0,0,0,0,0,Low,5.2,23,5,78,1.99,6.26,7.91,51.7,93.8
9100,H38513,H,297.3,308.1,1477,52.3,2,0,0,0,0,0,0,High,3.2,5,2,179,2.42,6.61,7.72,60.2,69.7
9101,L56280,L,297.3,308.2,1446,53.5,7,0,0,0,0,0,0,Low,2.0,79,1,80,1.94,5.71,7.65,16.9,58.5
9102,H38515,H,297.3,308.2,1653,31.4,9,0,0,0,0,0,0,High,3.9,92,5,54,2.4,4.94,5.57,54.6,84.9
9103,L56282,L,297.3,308.3,1494,38.2,14,0,0,0,0,0,0,Low,1.1,76,0,3,1.63,5.57,6.03,18.3,67.3
9104,L56283,L,297.3,308.2,1490,41.0,16,0,0,0,0,0,0,Low,2.0,139,2,55,0.83,5.7,7.01,63.1,76.3
9105,M23964,M,297.4,308.3,1550,47.8,18,0,0,0,0,0,0,Medium,2.0,140,0,124,1.67,6.74,8.0,48.0,60.8
9106,M23965,M,297.3,308.2,1677,34.9,21,0,0,0,0,0,0,Medium,1.4,83,2,100,1.55,6.45,5.86,57.4,64.4
9107,L56286,L,297.4,308.3,1854,21.8,24,0,0,0,0,0,0,Low,2.5,47,2,50,2.11,6.94,4.03,51.1,89.8
9108,M23967,M,297.5,308.5,1662,30.3,26,0,0,0,0,0,0,Medium,4.9,210,6,61,1.11,5.95,5.35,69.0,71.5
9109,M23968,M,297.5,308.6,1440,38.8,29,0,0,0,0,0,0,Medium,13.5,147,14,382,2.58,6.54,6.05,44.2,73.6
9110,L56289,L,297.5,308.6,1513,39.7,32,0,0,0,0,0,0,Low,7.1,184,7,34,2.02,6.02,6.65,50.9,74.6
9111,M23970,M,297.6,308.6,1389,49.0,34,0,0,0,0,0,0,Medium,1.6,150,1,228,1.99,5.49,7.26,63.9,69.1
9112,L56291,L,297.6,308.6,1351,51.0,37,0,0,0,0,0,0,Low,8.9,130,12,138,2.01,5.46,6.99,86.3,64.9
9113,M23972,M,297.6,308.6,1482,38.3,39,0,0,0,0,0,0,Medium,2.8,171,4,467,2.08,4.14,5.82,43.8,51.1
9114,L56293,L,297.6,308.6,1744,28.5,42,0,0,0,0,0,0,Low,5.8,256,8,153,0.97,6.24,4.89,71.7,77.3
9115,L56294,L,297.6,308.7,1476,39.0,44,0,0,0,0,0,0,Low,3.6,175,7,135,1.68,6.92,6.39,36.5,73.1
9116,M23975,M,297.6,308.6,1444,48.2,46,0,0,0,0,0,0,Medium,10.6,292,12,334,1.08,6.45,7.31,43.6,62.2
9117,H38530,H,297.6,308.7,1659,32.1,49,0,0,0,0,0,0,High,7.9,321,12,58,2.29,6.18,4.71,79.4,69.5
9118,M23977,M,297.6,308.7,1475,46.6,54,0,0,0,0,0,0,Medium,12.6,634,17,196,1.21,6.68,7.41,57.8,85.5
9119,L56298,L,297.6,308.6,1526,42.1,57,0,0,0,0,0,0,Low,6.2,278,11,208,1.73,5.44,6.71,55.4,79.9
9120,M23979,M,297.4,308.4,1675,29.5,59,0,0,0,0,0,0,Medium,5.0,404,7,18,2.95,6.03,5.04,49.2,77.4
9121,L56300,L,297.4,308.4,1525,38.7,62,0,0,0,0,0,0,Low,6.6,277,9,1409,2.21,5.84,6.26,46.6,37.3
9122,L56301,L,297.3,308.3,1396,45.9,64,0,0,0,0,0,0,Low,10.9,544,15,333,1.08,6.35,6.79,47.6,73.1
9123,L56302,L,297.4,308.4,1580,41.2,66,0,0,0,0,0,0,Low,5.0,462,5,178,1.76,5.73,7.05,72.9,62.9
9124,L56303,L,297.4,308.5,1462,42.8,68,0,0,0,0,0,0,Low,6.1,311,8,30,1.58,7.09,6.69,40.0,69.8
9125,L56304,L,297.4,308.4,1426,50.4,70,0,0,0,0,0,0,Low,8.7,466,9,309,1.89,6.91,7.65,37.7,84.8
9126,L56305,L,297.4,308.5,1569,34.2,72,0,0,0,0,0,0,Low,4.5,357,6,500,2.61,5.06,5.51,42.0,52.3
9127,L56306,L,297.4,308.5,1477,40.7,74,0,0,0,0,0,0,Low,5.2,403,3,186,1.46,7.28,6.6,49.8,64.2
9128,L56307,L,297.4,308.5,1761,27.2,76,0,0,0,0,0,0,Low,6.0,435,9,115,3.29,6.09,4.51,25.1,81.3
9129,M23988,M,297.5,308.6,1486,45.9,78,0,0,0,0,0,0,Medium,6.7,379,7,164,1.31,6.1,7.24,39.0,84.8
9130,L56309,L,297.6,308.6,1664,30.1,81,0,0,0,0,0,0,Low,5.5,349,13,104,1.81,6.33,4.95,59.7,62.8
9131,L56310,L,297.6,308.6,1576,32.7,83,0,0,0,0,0,0,Low,5.7,342,6,204,1.63,6.5,5.33,60.3,67.5
9132,H38545,H,297.6,308.6,1463,46.7,85,0,0,0,0,0,0,High,13.3,542,11,235,1.91,5.22,7.36,74.2,88.5
9133,M23992,M,297.6,308.6,1585,42.0,90,0,0,0,0,0,0,Medium,6.7,499,4,54,2.12,6.56,6.85,58.8,91.7
9134,L56313,L,297.7,308.7,1479,45.7,93,0,0,0,0,0,0,Low,10.7,446,9,118,2.47,5.81,7.0,64.4,66.5
9135,L56314,L,297.7,308.7,1449,40.2,95,0,0,0,0,0,0,Low,17.0,672,17,43,1.44,7.31,6.35,73.8,73.0
9136,H38549,H,297.7,308.8,1404,50.3,97,0,0,0,0,0,0,High,5.8,543,7,86,1.8,4.73,6.93,49.3,76.6
9137,L56316,L,297.7,308.7,1694,29.1,102,0,0,0,0,0,0,Low,10.0,561,11,454,1.77,5.81,5.36,70.6,77.0
9138,L56317,L,297.7,308.7,1731,28.4,104,0,0,0,0,0,0,Low,6.8,599,15,64,2.43,5.54,5.1,63.1,68.6
9139,L56318,L,297.6,308.6,1522,37.0,106,0,0,0,0,0,0,Low,11.1,711,17,124,0.8,6.11,6.3,52.1,69.0
9140,L56319,L,297.5,308.5,1536,36.9,108,0,0,0,0,0,0,Low,9.6,948,10,276,1.29,5.85,5.7,67.1,100.0
9141,L56320,L,297.5,308.5,1373,39.9,110,0,0,0,0,0,0,Low,4.6,515,3,73,2.59,5.71,5.89,33.4,86.4
9142,L56321,L,297.5,308.5,1597,36.4,112,0,0,0,0,0,0,Low,8.6,476,11,165,0.39,4.97,6.22,53.6,79.0
9143,L56322,L,297.6,308.5,1678,34.2,114,0,0,0,0,0,0,Low,10.6,928,14,87,2.33,5.72,5.46,53.2,66.9
9144,L56323,L,297.6,308.5,1452,42.6,116,0,0,0,0,0,0,Low,11.5,592,11,706,2.25,6.47,6.57,69.0,63.9
9145,M24004,M,297.5,308.5,1447,41.6,118,0,0,0,0,0,0,Medium,5.8,489,9,38,2.07,6.24,6.5,55.8,72.9
9146,L56325,L,297.6,308.5,1574,37.1,121,0,0,0,0,0,0,Low,7.4,585,9,244,1.31,5.89,5.96,61.4,65.2
9147,L56326,L,297.6,308.6,1528,40.0,123,0,0,0,0,0,0,Low,7.6,723,11,328,2.16,5.59,6.83,69.0,60.8
9148,L56327,L,297.7,308.7,1688,27.2,125,0,0,0,0,0,0,Low,7.7,832,12,531,2.17,5.52,4.5,54.4,55.3
9149,L56328,L,297.6,308.6,1393,40.4,127,0,0,0,0,0,0,Low,9.0,670,8,71,1.85,5.43,5.54,29.4,73.0
9150,M24009,M,297.5,308.6,1429,50.5,129,0,0,0,0,0,0,Medium,8.1,674,10,531,1.27,5.76,7.33,56.5,49.4
9151,M24010,M,297.5,308.6,1347,57.0,132,0,0,0,0,0,0,Medium,6.3,704,7,238,2.12,6.26,7.7,38.4,45.9
9152,L56331,L,297.6,308.6,1553,40.5,135,0,0,0,0,0,0,Low,12.9,747,21,5,1.72,6.15,6.69,57.0,64.7
9153,L56332,L,297.5,308.6,1260,53.6,137,0,0,0,0,0,0,Low,10.3,899,8,413,3.72,5.64,7.34,57.6,67.4
9154,L56333,L,297.5,308.6,1546,33.8,139,0,0,0,0,0,0,Low,7.2,678,9,413,0.98,5.18,5.14,74.4,50.8
9155,L56334,L,297.5,308.6,1596,36.0,141,0,0,0,0,0,0,Low,9.8,624,11,122,1.77,6.88,5.86,55.4,52.6
9156,L56335,L,297.5,308.5,1340,57.4,143,0,0,0,0,0,0,Low,11.6,717,17,23,2.7,5.79,7.92,51.9,61.6
9157,M24016,M,297.5,308.4,1369,54.8,145,0,0,0,0,0,0,Medium,7.1,739,14,15,2.39,5.5,8.02,45.8,78.0
9158,L56337,L,297.5,308.5,1462,52.3,148,0,0,0,0,0,0,Low,4.7,476,6,186,2.38,6.14,7.52,57.9,73.5
9159,H38572,H,297.4,308.4,1487,46.2,150,0,0,0,0,0,0,High,9.7,932,16,186,1.04,5.79,6.72,72.0,60.4
9160,M24019,M,297.5,308.6,1510,35.5,155,0,0,0,0,0,0,Medium,9.0,646,5,198,2.06,6.71,5.61,38.4,61.5
9161,H38574,H,297.5,308.5,1671,28.0,158,0,0,0,0,0,0,High,15.8,991,25,38,1.55,5.51,4.96,63.1,73.8
9162,M24021,M,297.5,308.5,1612,30.0,163,0,0,0,0,0,0,Medium,5.7,669,9,124,2.14,5.29,5.28,48.7,73.7
9163,M24022,M,297.6,308.6,1509,39.7,166,0,0,0,0,0,0,Medium,15.0,701,19,277,2.01,5.97,7.04,51.8,64.8
9164,L56343,L,297.6,308.6,1415,47.3,169,0,0,0,0,0,0,Low,11.2,979,10,21,3.16,5.94,6.79,43.3,88.2
9165,L56344,L,297.6,308.6,2384,14.4,171,0,0,0,0,0,0,Low,11.2,578,12,151,2.1,5.52,3.45,39.5,68.4
9166,L56345,L,297.6,308.6,1326,62.4,173,0,0,0,0,0,0,Low,12.9,816,17,41,1.9,5.82,8.86,58.1,85.6
9167,M24026,M,297.6,308.6,1390,53.4,175,0,0,0,0,0,0,Medium,12.2,1159,10,220,2.36,6.37,7.84,57.2,82.6
9168,M24027,M,297.6,308.7,1392,41.2,178,0,0,0,0,0,0,Medium,10.7,1065,10,224,2.76,6.71,6.31,52.6,50.5
9169,H38582,H,297.6,308.8,1385,44.4,181,0,0,0,0,0,0,High,10.0,748,14,1205,2.57,5.27,6.31,61.1,60.7
9170,L56349,L,297.7,308.8,1896,24.5,186,0,0,0,0,0,0,Low,9.0,708,15,133,2.97,5.78,4.66,35.2,83.3
9171,L56350,L,297.7,308.7,1474,46.8,188,0,0,0,0,0,0,Low,12.1,1268,15,159,3.43,6.41,7.51,58.4,80.5
9172,M24031,M,297.7,308.8,1388,45.6,190,0,0,0,0,0,0,Medium,11.1,1034,13,133,2.09,6.6,6.65,63.1,55.1
9173,L56352,L,297.7,308.9,1715,27.2,193,0,0,0,0,0,0,Low,9.8,940,14,39,2.45,6.69,5.14,44.2,69.2
9174,H38587,H,297.8,308.9,1650,32.2,195,0,0,0,0,0,0,High,11.6,1073,12,41,3.04,5.15,5.58,57.1,68.3
9175,L56354,L,297.8,308.9,1871,25.6,200,1,1,0,0,0,0,Low,10.4,566,11,155,3.35,5.8,5.05,67.2,89.4
9176,L56355,L,297.8,309.0,1403,64.2,0,1,0,0,1,0,0,Low,2.0,5,1,63,2.19,6.32,8.66,42.9,89.1
9177,L56356,L,297.8,308.9,1518,40.4,2,0,0,0,0,0,0,Low,3.3,5,7,207,1.2,5.34,6.18,63.9,63.3
9178,L56357,L,297.9,309.1,1504,43.0,4,0,0,0,0,0,0,Low,2.5,5,3,276,1.1,6.03,7.05,53.1,65.3
9179,L56358,L,297.8,309.0,1340,56.9,6,0,0,0,0,0,0,Low,2.8,36,4,166,1.47,5.05,8.83,62.9,53.4
9180,H38593,H,297.9,309.1,1435,44.7,8,0,0,0,0,0,0,High,2.5,41,6,362,1.3,5.41,7.21,55.2,66.8
9181,L56360,L,297.9,309.1,1507,36.9,13,0,0,0,0,0,0,Low,4.6,92,5,99,0.3,4.96,6.33,37.5,94.8
9182,L56361,L,297.9,309.1,1521,36.1,15,0,0,0,0,0,0,Low,1.2,123,3,7,1.45,5.54,5.7,49.0,52.0
9183,M24042,M,297.8,309.0,1576,45.0,17,0,0,0,0,0,0,Medium,4.5,70,6,219,1.66,4.37,7.6,54.1,50.5
9184,L56363,L,297.9,309.1,1543,36.6,20,0,0,0,0,0,0,Low,3.5,49,4,505,1.63,6.45,6.02,32.0,55.5
9185,L56364,L,298.0,309.2,1665,36.6,22,0,0,0,0,0,0,Low,3.9,112,4,144,2.51,6.11,6.22,88.1,72.6
9186,L56365,L,297.9,309.1,1442,50.3,24,0,0,0,0,0,0,Low,5.6,152,9,386,1.84,5.94,7.61,50.6,68.3
9187,L56366,L,297.9,309.0,1629,29.0,26,0,0,0,0,0,0,Low,1.7,147,2,616,1.19,5.31,5.01,55.4,52.4
9188,L56367,L,297.9,309.0,1379,47.3,28,0,0,0,0,0,0,Low,6.8,152,9,267,1.61,4.74,6.54,50.4,76.9
9189,L56368,L,297.9,309.0,1502,40.2,30,0,0,0,0,0,0,Low,3.6,184,3,33,0.89,6.2,6.46,41.6,76.2
9190,L56369,L,297.9,309.1,1595,32.0,32,0,0,0,0,0,0,Low,3.2,138,3,453,1.94,5.34,5.48,58.8,81.0
9191,M24050,M,298.0,309.0,1439,38.5,34,0,0,0,0,0,0,Medium,3.3,255,3,201,1.98,5.85,5.56,57.1,69.8
9192,M24051,M,297.9,309.0,1970,21.6,37,0,0,0,0,0,0,Medium,4.1,328,4,74,2.75,6.36,4.27,20.1,68.0
9193,L56372,L,297.9,309.0,1562,35.8,40,0,0,0,0,0,0,Low,2.7,274,2,334,2.39,4.9,5.85,51.2,78.4
9194,M24053,M,297.9,309.0,1530,40.9,42,0,0,0,0,0,0,Medium,4.8,239,2,18,0.59,6.05,6.61,58.2,93.6
9195,L56374,L,297.9,308.9,1393,40.6,45,0,0,0,0,0,0,Low,5.0,397,6,407,1.21,5.98,5.74,42.2,48.4
9196,L56375,L,297.9,309.0,1532,37.6,47,0,0,0,0,0,0,Low,7.0,257,11,88,3.14,8.1,6.46,32.6,86.0
9197,L56376,L,298.0,308.9,1607,37.7,49,0,0,0,0,0,0,Low,6.2,336,4,222,2.28,5.65,7.22,70.3,54.1
9198,M24057,M,297.9,308.8,1469,49.0,51,0,0,0,0,0,0,Medium,4.7,192,7,385,2.16,4.76,8.86,52.4,84.4
9199,M24058,M,297.9,308.8,1538,37.6,54,0,0,0,0,0,0,Medium,3.2,167,2,8,1.49,5.58,5.93,28.1,53.6
9200,L56379,L,297.9,308.8,1613,31.4,57,0,0,0,0,0,0,Low,5.2,353,4,626,2.43,4.92,5.18,61.2,71.0
9201,M24060,M,297.9,308.8,1602,32.1,59,0,0,0,0,0,0,Medium,9.9,298,15,729,1.47,6.78,5.17,37.8,67.7
9202,L56381,L,297.8,308.7,1404,44.2,62,0,0,0,0,0,0,Low,5.1,399,4,170,1.28,6.96,6.79,78.5,70.5
9203,L56382,L,297.8,308.8,1548,36.9,64,0,0,0,0,0,0,Low,2.8,326,5,72,1.73,5.82,5.73,47.5,82.0
9204,L56383,L,297.8,308.8,1559,35.2,66,0,0,0,0,0,0,Low,3.9,212,7,14,1.53,6.29,5.92,25.0,84.1
9205,L56384,L,297.8,308.8,1621,36.1,68,0,0,0,0,0,0,Low,4.7,434,0,61,1.28,6.09,6.31,73.8,80.0
9206,L56385,L,297.8,308.8,1579,32.9,70,0,0,0,0,0,0,Low,5.6,426,12,675,1.27,5.86,5.76,54.7,50.5
9207,M24066,M,297.9,308.9,1547,44.0,72,0,0,0,0,0,0,Medium,6.9,503,5,258,2.29,5.24,7.45,45.3,58.8
9208,L56387,L,297.9,308.8,1386,48.6,75,0,0,0,0,0,0,Low,3.6,303,4,297,2.76,6.41,7.18,57.0,77.5
9209,L56388,L,298.0,308.9,1406,40.9,77,0,0,0,0,0,0,Low,8.2,931,10,69,1.8,6.1,5.93,62.5,59.6
9210,M24069,M,298.0,309.0,1393,55.9,79,0,0,0,0,0,0,Medium,6.1,467,7,162,1.85,7.53,8.51,83.5,46.5
9211,M24070,M,297.9,309.0,2456,13.9,82,0,0,0,0,0,0,Medium,10.1,409,11,285,2.95,5.85,3.85,45.9,62.1
9212,M24071,M,298.0,309.0,1409,49.1,85,0,0,0,0,0,0,Medium,6.8,505,12,2,1.27,6.31,7.33,41.6,64.4
9213,L56392,L,298.0,308.9,1390,53.9,88,0,0,0,0,0,0,Low,6.2,358,8,30,1.38,6.17,7.97,95.0,82.8
9214,L56393,L,298.0,309.0,1679,32.4,90,0,0,0,0,0,0,Low,5.2,386,9,349,1.92,5.66,5.31,36.5,71.4
9215,L56394,L,298.0,308.9,1508,37.1,92,0,0,0,0,0,0,Low,9.6,716,7,140,1.44,6.09,5.65,52.6,86.7
9216,L56395,L,297.9,308.8,1681,31.7,94,0,0,0,0,0,0,Low,6.6,266,4,74,2.51,5.85,5.39,45.6,87.8
9217,H38630,H,297.7,308.8,1469,43.7,96,0,0,0,0,0,0,High,11.9,723,19,239,2.07,5.27,6.56,41.2,79.6
9218,L56397,L,297.8,308.8,1421,49.6,101,0,0,0,0,0,0,Low,10.2,375,14,29,0.79,6.67,8.01,48.3,60.7
9219,L56398,L,297.7,308.8,1354,50.2,103,0,0,0,0,0,0,Low,7.7,518,8,44,2.81,5.69,6.97,41.8,84.3
9220,M24079,M,297.7,308.8,1350,57.0,105,0,0,0,0,0,0,Medium,11.1,613,16,260,1.99,6.56,8.15,60.6,96.9
9221,L56400,L,297.8,308.9,1282,58.1,108,0,0,0,0,0,0,Low,10.5,665,17,152,1.99,6.07,7.78,54.6,72.5
9222,M24081,M,297.8,309.0,1675,30.0,110,0,0,0,0,0,0,Medium,8.6,583,9,315,1.65,6.17,5.43,49.8,78.1
9223,M24082,M,297.9,309.0,1525,38.5,113,0,0,0,0,0,0,Medium,7.3,570,6,137,1.48,6.09,5.99,61.2,68.3
9224,L56403,L,297.9,309.0,1382,43.9,116,0,0,0,0,0,0,Low,6.7,774,8,169,0.74,6.86,5.89,26.6,40.8
9225,L56404,L,297.9,309.0,1450,46.8,118,0,0,0,0,0,0,Low,15.3,633,13,24,2.07,6.8,7.49,54.7,66.6
9226,L56405,L,298.0,309.1,1820,23.6,120,0,0,0,0,0,0,Low,9.2,768,9,398,1.7,5.97,4.58,49.5,84.1
9227,L56406,L,298.0,309.1,1822,23.5,122,0,0,0,0,0,0,Low,9.3,897,17,347,1.34,6.49,4.7,53.5,64.7
9228,L56407,L,298.0,309.1,1473,44.3,124,0,0,0,0,0,0,Low,8.8,837,4,454,2.23,6.08,7.22,62.0,77.5
9229,M24088,M,298.1,309.1,1572,37.5,126,0,0,0,0,0,0,Medium,11.5,855,16,146,0.92,6.19,5.93,58.3,89.9
9230,M24089,M,298.1,309.0,2042,17.8,129,0,0,0,0,0,0,Medium,6.8,716,11,56,2.58,7.1,3.86,71.7,67.6
9231,L56410,L,298.2,309.2,1922,22.6,132,0,0,0,0,0,0,Low,11.9,625,11,437,1.93,5.81,4.38,50.8,59.0
9232,L56411,L,298.2,309.1,1539,36.5,134,0,0,0,0,0,0,Low,9.3,712,7,72,2.38,6.6,5.22,53.8,67.8
9233,L56412,L,298.2,309.1,1350,52.0,136,0,0,0,0,0,0,Low,5.2,446,7,680,2.48,6.35,7.15,59.7,47.2
9234,L56413,L,298.3,309.1,1403,45.1,138,0,0,0,0,0,0,Low,14.6,1279,22,239,2.38,5.98,6.39,30.6,69.3
9235,L56414,L,298.3,309.1,1904,20.3,140,0,0,0,0,0,0,Low,9.8,621,15,156,1.1,6.07,4.2,75.2,51.5
9236,M24095,M,298.2,308.9,1592,35.2,142,0,0,0,0,0,0,Medium,7.5,732,10,5,1.48,6.13,5.8,62.9,44.7
9237,L56416,L,298.1,308.7,1556,31.6,145,0,0,0,0,0,0,Low,8.6,567,7,50,1.69,6.12,5.32,47.0,78.8
9238,M24097,M,298.1,308.8,1811,25.4,147,0,0,0,0,0,0,Medium,7.3,643,10,123,2.45,6.17,4.97,50.5,66.4
9239,M24098,M,298.2,308.8,1456,41.2,150,0,0,0,0,0,0,Medium,8.4,769,18,371,2.54,6.11,5.91,68.9,59.1
9240,H38653,H,298.2,308.8,1436,51.9,153,0,0,0,0,0,0,High,8.9,805,17,148,1.32,6.26,7.39,45.2,82.7
9241,M24100,M,298.1,308.7,1362,49.6,158,0,0,0,0,0,0,Medium,8.8,1040,7,327,2.46,6.64,7.23,69.4,71.1
9242,L56421,L,298.1,308.7,1683,29.1,161,0,0,0,0,0,0,Low,11.6,730,13,46,1.73,6.58,4.8,71.6,60.0
9243,M24102,M,298.2,308.7,1269,60.9,163,0,0,0,0,0,0,Medium,13.2,1334,11,703,2.79,6.47,7.79,47.2,64.7
9244,L56423,L,298.3,308.8,1454,49.0,166,0,0,0,0,0,0,Low,8.1,729,8,85,1.74,7.08,7.87,41.4,87.8
9245,L56424,L,298.3,308.8,1767,27.3,168,0,0,0,0,0,0,Low,13.9,936,13,1006,4.11,5.76,5.01,70.9,67.2
9246,L56425,L,298.3,308.9,1708,27.3,170,0,0,0,0,0,0,Low,12.1,1022,9,212,2.87,5.29,4.4,64.9,83.8
9247,L56426,L,298.3,308.9,1862,27.0,172,0,0,0,0,0,0,Low,9.5,989,7,62,2.58,6.01,4.89,55.8,74.4
9248,L56427,L,298.3,308.9,1695,30.7,174,0,0,0,0,0,0,Low,11.0,941,13,243,2.07,5.56,5.78,58.1,65.5
9249,M24108,M,298.3,309.1,1488,40.6,176,0,0,0,0,0,0,Medium,9.0,648,13,26,2.61,6.79,6.53,50.3,86.3
9250,L56429,L,298.3,309.0,1657,32.2,179,0,0,0,0,0,0,Low,5.8,418,5,20,2.36,4.36,5.44,57.0,96.7
9251,H38664,H,298.3,309.0,1823,25.9,181,0,0,0,0,0,0,High,13.7,654,18,82,3.01,5.63,5.0,69.1,70.5
9252,M24111,M,298.2,309.1,1651,28.8,186,0,0,0,0,0,0,Medium,12.1,1184,12,35,2.77,4.86,5.21,70.5,68.0
9253,M24112,M,298.1,309.0,1533,36.1,189,0,0,0,0,0,0,Medium,9.7,853,10,115,2.15,6.1,5.53,68.9,92.6
9254,M24113,M,298.2,309.0,1508,40.5,192,0,0,0,0,0,0,Medium,10.0,876,15,291,2.81,5.32,6.55,52.4,67.2
9255,L56434,L,298.3,309.1,1616,31.1,195,0,0,0,0,0,0,Low,15.1,1282,16,177,2.27,6.0,5.04,37.6,67.0
9256,L56435,L,298.2,309.0,1651,31.5,197,0,0,0,0,0,0,Low,12.7,1382,19,201,2.07,6.9,5.57,88.8,64.5
9257,L56436,L,298.2,309.1,1569,35.2,199,0,0,0,0,0,0,Low,14.0,1100,12,27,2.8,5.92,6.09,37.7,81.9
9258,M24117,M,298.3,309.1,1296,58.7,201,0,0,0,0,0,0,Medium,17.6,836,21,431,4.01,6.71,8.45,58.7,66.0
9259,H38672,H,298.3,309.0,1379,43.2,0,0,0,0,0,0,0,High,0.7,9,2,1163,0.79,6.66,6.18,55.4,46.4
9260,M24119,M,298.2,309.0,1694,28.0,5,0,0,0,0,0,0,Medium,1.6,43,2,242,3.17,6.49,5.15,82.6,69.3
9261,L56440,L,298.2,309.0,1377,57.8,8,0,0,0,0,0,0,Low,0.9,38,0,454,1.65,5.04,8.54,75.8,62.8
9262,H38675,H,298.3,309.0,1470,38.4,10,0,0,0,0,0,0,High,0.5,32,1,181,1.68,6.85,5.75,21.8,65.9
9263,M24122,M,298.3,309.1,1404,47.0,15,0,0,0,0,0,0,Medium,1.6,52,1,450,3.18,5.85,6.46,29.0,70.6
9264,L56443,L,298.3,309.1,1593,40.1,18,0,0,0,0,0,0,Low,2.2,111,4,213,0.85,6.37,7.12,75.6,72.7
9265,M24124,M,298.3,309.0,1526,36.9,20,0,0,0,0,0,0,Medium,5.3,79,6,226,0.86,6.1,5.89,67.3,74.6
9266,M24125,M,298.3,308.9,1390,49.7,23,0,0,0,0,0,0,Medium,7.6,192,5,190,2.71,5.57,7.15,44.0,83.4
9267,L56446,L,298.2,308.9,1737,25.5,26,0,0,0,0,0,0,Low,5.1,227,5,660,2.83,5.38,4.76,59.4,46.6
9268,L56447,L,298.2,308.8,1362,57.3,28,0,0,0,0,0,0,Low,6.6,135,3,28,1.24,7.45,9.04,50.7,55.7
9269,L56448,L,298.2,308.8,1666,31.5,30,0,0,0,0,0,0,Low,6.5,262,7,109,1.32,5.34,4.93,51.1,62.6
9270,L56449,L,298.2,308.8,1354,60.9,32,0,0,0,0,0,0,Low,2.7,138,3,275,2.17,6.1,9.46,62.4,69.5
9271,L56450,L,298.2,308.8,1302,60.4,34,0,0,0,0,0,0,Low,4.7,144,2,19,2.07,7.21,8.18,62.7,76.2
9272,L56451,L,298.2,308.7,1991,20.5,36,0,0,0,0,0,0,Low,2.7,197,3,299,2.52,5.61,4.3,50.9,60.8
9273,L56452,L,298.2,308.6,1353,54.1,38,0,0,0,0,0,0,Low,4.6,240,7,630,2.18,6.95,7.29,48.5,61.5
9274,H38687,H,298.2,308.7,1520,35.7,40,0,0,0,0,0,0,High,4.8,216,9,14,0.62,6.34,5.23,47.5,65.7
9275,L56454,L,298.2,308.7,1428,54.9,45,0,0,0,0,0,0,Low,6.3,273,11,11,3.0,6.93,8.4,46.9,55.9
9276,L56455,L,298.2,308.7,1605,29.4,47,0,0,0,0,0,0,Low,9.2,188,7,992,0.86,7.04,4.86,37.5,38.8
9277,L56456,L,298.1,308.7,1691,30.3,49,0,0,0,0,0,0,Low,3.2,282,2,101,2.16,5.97,5.21,70.2,79.6
9278,L56457,L,298.2,308.7,1447,48.4,51,0,0,0,0,0,0,Low,5.5,354,6,412,0.42,4.7,7.01,95.0,46.6
9279,H38692,H,298.2,308.8,1606,39.9,53,0,0,0,0,0,0,High,10.7,478,12,154,1.05,4.79,6.1,53.4,84.3
9280,M24139,M,298.2,308.8,1645,28.2,58,0,0,0,0,0,0,Medium,4.2,325,7,106,1.09,6.05,4.82,53.7,73.5
9281,H38694,H,298.2,308.8,1470,43.3,61,0,0,0,0,0,0,High,4.7,424,7,295,2.84,5.61,6.71,95.0,57.8
9282,L56461,L,298.2,308.9,1336,45.0,66,0,0,0,0,0,0,Low,8.4,492,7,203,1.27,5.83,6.52,31.6,68.8
9283,M24142,M,298.2,308.9,1414,44.3,68,0,0,0,0,0,0,Medium,5.9,248,7,119,1.86,6.55,6.63,45.4,60.7
9284,M24143,M,298.3,309.0,1802,27.5,71,0,0,0,0,0,0,Medium,5.4,582,4,207,2.45,4.96,5.2,60.2,90.0
9285,L56464,L,298.2,308.9,1683,31.7,74,0,0,0,0,0,0,Low,4.2,301,5,133,2.18,5.75,5.28,52.5,67.2
9286,M24145,M,298.2,309.0,1410,47.6,76,0,0,0,0,0,0,Medium,4.3,399,7,479,1.48,4.94,7.35,44.6,51.9
9287,L56466,L,298.2,308.9,1605,32.0,79,0,0,0,0,0,0,Low,4.5,428,5,220,1.47,4.88,5.28,85.8,100.0
9288,L56467,L,298.2,308.9,1709,28.1,81,0,0,0,0,0,0,Low,8.4,568,6,153,2.24,6.49,5.08,69.3,71.1
9289,L56468,L,298.2,308.9,1444,53.1,83,0,0,0,0,0,0,Low,6.9,388,8,107,2.17,6.27,7.74,62.1,81.2
9290,L56469,L,298.2,308.9,1367,45.0,85,0,0,0,0,0,0,Low,6.6,483,14,145,2.65,4.98,6.72,70.1,73.8
9291,L56470,L,298.2,309.0,1418,44.2,87,0,0,0,0,0,0,Low,5.4,555,6,263,0.22,6.36,6.96,60.2,72.9
9292,L56471,L,298.2,309.0,1353,57.8,89,0,0,0,0,0,0,Low,4.6,438,4,439,2.95,4.4,7.95,68.2,74.9
9293,L56472,L,298.2,309.0,1643,34.1,91,0,0,0,0,0,0,Low,9.0,672,10,198,1.88,5.53,6.34,66.9,81.1
9294,L56473,L,298.3,309.1,1437,38.0,93,0,0,0,0,0,0,Low,7.0,761,5,64,2.59,6.75,6.0,27.1,64.3
9295,L56474,L,298.1,309.0,1437,36.2,95,0,0,0,0,0,0,Low,6.0,674,4,200,2.92,5.21,6.01,54.7,69.8
9296,M24155,M,298.2,309.0,1413,47.9,97,0,0,0,0,0,0,Medium,5.7,472,5,251,1.76,6.22,7.57,54.8,70.3
9297,H38710,H,298.2,309.0,1524,39.1,100,0,0,0,0,0,0,High,6.8,510,7,390,1.81,6.32,6.25,40.5,63.6
9298,M24157,M,298.1,308.9,1479,43.4,105,0,0,0,0,0,0,Medium,4.2,449,6,736,1.35,5.64,6.31,45.5,76.3
9299,L56478,L,298.1,308.9,1313,50.6,108,0,0,0,0,0,0,Low,9.4,709,11,101,2.57,5.75,7.11,51.5,87.9
9300,M24159,M,298.1,308.9,1335,50.4,110,0,0,0,0,0,0,Medium,6.5,501,11,46,2.57,5.43,6.49,53.5,45.3
9301,L56480,L,298.1,308.9,1367,41.9,113,0,0,0,0,0,0,Low,6.0,611,8,116,1.31,6.54,6.31,78.9,81.4
9302,M24161,M,298.1,308.9,1459,50.3,115,0,0,0,0,0,0,Medium,9.2,777,15,30,2.38,5.59,7.79,69.5,80.4
9303,M24162,M,298.1,308.9,1804,25.1,118,0,0,0,0,0,0,Medium,4.7,535,5,646,1.95,5.52,4.62,51.1,68.9
9304,L56483,L,298.2,309.0,1491,38.3,121,0,0,0,0,0,0,Low,7.4,662,7,99,1.0,5.39,5.92,72.4,78.5
9305,L56484,L,298.3,309.1,1537,43.0,123,0,0,0,0,0,0,Low,8.1,740,10,769,1.8,7.59,7.39,50.3,54.6
9306,H38719,H,298.3,309.1,1646,30.2,125,0,0,0,0,0,0,High,7.9,634,13,362,2.08,6.94,5.32,23.2,87.0
9307,M24166,M,298.3,309.2,1783,28.3,130,0,0,0,0,0,0,Medium,8.9,729,5,147,2.34,6.21,5.28,51.6,39.9
9308,L56487,L,298.3,309.1,1395,49.8,133,0,0,0,0,0,0,Low,10.3,703,14,716,1.41,6.18,7.15,73.0,37.2
9309,L56488,L,298.4,309.1,1423,48.0,135,0,0,0,0,0,0,Low,9.2,810,8,63,1.76,6.89,7.22,82.2,59.2
9310,L56489,L,298.3,309.2,1562,37.6,137,0,0,0,0,0,0,Low,9.0,1002,15,126,0.74,5.55,6.41,57.4,76.0
9311,L56490,L,298.4,309.3,1549,40.8,139,0,0,0,0,0,0,Low,6.8,677,3,70,1.81,5.39,6.8,52.1,64.0
9312,L56491,L,298.4,309.4,1540,43.2,141,0,0,0,0,0,0,Low,20.5,941,16,468,1.85,6.71,6.62,54.3,66.4
9313,H38726,H,298.5,309.4,1573,33.6,143,0,0,0,0,0,0,High,8.6,979,11,426,0.97,7.13,5.68,47.8,57.0
9314,L56493,L,298.5,309.4,1418,45.1,148,0,0,0,0,0,0,Low,16.1,837,16,197,1.07,5.64,6.4,52.9,59.1
9315,M24174,M,298.5,309.4,1565,33.7,150,0,0,0,0,0,0,Medium,14.0,682,18,149,2.26,6.18,5.55,40.5,76.8
9316,L56495,L,298.5,309.5,1569,41.0,153,0,0,0,0,0,0,Low,7.3,806,9,368,2.73,6.37,6.08,36.2,73.7
9317,H38730,H,298.5,309.4,1417,41.2,155,0,0,0,0,0,0,High,12.8,937,19,13,1.38,6.12,6.02,51.9,100.0
9318,L56497,L,298.5,309.5,1480,38.1,160,0,0,0,0,0,0,Low,11.7,987,12,344,1.88,6.27,5.73,51.5,71.3
9319,L56498,L,298.5,309.4,1364,44.5,162,0,0,0,0,0,0,Low,11.8,737,10,104,1.21,5.94,6.0,37.4,67.5
9320,L56499,L,298.5,309.4,1911,21.5,164,0,0,0,0,0,0,Low,14.2,1563,15,39,3.21,4.38,4.23,55.9,68.9
9321,L56500,L,298.4,309.3,1409,43.1,166,0,0,0,0,0,0,Low,9.1,676,17,251,2.99,5.96,6.66,58.9,45.7
9322,L56501,L,298.4,309.2,1335,53.5,168,0,0,0,0,0,0,Low,13.2,1418,17,275,1.97,6.53,7.22,65.2,76.5
9323,M24182,M,298.5,309.3,1512,38.1,170,0,0,0,0,0,0,Medium,11.8,1309,15,127,1.27,6.31,5.62,19.4,74.3
9324,L56503,L,298.6,309.4,1447,40.2,173,0,0,0,0,0,0,Low,11.5,1050,16,150,2.03,5.74,6.57,59.7,70.0
9325,L56504,L,298.6,309.3,1537,37.6,175,0,0,0,0,0,0,Low,8.6,509,11,150,2.36,6.61,5.95,69.5,72.7
9326,M24185,M,298.6,309.3,1510,40.8,177,0,0,0,0,0,0,Medium,9.4,640,14,412,1.45,6.02,6.87,64.4,55.0
9327,L56506,L,298.6,309.3,1677,31.2,180,0,0,0,0,0,0,Low,11.8,786,15,963,1.8,6.21,5.22,63.1,28.7
9328,L56507,L,298.5,309.2,1504,33.7,182,0,0,0,0,0,0,Low,8.1,824,9,861,2.91,5.62,5.6,51.9,55.2
9329,H38742,H,298.5,309.1,2051,19.0,184,0,0,0,0,0,0,High,21.3,1568,25,84,2.18,5.68,4.26,44.3,69.3
9330,L56509,L,298.5,309.1,1474,41.3,189,0,0,0,0,0,0,Low,10.4,933,16,35,1.47,6.17,6.65,56.1,77.1
9331,M24190,M,298.4,309.0,1507,36.1,191,0,0,0,0,0,0,Medium,10.9,1198,10,25,2.33,6.02,5.87,62.6,75.7
9332,L56511,L,298.4,308.9,1496,37.9,194,0,0,0,0,0,0,Low,15.7,1281,11,255,3.58,5.8,6.26,62.9,70.9
9333,M24192,M,298.5,309.0,1921,22.0,196,0,0,0,0,0,0,Medium,10.6,987,15,55,2.86,5.64,4.41,76.9,66.1
9334,L56513,L,298.5,309.0,1450,40.5,199,0,0,0,0,0,0,Low,11.5,1190,15,472,1.82,4.62,6.1,46.4,89.5
9335,L56514,L,298.4,308.9,1402,44.8,201,0,0,0,0,0,0,Low,10.0,912,12,254,3.02,5.28,6.84,54.7,83.6
9336,L56515,L,298.4,308.9,1501,50.0,203,0,0,0,0,0,0,Low,15.0,1759,13,132,3.67,5.96,8.55,55.7,61.0
9337,L56516,L,298.5,308.9,1725,31.9,205,0,0,0,0,0,0,Low,16.0,1065,23,62,3.8,5.89,6.62,38.7,90.2
9338,H38751,H,298.5,308.9,1500,40.3,207,0,0,0,0,0,0,High,15.7,1429,20,168,2.88,6.22,6.4,45.9,76.6
9339,H38752,H,298.5,309.0,1531,30.8,212,0,0,0,0,0,0,High,13.0,1239,14,82,3.14,6.72,4.76,51.0,54.9
9340,L56519,L,298.5,309.0,1458,44.8,217,0,0,0,0,0,0,Low,10.9,1073,13,95,3.31,5.72,6.82,52.1,87.3
9341,H38754,H,298.4,308.9,1577,37.1,0,0,0,0,0,0,0,High,5.5,5,5,359,1.75,5.25,5.92,45.9,62.2
9342,M24201,M,298.3,308.9,1363,46.1,5,0,0,0,0,0,0,Medium,7.5,5,13,22,2.8,6.91,6.58,71.8,69.5
9343,H38756,H,298.3,308.9,1706,31.8,8,0,0,0,0,0,0,High,1.1,37,3,86,1.87,6.23,5.69,58.6,70.9
9344,M24203,M,298.3,308.8,1391,50.4,13,0,0,0,0,0,0,Medium,3.3,82,8,194,1.88,5.7,7.47,65.0,72.7
9345,L56524,L,298.2,308.8,1616,33.7,16,0,0,0,0,0,0,Low,4.2,103,4,576,2.21,4.92,5.83,49.0,60.4
9346,L56525,L,298.2,308.8,1442,47.0,18,0,0,0,0,0,0,Low,6.0,63,7,488,1.88,7.46,7.23,39.3,76.8
9347,M24206,M,298.2,308.8,1626,40.4,20,0,0,0,0,0,0,Medium,5.4,144,6,222,2.87,5.86,6.41,62.6,90.6
9348,M24207,M,298.2,308.7,1426,42.6,23,0,0,0,0,0,0,Medium,4.3,100,9,63,2.72,6.25,6.14,15.0,69.6
9349,L56528,L,298.2,308.7,1436,49.1,26,0,0,0,0,0,0,Low,3.8,162,6,92,1.29,5.47,7.02,59.1,55.0
9350,M24209,M,298.2,308.7,1599,36.2,28,0,0,0,0,0,0,Medium,2.3,195,4,132,2.15,5.33,6.27,20.3,66.9
9351,L56530,L,298.2,308.7,2186,17.8,31,0,0,0,0,0,0,Low,3.6,100,4,218,2.62,6.66,3.69,68.1,59.8
9352,L56531,L,298.3,308.8,1645,30.4,33,0,0,0,0,0,0,Low,3.1,132,6,271,1.94,5.68,5.58,26.6,63.0
9353,L56532,L,298.2,308.7,1780,27.9,35,0,0,0,0,0,0,Low,2.8,241,2,157,2.65,5.61,5.37,41.0,55.3
9354,L56533,L,298.2,308.8,1345,44.3,37,0,0,0,0,0,0,Low,9.2,210,9,782,1.45,6.04,6.32,66.3,64.7
9355,M24214,M,298.2,308.8,1607,31.9,39,0,0,0,0,0,0,Medium,4.9,269,3,65,1.18,5.99,5.09,34.7,56.6
9356,L56535,L,298.3,308.9,1708,28.0,42,0,0,0,0,0,0,Low,6.5,283,6,195,1.49,6.59,5.01,55.1,57.4
9357,L56536,L,298.3,308.9,1270,52.7,44,0,0,0,0,0,0,Low,4.2,253,8,315,1.95,5.98,6.5,77.6,87.9
9358,M24217,M,298.3,308.9,1646,25.4,46,0,0,0,0,0,0,Medium,3.6,315,10,32,0.53,6.3,4.58,74.9,56.6
9359,L56538,L,298.2,308.7,1407,45.1,49,0,0,0,0,0,0,Low,6.1,209,4,404,1.44,5.61,6.66,60.4,51.8
9360,M24219,M,298.1,308.7,1581,47.4,51,0,0,0,0,0,0,Medium,10.3,302,16,328,1.89,5.46,8.48,76.1,86.8
9361,L56540,L,298.0,308.6,1532,42.6,54,0,0,0,0,0,0,Low,8.1,330,7,255,2.12,5.45,7.36,60.4,68.6
9362,L56541,L,298.0,308.6,1610,33.1,56,0,0,0,0,0,0,Low,6.7,375,11,349,1.31,5.52,5.66,42.9,54.2
9363,M24222,M,298.0,308.5,1682,33.0,58,0,0,0,0,0,0,Medium,3.3,146,3,268,2.04,6.97,6.07,31.5,57.2
9364,L56543,L,297.9,308.5,1519,34.3,61,0,0,0,0,0,0,Low,6.5,409,9,255,1.57,5.64,5.92,55.2,100.0
9365,L56544,L,297.9,308.5,1683,28.5,63,0,0,0,0,0,0,Low,8.8,551,8,78,2.3,5.62,4.66,55.5,83.2
9366,M24225,M,298.0,308.6,1254,55.8,65,0,0,0,0,0,0,Medium,6.0,491,11,18,2.89,6.51,7.25,78.3,78.1
9367,L56546,L,298.0,308.5,1461,48.0,68,0,0,0,0,0,0,Low,6.4,263,12,157,1.55,6.45,7.32,57.9,81.9
9368,L56547,L,297.9,308.5,1472,45.1,70,0,0,0,0,0,0,Low,4.3,251,8,145,2.35,5.36,7.25,69.1,68.0
9369,L56548,L,297.7,308.4,1510,38.6,72,0,0,0,0,0,0,Low,3.7,418,3,97,2.1,5.86,6.19,62.5,74.7
9370,M24229,M,297.7,308.3,1547,36.8,74,0,0,0,0,0,0,Medium,3.9,333,5,333,1.37,4.49,6.03,56.0,74.1
9371,H38784,H,297.7,308.4,1418,51.9,77,0,0,0,0,0,0,High,5.2,348,4,143,2.63,6.36,7.2,34.2,65.3
9372,L56551,L,297.7,308.4,1289,51.3,82,0,0,0,0,0,0,Low,6.6,450,7,30,2.12,6.45,6.69,37.7,75.6
9373,L56552,L,297.7,308.4,1487,41.4,84,0,0,0,0,0,0,Low,9.3,515,9,730,1.93,6.39,6.67,61.1,78.9
9374,L56553,L,297.7,308.5,1453,45.5,86,0,0,0,0,0,0,Low,6.6,400,7,76,2.02,7.23,6.93,58.2,59.7
9375,M24234,M,297.8,308.5,1466,44.7,88,0,0,0,0,0,0,Medium,3.6,369,4,456,1.32,6.29,6.74,31.2,59.9
9376,H38789,H,297.7,308.4,1288,49.5,91,0,0,0,0,0,0,High,8.3,484,12,114,1.51,6.09,6.61,45.5,65.4
9377,H38790,H,297.7,308.4,1738,27.7,96,0,0,0,0,0,0,High,6.9,595,12,81,2.67,6.06,5.28,31.3,82.4
9378,H38791,H,297.7,308.3,1488,41.0,101,0,0,0,0,0,0,High,5.8,616,5,296,1.23,5.65,6.55,71.7,82.3
9379,L56558,L,297.6,308.3,1816,28.8,106,0,0,0,0,0,0,Low,7.2,360,8,56,0.8,7.21,5.32,56.0,56.0
9380,L56559,L,297.5,308.2,1419,48.5,108,0,0,0,0,0,0,Low,9.4,566,6,43,1.4,7.11,7.93,66.4,70.2
9381,L56560,L,297.4,308.1,1435,45.7,110,0,0,0,0,0,0,Low,7.1,499,8,181,2.42,5.69,6.89,35.8,62.5
9382,M24241,M,297.5,308.1,1480,42.4,112,0,0,0,0,0,0,Medium,7.7,515,7,43,2.4,5.32,6.35,49.4,80.0
9383,L56562,L,297.5,308.2,1610,33.6,115,0,0,0,0,0,0,Low,7.5,553,5,21,2.36,6.02,5.46,46.1,74.6
9384,H38797,H,297.5,308.1,1548,38.2,117,0,0,0,0,0,0,High,9.1,596,15,371,1.34,5.97,6.37,47.9,78.2
9385,M24244,M,297.6,308.1,1379,57.4,122,0,0,0,0,0,0,Medium,6.3,488,8,140,2.07,6.11,8.7,78.2,95.0
9386,M24245,M,297.5,308.1,1907,23.5,125,0,0,0,0,0,0,Medium,4.8,548,2,299,2.39,6.06,5.01,64.2,43.6
9387,M24246,M,297.5,308.0,2033,16.7,128,0,0,0,0,0,0,Medium,6.4,631,8,152,2.71,4.87,3.71,63.0,46.6
9388,H38801,H,297.4,307.9,1390,52.0,131,0,0,0,0,0,0,High,8.5,862,13,1008,0.8,5.91,7.74,49.5,54.9
9389,M24248,M,297.5,307.9,1544,37.9,136,0,0,0,0,0,0,Medium,7.5,665,4,113,1.12,6.08,5.82,48.0,77.8
9390,L56569,L,297.6,308.0,1258,57.4,139,0,0,0,0,0,0,Low,8.9,803,13,406,2.47,5.46,7.94,62.2,56.4
9391,M24250,M,297.5,308.0,1560,39.0,141,0,0,0,0,0,0,Medium,13.2,748,20,57,1.59,6.74,6.47,86.4,74.7
9392,H38805,H,297.6,308.2,2071,18.5,144,0,0,0,0,0,0,High,5.6,358,4,27,2.15,5.56,4.18,51.4,77.8
9393,L56572,L,297.6,308.1,1437,46.3,149,0,0,0,0,0,0,Low,12.9,1143,14,434,2.27,5.87,7.07,32.6,50.1
9394,H38807,H,297.7,308.2,1489,43.0,151,0,0,0,0,0,0,High,7.8,663,9,77,1.53,7.04,6.67,50.2,77.2
9395,L56574,L,297.7,308.2,1334,53.0,156,0,0,0,0,0,0,Low,11.3,1016,13,319,1.32,5.06,7.39,58.1,76.4
9396,L56575,L,297.7,308.2,1500,39.9,158,0,0,0,0,0,0,Low,9.7,768,9,479,2.52,5.94,6.38,71.8,65.7
9397,L56576,L,297.8,308.3,1498,47.3,160,0,0,0,0,0,0,Low,9.0,437,8,257,2.15,5.42,7.39,63.8,51.8
9398,M24257,M,297.7,308.2,1370,53.4,162,0,0,0,0,0,0,Medium,14.1,1055,17,63,2.75,6.28,7.12,58.8,62.1
9399,H38812,H,297.7,308.2,1526,40.1,165,0,0,0,0,0,0,High,9.0,1006,16,196,1.41,6.28,7.05,44.8,76.5
9400,L56579,L,297.8,308.3,1477,44.8,170,0,0,0,0,0,0,Low,9.3,949,6,4,1.65,6.05,6.64,59.6,96.2
9401,L56580,L,297.7,308.2,1446,43.9,172,0,0,0,0,0,0,Low,11.2,1110,17,112,1.18,5.46,6.05,30.6,77.9
9402,M24261,M,297.7,308.2,1720,25.6,174,0,0,0,0,0,0,Medium,11.2,739,19,715,2.74,5.39,4.5,65.1,57.4
9403,L56582,L,297.7,308.1,1734,30.7,177,0,0,0,0,0,0,Low,12.0,1062,15,129,2.45,5.62,5.27,34.3,74.7
9404,L56583,L,297.7,308.1,1697,29.1,179,0,0,0,0,0,0,Low,8.8,794,17,257,3.26,5.36,5.93,55.6,66.6
9405,L56584,L,297.7,308.2,2007,19.3,181,0,0,0,0,0,0,Low,11.7,1307,11,669,2.7,6.19,4.02,51.1,65.8
9406,M24265,M,297.7,308.1,1469,48.8,183,0,0,0,0,0,0,Medium,16.9,1505,20,277,2.04,5.7,7.87,70.5,75.0
9407,M24266,M,297.7,308.1,2189,15.6,186,0,0,0,0,0,0,Medium,14.3,1045,10,281,2.83,5.99,3.6,43.3,50.3
9408,L56587,L,297.8,308.3,1435,50.1,189,0,0,0,0,0,0,Low,13.7,1508,17,15,3.24,5.71,6.71,26.7,89.6
9409,H38822,H,297.9,308.4,1637,34.5,191,0,0,0,0,0,0,High,6.4,711,9,205,4.02,6.72,6.22,55.1,91.7
9410,L56589,L,298.0,308.5,1664,28.3,196,0,0,0,0,0,0,Low,14.8,1482,24,428,2.53,6.54,4.64,65.7,52.0
9411,M24270,M,298.0,308.5,1666,31.0,198,0,0,0,0,0,0,Medium,13.9,1375,22,51,3.15,5.92,5.54,75.7,65.7
9412,L56591,L,298.0,308.5,1404,46.6,201,0,0,0,0,0,0,Low,14.7,966,26,486,2.48,6.31,6.35,50.2,74.0
9413,L56592,L,298.0,308.5,1702,26.7,203,0,0,0,0,0,0,Low,11.7,1221,19,480,2.68,6.53,4.81,70.2,61.6
9414,L56593,L,298.1,308.6,1439,44.9,205,0,0,0,0,0,0,Low,14.5,1582,15,336,2.07,6.02,6.72,57.9,54.4
9415,L56594,L,298.1,308.6,1354,53.9,207,1,0,0,0,1,0,Low,6.9,669,8,539,3.32,5.62,7.56,62.4,45.3
9416,M24275,M,298.2,308.7,1361,44.2,0,0,0,0,0,0,0,Medium,0.9,5,2,63,1.23,6.41,6.29,60.7,71.9
9417,M24276,M,298.1,308.5,1463,45.9,3,0,0,0,0,0,0,Medium,2.5,29,5,18,1.14,5.94,6.82,30.1,59.3
9418,H38831,H,298.1,308.4,1515,43.8,6,0,0,0,0,0,0,High,4.7,12,6,149,2.31,5.03,6.14,36.1,78.7
9419,L56598,L,298.0,308.4,1432,46.2,11,0,0,0,0,0,0,Low,5.5,98,7,12,2.23,5.77,7.19,40.1,74.9
9420,L56599,L,298.0,308.4,1911,22.0,13,0,0,0,0,0,0,Low,1.1,13,1,257,2.87,6.64,4.65,46.0,90.9
9421,L56600,L,298.0,308.4,1472,42.0,15,0,0,0,0,0,0,Low,6.1,112,11,218,1.65,6.09,6.57,44.9,84.9
9422,M24281,M,298.1,308.5,1382,54.5,17,0,0,0,0,0,0,Medium,3.5,106,2,296,1.65,5.01,7.3,51.9,68.6
9423,L56602,L,298.1,308.5,1665,29.6,20,0,0,0,0,0,0,Low,1.4,127,4,124,1.97,5.56,5.05,52.8,86.6
9424,L56603,L,298.1,308.5,1676,30.5,22,0,0,0,0,0,0,Low,4.9,78,9,170,1.94,5.7,5.41,50.0,64.0
9425,M24284,M,298.0,308.5,1585,33.0,24,0,0,0,0,0,0,Medium,7.0,198,10,99,1.12,5.34,5.2,75.6,63.8
9426,M24285,M,298.1,308.6,1415,46.3,27,0,0,0,0,0,0,Medium,2.3,83,2,31,2.84,5.19,7.06,69.0,89.6
9427,L56606,L,298.1,308.7,1341,55.7,30,0,0,0,0,0,0,Low,3.9,161,3,189,2.18,4.85,8.18,49.3,94.3
9428,L56607,L,298.2,308.8,1540,34.8,32,0,0,0,0,0,0,Low,3.3,141,5,119,1.67,5.89,5.41,72.1,85.9
9429,H38842,H,298.2,308.8,1837,28.4,34,0,0,0,0,0,0,High,4.8,242,6,199,2.14,6.17,5.79,93.5,56.6
9430,L56609,L,298.2,308.8,1498,36.0,39,0,0,0,0,0,0,Low,4.1,244,6,982,1.79,4.63,5.49,57.5,40.1
9431,L56610,L,298.1,308.7,1671,28.8,41,0,0,0,0,0,0,Low,5.6,314,5,453,1.62,7.13,4.99,40.7,74.4
9432,L56611,L,298.0,308.6,1430,57.0,43,0,0,0,0,0,0,Low,2.8,315,5,364,3.01,5.42,8.53,48.1,56.9
9433,L56612,L,298.0,308.7,1619,40.1,45,0,0,0,0,0,0,Low,4.2,308,4,175,2.56,6.21,7.2,65.5,61.4
9434,M24293,M,298.0,308.7,1430,51.9,47,0,0,0,0,0,0,Medium,5.3,359,2,392,0.84,6.34,7.69,44.1,65.2
9435,L56614,L,298.0,308.6,1626,33.3,50,0,0,0,0,0,0,Low,5.6,212,4,118,1.57,5.12,6.05,43.7,64.7
9436,L56615,L,298.0,308.7,1443,49.3,52,0,0,0,0,0,0,Low,2.8,311,2,171,2.53,5.88,7.13,52.5,94.2
9437,L56616,L,298.0,308.6,1481,42.5,54,0,0,0,0,0,0,Low,7.8,288,8,201,1.8,6.59,7.35,69.2,91.1
9438,M24297,M,298.1,308.7,1527,43.0,56,0,0,0,0,0,0,Medium,5.2,315,2,90,0.94,5.33,6.4,63.0,92.8
9439,M24298,M,298.1,308.7,1315,56.8,59,0,0,0,0,0,0,Medium,7.5,286,9,268,2.01,6.86,8.04,75.5,66.1
9440,M24299,M,298.1,308.8,1433,48.2,62,0,0,0,0,0,0,Medium,5.7,289,15,1420,2.72,4.43,7.09,35.3,67.5
9441,M24300,M,298.1,308.8,1378,53.5,65,0,0,0,0,0,0,Medium,9.2,345,10,328,1.12,6.04,6.83,48.1,66.9
9442,L56621,L,298.1,308.8,1432,43.4,68,0,0,0,0,0,0,Low,7.6,498,6,467,1.65,6.34,6.65,42.1,74.5
9443,M24302,M,298.1,308.8,1394,47.9,70,0,0,0,0,0,0,Medium,4.7,500,4,202,1.74,5.73,7.2,42.1,80.8
9444,H38857,H,298.0,308.8,1411,53.8,73,0,0,0,0,0,0,High,8.7,561,15,18,1.86,6.54,8.36,52.6,66.9
9445,L56624,L,298.1,308.9,2136,15.9,78,0,0,0,0,0,0,Low,4.9,258,6,371,2.33,5.53,3.47,61.2,77.5
9446,M24305,M,298.2,309.0,1446,45.8,80,0,0,0,0,0,0,Medium,4.3,335,9,38,2.07,6.06,6.98,46.3,71.2
9447,H38860,H,298.1,308.9,1388,53.5,83,0,0,0,0,0,0,High,7.7,579,11,79,2.49,6.57,8.09,64.6,80.4
9448,M24307,M,298.1,308.9,1323,51.7,88,0,0,0,0,0,0,Medium,8.1,552,15,91,2.18,5.27,7.1,34.8,64.1
9449,L56628,L,298.2,309.0,1780,29.3,91,0,0,0,0,0,0,Low,7.9,582,11,601,2.32,6.24,5.32,68.7,69.3
9450,M24309,M,298.1,308.8,1434,41.8,93,0,0,0,0,0,0,Medium,6.1,653,5,723,1.42,5.67,6.33,45.9,68.7
9451,M24310,M,298.0,308.7,1494,42.6,96,0,0,0,0,0,0,Medium,10.2,416,17,287,2.36,6.4,7.19,72.1,78.2
9452,H38865,H,298.0,308.7,1536,39.6,99,0,0,0,0,0,0,High,9.3,583,11,12,1.99,5.46,6.2,72.1,100.0
9453,M24312,M,298.0,308.7,1392,53.4,104,0,0,0,0,0,0,Medium,5.2,324,4,349,1.73,6.64,7.7,37.9,84.9
9454,H38867,H,298.2,309.0,1360,56.8,107,0,0,0,0,0,0,High,5.5,427,9,1090,2.54,4.02,7.68,53.3,45.0
9455,L56634,L,298.4,309.2,1583,35.4,112,0,0,0,0,0,0,Low,9.5,365,14,902,2.26,5.35,5.91,49.4,47.1
9456,L56635,L,298.5,309.2,1983,20.2,114,0,0,0,0,0,0,Low,7.2,501,11,367,2.4,7.12,4.41,47.6,81.4
9457,L56636,L,298.5,309.3,1630,33.3,116,0,0,0,0,0,0,Low,6.5,697,5,97,1.13,6.3,5.23,62.9,91.1
9458,M24317,M,298.5,309.3,1692,26.7,118,0,0,0,0,0,0,Medium,10.9,533,14,432,0.72,5.34,4.67,57.6,40.2
9459,L56638,L,298.4,309.1,1417,40.6,121,0,0,0,0,0,0,Low,7.8,726,9,116,1.89,5.34,6.33,46.5,77.8
9460,L56639,L,298.4,309.1,1579,36.1,123,0,0,0,0,0,0,Low,4.5,461,6,364,0.98,5.67,5.82,47.1,45.3
9461,M24320,M,298.4,309.2,1399,45.2,125,0,0,0,0,0,0,Medium,7.8,571,14,25,1.16,5.92,6.41,71.2,80.7
9462,M24321,M,298.4,309.2,1414,46.4,128,0,0,0,0,0,0,Medium,6.9,652,10,19,1.24,5.88,6.67,31.9,86.2
9463,L56642,L,298.5,309.3,1570,40.1,131,0,0,0,0,0,0,Low,7.6,643,12,58,1.04,6.71,6.81,48.9,74.9
9464,M24323,M,298.5,309.3,1552,36.8,133,0,0,0,0,0,0,Medium,7.2,454,10,612,1.43,7.24,6.02,68.4,62.6
9465,L56644,L,298.6,309.4,1440,48.2,136,0,0,0,0,0,0,Low,8.7,1041,10,200,1.95,5.94,7.68,44.2,68.0
9466,M24325,M,298.6,309.4,1460,43.8,138,0,0,0,0,0,0,Medium,6.4,438,8,103,1.27,6.19,6.55,55.8,80.6
9467,L56646,L,298.6,309.4,1471,48.0,141,0,0,0,0,0,0,Low,12.2,797,12,83,1.45,5.83,7.43,55.4,80.5
9468,L56647,L,298.6,309.3,1702,27.6,143,0,0,0,0,0,0,Low,9.6,1057,11,1054,1.8,5.36,4.9,52.8,66.1
9469,L56648,L,298.6,309.4,1375,55.4,145,0,0,0,0,0,0,Low,7.7,907,8,114,2.26,6.48,8.15,53.1,78.1
9470,L56649,L,298.6,309.4,1698,33.2,147,0,0,0,0,0,0,Low,14.4,1187,21,101,2.23,6.01,5.44,32.3,59.1
9471,H38884,H,298.6,309.4,1439,47.1,149,0,0,0,0,0,0,High,8.0,645,6,254,2.17,6.77,7.11,47.0,48.0
9472,M24331,M,298.6,309.4,1774,27.5,154,0,0,0,0,0,0,Medium,12.3,1029,17,44,1.56,5.52,5.23,50.2,63.6
9473,M24332,M,298.7,309.4,1375,48.3,157,0,0,0,0,0,0,Medium,8.6,818,16,198,2.73,6.01,5.84,82.1,69.1
9474,L56653,L,298.7,309.5,1446,40.0,160,0,0,0,0,0,0,Low,8.3,637,6,325,1.13,5.12,5.89,42.1,87.2
9475,M24334,M,298.7,309.6,1455,46.8,162,0,0,0,0,0,0,Medium,14.6,972,16,34,2.37,6.02,7.13,15.0,84.4
9476,L56655,L,298.8,309.6,1523,41.9,165,0,0,0,0,0,0,Low,11.7,950,12,1,1.98,6.19,6.85,79.2,97.6
9477,M24336,M,298.8,309.6,1692,31.9,167,0,0,0,0,0,0,Medium,10.9,1207,12,227,3.37,5.58,6.03,62.0,78.8
9478,M24337,M,298.8,309.6,1693,33.3,170,0,0,0,0,0,0,Medium,13.2,951,8,67,2.13,6.02,6.57,55.1,88.0
9479,L56658,L,298.8,309.6,1890,24.0,173,0,0,0,0,0,0,Low,5.8,416,7,17,2.8,6.11,4.79,50.0,52.5
9480,H38893,H,298.9,309.6,1600,33.5,175,0,0,0,0,0,0,High,6.8,781,11,72,2.38,4.89,5.8,34.3,56.1
9481,M24340,M,298.9,309.6,1434,43.8,180,0,0,0,0,0,0,Medium,9.5,991,14,156,2.7,5.24,6.52,77.1,89.0
9482,L56661,L,298.9,309.6,1365,50.9,183,0,0,0,0,0,0,Low,10.1,1091,12,158,3.45,5.97,7.56,50.8,74.1
9483,H38896,H,298.8,309.6,1309,57.4,185,0,0,0,0,0,0,High,10.6,1000,6,43,3.25,5.74,7.83,43.6,72.8
9484,H38897,H,298.9,309.6,1546,35.3,190,0,0,0,0,0,0,High,13.6,988,13,73,3.86,6.6,6.29,87.4,51.4
9485,L56664,L,298.9,309.6,1663,33.7,195,0,0,0,0,0,0,Low,13.7,1120,26,121,2.58,6.23,6.3,54.5,80.6
9486,L56665,L,298.9,309.6,1589,34.2,197,0,0,0,0,0,0,Low,9.2,931,16,145,3.37,6.07,5.74,66.1,70.0
9487,M24346,M,298.9,309.6,1472,46.0,199,0,0,0,0,0,0,Medium,15.0,1381,9,150,2.88,6.41,6.97,85.6,47.1
9488,L56667,L,298.9,309.6,1583,39.8,202,0,0,0,0,0,0,Low,13.2,1385,16,138,2.8,6.41,6.67,57.1,80.4
9489,M24348,M,298.9,309.6,1567,34.5,204,0,0,0,0,0,0,Medium,10.4,1009,12,25,1.99,5.57,5.55,53.2,72.8
9490,L56669,L,298.9,309.7,1407,41.9,207,0,0,0,0,0,0,Low,15.4,1467,17,455,3.01,6.35,6.24,46.3,63.1
9491,M24350,M,299.0,309.7,1418,44.7,209,0,0,0,0,0,0,Medium,8.3,906,13,39,2.69,7.06,6.26,53.6,83.3
9492,M24351,M,299.0,309.7,1489,40.7,212,0,0,0,0,0,0,Medium,11.4,1118,10,1080,2.71,6.46,6.81,71.1,44.8
9493,L56672,L,299.1,309.9,1586,36.6,215,0,0,0,0,0,0,Low,17.1,1798,15,290,2.9,5.79,5.91,48.8,54.0
9494,L56673,L,299.1,309.8,1398,55.4,217,1,0,0,0,1,0,Low,10.3,1080,17,6,3.8,4.9,8.39,66.8,67.3
9495,L56674,L,299.2,309.9,1516,41.4,219,0,0,0,0,0,0,Low,17.9,1737,20,370,3.56,5.17,5.84,49.5,78.1
9496,H38909,H,299.3,310.0,1373,44.8,221,0,0,0,0,0,0,High,11.3,942,9,661,2.89,6.11,6.19,63.8,49.1
9497,M24356,M,299.2,310.0,1349,50.4,226,0,0,0,0,0,0,Medium,11.7,1272,17,259,3.16,5.51,7.77,71.4,71.5
9498,H38911,H,299.1,309.9,1443,40.3,0,0,0,0,0,0,0,High,0.8,5,0,61,1.65,5.25,6.22,50.7,86.4
9499,H38912,H,299.2,310.1,1542,36.1,5,0,0,0,0,0,0,High,2.4,5,2,280,0.94,6.46,6.32,82.4,70.1
9500,L56679,L,299.2,310.1,1534,37.7,10,0,0,0,0,0,0,Low,1.9,89,3,232,1.04,6.68,6.05,73.3,63.6
9501,L56680,L,299.2,310.2,1697,30.6,12,0,0,0,0,0,0,Low,2.4,79,4,334,2.13,5.32,5.36,52.6,75.6
9502,L56681,L,299.3,310.3,1396,47.4,14,0,0,0,0,0,0,Low,0.7,72,1,348,1.43,6.95,7.28,45.9,67.7
9503,L56682,L,299.3,310.2,1495,49.2,16,0,0,0,0,0,0,Low,3.2,134,2,179,2.34,5.68,7.78,19.8,68.3
9504,M24363,M,299.2,310.3,1551,44.8,18,0,0,0,0,0,0,Medium,2.5,83,2,490,1.66,6.13,7.24,69.1,57.4
9505,L56684,L,299.2,310.3,1440,47.0,21,0,0,0,0,0,0,Low,1.6,91,3,75,1.54,4.98,7.71,64.9,74.3
9506,L56685,L,299.2,310.3,1429,40.1,23,0,0,0,0,0,0,Low,5.0,102,3,497,2.18,6.51,6.52,51.9,74.6
9507,H38920,H,299.3,310.4,1548,41.6,25,0,0,0,0,0,0,High,2.8,122,5,107,1.18,5.05,7.24,20.9,66.8
9508,L56687,L,299.3,310.5,1505,38.8,30,0,0,0,0,0,0,Low,3.9,160,6,786,1.51,5.07,5.99,30.0,57.2
9509,L56688,L,299.2,310.4,1611,36.4,32,0,0,0,0,0,0,Low,5.5,173,7,247,1.3,6.09,5.16,32.5,80.8
9510,M24369,M,299.2,310.4,1502,39.8,34,0,0,0,0,0,0,Medium,4.9,150,5,470,1.49,5.04,6.06,60.5,64.8
9511,M24370,M,299.2,310.4,1504,43.3,37,0,0,0,0,0,0,Medium,2.2,188,2,149,1.96,5.91,6.76,50.5,70.5
9512,L56691,L,299.1,310.3,1449,40.7,40,0,0,0,0,0,0,Low,5.0,281,2,71,1.59,5.17,5.92,64.4,57.6
9513,L56692,L,299.0,310.2,1575,37.8,42,0,0,0,0,0,0,Low,2.3,120,4,62,1.6,6.56,6.08,37.1,74.5
9514,M24373,M,299.0,310.2,1598,33.4,44,0,0,0,0,0,0,Medium,7.2,259,7,304,1.58,6.46,5.81,52.9,75.1
9515,L56694,L,299.0,310.1,1416,45.9,47,0,0,0,0,0,0,Low,9.9,291,9,131,1.86,5.51,6.4,59.4,68.6
9516,L56695,L,299.0,310.2,1682,28.8,49,0,0,0,0,0,0,Low,10.0,540,14,393,2.06,6.36,4.82,77.0,69.4
9517,L56696,L,298.9,310.1,1341,54.5,51,0,0,0,0,0,0,Low,5.9,211,12,161,2.38,5.59,7.51,51.9,66.4
9518,L56697,L,298.9,310.1,1523,39.1,53,0,0,0,0,0,0,Low,4.7,295,7,393,1.64,6.48,6.23,58.9,49.1
9519,L56698,L,299.0,310.1,1580,41.9,55,0,0,0,0,0,0,Low,6.5,249,12,122,1.28,6.08,7.59,33.1,48.4
9520,L56699,L,299.0,310.1,1531,36.0,57,0,0,0,0,0,0,Low,3.1,321,2,146,1.47,6.73,5.65,39.5,83.4
9521,L56700,L,299.0,310.1,1375,48.9,59,0,0,0,0,0,0,Low,4.4,352,5,1010,1.58,5.64,7.54,57.2,77.5
9522,M24381,M,298.9,310.1,1484,40.4,61,0,0,0,0,0,0,Medium,6.2,321,9,39,1.73,5.94,6.28,72.2,90.4
9523,M24382,M,299.0,310.2,1657,32.3,64,0,0,0,0,0,0,Medium,4.5,293,2,7,1.59,6.21,5.76,44.3,65.7
9524,L56703,L,299.0,310.2,1494,40.6,67,0,0,0,0,0,0,Low,3.5,306,3,243,1.36,6.93,6.66,43.8,80.8
9525,H38938,H,299.0,310.3,1658,27.6,69,0,0,0,0,0,0,High,6.3,339,9,154,2.62,5.99,5.37,28.5,65.2
9526,L56705,L,299.1,310.3,1411,42.1,74,0,0,0,0,0,0,Low,8.7,297,12,457,1.45,5.41,5.98,25.7,56.5
9527,M24386,M,299.2,310.4,1395,55.4,76,0,0,0,0,0,0,Medium,8.9,364,14,888,1.09,5.01,8.28,18.2,72.8
9528,L56707,L,299.1,310.4,1550,43.9,79,0,0,0,0,0,0,Low,5.8,523,10,397,2.67,5.84,7.41,66.9,58.3
9529,M24388,M,299.1,310.3,1233,59.0,81,0,0,0,0,0,0,Medium,10.4,411,15,158,2.35,6.06,7.14,49.5,68.7
9530,L56709,L,299.1,310.3,1459,46.7,84,0,0,0,0,0,0,Low,6.9,624,9,194,1.55,4.75,6.57,58.6,67.7
9531,H38944,H,299.1,310.4,1405,53.6,86,0,0,0,0,0,0,High,6.4,433,9,623,1.89,6.06,7.2,47.3,54.6
9532,L56711,L,299.2,310.5,1458,44.1,91,0,0,0,0,0,0,Low,10.9,719,12,23,1.4,6.48,6.05,64.2,92.8
9533,L56712,L,299.2,310.5,1384,48.7,93,0,0,0,0,0,0,Low,5.7,657,4,179,2.57,5.19,6.81,63.8,88.2
9534,L56713,L,299.2,310.5,1705,29.5,95,0,0,0,0,0,0,Low,9.2,789,9,17,1.49,5.55,5.46,52.5,56.2
9535,L56714,L,299.3,310.6,1443,45.7,97,0,0,0,0,0,0,Low,5.9,566,3,327,1.34,4.64,6.71,34.9,73.9
9536,M24395,M,299.3,310.6,1609,31.4,99,0,0,0,0,0,0,Medium,5.0,380,6,170,1.57,5.64,5.23,75.6,69.9
9537,L56716,L,299.3,310.5,1818,26.0,102,0,0,0,0,0,0,Low,9.5,551,9,305,1.08,5.53,4.85,35.0,60.3
9538,M24397,M,299.3,310.6,1457,42.1,104,0,0,0,0,0,0,Medium,5.5,463,5,90,1.26,6.51,6.71,44.0,68.7
9539,L56718,L,299.3,310.6,1480,45.1,107,0,0,0,0,0,0,Low,4.3,235,1,239,2.24,5.92,7.23,53.6,72.6
9540,L56719,L,299.4,310.8,1424,47.7,109,0,0,0,0,0,0,Low,6.5,487,11,429,1.97,6.31,7.24,39.0,67.6
9541,M24400,M,299.4,310.8,1628,40.2,111,0,0,0,0,0,0,Medium,10.0,720,14,436,2.03,6.48,7.38,65.7,73.5
9542,M24401,M,299.5,310.8,1754,31.3,114,0,0,0,0,0,0,Medium,10.8,732,11,13,1.55,7.29,5.68,53.7,82.9
9543,L56722,L,299.6,310.9,1716,28.5,117,0,0,0,0,0,0,Low,8.3,634,8,237,0.89,6.03,5.28,62.8,52.8
9544,M24403,M,299.5,310.9,1378,48.7,119,0,0,0,0,0,0,Medium,7.9,732,13,6,2.22,5.45,6.88,35.7,73.3
9545,L56724,L,299.6,311.0,1708,31.0,122,0,0,0,0,0,0,Low,9.4,786,15,151,1.25,5.4,5.23,71.0,69.3
9546,L56725,L,299.6,311.0,1430,38.3,124,0,0,0,0,0,0,Low,6.2,535,11,1,0.59,6.21,5.89,56.4,85.3
9547,M24406,M,299.7,311.2,1560,43.9,126,0,0,0,0,0,0,Medium,11.6,503,11,406,1.24,6.33,7.18,66.2,39.5
9548,L56727,L,299.6,311.1,1679,30.7,129,0,0,0,0,0,0,Low,11.3,1079,13,149,1.4,6.13,5.34,64.6,93.3
9549,L56728,L,299.6,311.1,1521,37.2,131,0,0,0,0,0,0,Low,12.2,819,14,572,0.89,5.56,6.01,45.6,63.4
9550,M24409,M,299.6,311.1,1649,33.8,133,0,0,0,0,0,0,Medium,11.7,749,9,33,1.8,6.83,5.89,74.0,78.4
9551,M24410,M,299.5,311.0,1451,43.3,136,0,0,0,0,0,0,Medium,8.1,606,5,2,2.93,5.96,6.53,47.8,52.5
9552,L56731,L,299.4,310.8,1391,48.9,139,0,0,0,0,0,0,Low,7.8,531,9,1004,1.95,5.49,6.43,56.0,51.1
9553,M24412,M,299.3,310.8,1523,40.9,141,0,0,0,0,0,0,Medium,6.4,369,6,461,1.33,6.8,6.27,69.5,52.7
9554,L56733,L,299.3,310.7,1495,39.2,144,0,0,0,0,0,0,Low,11.1,871,9,86,1.75,7.1,6.1,19.0,85.4
9555,M24414,M,299.3,310.7,1440,45.5,146,0,0,0,0,0,0,Medium,8.0,852,5,358,2.47,6.99,6.94,62.5,61.9
9556,H38969,H,299.4,310.8,1585,31.4,149,0,0,0,0,0,0,High,15.3,677,18,18,0.64,5.2,5.27,66.8,72.9
9557,L56736,L,299.5,310.8,1374,48.3,154,0,0,0,0,0,0,Low,10.9,963,13,59,1.93,7.12,6.6,46.1,65.5
9558,M24417,M,299.5,310.8,1507,40.2,156,0,0,0,0,0,0,Medium,12.8,793,12,171,2.05,5.69,6.24,61.3,59.6
9559,M24418,M,299.5,310.9,1577,34.6,159,0,0,0,0,0,0,Medium,10.3,890,10,213,2.27,5.56,4.81,83.7,79.4
9560,L56739,L,299.5,310.9,1496,38.5,162,0,0,0,0,0,0,Low,16.6,1632,14,97,1.7,6.19,6.14,49.9,61.3
9561,L56740,L,299.6,310.9,1487,42.5,164,0,0,0,0,0,0,Low,8.3,816,5,548,1.24,5.82,6.92,60.4,66.3
9562,L56741,L,299.6,310.9,1853,26.3,166,0,0,0,0,0,0,Low,9.3,909,9,25,2.72,5.58,5.43,35.4,68.1
9563,M24422,M,299.7,311.0,1435,50.1,168,0,0,0,0,0,0,Medium,6.0,679,9,308,2.02,5.76,7.1,65.5,73.7
9564,M24423,M,299.8,311.1,1763,25.5,171,0,0,0,0,0,0,Medium,16.0,897,21,68,0.94,6.02,4.45,63.9,84.0
9565,L56744,L,299.8,311.1,1820,24.9,174,0,0,0,0,0,0,Low,15.7,1220,27,67,2.74,5.68,4.99,71.4,74.9
9566,M24425,M,299.8,311.1,1498,38.1,176,0,0,0,0,0,0,Medium,9.6,968,15,81,2.33,6.44,6.33,30.1,84.7
9567,L56746,L,299.8,311.1,1603,35.1,179,0,0,0,0,0,0,Low,16.3,1632,22,95,2.27,5.87,5.8,63.5,84.0
9568,L56747,L,299.8,311.1,1412,42.5,181,0,0,0,0,0,0,Low,14.9,1328,17,38,3.3,5.49,6.33,73.5,78.4
9569,L56748,L,299.8,311.1,1588,38.0,183,0,0,0,0,0,0,Low,7.9,837,6,173,2.71,5.26,6.5,63.2,74.0
9570,M24429,M,299.8,311.0,1948,20.0,185,0,0,0,0,0,0,Medium,9.7,997,11,16,3.12,6.17,3.82,55.4,65.0
9571,L56750,L,299.7,310.9,1384,48.2,188,0,0,0,0,0,0,Low,9.0,793,20,63,3.56,6.1,7.19,25.3,65.3
9572,L56751,L,299.7,310.8,1589,36.0,190,0,0,0,0,0,0,Low,20.2,1645,26,27,3.64,6.23,6.29,40.9,77.7
9573,M24432,M,299.7,310.8,1405,47.6,192,0,0,0,0,0,0,Medium,10.4,1074,11,1,3.24,6.08,6.92,42.5,65.6
9574,L56753,L,299.7,310.9,1491,40.1,195,0,0,0,0,0,0,Low,13.5,1142,20,75,2.21,6.26,6.8,72.6,67.7
9575,H38988,H,299.7,310.8,1418,46.6,197,0,0,0,0,0,0,High,14.9,807,15,359,2.99,5.6,6.81,30.0,75.8
9576,M24435,M,299.6,310.8,1603,35.4,202,0,0,0,0,0,0,Medium,12.9,883,22,190,3.23,5.87,5.44,89.5,82.6
9577,L56756,L,299.6,310.7,1922,23.3,205,1,1,0,0,0,0,Low,8.3,890,13,446,1.87,6.91,4.67,47.0,32.2
9578,M24437,M,299.5,310.7,1364,49.5,0,0,0,0,0,0,0,Medium,2.0,34,2,357,1.17,6.2,6.59,59.9,66.7
9579,L56758,L,299.4,310.7,1551,41.2,3,0,0,0,0,0,0,Low,2.7,39,2,117,1.92,6.66,6.84,60.8,82.2
9580,L56759,L,299.5,310.7,1589,33.5,5,0,0,0,0,0,0,Low,1.4,12,2,175,1.58,5.18,5.87,42.4,66.5
9581,M24440,M,299.5,310.7,1423,56.5,7,0,0,0,0,0,0,Medium,5.4,57,8,685,2.54,5.76,7.93,49.6,68.7
9582,L56761,L,299.4,310.6,1418,53.1,10,0,0,0,0,0,0,Low,1.4,79,2,535,2.46,5.58,8.19,27.5,70.6
9583,M24442,M,299.3,310.5,1404,47.5,12,0,0,0,0,0,0,Medium,2.4,111,1,262,1.24,5.3,7.2,70.8,68.7
9584,L56763,L,299.3,310.5,1281,59.8,15,0,0,0,0,0,0,Low,4.5,137,6,301,2.27,6.04,7.73,65.5,62.8
9585,L56764,L,299.3,310.5,1529,41.3,17,0,0,0,0,0,0,Low,3.4,98,4,218,1.63,5.72,6.55,45.1,57.0
9586,M24445,M,299.3,310.5,1563,42.1,19,0,0,0,0,0,0,Medium,2.1,98,3,31,2.11,5.89,6.94,68.3,55.9
9587,L56766,L,299.4,310.6,1348,54.5,22,0,0,0,0,0,0,Low,7.7,78,9,130,2.63,6.11,7.75,54.8,74.2
9588,M24447,M,299.3,310.5,1462,40.5,24,0,0,0,0,0,0,Medium,2.4,163,3,257,0.53,5.76,6.08,25.6,51.1
9589,H39002,H,299.3,310.4,1510,45.5,27,0,0,0,0,0,0,High,5.8,156,13,812,0.41,6.29,6.95,71.8,66.7
9590,L56769,L,299.2,310.4,1472,43.3,32,0,0,0,0,0,0,Low,4.8,128,11,675,1.22,6.56,6.27,58.2,72.6
9591,M24450,M,299.2,310.4,1325,52.0,34,0,0,0,0,0,0,Medium,5.8,223,7,334,2.68,4.95,6.87,68.0,78.8
9592,L56771,L,299.2,310.4,1570,37.3,37,0,0,0,0,0,0,Low,2.7,253,2,116,1.28,5.71,5.95,56.7,65.7
9593,L56772,L,299.2,310.4,1379,46.8,39,0,0,0,0,0,0,Low,3.5,130,7,464,3.04,6.52,7.04,49.9,78.7
9594,L56773,L,299.1,310.2,1352,52.8,41,0,0,0,0,0,0,Low,4.7,194,2,80,1.26,5.63,6.81,52.5,41.1
9595,L56774,L,299.1,310.3,1727,28.7,43,0,0,0,0,0,0,Low,5.6,260,5,377,1.25,6.89,5.16,36.9,60.1
9596,H39009,H,299.0,310.1,1432,50.0,45,0,0,0,0,0,0,High,3.8,194,4,361,1.49,7.01,8.03,62.2,44.2
9597,L56776,L,298.9,310.1,1466,43.4,50,0,0,0,0,0,0,Low,5.1,132,3,214,0.99,5.4,5.87,58.6,74.1
9598,L56777,L,298.9,310.1,1510,38.0,52,0,0,0,0,0,0,Low,4.8,299,6,42,1.0,5.74,6.11,53.4,65.6
9599,L56778,L,299.0,310.2,1490,41.1,54,0,0,0,0,0,0,Low,4.0,332,4,525,1.64,6.22,6.29,44.1,52.1
9600,L56779,L,299.0,310.1,1463,37.4,56,0,0,0,0,0,0,Low,5.2,465,7,275,1.52,6.94,5.73,35.6,49.1
9601,M24460,M,298.9,310.0,1561,45.3,58,0,0,0,0,0,0,Medium,6.4,348,6,86,1.16,6.3,7.37,67.8,75.8
9602,L56781,L,298.9,310.1,2109,18.0,61,0,0,0,0,0,0,Low,3.6,274,2,283,2.52,6.09,4.22,29.1,67.3
9603,L56782,L,298.9,310.2,1705,32.5,63,0,0,0,0,0,0,Low,6.3,260,7,76,1.43,6.11,5.68,67.4,63.9
9604,M24463,M,298.9,310.1,1549,40.2,65,0,0,0,0,0,0,Medium,3.8,300,4,180,2.01,6.28,6.43,23.9,77.2
9605,H39018,H,299.0,310.2,1637,38.0,68,0,0,0,0,0,0,High,3.2,272,2,149,1.89,6.01,6.39,46.4,63.8
9606,M24465,M,298.9,310.1,1484,37.9,73,0,0,0,0,0,0,Medium,11.4,338,19,245,1.81,6.01,6.03,63.5,76.4
9607,L56786,L,298.9,310.1,1401,44.4,76,0,0,0,0,0,0,Low,8.8,322,6,284,1.65,5.91,6.4,68.6,51.6
9608,L56787,L,298.9,310.1,1571,36.8,78,0,0,0,0,0,0,Low,5.5,328,5,31,1.53,5.96,6.13,50.0,93.4
9609,M24468,M,298.9,310.1,1513,41.5,80,0,0,0,0,0,0,Medium,4.2,298,4,28,1.63,5.88,6.84,65.6,95.3
9610,L56789,L,299.0,310.1,1470,40.3,83,0,0,0,0,0,0,Low,8.3,488,7,61,3.09,6.84,6.16,36.8,66.3
9611,L56790,L,299.0,310.1,1505,41.3,85,0,0,0,0,0,0,Low,15.0,625,13,260,1.2,6.43,6.24,42.6,85.9
9612,L56791,L,299.0,310.2,1432,42.2,87,0,0,0,0,0,0,Low,5.4,422,9,159,1.9,6.02,5.57,61.5,64.5
9613,M24472,M,299.0,310.2,1625,31.8,89,0,0,0,0,0,0,Medium,11.4,367,14,127,2.08,7.13,5.77,48.9,77.2
9614,L56793,L,299.0,310.2,1377,62.5,92,1,0,0,1,0,0,Low,4.4,325,4,233,3.94,4.99,9.31,44.6,45.3
9615,M24474,M,299.1,310.3,1441,43.9,94,0,0,0,0,0,0,Medium,3.5,347,3,174,2.31,5.8,6.31,51.2,62.9
9616,M24475,M,299.0,310.2,1564,39.9,97,0,0,0,0,0,0,Medium,5.4,334,7,290,0.54,6.02,6.46,49.3,78.2
9617,L56796,L,298.9,310.1,1580,37.3,100,0,0,0,0,0,0,Low,4.1,425,5,33,1.42,5.95,6.77,51.2,95.5
9618,L56797,L,299.0,310.2,1516,35.3,102,0,0,0,0,0,0,Low,8.2,499,9,61,0.23,6.32,5.36,77.7,72.0
9619,L56798,L,299.0,310.1,1447,42.8,104,0,0,0,0,0,0,Low,6.9,727,8,78,1.75,6.39,6.82,72.1,57.8
9620,M24479,M,298.9,310.0,1323,52.9,106,0,0,0,0,0,0,Medium,8.1,531,4,54,2.2,6.27,7.94,68.5,77.6
9621,L56800,L,298.9,310.0,1470,45.9,109,0,0,0,0,0,0,Low,10.5,690,10,74,1.51,5.35,6.95,55.2,56.5
9622,M24481,M,299.0,310.0,2049,19.5,111,0,0,0,0,0,0,Medium,12.6,577,13,408,2.55,6.49,3.95,59.5,54.9
9623,L56802,L,298.9,310.0,1794,27.2,114,0,0,0,0,0,0,Low,5.8,612,4,268,2.4,5.62,5.17,40.3,63.9
9624,L56803,L,298.9,310.1,1356,47.8,116,0,0,0,0,0,0,Low,6.2,564,5,354,1.46,6.03,6.7,83.6,72.8
9625,H39038,H,299.0,310.1,1555,38.6,118,0,0,0,0,0,0,High,7.4,654,11,282,0.97,6.26,6.36,43.7,57.5
9626,M24485,M,299.0,310.1,1487,47.5,123,0,0,0,0,0,0,Medium,8.2,528,12,142,1.43,4.64,7.18,76.2,66.4
9627,M24486,M,299.0,310.0,1341,58.9,126,0,0,0,0,0,0,Medium,13.4,1327,29,90,2.63,5.91,8.03,52.5,74.9
9628,M24487,M,298.9,310.0,1487,36.6,129,0,0,0,0,0,0,Medium,6.3,631,5,481,1.5,4.76,5.87,74.5,72.9
9629,H39042,H,299.0,310.0,1569,34.3,132,0,0,0,0,0,0,High,5.9,509,6,246,2.15,5.87,5.08,47.8,53.2
9630,H39043,H,299.0,310.1,2053,19.7,137,0,0,0,0,0,0,High,6.8,454,13,135,1.7,4.71,4.29,65.2,66.1
9631,L56810,L,299.0,310.1,1583,35.8,142,0,0,0,0,0,0,Low,7.0,614,13,149,2.34,6.67,5.75,76.2,73.0
9632,L56811,L,299.0,310.0,1672,33.2,144,0,0,0,0,0,0,Low,10.9,458,12,22,2.75,5.64,5.83,75.9,76.9
9633,M24492,M,299.0,310.0,1337,57.4,146,0,0,0,0,0,0,Medium,9.3,706,10,1360,3.67,5.65,7.37,58.6,51.3
9634,H39047,H,299.1,310.1,1421,41.2,149,0,0,0,0,0,0,High,7.6,789,11,22,1.96,7.29,6.72,55.1,77.1
9635,L56814,L,299.1,310.2,1425,52.7,154,0,0,0,0,0,0,Low,8.6,733,10,760,2.49,5.92,7.94,63.0,56.5
9636,L56815,L,299.2,310.2,1609,33.2,156,0,0,0,0,0,0,Low,10.8,822,14,171,2.53,6.46,5.87,72.1,83.0
9637,L56816,L,299.2,310.3,1507,41.3,158,0,0,0,0,0,0,Low,12.2,1080,19,44,1.91,5.31,6.17,67.2,82.1
9638,L56817,L,299.2,310.3,1463,38.9,160,0,0,0,0,0,0,Low,9.6,935,9,252,1.45,5.36,5.77,60.2,84.1
9639,H39052,H,299.3,310.4,1393,44.9,162,0,0,0,0,0,0,High,11.7,1137,7,60,1.26,5.92,6.57,74.0,66.0
9640,L56819,L,299.3,310.4,1725,26.8,167,0,0,0,0,0,0,Low,9.1,802,20,702,1.97,5.54,4.84,35.6,46.4
9641,L56820,L,299.4,310.5,1514,36.1,169,0,0,0,0,0,0,Low,12.7,914,16,168,2.98,5.6,5.83,63.8,68.3
9642,L56821,L,299.3,310.4,1365,53.9,171,0,0,0,0,0,0,Low,12.4,1001,11,63,2.9,5.94,7.67,44.8,74.3
9643,L56822,L,299.4,310.5,1372,46.3,173,0,0,0,0,0,0,Low,9.6,1076,10,278,1.52,5.54,6.62,82.2,72.7
9644,L56823,L,299.4,310.4,1509,40.6,175,0,0,0,0,0,0,Low,13.6,813,18,59,2.22,5.01,6.45,68.6,51.1
9645,L56824,L,299.3,310.4,1629,32.6,177,0,0,0,0,0,0,Low,15.0,808,18,475,2.72,6.18,5.53,33.4,54.2
9646,L56825,L,299.4,310.5,1749,28.1,179,0,0,0,0,0,0,Low,12.6,1282,20,209,3.2,5.87,5.05,35.3,61.3
9647,L56826,L,299.4,310.4,1582,31.7,181,0,0,0,0,0,0,Low,14.4,1293,19,15,1.93,5.6,5.1,34.4,77.7
9648,L56827,L,299.2,310.2,1458,47.0,183,0,0,0,0,0,0,Low,18.7,767,27,607,2.48,7.01,7.5,62.8,46.9
9649,L56828,L,299.1,310.1,1416,41.2,185,0,0,0,0,0,0,Low,13.7,1334,13,94,1.34,6.4,5.83,67.4,79.0
9650,H39063,H,299.1,310.0,1657,33.1,187,0,0,0,0,0,0,High,10.5,896,16,285,2.91,5.67,5.38,26.3,53.5
9651,M24510,M,299.1,310.0,1437,41.1,192,0,0,0,0,0,0,Medium,9.9,680,12,10,1.08,5.81,6.18,46.1,65.0
9652,M24511,M,299.1,310.0,1580,36.0,195,0,0,0,0,0,0,Medium,12.2,718,14,291,2.43,4.58,6.11,48.1,55.3
9653,M24512,M,299.0,310.0,1488,46.3,198,0,0,0,0,0,0,Medium,7.6,864,11,121,2.38,5.42,8.48,59.7,74.1
9654,L56833,L,299.0,309.9,1373,55.7,201,1,0,0,0,1,0,Low,9.5,840,9,74,4.27,6.21,7.74,50.2,81.2
9655,L56834,L,299.1,310.0,1367,56.3,203,1,0,0,0,1,0,Low,11.9,674,15,48,4.11,6.94,8.1,58.4,97.0
9656,H39069,H,299.1,310.0,1431,49.5,205,0,0,0,0,0,0,High,20.5,1937,22,918,2.43,5.58,7.27,38.3,59.7
9657,L56836,L,299.0,310.1,1623,33.0,210,0,0,0,0,0,0,Low,13.6,1216,14,250,2.72,5.73,5.62,33.7,66.7
9658,L56837,L,299.0,310.0,1484,39.6,212,0,0,0,0,0,0,Low,10.8,931,11,244,1.54,5.98,6.34,43.3,63.4
9659,L56838,L,299.0,309.9,1548,34.5,214,0,0,0,0,0,0,Low,16.7,1276,22,58,2.25,6.09,5.37,53.9,75.5
9660,L56839,L,298.9,309.8,1287,61.9,216,1,0,0,0,1,0,Low,10.9,829,6,109,3.15,5.39,8.49,56.3,99.1
9661,M24520,M,298.9,309.8,1392,43.1,218,0,0,0,0,0,0,Medium,17.5,1156,15,162,3.07,5.24,6.03,29.5,61.4
9662,H39075,H,299.0,310.0,1458,44.9,221,0,0,0,0,0,0,High,11.7,1131,19,43,3.37,7.52,6.71,42.2,94.0
9663,M24522,M,299.1,310.1,1570,30.9,226,0,0,0,0,0,0,Medium,10.6,1246,19,145,2.41,4.99,5.29,60.7,80.1
9664,L56843,L,299.1,310.1,1435,48.8,229,1,0,0,0,1,0,Low,16.8,1356,18,67,4.11,6.8,7.2,75.8,64.9
9665,L56844,L,299.1,310.2,1317,54.8,231,1,0,0,0,1,0,Low,14.1,1439,10,61,4.81,6.28,7.5,40.3,73.8
9666,L56845,L,299.2,310.3,1610,33.3,233,0,0,0,0,0,0,Low,12.3,1143,12,432,2.82,5.91,5.91,68.2,45.3
9667,M24526,M,299.1,310.3,1838,24.0,235,0,0,0,0,0,0,Medium,15.5,1480,27,71,3.17,6.08,5.11,36.9,79.0
9668,L56847,L,299.2,310.3,1352,48.9,238,1,0,0,0,1,0,Low,9.9,976,8,13,4.02,7.05,7.29,79.3,60.6
9669,L56848,L,299.1,310.3,1619,35.2,240,0,0,0,0,0,0,Low,10.0,1100,13,236,3.24,6.02,5.98,32.2,70.8
9670,L56849,L,299.1,310.3,1619,31.1,242,0,0,0,0,0,0,Low,12.9,918,9,182,3.36,6.26,5.06,26.6,69.6
9671,L56850,L,299.0,310.2,1690,30.7,244,0,0,0,0,0,0,Low,14.3,1709,15,41,3.6,6.96,5.23,52.1,78.0
9672,L56851,L,299.0,310.2,1412,44.1,246,0,0,0,0,0,0,Low,25.0,2042,31,57,3.62,6.59,6.18,33.2,67.9
9673,H39086,H,299.0,310.2,1744,31.5,0,0,0,0,0,0,0,High,3.2,51,4,87,3.38,4.94,5.55,56.9,77.4
9674,M24533,M,299.0,310.1,1593,35.4,5,0,0,0,0,0,0,Medium,0.5,27,0,14,1.43,4.96,5.89,40.9,69.6
9675,L56854,L,299.1,310.2,1695,29.6,8,0,0,0,0,0,0,Low,6.4,64,5,21,2.09,6.09,5.2,65.2,70.4
9676,M24535,M,299.0,310.2,1298,57.2,10,0,0,0,0,0,0,Medium,1.2,93,1,272,1.48,5.57,7.68,52.0,74.5
9677,L56856,L,299.0,310.1,1886,21.2,13,0,0,0,0,0,0,Low,2.2,58,6,418,0.95,6.03,4.28,41.8,49.1
9678,L56857,L,299.0,310.1,2033,19.3,15,0,0,0,0,0,0,Low,9.2,89,13,18,3.01,6.12,4.21,59.6,76.5
9679,M24538,M,299.1,310.2,1711,28.1,17,0,0,0,0,0,0,Medium,5.2,171,6,230,1.53,6.99,5.09,41.5,61.0
9680,L56859,L,299.1,310.2,1598,33.4,20,0,0,0,0,0,0,Low,3.7,43,5,303,2.04,5.76,5.74,53.6,61.0
9681,L56860,L,299.1,310.1,1894,24.2,22,0,0,0,0,0,0,Low,4.9,135,8,182,2.43,5.81,5.5,45.4,53.5
9682,M24541,M,299.1,310.1,1412,44.4,24,0,0,0,0,0,0,Medium,2.4,138,4,339,2.07,5.32,6.75,65.8,49.3
9683,L56862,L,299.1,310.0,1394,46.6,27,0,0,0,0,0,0,Low,5.1,144,8,227,1.43,5.96,7.16,36.0,64.3
9684,M24543,M,299.0,310.0,1338,56.4,29,0,0,0,0,0,0,Medium,4.5,115,2,204,2.58,5.38,8.22,30.7,69.3
9685,H39098,H,298.9,309.9,1376,51.0,32,0,0,0,0,0,0,High,4.1,209,10,203,2.96,6.34,7.24,63.7,73.7
9686,L56865,L,299.0,310.0,1360,48.1,37,0,0,0,0,0,0,Low,9.5,306,13,28,1.9,5.77,7.17,34.3,72.8
9687,L56866,L,299.1,310.1,1486,40.7,39,0,0,0,0,0,0,Low,6.6,217,11,499,2.14,5.8,6.12,56.9,69.5
9688,M24547,M,299.1,310.1,1649,31.6,41,0,0,0,0,0,0,Medium,4.0,372,9,188,1.51,6.43,5.14,70.7,65.1
9689,L56868,L,299.1,310.1,1367,45.6,44,0,0,0,0,0,0,Low,4.0,245,3,139,1.54,6.0,6.89,65.6,66.8
9690,L56869,L,299.0,310.1,1362,59.5,46,0,0,0,0,0,0,Low,3.0,159,4,38,3.16,6.55,9.39,51.4,92.1
9691,M24550,M,298.9,310.0,1520,35.6,48,0,0,0,0,0,0,Medium,3.0,207,2,49,1.23,5.56,5.55,69.9,81.9
9692,L56871,L,299.0,310.0,1582,31.9,51,0,0,0,0,0,0,Low,8.1,213,7,495,1.37,6.42,5.45,54.6,57.0
9693,M24552,M,299.0,310.0,1667,30.0,53,0,0,0,0,0,0,Medium,3.8,221,1,458,1.46,5.3,4.88,37.8,61.7
9694,L56873,L,298.9,310.0,1693,28.8,56,0,0,0,0,0,0,Low,6.4,185,6,188,1.27,6.47,5.59,84.2,59.3
9695,L56874,L,298.9,310.0,1559,33.4,58,0,0,0,0,0,0,Low,7.0,364,6,533,1.94,5.55,5.38,44.8,78.8
9696,L56875,L,298.9,309.9,1592,32.0,60,0,0,0,0,0,0,Low,3.5,314,5,184,1.58,5.28,5.4,59.0,70.9
9697,L56876,L,298.9,309.9,1404,39.8,62,0,0,0,0,0,0,Low,9.2,348,8,537,1.71,6.08,5.78,55.7,47.9
9698,M24557,M,298.8,309.8,1413,45.5,64,0,0,0,0,0,0,Medium,4.6,244,4,341,1.13,6.98,6.7,34.5,65.7
9699,L56878,L,298.8,309.8,1663,28.2,67,0,0,0,0,0,0,Low,5.2,387,9,105,1.42,5.95,4.54,68.6,56.2
9700,L56879,L,298.8,309.8,1508,36.3,69,0,0,0,0,0,0,Low,2.7,240,6,771,1.91,6.0,5.49,49.8,54.2
9701,M24560,M,298.9,309.8,1353,53.7,71,0,0,0,0,0,0,Medium,4.8,422,6,283,1.76,5.23,7.61,68.2,67.5
9702,L56881,L,298.8,309.8,1485,42.4,74,0,0,0,0,0,0,Low,3.5,291,7,304,1.93,7.56,6.72,39.5,62.8
9703,L56882,L,298.9,310.0,1633,31.2,76,0,0,0,0,0,0,Low,3.5,361,3,237,1.65,5.22,5.62,42.8,71.9
9704,L56883,L,298.9,310.0,1422,43.6,78,0,0,0,0,0,0,Low,6.9,382,4,386,1.77,6.17,6.52,60.6,69.4
9705,L56884,L,298.9,310.1,1577,41.4,80,0,0,0,0,0,0,Low,4.5,402,5,121,2.97,6.18,7.65,71.2,77.2
9706,L56885,L,298.9,310.0,1482,41.1,82,0,0,0,0,0,0,Low,6.2,394,4,51,2.0,5.91,6.55,64.2,80.4
9707,M24566,M,299.0,310.1,1705,30.1,84,0,0,0,0,0,0,Medium,9.6,447,13,192,2.66,6.28,5.56,28.2,83.1
9708,L56887,L,299.0,310.1,1699,32.9,87,0,0,0,0,0,0,Low,8.2,449,9,886,1.23,6.45,5.65,68.2,61.0
9709,L56888,L,299.0,310.1,1664,29.7,89,0,0,0,0,0,0,Low,8.0,566,6,134,2.02,4.83,5.46,47.4,60.1
9710,M24569,M,299.0,310.0,1486,34.6,91,0,0,0,0,0,0,Medium,4.6,516,1,236,2.41,6.97,5.53,35.4,85.8
9711,L56890,L,299.1,310.1,1336,61.3,94,0,0,0,0,0,0,Low,6.4,704,4,307,2.81,5.61,9.23,71.2,93.5
9712,H39125,H,299.1,310.1,1429,42.9,96,0,0,0,0,0,0,High,5.1,426,4,322,1.46,5.75,5.98,46.3,56.5
9713,M24572,M,299.1,310.2,1456,48.4,101,0,0,0,0,0,0,Medium,9.1,676,6,316,1.71,5.55,6.5,69.8,58.1
9714,L56893,L,299.1,310.2,1496,45.0,104,0,0,0,0,0,0,Low,5.9,571,13,143,1.15,5.33,7.08,58.5,84.2
9715,L56894,L,299.1,310.1,1894,20.1,106,0,0,0,0,0,0,Low,5.3,502,8,10,1.93,6.68,4.13,56.9,86.2
9716,L56895,L,299.1,310.1,1373,55.6,108,0,0,0,0,0,0,Low,9.4,448,9,138,1.8,5.87,8.38,70.2,66.0
9717,H39130,H,299.0,310.0,1387,45.2,110,0,0,0,0,0,0,High,9.5,880,16,53,1.24,6.53,6.59,40.9,55.7
9718,L56897,L,298.9,309.9,1500,44.2,115,0,0,0,0,0,0,Low,5.9,639,3,61,1.96,6.55,7.7,71.6,52.4
9719,L56898,L,298.9,309.9,1517,36.6,117,0,0,0,0,0,0,Low,8.0,543,8,332,1.28,6.88,5.78,30.7,59.8
9720,L56899,L,298.9,309.9,1309,56.2,119,0,0,0,0,0,0,Low,5.9,608,11,123,2.56,5.29,7.69,57.9,87.3
9721,M24580,M,298.9,309.9,1357,54.5,121,0,0,0,0,0,0,Medium,7.5,487,9,485,2.17,5.7,7.88,79.1,66.3
9722,L56901,L,298.8,309.8,1490,40.6,124,0,0,0,0,0,0,Low,8.3,772,11,299,2.77,6.27,6.02,68.9,63.2
9723,H39136,H,298.8,309.8,1911,21.6,126,0,0,0,0,0,0,High,11.8,1095,10,563,2.04,6.53,4.33,55.3,81.1
9724,L56903,L,298.8,309.8,1599,33.6,131,0,0,0,0,0,0,Low,5.9,585,5,379,2.04,5.4,5.46,78.4,71.1
9725,M24584,M,298.8,309.7,2098,19.0,133,0,0,0,0,0,0,Medium,8.2,770,12,179,2.11,5.25,4.3,44.2,65.5
9726,M24585,M,298.7,309.7,1629,27.9,136,0,0,0,0,0,0,Medium,11.2,1155,10,133,1.59,6.34,4.71,60.0,56.7
9727,L56906,L,298.8,309.8,1557,37.2,139,0,0,0,0,0,0,Low,7.5,756,5,113,1.69,6.02,6.03,51.8,61.3
9728,L56907,L,298.8,309.8,1461,39.4,141,0,0,0,0,0,0,Low,6.6,567,4,111,1.81,5.57,5.93,56.3,90.3
9729,L56908,L,298.8,309.8,1563,33.7,143,0,0,0,0,0,0,Low,9.1,1054,10,313,1.74,5.1,5.63,67.5,65.8
9730,L56909,L,298.7,309.8,1695,29.0,145,0,0,0,0,0,0,Low,7.8,422,6,363,1.57,5.33,5.5,57.5,48.0
9731,L56910,L,298.8,310.0,1528,36.7,147,0,0,0,0,0,0,Low,11.9,942,12,541,2.3,6.34,5.64,42.9,59.2
9732,L56911,L,298.8,310.0,1389,49.6,149,0,0,0,0,0,0,Low,8.3,766,8,75,2.46,6.7,7.23,16.9,76.9
9733,L56912,L,298.9,310.0,2231,17.4,151,0,0,0,0,0,0,Low,11.1,1096,13,6,3.6,6.53,4.23,73.3,74.3
9734,M24593,M,298.9,310.1,1442,42.9,153,0,0,0,0,0,0,Medium,8.2,772,10,768,1.9,5.43,6.61,66.5,75.6
9735,H39148,H,298.9,310.1,1458,44.3,156,0,0,0,0,0,0,High,11.1,819,12,191,2.82,6.68,7.27,63.3,82.1
9736,L56915,L,299.0,310.1,1444,47.7,161,0,0,0,0,0,0,Low,12.1,1267,14,373,2.16,6.8,6.5,61.0,55.1
9737,M24596,M,298.9,310.0,1348,58.2,163,0,0,0,0,0,0,Medium,8.3,405,8,190,1.93,6.3,7.96,52.7,63.2
9738,L56917,L,298.9,310.0,1791,27.6,166,0,0,0,0,0,0,Low,9.0,998,11,178,2.58,6.03,5.16,37.4,72.7
9739,L56918,L,299.0,310.0,1509,38.0,168,0,0,0,0,0,0,Low,13.3,996,10,249,0.75,6.35,6.16,58.9,74.9
9740,L56919,L,298.9,310.0,1515,42.9,170,0,0,0,0,0,0,Low,6.0,698,9,867,2.31,5.07,6.73,55.0,47.3
9741,M24600,M,298.9,310.1,1655,31.5,172,0,0,0,0,0,0,Medium,6.8,611,11,498,2.54,4.9,5.38,74.2,73.3
9742,L56921,L,298.9,310.1,1495,42.9,175,0,0,0,0,0,0,Low,10.1,693,12,217,0.98,5.96,6.68,53.4,64.6
9743,L56922,L,298.9,310.2,1623,37.2,177,0,0,0,0,0,0,Low,15.2,1249,22,357,1.23,5.9,6.22,67.3,74.4
9744,L56923,L,298.9,310.2,1562,42.5,179,0,0,0,0,0,0,Low,8.1,886,9,882,1.75,4.23,7.4,52.1,56.8
9745,L56924,L,298.8,310.1,1574,36.2,181,0,0,0,0,0,0,Low,16.2,1512,24,55,2.34,6.11,6.08,59.7,73.3
9746,L56925,L,298.8,310.0,1611,32.4,183,0,0,0,0,0,0,Low,9.6,752,9,217,1.69,6.55,5.43,38.1,73.0
9747,L56926,L,298.8,310.0,1403,45.6,185,0,0,0,0,0,0,Low,15.8,1453,21,270,3.27,6.83,6.81,30.3,72.3
9748,L56927,L,298.8,310.1,1481,47.4,187,0,0,0,0,0,0,Low,21.8,1245,23,39,1.95,6.22,6.89,50.6,75.3
9749,M24608,M,298.9,310.1,1441,41.2,189,0,0,0,0,0,0,Medium,20.7,1013,24,370,2.9,5.69,6.05,67.0,66.8
9750,H39163,H,298.8,310.1,1483,45.4,192,0,0,0,0,0,0,High,13.3,896,19,3,1.37,6.74,6.86,57.4,84.7
9751,L56930,L,298.7,310.0,1555,32.6,197,0,0,0,0,0,0,Low,10.5,1131,5,221,3.41,6.68,5.61,49.1,96.4
9752,L56931,L,298.6,309.9,1615,28.8,199,0,0,0,0,0,0,Low,7.3,677,10,32,3.19,6.06,5.21,44.3,85.7
9753,L56932,L,298.6,309.8,1561,32.6,201,0,0,0,0,0,0,Low,10.4,917,7,14,1.66,6.39,5.16,29.8,68.6
9754,L56933,L,298.5,309.8,1593,35.1,203,0,0,0,0,0,0,Low,9.6,942,8,43,2.8,6.41,6.22,62.8,85.0
9755,M24614,M,298.5,309.7,1552,34.0,205,0,0,0,0,0,0,Medium,13.8,1523,21,173,3.04,7.24,5.59,45.6,78.1
9756,H39169,H,298.5,309.7,1561,35.3,208,0,0,0,0,0,0,High,11.0,741,16,949,3.65,3.99,5.71,18.7,67.2
9757,L56936,L,298.6,309.8,1597,35.9,213,0,0,0,0,0,0,Low,12.2,1381,21,244,1.99,6.49,5.85,53.3,75.6
9758,M24617,M,298.6,309.9,1517,34.0,215,0,0,0,0,0,0,Medium,6.6,765,3,54,3.82,5.86,5.34,65.8,76.6
9759,L56938,L,298.6,309.8,2271,16.2,218,1,1,0,0,0,0,Low,9.7,676,12,1247,3.91,5.94,3.82,92.3,23.2
9760,L56939,L,298.5,309.7,1613,36.7,0,0,0,0,0,0,0,Low,4.0,5,3,298,3.04,6.46,5.77,74.5,62.5
9761,M24620,M,298.5,309.6,1509,47.3,2,0,0,0,0,0,0,Medium,0.6,7,0,158,2.76,6.04,7.4,60.5,81.5
9762,L56941,L,298.6,309.7,1703,26.1,5,0,0,0,0,0,0,Low,1.3,91,0,86,0.2,6.1,4.66,52.6,87.4
9763,L56942,L,298.6,309.7,1925,22.1,7,0,0,0,0,0,0,Low,2.5,17,3,273,2.58,5.81,4.18,61.4,54.3
9764,M24623,M,298.6,309.6,1635,29.7,9,0,0,0,0,0,0,Medium,3.1,12,4,199,1.6,6.28,4.97,50.6,57.8
9765,L56944,L,298.5,309.5,1294,66.7,12,1,0,0,1,0,0,Low,2.3,56,4,8,3.28,6.35,8.85,42.4,84.0
9766,L56945,L,298.6,309.6,1472,39.1,14,0,0,0,0,0,0,Low,2.5,118,2,637,1.84,5.43,5.62,38.1,57.6
9767,H39180,H,298.6,309.6,1449,42.5,16,0,0,0,0,0,0,High,2.8,73,1,103,1.71,6.3,6.84,22.4,76.4
9768,L56947,L,298.6,309.6,1563,35.0,21,0,0,0,0,0,0,Low,5.7,225,6,167,2.03,6.43,5.73,57.8,76.3
9769,L56948,L,298.6,309.6,1611,35.7,23,0,0,0,0,0,0,Low,1.8,143,0,158,1.08,6.14,5.52,58.4,83.2
9770,L56949,L,298.6,309.6,1386,48.6,25,0,0,0,0,0,0,Low,4.6,241,7,222,0.72,6.76,7.27,73.8,87.6
9771,H39184,H,298.6,309.5,1584,31.8,27,0,0,0,0,0,0,High,2.1,116,0,169,2.01,5.9,5.09,19.0,60.4
9772,M24631,M,298.7,309.6,1424,50.4,32,0,0,0,0,0,0,Medium,11.4,123,16,144,2.1,5.46,7.02,70.7,63.7
9773,L56952,L,298.5,309.5,1561,34.8,35,0,0,0,0,0,0,Low,4.8,251,7,131,2.32,6.06,5.66,58.9,85.2
9774,L56953,L,298.5,309.4,1560,37.9,37,0,0,0,0,0,0,Low,8.1,171,11,33,1.95,5.97,6.73,73.6,73.4
9775,H39188,H,298.6,309.5,1375,41.0,39,0,0,0,0,0,0,High,5.7,240,6,666,1.22,5.15,5.9,77.9,66.0
9776,M24635,M,298.6,309.5,1684,27.8,44,0,0,0,0,0,0,Medium,10.6,267,7,673,1.99,6.37,4.75,27.6,47.1
9777,M24636,M,298.6,309.6,1397,54.1,47,0,0,0,0,0,0,Medium,5.2,350,3,236,2.93,7.25,8.19,62.3,67.7
9778,L56957,L,298.6,309.6,1387,57.6,50,0,0,0,0,0,0,Low,4.2,200,5,1144,2.4,6.04,8.04,58.6,62.5
9779,H39192,H,298.7,309.7,1311,54.5,52,0,0,0,0,0,0,High,5.2,382,7,41,0.87,5.69,8.06,66.2,78.3
9780,L56959,L,298.8,309.8,1509,36.2,57,0,0,0,0,0,0,Low,5.2,467,6,24,2.38,4.73,5.7,79.2,73.9
9781,M24640,M,298.8,309.8,1477,46.7,59,0,0,0,0,0,0,Medium,3.4,338,3,266,1.1,6.26,7.46,52.6,46.9
9782,L56961,L,298.8,309.9,1441,41.6,62,0,0,0,0,0,0,Low,5.9,355,8,536,1.14,6.58,5.74,45.4,47.2
9783,L56962,L,298.7,309.9,1404,47.1,64,0,0,0,0,0,0,Low,7.8,370,7,446,1.13,5.83,6.94,49.3,77.6
9784,H39197,H,298.8,309.9,1466,44.6,66,0,0,0,0,0,0,High,5.6,419,9,387,1.75,5.93,6.47,30.3,72.8
9785,M24644,M,298.7,309.8,1435,48.8,71,0,0,0,0,0,0,Medium,3.4,225,4,263,1.61,4.99,7.22,88.0,73.9
9786,H39199,H,298.7,309.7,1697,29.8,74,0,0,0,0,0,0,High,9.4,346,15,183,2.21,6.12,5.35,79.8,83.6
9787,M24646,M,298.7,309.6,1738,27.3,79,0,0,0,0,0,0,Medium,4.4,422,3,146,2.41,5.26,4.86,51.4,77.1
9788,H39201,H,298.6,309.5,1420,50.4,82,0,0,0,0,0,0,High,5.8,411,10,625,0.96,6.38,7.31,58.3,52.1
9789,M24648,M,298.5,309.5,1535,39.8,87,0,0,0,0,0,0,Medium,6.8,319,8,119,0.24,6.08,6.84,39.3,75.9
9790,L56969,L,298.6,309.6,1715,28.4,90,0,0,0,0,0,0,Low,4.5,411,3,120,1.48,5.83,4.52,45.1,76.7
9791,L56970,L,298.6,309.5,1483,43.2,92,0,0,0,0,0,0,Low,5.8,409,14,94,2.11,6.71,6.96,68.1,74.8
9792,M24651,M,298.5,309.4,1521,37.5,94,0,0,0,0,0,0,Medium,8.2,401,10,563,1.75,5.31,5.9,60.7,68.9
9793,H39206,H,298.5,309.4,1573,36.0,97,0,0,0,0,0,0,High,7.8,806,8,761,2.06,7.07,5.73,60.2,57.9
9794,H39207,H,298.5,309.4,1414,46.7,102,0,0,0,0,0,0,High,10.6,817,12,8,0.99,6.31,6.72,53.1,70.8
9795,L56974,L,298.5,309.3,1590,33.9,107,0,0,0,0,0,0,Low,5.1,562,6,29,0.9,5.96,5.72,65.9,73.2
9796,L56975,L,298.5,309.3,1623,33.1,109,0,0,0,0,0,0,Low,7.0,584,10,38,2.14,5.64,5.77,25.7,85.1
9797,H39210,H,298.4,309.3,1694,30.9,111,0,0,0,0,0,0,High,9.5,487,10,9,1.12,6.52,5.31,59.6,95.2
9798,M24657,M,298.4,309.2,1597,33.5,116,0,0,0,0,0,0,Medium,8.7,582,14,228,1.84,5.69,5.68,83.1,70.8
9799,L56978,L,298.5,309.3,1471,44.7,119,0,0,0,0,0,0,Low,10.1,529,8,719,0.68,6.75,6.19,67.5,69.8
9800,M24659,M,298.5,309.3,1551,34.7,121,0,0,0,0,0,0,Medium,7.2,847,5,431,1.45,6.8,5.91,32.6,72.8
9801,H39214,H,298.5,309.3,1421,50.3,124,0,0,0,0,0,0,High,7.7,669,13,340,1.47,5.54,7.57,59.9,92.9
9802,M24661,M,298.4,309.3,1496,45.6,129,0,0,0,0,0,0,Medium,9.1,954,10,360,2.03,6.32,6.62,48.6,88.7
9803,H39216,H,298.4,309.3,1984,19.2,132,0,0,0,0,0,0,High,7.8,661,8,389,1.31,5.03,4.21,77.6,68.4
9804,L56983,L,298.4,309.2,1692,29.8,137,0,0,0,0,0,0,Low,15.0,1200,15,6,2.45,6.61,5.37,55.8,70.2
9805,L56984,L,298.4,309.1,1467,42.5,139,0,0,0,0,0,0,Low,12.8,688,19,91,1.72,6.25,6.6,87.5,48.7
9806,L56985,L,298.4,309.2,1651,28.5,141,0,0,0,0,0,0,Low,18.4,1083,20,676,2.42,5.86,4.72,87.7,63.9
9807,L56986,L,298.3,309.1,1417,60.5,143,0,0,0,0,0,0,Low,8.7,847,8,305,2.15,4.93,8.44,62.2,72.2
9808,L56987,L,298.2,309.0,1413,55.0,145,0,0,0,0,0,0,Low,5.6,622,8,197,2.86,6.43,7.81,57.7,73.0
9809,M24668,M,298.2,309.0,1441,44.2,147,0,0,0,0,0,0,Medium,6.4,732,3,62,1.52,6.01,7.6,75.3,76.9
9810,M24669,M,298.2,309.0,1353,50.3,150,0,0,0,0,0,0,Medium,10.6,1191,14,194,3.07,5.39,6.99,44.5,78.3
9811,L56990,L,298.1,309.0,1502,40.9,153,0,0,0,0,0,0,Low,12.4,927,18,147,0.87,6.17,6.65,60.9,71.5
9812,L56991,L,298.2,309.0,1610,31.7,155,0,0,0,0,0,0,Low,13.5,1208,6,25,1.08,6.83,5.55,51.1,62.3
9813,M24672,M,298.2,309.1,1411,45.8,157,0,0,0,0,0,0,Medium,14.1,1261,22,939,2.05,6.95,7.37,47.1,62.4
9814,L56993,L,298.3,309.1,1387,52.3,160,0,0,0,0,0,0,Low,9.3,854,11,66,2.55,5.9,7.78,68.5,73.6
9815,H39228,H,298.3,309.1,1430,40.9,162,0,0,0,0,0,0,High,8.0,764,4,229,2.09,5.3,5.75,56.3,64.5
9816,M24675,M,298.4,309.1,1576,38.8,167,0,0,0,0,0,0,Medium,12.9,772,14,503,2.53,6.6,6.28,86.6,89.3
9817,M24676,M,298.5,309.2,1721,29.4,170,0,0,0,0,0,0,Medium,6.8,801,9,1151,1.61,5.13,5.1,45.8,54.3
9818,M24677,M,298.5,309.3,1465,42.4,173,0,0,0,0,0,0,Medium,7.8,849,22,115,3.2,5.44,6.65,39.7,66.3
9819,M24678,M,298.6,309.4,1407,45.1,176,0,0,0,0,0,0,Medium,12.7,1040,17,457,2.28,6.46,6.91,54.5,71.8
9820,M24679,M,298.6,309.4,1464,36.9,179,0,0,0,0,0,0,Medium,11.7,1199,7,112,2.69,6.72,5.89,63.0,99.8
9821,M24680,M,298.6,309.5,1568,36.7,182,0,0,0,0,0,0,Medium,13.5,1082,17,59,2.43,6.39,6.28,52.4,80.8
9822,L57001,L,298.6,309.4,1667,35.6,185,0,0,0,0,0,0,Low,15.6,1366,12,871,3.17,5.85,6.9,64.8,52.2
9823,L57002,L,298.5,309.4,1360,60.9,187,1,0,0,0,1,0,Low,14.2,1244,16,15,5.48,6.49,9.11,42.1,100.0
9824,M24683,M,298.5,309.3,1488,43.7,189,0,0,0,0,0,0,Medium,11.7,965,15,6,1.86,6.71,6.31,66.9,81.8
9825,L57004,L,298.4,309.3,1504,39.3,192,0,0,0,0,0,0,Low,13.1,987,16,377,2.49,6.31,5.98,40.4,73.4
9826,L57005,L,298.4,309.2,1610,32.4,194,0,0,0,0,0,0,Low,8.7,466,8,39,2.52,4.72,5.94,32.4,65.7
9827,L57006,L,298.4,309.2,1345,52.7,196,0,0,0,0,0,0,Low,14.4,1439,24,311,3.8,5.7,7.26,28.5,68.6
9828,M24687,M,298.3,309.3,1376,57.0,198,0,0,0,0,0,0,Medium,10.5,1024,9,254,3.68,6.65,8.32,76.8,80.3
9829,L57008,L,298.4,309.4,1385,50.0,201,0,0,0,0,0,0,Low,15.8,1511,17,135,3.58,5.65,7.05,64.2,81.8
9830,M24689,M,298.4,309.4,1429,41.8,203,0,0,0,0,0,0,Medium,15.4,1150,18,179,2.34,6.58,5.85,63.9,45.9
9831,L57010,L,298.3,309.3,1337,56.1,206,1,0,0,0,1,0,Low,11.2,1199,10,198,3.8,6.33,7.99,50.0,67.3
9832,L57011,L,298.4,309.3,1542,35.4,208,0,0,0,0,0,0,Low,9.4,880,11,84,2.2,6.2,6.06,67.1,76.8
9833,L57012,L,298.4,309.2,2118,17.7,210,0,0,0,0,0,0,Low,12.3,1286,20,102,3.36,6.65,3.89,43.4,56.4
9834,L57013,L,298.3,309.1,1386,45.3,212,0,0,0,0,0,0,Low,10.7,1164,16,20,3.56,5.89,5.85,42.5,55.0
9835,M24694,M,298.3,309.1,1632,32.7,0,0,0,0,0,0,0,Medium,1.8,11,3,107,2.27,6.42,5.54,57.1,85.1
9836,L57015,L,298.4,309.3,1545,36.9,3,0,0,0,0,0,0,Low,0.8,17,0,8,2.19,5.9,5.9,61.3,74.9
9837,M24696,M,298.4,309.3,1390,53.6,5,0,0,0,0,0,0,Medium,0.6,5,0,437,1.56,6.3,7.8,43.1,62.3
9838,M24697,M,298.4,309.3,1355,50.6,8,0,0,0,0,0,0,Medium,8.0,41,11,388,2.37,6.62,6.98,70.6,64.2
9839,L57018,L,298.4,309.2,1425,45.5,11,0,0,0,0,0,0,Low,1.5,76,6,33,1.08,5.52,6.26,38.9,81.3
9840,M24699,M,298.4,309.2,1491,51.2,13,0,0,0,0,0,0,Medium,4.5,75,7,374,1.99,6.19,7.67,55.4,73.6
9841,H39254,H,298.3,309.2,1486,42.4,16,0,0,0,0,0,0,High,10.0,82,10,702,2.01,5.38,6.28,64.7,71.0
9842,M24701,M,298.3,309.2,1359,51.4,21,0,0,0,0,0,0,Medium,6.2,81,5,299,2.18,5.83,7.61,27.0,73.6
9843,L57022,L,298.4,309.3,1395,47.6,24,0,0,0,0,0,0,Low,5.5,210,8,124,2.5,5.76,6.97,52.0,80.9
9844,L57023,L,298.3,309.2,1383,52.1,26,0,0,0,0,0,0,Low,5.3,130,6,141,1.07,5.65,7.83,64.7,83.9
9845,H39258,H,298.3,309.1,1484,37.0,28,0,0,0,0,0,0,High,3.2,196,6,169,1.24,6.55,5.65,59.4,88.2
9846,L57025,L,298.3,309.1,1421,47.4,33,0,0,0,0,0,0,Low,6.7,137,7,400,0.98,6.04,6.85,60.2,70.4
9847,L57026,L,298.3,309.0,1339,58.8,35,0,0,0,0,0,0,Low,8.9,90,8,18,2.1,7.63,8.1,40.6,74.9
9848,L57027,L,298.4,309.1,1362,46.1,37,0,0,0,0,0,0,Low,3.6,217,7,482,1.69,6.07,6.31,48.2,81.9
9849,H39262,H,298.5,309.2,1568,40.6,39,0,0,0,0,0,0,High,2.8,265,5,615,1.63,5.67,6.86,68.7,52.1
9850,L57029,L,298.6,309.4,2312,15.5,44,0,0,0,0,0,0,Low,6.9,267,7,183,3.32,6.4,3.41,79.5,63.6
9851,M24710,M,298.5,309.3,1498,34.6,46,0,0,0,0,0,0,Medium,13.1,223,18,176,2.06,6.29,5.34,37.5,79.5
9852,M24711,M,298.5,309.3,1761,27.2,49,0,0,0,0,0,0,Medium,3.3,278,5,23,1.62,6.56,4.92,50.8,85.0
9853,L57032,L,298.6,309.4,1316,51.4,52,0,0,0,0,0,0,Low,2.8,326,6,462,2.24,5.79,6.98,29.5,57.3
9854,L57033,L,298.6,309.4,1525,37.8,54,0,0,0,0,0,0,Low,4.1,232,5,252,2.54,5.79,6.16,56.4,75.8
9855,H39268,H,298.6,309.4,1362,45.3,56,0,0,0,0,0,0,High,3.5,244,5,4,2.63,6.19,5.9,59.0,73.0
9856,L57035,L,298.7,309.6,1516,38.5,61,0,0,0,0,0,0,Low,5.8,348,5,107,1.55,5.92,6.23,54.0,69.2
9857,L57036,L,298.6,309.5,1450,44.2,63,0,0,0,0,0,0,Low,5.2,478,7,118,1.95,6.73,6.77,66.0,74.2
9858,M24717,M,298.6,309.5,1366,55.0,65,0,0,0,0,0,0,Medium,4.6,299,5,159,2.13,5.39,8.04,25.0,82.1
9859,L57038,L,298.5,309.5,1547,33.1,68,0,0,0,0,0,0,Low,4.9,482,3,198,0.2,6.52,5.49,53.1,84.6
9860,M24719,M,298.6,309.5,1580,33.9,70,0,0,0,0,0,0,Medium,3.4,375,4,109,0.87,7.2,5.54,64.6,88.2
9861,H39274,H,298.7,309.6,1755,26.9,73,0,0,0,0,0,0,High,5.4,378,3,165,1.61,6.49,4.98,83.0,76.4
9862,M24721,M,298.7,309.6,1800,24.8,78,0,0,0,0,0,0,Medium,9.8,697,12,137,1.72,6.52,4.99,57.3,66.9
9863,M24722,M,298.8,309.7,1439,45.8,81,0,0,0,0,0,0,Medium,4.0,397,6,219,1.46,6.07,6.3,62.4,69.0
9864,L57043,L,298.9,309.8,1411,56.3,84,0,0,0,0,0,0,Low,13.8,451,12,58,1.77,5.4,8.92,30.7,72.6
9865,M24724,M,298.9,309.9,1645,31.4,86,0,0,0,0,0,0,Medium,6.6,374,10,351,1.71,4.7,6.01,36.9,53.9
9866,M24725,M,298.9,309.8,2450,13.9,89,0,0,0,0,0,0,Medium,5.8,505,7,129,2.88,6.19,3.72,79.9,59.9
9867,L57046,L,299.0,309.9,1630,34.0,92,0,0,0,0,0,0,Low,13.2,844,7,270,1.28,5.92,5.74,59.2,41.6
9868,L57047,L,299.0,309.9,1411,44.7,94,0,0,0,0,0,0,Low,7.5,316,11,280,1.25,5.28,6.61,55.2,64.0
9869,L57048,L,298.9,309.9,1526,35.4,96,0,0,0,0,0,0,Low,8.0,493,10,230,1.13,7.01,5.95,50.6,59.6
9870,L57049,L,298.9,309.9,1590,31.3,98,0,0,0,0,0,0,Low,8.5,690,12,566,2.32,5.7,5.42,59.2,66.6
9871,H39284,H,299.0,309.9,1884,25.6,100,0,0,0,0,0,0,High,6.8,627,15,46,2.43,6.02,5.15,33.7,69.3
9872,M24731,M,298.9,309.8,1947,21.7,105,0,0,0,0,0,0,Medium,7.7,535,4,374,1.96,6.04,4.2,72.6,85.2
9873,L57052,L,298.9,309.9,1373,52.1,108,0,0,0,0,0,0,Low,6.6,454,4,342,2.45,6.51,8.05,57.8,75.7
9874,L57053,L,298.9,309.8,1616,36.5,110,0,0,0,0,0,0,Low,11.5,667,8,485,1.41,6.29,6.38,29.5,27.3
9875,M24734,M,298.9,309.9,1449,44.1,112,0,0,0,0,0,0,Medium,7.5,456,15,219,1.47,5.45,6.85,58.8,58.2
9876,M24735,M,298.9,309.8,1363,50.6,115,0,0,0,0,0,0,Medium,9.8,952,12,102,1.76,5.17,7.61,42.6,68.9
9877,H39290,H,298.8,309.7,1461,55.1,118,0,0,0,0,0,0,High,8.9,839,10,1,2.84,6.02,8.39,75.9,69.1
9878,L57057,L,298.8,309.7,1374,58.6,123,0,0,0,0,0,0,Low,10.3,1094,12,34,2.49,5.86,8.6,44.1,69.3
9879,L57058,L,298.7,309.7,1293,59.1,125,0,0,0,0,0,0,Low,9.7,814,12,147,2.11,6.54,7.8,52.8,52.9
9880,M24739,M,298.8,309.8,1490,38.6,127,0,0,0,0,0,0,Medium,5.6,472,6,75,2.31,5.57,5.96,55.1,77.5
9881,L57060,L,298.8,309.8,1753,27.5,130,0,0,0,0,0,0,Low,3.9,374,4,42,1.8,6.12,5.2,65.9,69.1
9882,L57061,L,298.8,309.8,1493,38.5,132,0,0,0,0,0,0,Low,9.8,634,10,22,0.89,6.57,6.05,80.3,62.2
9883,L57062,L,298.8,309.8,1895,22.0,134,0,0,0,0,0,0,Low,8.3,817,16,90,1.78,5.09,4.41,57.1,60.0
9884,H39297,H,298.7,309.6,1654,34.3,136,0,0,0,0,0,0,High,8.4,776,8,862,0.89,6.22,5.88,64.9,55.5
9885,L57064,L,298.7,309.5,1673,30.8,141,0,0,0,0,0,0,Low,12.5,669,16,48,1.52,6.06,4.91,43.3,100.0
9886,L57065,L,298.8,309.6,1613,27.7,143,0,0,0,0,0,0,Low,14.4,1126,18,624,1.61,5.63,4.98,52.7,57.0
9887,L57066,L,298.8,309.6,1903,22.3,145,0,0,0,0,0,0,Low,11.0,880,13,56,1.7,4.96,4.26,59.8,83.1
9888,L57067,L,298.8,309.5,1368,44.7,147,0,0,0,0,0,0,Low,7.2,521,7,219,1.45,4.63,6.69,52.7,83.3
9889,M24748,M,298.8,309.6,1575,34.4,149,0,0,0,0,0,0,Medium,16.7,1056,21,630,1.28,5.77,5.68,67.8,55.5
9890,H39303,H,298.8,309.6,1516,40.2,152,0,0,0,0,0,0,High,9.9,947,10,342,2.42,6.12,6.53,44.8,70.1
9891,L57070,L,298.8,309.5,1645,32.8,157,0,0,0,0,0,0,Low,8.2,834,8,83,1.16,6.23,5.59,53.3,59.4
9892,L57071,L,298.8,309.5,1374,48.1,159,0,0,0,0,0,0,Low,12.4,777,13,470,1.48,5.7,6.79,41.0,37.5
9893,H39306,H,298.9,309.7,1407,48.6,161,0,0,0,0,0,0,High,12.0,1005,17,124,2.33,6.75,6.82,67.5,73.1
9894,M24753,M,298.9,309.6,1284,55.3,166,0,0,0,0,0,0,Medium,8.0,842,10,185,1.73,6.71,7.92,60.0,71.0
9895,L57074,L,298.9,309.5,1645,31.1,169,0,0,0,0,0,0,Low,10.2,790,11,42,2.4,5.71,5.56,71.6,65.5
9896,L57075,L,298.8,309.4,1387,54.1,171,0,0,0,0,0,0,Low,5.4,586,6,18,2.02,5.93,8.05,47.8,88.8
9897,M24756,M,298.8,309.3,1618,35.1,173,0,0,0,0,0,0,Medium,13.2,965,16,293,2.59,5.9,6.18,95.0,73.6
9898,L57077,L,298.8,309.3,1357,47.1,176,0,0,0,0,0,0,Low,10.8,940,11,662,2.07,6.11,6.84,59.7,37.2
9899,L57078,L,298.7,309.2,1396,44.8,178,0,0,0,0,0,0,Low,8.6,629,15,85,2.08,6.29,6.18,64.8,66.4
9900,L57079,L,298.7,309.2,1586,31.4,180,0,0,0,0,0,0,Low,13.1,1157,10,30,2.8,6.95,5.38,69.4,75.7
9901,H39314,H,298.7,309.2,1449,42.3,182,0,0,0,0,0,0,High,14.5,1309,25,675,2.32,5.39,6.29,55.1,68.6
9902,M24761,M,298.7,309.2,1423,48.9,187,0,0,0,0,0,0,Medium,10.2,947,19,704,1.69,5.8,7.48,55.5,65.3
9903,H39316,H,298.7,309.3,1402,45.3,190,0,0,0,0,0,0,High,9.0,772,12,204,2.61,6.15,6.44,53.6,74.4
9904,M24763,M,298.7,309.2,1437,45.7,195,0,0,0,0,0,0,Medium,9.5,936,8,166,2.5,5.5,6.17,67.3,80.9
9905,L57084,L,298.6,309.1,1537,35.7,198,0,0,0,0,0,0,Low,11.8,1072,13,81,2.37,5.68,5.62,49.4,54.7
9906,M24765,M,298.7,309.1,1423,49.5,200,0,0,0,0,0,0,Medium,14.8,1499,18,93,2.64,7.17,7.2,59.0,70.8
9907,M24766,M,298.6,309.1,1587,37.3,203,0,0,0,0,0,0,Medium,11.8,1095,12,11,2.19,6.66,6.64,67.6,64.6
9908,M24767,M,298.6,309.1,1487,43.2,206,0,0,0,0,0,0,Medium,7.4,804,3,150,2.83,6.28,6.99,64.8,91.1
9909,L57088,L,298.6,309.0,1456,47.7,0,0,0,0,0,0,0,Low,2.0,67,2,225,1.39,5.95,8.36,19.1,75.6
9910,L57089,L,298.7,309.1,1607,32.7,2,0,0,0,0,0,0,Low,2.5,38,3,572,2.74,5.44,5.53,56.0,68.9
9911,L57090,L,298.6,309.0,1469,46.0,4,0,0,0,0,0,0,Low,1.2,36,3,31,2.72,6.5,7.04,43.1,81.8
9912,M24771,M,298.6,309.0,1481,40.8,6,0,0,0,0,0,0,Medium,0.8,52,0,57,1.46,6.53,6.29,51.7,71.8
9913,L57092,L,298.6,308.9,1327,58.8,9,0,0,0,0,0,0,Low,3.6,91,3,518,2.84,5.64,8.18,69.8,53.4
9914,L57093,L,298.5,308.8,1589,30.6,11,0,0,0,0,0,0,Low,1.2,28,2,451,1.49,6.31,5.13,90.5,65.7
9915,L57094,L,298.5,308.8,1670,29.6,13,0,0,0,0,0,0,Low,1.9,57,4,422,1.5,5.05,5.01,41.7,71.9
9916,M24775,M,298.5,308.7,1662,28.3,15,0,0,0,0,0,0,Medium,3.7,53,9,140,1.76,6.5,4.88,44.5,96.7
9917,M24776,M,298.5,308.8,1553,34.9,18,0,0,0,0,0,0,Medium,5.7,157,5,116,1.02,5.32,5.52,57.4,88.5
9918,M24777,M,298.5,308.8,1557,36.0,21,0,0,0,0,0,0,Medium,2.7,125,6,159,1.07,6.56,5.88,58.4,61.2
9919,L57098,L,298.4,308.8,1352,56.7,24,0,0,0,0,0,0,Low,6.1,118,9,610,3.43,6.61,8.73,40.6,70.3
9920,L57099,L,298.5,308.8,1305,58.7,26,0,0,0,0,0,0,Low,7.1,122,6,6,2.29,7.15,8.51,66.1,85.1
9921,H39334,H,298.5,308.7,1450,43.9,28,0,0,0,0,0,0,High,2.9,74,2,495,1.9,6.51,7.7,42.1,50.5
9922,M24781,M,298.5,308.7,1347,48.5,33,0,0,0,0,0,0,Medium,3.1,97,2,254,2.25,7.18,6.91,32.1,64.8
9923,H39336,H,298.6,308.8,1566,39.1,36,0,0,0,0,0,0,High,3.4,243,4,175,1.08,5.49,6.85,38.7,68.0
9924,M24783,M,298.5,308.7,1615,33.3,41,0,0,0,0,0,0,Medium,4.6,227,3,1,0.84,5.3,5.57,67.1,59.5
9925,M24784,M,298.5,308.6,1384,54.4,44,0,0,0,0,0,0,Medium,5.8,165,10,384,3.07,6.16,8.12,52.0,62.3
9926,M24785,M,298.5,308.7,1367,47.3,47,0,0,0,0,0,0,Medium,7.5,212,7,26,1.89,5.17,6.71,22.6,72.1
9927,M24786,M,298.5,308.6,1897,20.2,50,0,0,0,0,0,0,Medium,3.6,307,3,3,2.14,7.49,4.46,61.8,84.6
9928,L57107,L,298.5,308.6,1522,36.9,53,0,0,0,0,0,0,Low,4.2,217,8,305,1.78,6.8,5.88,56.7,65.0
9929,M24788,M,298.4,308.5,1576,27.4,55,0,0,0,0,0,0,Medium,6.4,305,9,132,1.87,5.51,4.4,72.5,64.6
9930,H39343,H,298.4,308.4,1479,39.2,58,0,0,0,0,0,0,High,3.0,315,2,116,2.1,5.37,6.18,56.9,66.7
9931,L57110,L,298.3,308.3,1452,45.5,63,0,0,0,0,0,0,Low,4.0,473,7,217,2.19,6.02,6.78,58.5,85.9
9932,L57111,L,298.3,308.3,1432,46.9,65,0,0,0,0,0,0,Low,5.1,333,8,183,1.74,6.01,7.79,50.2,80.1
9933,L57112,L,298.3,308.2,1663,28.4,67,0,0,0,0,0,0,Low,4.2,374,7,26,1.76,5.02,5.05,47.5,57.5
9934,L57113,L,298.3,308.3,1597,32.4,69,0,0,0,0,0,0,Low,3.6,317,7,250,2.47,6.04,6.0,40.3,71.2
9935,L57114,L,298.3,308.2,1472,44.3,71,0,0,0,0,0,0,Low,4.3,386,4,208,0.69,6.16,6.93,37.6,61.8
9936,L57115,L,298.4,308.3,1452,48.5,73,0,0,0,0,0,0,Low,4.1,351,2,496,1.88,7.24,7.49,60.5,46.3
9937,H39350,H,298.3,308.2,1534,33.2,75,0,0,0,0,0,0,High,6.6,407,7,131,0.85,6.21,5.43,40.0,70.2
9938,L57117,L,298.3,308.1,1505,46.1,80,0,0,0,0,0,0,Low,2.9,328,2,207,0.72,6.67,7.39,51.5,89.5
9939,L57118,L,298.3,308.1,1528,33.9,82,0,0,0,0,0,0,Low,7.3,517,15,184,1.1,6.35,5.62,79.5,76.7
9940,H39353,H,298.3,308.1,2636,12.8,84,0,0,0,0,0,0,High,7.6,694,10,59,2.64,6.21,3.63,67.1,68.8
9941,M24800,M,298.3,308.1,1722,28.6,89,0,0,0,0,0,0,Medium,4.0,404,2,85,2.2,5.55,4.98,60.4,84.3
9942,L57121,L,298.4,308.1,1395,44.0,92,0,0,0,0,0,0,Low,8.7,606,11,34,0.45,5.39,6.47,61.1,82.1
9943,L57122,L,298.4,308.1,1375,50.8,94,0,0,0,0,0,0,Low,8.9,689,11,108,2.65,6.25,7.24,45.5,68.3
9944,M24803,M,298.3,308.0,1766,26.0,96,0,0,0,0,0,0,Medium,6.6,644,9,229,1.7,5.71,4.71,42.5,85.0
9945,L57124,L,298.3,307.9,1399,47.8,99,0,0,0,0,0,0,Low,7.5,488,7,215,2.27,5.47,6.48,67.5,57.3
9946,L57125,L,298.3,308.0,1578,37.8,101,0,0,0,0,0,0,Low,10.0,544,9,168,1.23,6.11,5.85,66.4,87.8
9947,L57126,L,298.3,307.9,1502,42.0,103,0,0,0,0,0,0,Low,7.6,886,4,462,1.05,5.37,6.51,28.2,72.7
9948,M24807,M,298.2,307.9,1529,36.6,105,0,0,0,0,0,0,Medium,6.1,615,8,44,1.32,6.89,5.79,54.6,76.1
9949,L57128,L,298.2,307.8,1804,25.1,108,0,0,0,0,0,0,Low,7.6,423,10,707,1.73,5.62,5.1,43.9,56.6
9950,M24809,M,298.2,307.8,1411,53.4,110,0,0,0,0,0,0,Medium,7.5,656,9,15,1.86,4.45,7.69,47.2,50.8
9951,L57130,L,298.1,307.8,1413,54.1,113,0,0,0,0,0,0,Low,6.8,618,12,36,1.61,6.67,7.43,39.9,64.1
9952,L57131,L,298.2,307.8,1355,59.4,115,0,0,0,0,0,0,Low,7.7,457,10,27,2.31,7.07,7.92,69.0,74.2
9953,L57132,L,298.2,307.8,1429,46.9,117,0,0,0,0,0,0,Low,5.8,527,8,25,1.88,5.93,7.0,35.6,66.3
9954,L57133,L,298.1,307.8,1565,35.3,119,0,0,0,0,0,0,Low,8.1,498,11,63,1.87,5.96,6.03,27.5,62.9
9955,M24814,M,298.1,307.9,1446,42.8,121,0,0,0,0,0,0,Medium,11.7,1309,12,29,2.26,5.76,6.81,46.9,78.0
9956,M24815,M,298.2,307.9,1462,38.8,124,0,0,0,0,0,0,Medium,5.9,435,8,269,1.56,7.14,5.9,83.9,53.8
9957,M24816,M,298.2,307.8,1578,34.5,127,0,0,0,0,0,0,Medium,9.2,565,10,52,2.0,5.9,6.28,71.0,73.1
9958,L57137,L,298.1,307.8,1606,33.0,130,0,0,0,0,0,0,Low,3.7,385,4,819,2.52,5.26,5.42,77.4,45.6
9959,M24818,M,298.1,307.8,1525,35.9,132,0,0,0,0,0,0,Medium,7.8,795,11,220,1.11,5.59,5.4,71.8,56.7
9960,L57139,L,298.1,307.8,1379,49.1,135,0,0,0,0,0,0,Low,11.3,1157,8,82,2.3,6.55,6.96,51.1,88.4
9961,L57140,L,298.2,307.8,1575,35.0,137,0,0,0,0,0,0,Low,13.5,727,15,34,1.3,6.67,5.45,54.0,60.6
9962,L57141,L,298.2,307.9,1399,54.9,139,0,0,0,0,0,0,Low,9.9,838,18,1,1.87,6.57,7.9,50.7,48.7
9963,L57142,L,298.2,307.9,1429,49.4,141,0,0,0,0,0,0,Low,5.7,608,9,378,2.08,5.81,7.31,35.4,89.5
9964,L57143,L,298.3,307.9,1435,39.9,143,0,0,0,0,0,0,Low,12.8,547,18,138,0.2,6.21,6.49,38.5,64.5
9965,L57144,L,298.3,307.9,1766,26.5,145,0,0,0,0,0,0,Low,13.6,789,16,136,1.98,5.16,4.66,65.5,60.1
9966,L57145,L,298.3,307.9,1703,28.9,147,0,0,0,0,0,0,Low,9.7,831,13,209,1.62,5.78,5.69,44.4,80.2
9967,L57146,L,298.3,307.9,1507,41.2,149,0,0,0,0,0,0,Low,15.7,697,18,71,0.91,5.51,6.62,56.1,65.5
9968,M24827,M,298.3,307.9,1609,32.4,151,0,0,0,0,0,0,Medium,8.5,852,12,286,2.39,7.4,5.99,39.1,64.2
9969,L57148,L,298.4,308.0,1605,32.4,154,0,0,0,0,0,0,Low,9.1,867,9,111,1.59,5.64,5.69,49.6,70.8
9970,L57149,L,298.4,308.1,1491,50.0,156,0,0,0,0,0,0,Low,5.9,596,6,196,2.59,6.5,7.6,63.0,76.1
9971,H39384,H,298.4,308.1,1891,24.7,158,0,0,0,0,0,0,High,9.1,614,10,469,3.0,6.73,4.82,30.0,70.7
9972,H39385,H,298.5,308.2,1563,44.6,163,0,0,0,0,0,0,High,14.0,622,23,284,2.73,6.58,7.26,54.6,86.0
9973,L57152,L,298.6,308.2,1390,51.4,168,0,0,0,0,0,0,Low,12.3,888,13,285,3.95,5.68,7.36,63.9,84.4
9974,L57153,L,298.5,308.2,1444,40.5,170,0,0,0,0,0,0,Low,13.7,1518,15,83,1.72,7.31,6.62,54.5,74.2
9975,L57154,L,298.6,308.2,1361,68.2,172,1,0,0,1,1,0,Low,9.3,950,8,46,2.73,5.8,9.56,40.6,90.3
9976,M24835,M,298.6,308.3,1589,34.1,174,0,0,0,0,0,0,Medium,14.2,1157,25,295,3.58,5.83,5.15,55.6,81.9
9977,L57156,L,298.6,308.2,1705,26.3,177,0,0,0,0,0,0,Low,9.2,987,10,74,2.36,7.04,4.64,34.5,67.0
9978,L57157,L,298.6,308.3,1422,40.4,179,0,0,0,0,0,0,Low,11.9,1150,17,174,2.11,6.33,5.95,52.3,82.9
9979,H39392,H,298.6,308.3,1377,52.1,181,0,0,0,0,0,0,High,8.6,974,9,464,3.29,6.1,7.43,40.7,98.6
9980,L57159,L,298.5,308.3,1334,49.8,186,0,0,0,0,0,0,Low,12.5,1279,21,171,2.7,6.1,6.99,44.2,65.8
9981,L57160,L,298.6,308.4,1559,36.6,188,0,0,0,0,0,0,Low,14.6,1426,19,34,2.33,4.9,6.06,83.1,75.2
9982,L57161,L,298.7,308.5,1353,47.0,190,0,0,0,0,0,0,Low,8.7,704,8,717,3.19,4.91,7.17,72.4,31.1
9983,M24842,M,298.7,308.4,1507,45.7,192,0,0,0,0,0,0,Medium,14.3,1277,17,88,1.86,6.36,7.41,61.9,77.9
9984,L57163,L,298.7,308.4,1694,28.7,195,0,0,0,0,0,0,Low,15.1,1018,13,22,2.08,5.79,4.55,60.7,82.9
9985,H39398,H,298.7,308.4,1432,42.8,197,0,0,0,0,0,0,High,12.2,839,19,13,2.53,5.51,6.06,61.5,77.9
9986,H39399,H,298.7,308.5,1572,35.6,202,0,0,0,0,0,0,High,11.7,821,14,419,1.55,6.28,5.76,54.6,72.1
9987,M24846,M,298.8,308.6,1507,42.3,207,0,0,0,0,0,0,Medium,12.0,912,18,92,1.66,5.3,6.91,51.6,84.5
9988,M24847,M,298.8,308.6,1500,37.1,210,0,0,0,0,0,0,Medium,11.5,1039,14,287,3.7,6.0,5.93,46.1,60.0
9989,L57168,L,298.9,308.6,1771,24.1,213,0,0,0,0,0,0,Low,10.3,956,11,36,2.22,5.54,4.24,56.0,63.3
9990,M24849,M,298.8,308.5,1577,33.2,0,0,0,0,0,0,0,Medium,5.5,20,8,129,1.3,6.47,5.66,36.9,80.7
9991,L57170,L,298.8,308.5,1527,36.2,3,0,0,0,0,0,0,Low,4.9,53,5,809,2.01,5.81,5.96,57.0,65.6
9992,M24851,M,298.9,308.4,1827,26.1,5,0,0,0,0,0,0,Medium,1.6,40,2,247,2.6,6.55,5.27,73.2,64.2
9993,L57172,L,298.8,308.4,1484,39.2,8,0,0,0,0,0,0,Low,4.3,61,0,27,1.74,5.75,5.95,64.3,78.3
9994,L57173,L,298.8,308.4,1401,47.3,10,0,0,0,0,0,0,Low,3.1,26,3,87,1.45,5.45,7.19,57.1,70.7
9995,L57174,L,298.8,308.3,1634,27.9,12,0,0,0,0,0,0,Low,3.8,50,8,7,1.19,5.97,4.84,31.3,86.2
9996,M24855,M,298.8,308.4,1604,29.5,14,0,0,0,0,0,0,Medium,6.7,93,10,163,1.48,6.57,4.58,47.6,79.8
9997,H39410,H,298.9,308.4,1632,31.8,17,0,0,0,0,0,0,High,1.9,71,0,103,1.87,5.34,5.66,90.3,77.6
9998,M24857,M,299.0,308.6,1645,33.4,22,0,0,0,0,0,0,Medium,2.3,129,5,111,0.91,5.33,5.77,57.8,65.8
9999,H39412,H,299.0,308.7,1408,48.5,25,0,0,0,0,0,0,High,4.1,113,4,67,2.17,5.52,7.38,41.3,61.1
10000,M24859,M,299.0,308.7,1500,40.2,30,0,0,0,0,0,0,Medium,3.1,195,4,173,1.5,7.01,5.62,56.5,80.0
